listing_id,source_portal,listing_url,scraped_at,latitude,longitude,locality,sublocality,address,landmark_details,pincode,bhk_type,property_type,furnishing,floor_number,total_floors,facing,sqft,area_type,age_years,apartment_bio,monthly_rent,deposit_amount,maintenance_monthly,price_per_sqft,bathrooms,parking,has_lift,has_gym,has_security,luxury_amenities,is_verified,is_premium,owner_type,confidence_score,possession_status,listed_date,last_updated,is_available
Mf1YQgJso+ZzpSvf+uAgZw==,Magicbricks,https://www.magicbricks.com/property-details/1-BHK-1600-Sq-ft-Builder-Floor-Apartment-FOR-Rent-Sector-37-in-Chandigarh&id=4d423834323732393937,2026-04-19 13:51:15,30.7378169,76.7495233,,Sector-37,"Chandigarh, Chandigarh",,,,Builder Floor Apartment,Furnished,3,3,East,1600,Sq-ft,2013,"Builder floor apartment is available for rent. It has a covered area of 1600 sq-ft, it is 1 BHK apartment. Please contact for more details. You can avail the 1 BHK flat for rent in the well-known location of Sector 37. The apartment is available at an affordable rental price of ₹40,037. The apartment is on the 3 floor, has a carpet area of 700 sqft with 1 bathrooms and 2 balcony. The property features power back up, reserved parking, security, air conditioned, ro water system. The apartment is located at Sector 37, Chandigarh, Chandigarh.",40037,,40000,25,1,,Yes,No,No,"Air Conditioned, RO Water System",True,True,Agent,47,Immediately,2026-04-17T01:31:44.000Z,"Apr 17, '26",True
Pf1CLhJVHYlzpSvf+uAgZw==,Magicbricks,https://www.magicbricks.com/property-details/1-BHK-600-Sq-ft-Multistorey-Apartment-FOR-Rent-Sector-9-in-Chandigarh&id=4d423736383934333233,2026-04-19 13:51:15,30.7466677,76.7942403,,Sector 9,"Chandigarh, Chandigarh","19202|Carmel Convent, 19202|Chitkara University",,,Apartment,Furnished,1,2,North - West,,,15 to 20 years,"Brand New Luxurious Built Triple Storey with Lift Find this 1 BHK rental flat in Sector 9 Chandigarh. Located on the 1 floor, the flat comprises 1 bathrooms, 1 balcony, and has a carpet area of 600 sqft. This unit features air conditioned. Visit the flat at Sector 9, Chandigarh, Chandigarh.",45000,,,,1,,No,No,No,Air Conditioned,True,True,Agent,48,Immediately,2026-04-04T05:04:59.000Z,"Apr 04, '26",True
P5TXoQBAoe9zpSvf+uAgZw==,Magicbricks,https://www.magicbricks.com/property-details/1-BHK-788-Sq-ft-Multistorey-Apartment-FOR-Rent-Zirakpur-in-Chandigarh&id=4d423832343936373135,2026-04-19 13:51:15,30.656788,76.82119203,,Zirakpur,K Tower,"19201|Mk Technology Park, 19202|St. Xaviers International School, 19202|V.B. International Senior Secondary School, 19206|Chandigarh Citi Centre, 19206|Tricity Square",,,Apartment,Furnished,2,8,North - East,788,Sq-ft,Less than 5 years,"Property Description This is 1bhk furnished Flat Available for rent on PAtiala Road Emenities in society Parks, Swimming Pool, club house, security cctv cameras jogging track, power backup in common area Emenities in Flat 3 Split Ac, 3 Gyser, 1 Ro, 1 Chimney, 4 Celling Fan, Tube lights Led Bulbs, Curtain Roads, modular kitchen in Flat Emenities Near to Society malls, gym schools, supermarkets etc",27000,27000,0,34,2,1 Covered,Yes,No,No,"Service/Goods Lift, Visitor Parking",False,True,Agent,100,Immediately,2026-04-16T23:45:22.000Z,"Apr 17, '26",True
AJMnRCD7BplzpSvf+uAgZw==,Magicbricks,https://www.magicbricks.com/property-details/1-BHK-2300-Sq-ft-Builder-Floor-Apartment-FOR-Rent-Sector-27-in-Chandigarh&id=4d423834323030373331,2026-04-19 13:51:15,30.7231259,76.7985669,,Sector 27,"Chandigarh, Chandigarh","19202|Bhavan Vidyalaya, 19202|Sri Aurobindo School Of Integral Education",,,Builder Floor Apartment,Furnished,1,2,East,2300,Sq-ft,10 to 15 years,"Beautiful 1 BHK furnished apartment in Sector 27 Chandigarh. 1 BHK apartment is available on rent in Sector 27 Chandigarh right away. The rent of the 1 BHK flat is ₹26,000. Get access to smart facilities such as 1 Wardrobe, 1 Bed, Fridge, 1 AC and Sofa simply by choosing this flat for rent. The flat is on the 1 floor and includes 1 bathrooms, 1 balcony with a carpet area of 2250 sqft. The property includes 1 Open parking. This property offers reserved parking, security. Visit the flat at Sector 27, Chandigarh, Chandigarh.",26000,26000,1,11,1,1 Open,No,No,No,,True,True,Agent,88,Immediately,2026-04-11T13:33:51.000Z,"Apr 11, '26",True
YCJw717gRDJzpSvf+uAgZw==,Magicbricks,https://www.magicbricks.com/property-details/1-BHK-1200-Sq-ft-Builder-Floor-Apartment-FOR-Rent-Sector-20-in-Chandigarh&id=4d423833383833323833,2026-04-19 13:51:15,30.7213417,76.7812596,,Sector 20,"Chandigarh, Chandigarh",,,,Builder Floor Apartment,Furnished,1,2,East,1200,Sq-ft,5 to 10 years,"Newly renovated independent fully furnished 1 bedroom attached bathroom, drawing, dinning, modular kitchen. A beautiful 1 BHK flat is available for rent in Sector 20. The Rent amount of this 1 BHK apartment is set at an attractive price of ₹26,000. Located on the 1 floor, the flat comprises 1 bathrooms, 1 balcony, and has a carpet area of 1000 sqft. The apartment comes furnished with reserved parking, air conditioned, ro water system. The flat can be visited at Sector 20, Chandigarh, Chandigarh.",26000,26000,,22,1,,No,No,No,"Air Conditioned, RO Water System",True,True,Agent,68,Immediately,2026-03-20T15:08:38.000Z,"Mar 20, '26",True
bNPULsfj+rlzpSvf+uAgZw==,Magicbricks,https://www.magicbricks.com/property-details/1-BHK-550-Sq-ft-Multistorey-Apartment-FOR-Rent-in-Chandigarh&id=4d423733303430303835,2026-04-19 13:51:15,,,,Swarn,"Chandigarh, Chandigarh",,160036,,Apartment,Furnished,1,1,,550,Sq-ft,,"If you are planning to rent a flat, you can consider this 1 BHK flat situated in the prime location of H No 151 Sector 36 A Chandigarh 160036. The Rent amount of this 1 BHK apartment is set at an attractive price of ₹27,000. This is a no-brokerage flat because the owner has posted the ad on this 1 BHK apartment.",27000,27000,500,49,1,,No,No,No,,False,False,Owner,51,Immediately,2026-04-12T13:47:57.000Z,"Apr 12, '26",True
rPlJB6YolWZzpSvf+uAgZw==,Magicbricks,https://www.magicbricks.com/property-details/1-BHK-1500-Sq-ft-Builder-Floor-Apartment-FOR-Rent-Sector-33-in-Chandigarh&id=4d423834323033303931,2026-04-19 13:51:15,30.7137743,76.769673,,Sector-33,"Chandigarh, Chandigarh","19201|Graycell Technologies, 19202|Kendriya Vidyalya Sangathan, 19202|Paragon Convent School, 19203|Landmark Hospital, 19203|Ayu Health Hospital",,,Builder Floor Apartment,Furnished,3,3,East,1500,Sq-ft,2013,"fully fur 1 bedroom drawing dining If you are planning to rent a flat, you can consider this 1 BHK flat situated in the prime location of Sector 33. The flat is available for rent at a competitive amount of ₹26,033. The apartment is on the 3 floor, has a carpet area of 500 sqft with 1 bathrooms and 2 balcony. This flat is fitted with power back up, security, air conditioned, ro water system. The flat can be visited at Sector 33, Chandigarh, Chandigarh.",26033,26000,,17,1,,No,No,Yes,"Air Conditioned, RO Water System",True,True,Agent,49,Immediately,2026-04-12T03:58:48.000Z,"Apr 12, '26",True
ZqFShxB7U/FzpSvf+uAgZw==,Magicbricks,https://www.magicbricks.com/property-details/1-BHK-1200-Sq-ft-Builder-Floor-Apartment-FOR-Rent-Sector-16-in-Chandigarh&id=4d423536333430383835,2026-04-19 13:51:15,30.7464418,76.7783748,,Sector 16,"Chandigarh, Chandigarh",,,,Builder Floor Apartment,Semi-Furnished,1,2,North - East,1200,Sq-ft,Less than 5 years,"If you are searching a 1 BHK apartment for rent in Sector 16, check out this amazing rental flat. This 1 BHK flat is available at the reasonable rent amount of ₹30,000. The flat is on the 1 floor and includes 1 bathrooms, 1 balcony with a carpet area of 1200 sqft. This property offers security. Find this apartment at Sector 16, Chandigarh, Chandigarh.",30000,,,25,1,,No,No,No,,True,True,Agent,66,Immediately,2026-04-03T03:57:06.000Z,"Apr 03, '26",True
/JygxO47QClzpSvf+uAgZw==,Magicbricks,https://www.magicbricks.com/property-details/1-BHK-2000-Sq-ft-Builder-Floor-Apartment-FOR-Rent-Sector-33-in-Chandigarh&id=4d423834313730373533,2026-04-19 13:51:15,30.7137743,76.769673,,Sector-33,"Chandigarh, Chandigarh","19201|Graycell Technologies, 19202|Kendriya Vidyalya Sangathan, 19202|Paragon Convent School, 19203|Landmark Hospital, 19203|Ayu Health Hospital",,,Builder Floor Apartment,Furnished,2,3,East,2000,Sq-ft,2013,"fully furnished 1 bedroom drawing dining kitchen washroom Check out this newly constructed 1 BHK flat on rent in the prime location of Sector 33 Chandigarh. This 1 BHK flat can be availed at the rental price of ₹26,033. The apartment is on the 2 floor, has a carpet area of 500 sqft with 1 bathrooms and 2 balcony. This property offers power back up, air conditioned, ro water system. Visit the apartment at Sector 33, Chandigarh, Chandigarh.",26033,26000,,13,1,,No,No,No,"Air Conditioned, RO Water System",True,True,Agent,47,Immediately,2026-04-10T01:09:43.000Z,"Apr 10, '26",True
LRkgSZlT5ltzpSvf+uAgZw==,Magicbricks,https://www.magicbricks.com/property-details/1-BHK-400-Sq-ft-Builder-Floor-Apartment-FOR-Rent-Sector-33-in-Chandigarh&id=4d423834303334323739,2026-04-19 13:51:15,30.7137743,76.769673,,Sector-33,"Chandigarh, Chandigarh","19201|Graycell Technologies, 19202|Kendriya Vidyalya Sangathan, 19202|Paragon Convent School, 19203|Ayu Health Hospital, 19203|Landmark Hospital",,,Builder Floor Apartment,Furnished,2,3,East,,,2013,"fully furnished 1 bedroom hall kitchen washroom Check out this newly constructed 1 BHK flat on rent in the prime location of Sector 33 Chandigarh. The Rent amount of this 1 BHK apartment is set at an attractive price of ₹26,033. The flat is located on the 2 floor which includes 1 bathrooms, 2 balcony, and covers a carpet area of 400 sqft. This flat is fitted with power back up, security, air conditioned, ro water system. The address is Sector 33, Chandigarh, Chandigarh.",26033,26000,,,1,,No,No,Yes,"Air Conditioned, RO Water System",True,True,Agent,48,Immediately,2026-04-02T06:44:46.000Z,"Apr 02, '26",True
xZIRQZ+emN1zpSvf+uAgZw==,Magicbricks,https://www.magicbricks.com/property-details/1-BHK-1000-Sq-ft-Builder-Floor-Apartment-FOR-Rent-Sector-35-in-Chandigarh&id=4d423833313734363833,2026-04-19 13:51:15,30.7261629,76.7596221,,Sector-35,"Chandigarh, Chandigarh","19202|Shivalik Public School, 19202|Sri Guru Gobind Singh Senior Secondary School, 19206|Piccadily Square Mall",,,Builder Floor Apartment,Furnished,3,3,East,1000,Sq-ft,2013,"Furnished 1 bedroom drawing dining independent 2nd floor for executive A beautiful 1 BHK flat is available for rent in Sector 35. The Rent amount of this 1 BHK apartment is set at an attractive price of ₹28,035. The flat is on the 3 floor and includes 1 bathrooms, 2 balcony with a carpet area of 600 sqft. The flat comes with power back up, reserved parking, security, air conditioned, ro water system. The full address of the apartment is Sector 35, Chandigarh, Chandigarh.",28035,28000,,28,1,,Yes,No,No,"Air Conditioned, RO Water System",True,True,Agent,49,Immediately,2026-04-04T08:15:57.000Z,"Apr 04, '26",True
BcpIRXR6FYNzpSvf+uAgZw==,Magicbricks,https://www.magicbricks.com/property-details/1-BHK-1400-Sq-ft-Builder-Floor-Apartment-FOR-Rent-Sector-38-in-Chandigarh&id=4d423833343935383131,2026-04-19 13:51:15,30.7456844,76.7437522,,Sector-38,"Chandigarh, Chandigarh",,,,Builder Floor Apartment,Furnished,2,3,North,1400,Sq-ft,15 to 20 years,"Builder floor apartment is available for rent. It has a covered area of 1400 sq-ft, it is 1 BHK apartment. Please contact for more details. You can explore this 1 BHK flat on rent in Sector 38 Chandigarh. The apartment is available at an affordable rental price of ₹30,038. Located on the 2 floor, the flat comprises 1 bathrooms, 2 balcony, and has a carpet area of 700 sqft. This flat is fitted with power back up, reserved parking, security, air conditioned, ro water system. Visit the flat at Sector 38, Chandigarh, Chandigarh.",30038,30000,,21,1,,No,No,No,"Air Conditioned, RO Water System",True,True,Agent,51,Immediately,2026-02-21T03:05:55.000Z,"Feb 21, '26",True
E04U0H+LWeJzpSvf+uAgZw==,Magicbricks,https://www.magicbricks.com/property-details/1-BHK-800-Sq-ft-Multistorey-Apartment-FOR-Rent-Zirakpur-in-Chandigarh&id=4d423738353430313137,2026-04-19 13:51:15,30.656788,76.82119203,,Zirakpur,chandigarh delhi highway,"19201|Mk Technology Park, 19202|V.B. International Senior Secondary School, 19202|Maya International School, 19206|Chandigarh Citi Centre, 19206|Tricity Square",,,Apartment,Furnished,4,13,North - East,800,Sq-ft,Less than 5 years,"1bhk fully furnished flat available for rent in Zirakpur at very reasonable price. Grab the chance to own this affordable 1 BHK flat for rent in the Zirakpur area. The rent of the 1 BHK flat is ₹25,000. The flat is on the 4 floor and includes 1 bathrooms, 1 balcony with a carpet area of 950 sqft. 1 Covered parking facility are also available. This home provides power back up, reserved parking, security, service/goods lift, visitor parking. The address is Zirakpur, Chandigarh..",25000,25000,0,31,1,1 Covered,No,No,No,"Banquet Hall, Bar/Lounge, Jogging and Strolling Track, Outdoor Tennis Courts",False,True,Agent,98,Immediately,2026-04-18T23:45:33.000Z,Today,True
ylY2uKcv+mpzpSvf+uAgZw==,Magicbricks,https://www.magicbricks.com/property-details/1-BHK-750-Sq-ft-Multistorey-Apartment-FOR-Rent-Zirakpur-in-Chandigarh&id=4d423832383538383837,2026-04-19 13:51:15,30.656788,76.82119203,,Zirakpur,Zirakpur Ambala highway,"19201|Mk Technology Park, 19202|St. Xaviers International School, 19202|Atticus International School, 19206|Chandigarh Citi Centre, 19206|Tricity Square",,,Apartment,Furnished,10,13,North - East,750,Sq-ft,Less than 5 years,"roperty Description This is 1 Furnish Flat Available for rent on VIP Road zirakpur Eminities in society Parks, Swimming Pool, club house, securty cctv cameras jogging track, powerbackup in common area ,Eminities in Flat Celling Fan 3, Tubelights Led Bulbs, Curtain Rodes, modular kitchen in Flat Eminities Near to Society malls, gym schools, supermar",23000,23000,0,31,2,1 Covered,Yes,No,No,"Service/Goods Lift, Visitor Parking, Banquet Hall",False,True,Agent,100,Immediately,2026-04-18T23:45:34.000Z,Today,True
H81kbuR89rhzpSvf+uAgZw==,Magicbricks,https://www.magicbricks.com/property-details/1-BHK-750-Sq-ft-Multistorey-Apartment-FOR-Rent-in-Chandigarh&id=4d423833303734393237,2026-04-19 13:51:15,30.656788,76.82119203,,Madaan Property Consultant,Madaan Properties,,,,Apartment,Furnished,13,13,North - East,750,Sq-ft,Less than 5 years,"1bhk flat for rent in green lotus Avenue 1 BHK apartment is available on rent in Zirakpur Chandigarh right away. The flat is available for rent at a competitive amount of ₹23,000. The apartment is on the 13 floor, has a covered area of 750 sqft with 2 bathrooms and 2 balcony. The property features power back up, reserved parking, security, service/goods lift, air conditioned, intercom facility, ro water system. The flat can be visited at Zirakpur, Chandigarh..",23000,23000,,31,2,,No,No,No,"Air Conditioned, Banquet Hall, Bar/Lounge, Jogging and Strolling Track",False,True,Agent,78,Immediately,2026-03-31T07:58:22.000Z,"Mar 31, '26",True
ECM6pW3IW0FzpSvf+uAgZw==,Magicbricks,https://www.magicbricks.com/property-details/1-BHK-1500-Sq-ft-Multistorey-Apartment-FOR-Rent-in-Chandigarh&id=4d423832363930353839,2026-04-19 13:51:15,30.699218924818776,76.74653451808236,,A.S Shekhawat,shiksha.shekhawat1902@gmail.com,,,,Apartment,Semi-Furnished,2,2,East,1500,Sq-ft,5 to 10 years,"A beautiful 1 BHK flat is available for rent in Sector 50D. The Rent amount of this 1 BHK apartment is set at an attractive price of ₹16,000. The flat is on the 2 floor and includes 1 bathrooms, 1 balcony with a carpet area of 1500 sqft. This flat is located at shiksha.shekhawat1902@gmail.com, Sector 50D, Chandigarh, Chandigarh. This is a no-brokerage flat, as the owner is offering this 1 BHK flat on rent.",16000,18000,1000,11,1,,No,No,No,,False,True,Owner,62,Immediately,2026-04-06T23:36:54.000Z,"Apr 07, '26",True
cMUnAtdy7chzpSvf+uAgZw==,Magicbricks,https://www.magicbricks.com/property-details/1-BHK-1500-Sq-ft-Builder-Floor-Apartment-FOR-Rent-Sector-34-in-Chandigarh&id=4d423832313638313639,2026-04-19 13:51:15,30.7195549,76.7639499,,Sector-34,"Chandigarh, Chandigarh","19202|Northridge International School, 19202|Aanchal International School, 19203|Mukat Hospital And Heart Institute, 19206|Piccadilly Square Mall",,,Builder Floor Apartment,Unfurnished,1,1,South -West,1500,Sq-ft,10 to 15 years,"Available One BHK drawing dinning, 1 baths, facing park, first floor for rent in sector 34 chandigarh. If you are searching a 1 BHK apartment for rent in Sector 34, check out this amazing rental flat. The rent of the 1 BHK flat is ₹22,000. The apartment is on the 1 floor, has a carpet area of 2500 sqft with 1 bathrooms and 2 balcony. You will also find 1 Open parking facility. This unit is designed with reserved parking. You can visit the flat at Bridge Market, 17D, Sector 17, Chandigarh.",22000,22000,350,15,1,1 Open,No,No,No,,False,True,Agent,77,Immediately,2025-11-14T10:40:40.000Z,"Nov 14, '25",True
yNFSnRcW6zdzpSvf+uAgZw==,Magicbricks,https://www.magicbricks.com/property-details/1-BHK-600-Sq-ft-Builder-Floor-Apartment-FOR-Rent-Sector-21-in-Chandigarh&id=4d423738393936303733,2026-04-19 13:51:15,30.7263907,76.77549,,Sector 21,Studio Apartment,19202|Manav Mangal High School,,,Builder Floor Apartment,Unfurnished,1,2,North - East,600,Sq-ft,5 to 10 years,"Studio Apartment furnished one bedroom attached bathroom Small kitchen preference Single executive only Check out this newly constructed 1 BHK flat on rent in the prime location of Sector 21 Chandigarh. This 1 BHK flat can be availed at the rental price of ₹17,000. The flat is on the 1 floor and includes 1 bathrooms, 1 balcony with a carpet area of 458 sqft. This home provides power back up, reserved parking, security, air conditioned, ro water system. This flat is located at Studio Apartment, Sector 21, Chandigarh, Chandigarh.",17000,17000,0,28,1,,No,No,No,"Air Conditioned, RO Water System",True,True,Agent,78,Immediately,2026-04-17T05:28:31.000Z,"Apr 17, '26",True
zCaz/Lhidl1zpSvf+uAgZw==,Magicbricks,https://www.magicbricks.com/property-details/1-BHK-450-Sq-ft-Multistorey-Apartment-FOR-Rent-Zirakpur-in-Chandigarh&id=4d423631353832333237,2026-04-19 13:51:15,30.656788,76.82119203,,Zirakpur,"Zirakpur,Chandigarh","19201|Mk Technology Park, 19202|Atticus International School, 19202|Maya International School, 19206|Tricity Square, 19206|Chandigarh Citi Centre",,,Apartment,Furnished,4,5,North - East,450,Sq-ft,5 to 10 years,"Savitry Greens 1 in Zirakpur, Chandigarh by N K Sharma Group Of Companies Builders is a residential project.::::The project offers Apartment with perfect combination of contemporary architecture and features to provide comfortable living.",15000,15000,2000,33,1,2 Open,Yes,No,No,Jogging and Strolling Track,False,True,Agent,100,Immediately,2026-04-01T11:11:18.000Z,"Apr 01, '26",True
/99lJ8mS/mNzpSvf+uAgZw==,Magicbricks,https://www.magicbricks.com/property-details/1-BHK-800-Sq-ft-Builder-Floor-Apartment-FOR-Rent-Sector-44-in-Chandigarh&id=4d423439323439303535,2026-04-19 13:51:15,30.7127179,76.7524087,,Sector-44,"Chandigarh, Chandigarh",,,,Builder Floor Apartment,Furnished,1,2,North - East,800,Sq-ft,5 to 10 years,"its 1 bhk proertys available in sector 44 very near to market A beautiful 1 BHK flat is available for rent in Sector 44. This 1 BHK flat is available at the reasonable rent amount of ₹15,000. Located on the 1 floor, the flat has 1 bathrooms, 2 balcony in carpet area of 750 sqft. This property offers reserved parking, air conditioned, ro water system. The flat can be visited at Sector 44, Chandigarh, Chandigarh.",15000,15000,100,19,1,,No,No,No,"Air Conditioned, RO Water System",True,True,Agent,64,Immediately,2026-04-11T09:06:28.000Z,"Apr 11, '26",True
rhS2MfhFojZzpSvf+uAgZw==,Magicbricks,https://www.magicbricks.com/property-details/1-BHK-1500-Sq-ft-Builder-Floor-Apartment-FOR-Rent-Sector-37-in-Chandigarh&id=4d423631303030393337,2026-04-19 13:51:15,30.7378169,76.7495233,,Sector-37,2799.,,,,Builder Floor Apartment,Furnished,2,2,South - East,1500,Sq-ft,New Construction,"This is fully furnished one bedroom drawing dinning and attached bath with kitchen suitable for small family. 1 BHK apartment is available on rent in Sector 37 Chandigarh right away. The Rent amount of this 1 BHK apartment is set at an attractive price of ₹25,000. If you rent the flat, you will have access to facilities like 1 Wardrobe, 1 Bed, 1 TV, Fridge, Microwave, 1 AC, Sofa, Washing Machine, Dining Table and Gas Connection. The apartment is on the 2 floor, has a carpet area of 1500 sqft with 1 bathrooms and 2 balcony. 2 Open parking space is also available. The apartment is equipped with power back up, security. The address is 2799., Sector 37, Chandigarh, Chandigarh.",25000,25000,0,17,1,2 Open,No,No,No,,True,True,Agent,94,Immediately,2026-04-03T03:59:24.000Z,"Apr 03, '26",True
7CKuOwTiwrpzpSvf+uAgZw==,Magicbricks,https://www.magicbricks.com/property-details/1-BHK-8-Marla-Builder-Floor-Apartment-FOR-Rent-Sector-23-in-Chandigarh&id=4d423833363737353333,2026-04-19 13:51:15,30.7396066,76.766835,,Sector 23,"Chandigarh, Chandigarh",,,,Builder Floor Apartment,Unfurnished,2,3,North - West,8,Marla,Less than 5 years,"2 Room kitchen bathroom, second floor, two side balcony ample car parking nearby Market bank Temple gurudwara prime location, sector 23, Chandigarh, contact, The Tricity Properties, consultants, Chandigarh",21000,,,10,1,,No,No,No,"Visitor Parking, Laundry Service, Jogging and Strolling Track, Outdoor Tennis Courts",False,True,Agent,71,Immediately,2026-03-07T06:43:45.000Z,"Mar 07, '26",True
yLrZenXZbz9zpSvf+uAgZw==,Magicbricks,https://www.magicbricks.com/property-details/1-BHK-2256-Sq-ft-Builder-Floor-Apartment-FOR-Rent-Sector-27-in-Chandigarh&id=4d423833393235373235,2026-04-19 13:51:15,30.7231259,76.7985669,,Sector 27,"Chandigarh, Chandigarh","19202|New Public Schools, 19202|Bhavan Vidyalaya",,,Builder Floor Apartment,Furnished,2,3,North - East,2256,Sq-ft,New Construction,"brand new 1bhk is available for rent at a very prime locality in sector 27 chandigarh. FOR MORE DETAILS PLEASE CONTACT US. If you are searching a 1 BHK apartment for rent in Sector 27, check out this amazing rental flat. The apartment is available at an affordable rental price of ₹22,000. Located on the 2 floor, the flat comprises 1 bathrooms, 1 balcony, and has a carpet area of 2772 sqft. Visit the flat at Sector 27, Chandigarh, Chandigarh.",22000,,,10,1,,No,No,No,,False,True,Agent,52,Immediately,2026-03-24T11:58:27.000Z,"Mar 24, '26",True
6+F/ZZqHwENzpSvf+uAgZw==,Magicbricks,https://www.magicbricks.com/property-details/1-BHK-550-Sq-ft-Multistorey-Apartment-FOR-Rent-Zirakpur-in-Chandigarh&id=4d423631393735313335,2026-04-19 13:51:15,30.656788,76.82119203,,Zirakpur,"1 BHK ,Fully Furnished, 1 Floor , Savitry Greens 1 , VIP Road , Zirakpur,Chandigarh","19201|Mk Technology Park, 19202|Atticus International School, 19202|V.B. International Senior Secondary School, 19206|Chandigarh Citi Centre, 19206|Tricity Square",,,Apartment,Furnished,1,4,North - East,550,Sq-ft,Less than 5 years,"If you are planning to rent a flat, you can consider this 1 BHK flat situated in the prime location of Zirakpur. The Rent amount of this 1 BHK apartment is set at an attractive price of ₹15,000. The residents of the flat have access to additional facilities such as 1 Wardrobe, 1 Bed, Fridge, 1 AC and 1 TV. Located on the 1 floor, the flat comprises 1 bathrooms, 1 balcony, and has a carpet area of 350 sqft. There is also facility of 1 Open parking. The property encompasses 4 floor and provides Kids Club, Kids Play Pool With Water Slides amenities. The apartment comes furnished with power back up, reserved parking, security. The address is VIP Road, Zirakpur.",15000,15000,1,27,1,1 Open,No,No,No,,False,True,Agent,95,Immediately,2026-03-09T17:11:43.000Z,"Mar 09, '26",True
murzodsiveFzpSvf+uAgZw==,Magicbricks,https://www.magicbricks.com/property-details/1-BHK-500-Sq-ft-Multistorey-Apartment-FOR-Rent-in-Chandigarh&id=4d423833393936343837,2026-04-19 13:51:15,,,,Shivani ,"Chandigarh, Chandigarh",,,,Apartment,Furnished,1,2,,,,5 to 10 years,"1 BHK apartment is available on rent in Chandigarh right away. The multistorey apartment is available at rent of ₹18,500. Located on the 1 floor, the flat comprises 1 bathrooms, 1 balcony, and has a carpet area of 500 sqft. This 1 BHK flat is directly posted by the owner, so you don't need to pay any brokerage on this property.",18500,,,,1,,No,No,No,,False,False,Owner,45,Immediately,2026-03-30T10:31:40.000Z,"Mar 30, '26",True
SW4cBkCGTpRzpSvf+uAgZw==,Magicbricks,https://www.magicbricks.com/property-details/1-BHK-790-Sq-ft-Multistorey-Apartment-FOR-Rent-Sector-63-in-Chandigarh&id=4d423230313839303632,2026-04-19 13:51:15,30.6921903,76.7274147,,Sector 63,63flat.,,,,Apartment,Semi-Furnished,3,5,,790,Sq-ft,New Construction,"It's a 3rd floor Multistorey Apartment in a building of total 5 floors. The Multistorey Apartment is newly constructed. 1 BHK flat is available for rent in Sector 63 immediately. The multistorey apartment is available at rent of ₹12,000. The apartment is on the 3 floor, has a covered area of 790 sqft with 2 bathrooms and 2 balcony. You can visit the flat at 63flat., Sector 63, Chandigarh, Chandigarh. This 1 BHK rental flat comes with no brokerage fees.",12000,,,15,2,,No,No,No,,False,False,Owner,40,Immediately,2026-04-14T15:41:16.000Z,"Apr 14, '26",True
EfP4EnmxnvBzpSvf+uAgZw==,Magicbricks,https://www.magicbricks.com/property-details/1-BHK-800-Sq-ft-Multistorey-Apartment-FOR-Rent-Manimajra-in-Chandigarh&id=4d423833393239393439,2026-04-19 13:51:15,30.7166667,76.8333333,,Manimajra,"Chandigarh, Chandigarh","19210|Housing Board Chowk Bus Stop, 19201|Rajiv Gandhi It Park, 19202|Hansraj Public School, 19202|Rimt World School, 19206|Dlf City Centre Mall",,,Apartment,Semi-Furnished,1,3,North - East,800,Sq-ft,New Construction,"Find 1 BHK flat for rent in Manimajra Chandigarh. You can get this flat at monthly rent of ₹18,000. The flat is on the 1 floor and includes 2 bathrooms, 2 balcony with a carpet area of 800 sqft. You can visit the flat at Manimajra, Chandigarh, Punjab. This 1 BHK flat is directly posted by the owner, so you don't need to pay any brokerage on this property.",18000,,,22,2,,No,No,No,,False,False,Owner,38,Immediately,2026-03-25T05:41:26.000Z,"Mar 25, '26",True
KWawukqa/JVzpSvf+uAgZw==,Magicbricks,https://www.magicbricks.com/property-details/1-BHK-2025-Sq-ft-Multistorey-Apartment-FOR-Rent-Sector-37-in-Chandigarh&id=4d423833323631373033,2026-04-19 13:51:15,30.7378169,76.7495233,,Sector-37,"Chandigarh, Chandigarh",,,,Apartment,Furnished,1,3,,2025,Sq-ft,,"Newly Built Owner Free 1 Room Attach Bath for Singlel Girl fully Independent You can avail the 1 BHK flat for rent in the well-known location of Sector 37. The rent of the 1 BHK flat is ₹18,000. The flat is located on the 1 floor which includes 1 bathrooms, 1 balcony, and covers a carpet area of 1775 sqft. The apartment is located at Sector 37, Chandigarh, Chandigarh.",18000,18000,,9,1,,No,No,No,,True,True,Agent,56,Immediately,2026-04-17T23:45:20.000Z,Yesterday,True
illJGlBQ6ydzpSvf+uAgZw==,Magicbricks,https://www.magicbricks.com/property-details/1-BHK-1400-Sq-ft-Builder-Floor-Apartment-FOR-Rent-Sector-18-in-Chandigarh&id=4d423634393531383739,2026-04-19 13:51:15,30.7347851,76.7884713,,Sector 18,Chandigarh.,"19202|Stepping Stones Sr. Sec. School, 19202|B M Schools Private Limited",,,Builder Floor Apartment,Furnished,1,2,North - East,1400,Sq-ft,2016,"Builder floor apartment is available for rent. It is a good location property. Newly Built Kothi in good location. Please contact for more details. Grab the chance to own this affordable 1 BHK flat for rent in the Sector 18 area. ₹18,000 is the monthly rent of this 1 BHK flat. The apartment is on the 1 floor, has a carpet area of 1200 sqft with 1 bathrooms and 2 balcony. This flat is fitted with air conditioned. The full address of the apartment is Chandigarh., Sector 18, Chandigarh, Chandigarh.",18000,18000,,13,1,,No,No,No,Air Conditioned,True,True,Agent,68,Immediately,2026-03-19T05:34:09.000Z,"Mar 19, '26",True
g754OzrM019zpSvf+uAgZw==,Magicbricks,https://www.magicbricks.com/property-details/1-BHK-1700-Sq-ft-Builder-Floor-Apartment-FOR-Rent-Sector-38-in-Chandigarh&id=4d423832343830373931,2026-04-19 13:51:15,30.7456844,76.7437522,,Sector-38,"Chandigarh, Chandigarh",,,,Builder Floor Apartment,Furnished,Ground,3,East,1700,Sq-ft,New Construction,"Builder floor apartment is available for rent. It has a covered area of 1700 sq-ft, it is 1 BHK apartment. Please contact for more details. If you are planning to rent a flat, you can consider this 1 BHK flat situated in the prime location of Sector 38. Available at a rental price of ₹16,038, this 1 BHK flat is worth considering. Located on the Ground floor, the flat comprises 1 bathrooms, 2 balcony, and has a carpet area of 200 sqft. The flat comes with air conditioned. You can visit the flat at Sector 38, Chandigarh, Chandigarh.",16038,16000,,9,1,,No,No,No,Air Conditioned,True,True,Agent,47,Immediately,2026-04-04T08:17:01.000Z,"Apr 04, '26",True
Z20winjCwNxzpSvf+uAgZw==,Magicbricks,https://www.magicbricks.com/property-details/1-BHK-450-Sq-ft-Builder-Floor-Apartment-FOR-Rent-Sector-40-in-Chandigarh&id=4d423833313037363935,2026-04-19 13:51:15,30.7363236,76.7350951,,Sector 40,"Chandigarh, Chandigarh",,,,Builder Floor Apartment,Furnished,Ground,1,North,450,Sq-ft,Less than 5 years,"2bhk second floor Grab the chance to own this affordable 1 BHK flat for rent in the Sector 40 area. The flat is available for rent at a competitive amount of ₹13,000. The flat comes with security, air conditioned. The address is Sector 40, Chandigarh, Chandigarh.",13000,13000,,29,1,,No,No,Yes,Air Conditioned,True,True,Agent,71,Immediately,2026-04-09T15:51:51.000Z,"Apr 09, '26",True
lUa0EQkMbGRzpSvf+uAgZw==,Magicbricks,https://www.magicbricks.com/property-details/1-BHK-900-Sq-ft-Multistorey-Apartment-FOR-Rent-in-Chandigarh&id=4d423833353237383637,2026-04-19 13:51:15,,,,janak,55531.,,,,Apartment,Unfurnished,1,4,North - East,900,Sq-ft,Above 20 years,It is an airy and lightening flat at first floor. It has one bed room one drawing room with spacious kitchen toilet bathroom separated along with three sides balconies. It is in good locality near IT park for a small family.,17000,,,19,1,1 Open,No,No,No,,False,False,Owner,71,Immediately,2026-02-23T16:44:13.000Z,"Feb 23, '26",True
Jp4n2rcGictzpSvf+uAgZw==,Magicbricks,https://www.magicbricks.com/property-details/1-BHK-900-Sq-ft-Multistorey-Apartment-FOR-Rent-Sector-44B-in-Chandigarh&id=4d423833343030353131,2026-04-19 13:51:15,30.712873,76.757203,,Jatinder,"Chandigarh, Chandigarh",,,,Apartment,Furnished,2,3,,900,Sq-ft,15 to 20 years,"corner house, under surveillance, independent entry, premium location 1 BHK flat is available for rent in Sector 44B immediately. The multistorey apartment is available at rent of ₹25,000. The apartment is on the 2 floor, has a carpet area of 750 sqft with 1 bathrooms and 2 balcony. Visit the apartment at Sector 44B, Chandigarh, Chandigarh. This is a no-brokerage flat because the owner has posted the ad on this 1 BHK apartment.",25000,,,28,1,,No,No,No,,False,False,Owner,60,Immediately,2026-02-13T15:19:47.000Z,"Feb 13, '26",True
BeHsYuNjUApzpSvf+uAgZw==,Magicbricks,https://www.magicbricks.com/property-details/1-BHK-500-Sq-ft-Multistorey-Apartment-FOR-Rent-in-Chandigarh&id=4d423735313631333631,2026-04-19 13:51:15,,,,Baldev Singh Grewal,"Chandigarh, Chandigarh",,,,Apartment,Furnished,2,2,North - West,500,Sq-ft,Above 20 years,"nearby market 1 BHK apartment is available on rent in h no 1115 by 1 sec 29b chandigarh Chandigarh right away. The apartment is available at an affordable rental price of ₹12,500. The flat is located on the 2 floor which includes 2 bathrooms, 1 balcony, and covers a carpet area of 200 sqft. The flat comes with power back up, air conditioned, ro water system. This is a no-brokerage flat because the owner has posted the ad on this 1 BHK apartment.",12500,10000,0,25,2,,No,No,No,"Air Conditioned, RO Water System",False,False,Owner,71,Immediately,2026-02-07T21:33:07.000Z,"Feb 08, '26",True
GjpRP3iD/JNzpSvf+uAgZw==,Magicbricks,https://www.magicbricks.com/property-details/1-BHK-1100-Sq-ft-Builder-Floor-Apartment-FOR-Rent-Sector-49-in-Chandigarh&id=4d423339373334393331,2026-04-19 13:51:15,30.6929607,76.7524087,,Sector-49,"Chandigarh, Chandigarh",,,,Builder Floor Apartment,Unfurnished,2,2,,1100,Sq-ft,Less than 5 years,"This well designed 1 Bedroom Unit is located on 2 floor and it has spacious 1 bathroom You get this spacious Unit on a rental of 10000 monthly. Find this 1 BHK rental flat in Sector 49 Chandigarh. The rent of the 1 BHK flat is ₹10,000. Located on the 2 floor, the flat comprises 1 bathrooms, 1 balcony, and has a carpet area of 1050 sqft. This unit features reserved parking, security, air conditioned, visitor parking, intercom facility. Visit the flat at Sector 49, Chandigarh, Chandigarh. This is a no-brokerage flat, as the owner is offering this 1 BHK flat on rent.",10000,10000,300,9,1,,No,No,No,"Air Conditioned, Visitor Parking, Intercom Facility, Jogging and Strolling Track",False,False,Owner,58,Immediately,2026-02-20T16:59:54.000Z,"Feb 20, '26",True
quVFCPEh/+hzpSvf+uAgZw==,Magicbricks,https://www.magicbricks.com/property-details/1-BHK-300-Sq-ft-Builder-Floor-Apartment-FOR-Rent-Sector-19-in-Chandigarh&id=4d423635373231313133,2026-04-19 13:51:15,30.7304019,76.795998,,Sector 19,"Chandigarh, Chandigarh",19209|Zirakpur Airport,,,Builder Floor Apartment,Furnished,1,3,,300,Sq-ft,,"Find 1 BHK flat for rent in Sector 19 Chandigarh. The apartment is available at an affordable rental price of ₹13,000. The full address of the apartment is Sector 19, Chandigarh, Chandigarh. The brokerage amount of the 1 BHK apartment is zero.",13000,,,43,1,,No,No,No,,False,False,Owner,0,Immediately,2026-02-11T13:53:16.000Z,"Feb 11, '26",True
dVcaLkFtz3ZzpSvf+uAgZw==,Magicbricks,https://www.magicbricks.com/property-details/1-BHK-150-Sq-ft-Multistorey-Apartment-FOR-Rent-Sector-36-in-Chandigarh&id=4d423732303930303835,2026-04-19 13:51:15,30.7327703,76.7552941,,Sector 36,Sector 36 Chandigarh,,,,Apartment,Semi-Furnished,1,2,,150,Sq-ft,New Construction,"You can explore this 1 BHK flat on rent in Sector 36 Chandigarh. This 1 BHK flat is available at the reasonable rent amount of ₹8,000. The flat can be visited at Sector 36 Chandigarh, Sector 36, Chandigarh, Chandigarh. There are no brokerage fees on this 1 BHK multistorey apartment.",8000,,,53,1,,No,No,No,,False,False,Owner,55,Immediately,2026-03-06T21:33:04.000Z,"Mar 07, '26",True
D5o+5ovhOFFzpSvf+uAgZw==,Magicbricks,https://www.magicbricks.com/property-details/1-BHK-66-Sq-ft-Multistorey-Apartment-FOR-Rent-Dera-Bassi-in-Chandigarh&id=4d423832383530393435,2026-04-19 13:51:15,30.5872,76.8428,,Dera Bassi,house no 29 near by The New Cambridge school,19202|Longowal Polytechnic College,,,Apartment,Semi-Furnished,Ground,2,,66,Sq-ft,New Construction,"A beautiful 1 BHK flat is available for rent in Dera Bassi. ₹7,500 is the monthly rent of this 1 BHK flat. The brokerage amount of the 1 BHK apartment is zero.",7500,7500,500,114,1,,No,No,No,,False,False,Owner,40,Immediately,2026-03-12T21:30:39.000Z,"Mar 13, '26",True
h8XY7C38l6hzpSvf+uAgZw==,Magicbricks,https://www.magicbricks.com/property-details/1-BHK-1200-Sq-ft-Multistorey-Apartment-FOR-Rent-Sector-40B-in-Chandigarh&id=4d423833393736353435,2026-04-19 13:51:15,30.738358,76.739017,,Rohan,"Sector 40B, Chandigarh",,,,Apartment,Furnished,1,2,North,1200,Sq-ft,Less than 5 years,"Open 247- smoking drinking is allowed- available for both girls couples. Check out this newly constructed 1 BHK flat on rent in the prime location of Sector 40B Chandigarh. This 1 BHK flat can be availed at the rental price of ₹12,000. Located on the 1 floor, the flat comprises 1 bathrooms, 1 balcony, and has a carpet area of 1200 sqft. Visit the flat at Sector 40B, Chandigarh, Sector 40B, Chandigarh, Chandigarh. The owner has posted this 1 BHK flat for rent, so the brokerage fees is zero on this multistorey apartment.",12000,,,10,1,,No,No,No,,False,False,Owner,66,Immediately,2026-03-28T10:13:13.000Z,"Mar 28, '26",True
DjhxIbBUqNxzpSvf+uAgZw==,Magicbricks,https://www.magicbricks.com/property-details/1-BHK-800-Sq-ft-Builder-Floor-Apartment-FOR-Rent-Sector-40-in-Chandigarh&id=4d423537343338303635,2026-04-19 13:51:15,30.7363236,76.7350951,,Sector 40,"House no. 2774, sector-40/c, chandigarh",,,,Builder Floor Apartment,Unfurnished,2,3,,800,Sq-ft,,"Builder floor apartment is available for rent. It has covered area of 800 sq-ft, it is a good location property. Please contact for more details. Find this 1 BHK rental flat in Sector 40 Chandigarh. You can get this flat at monthly rent of ₹10,000. The apartment is on the 2 floor, has a carpet area of 700 sqft with 1 bathrooms and 2 balcony. Visit the flat at House no. 2774, sector-40/c, chandigarh, Sector 40, Chandigarh, Chandigarh. You can find the 1 BHK flat without any brokerage.",10000,5000,0,12,1,,No,No,No,,False,False,Owner,38,Immediately,2026-03-16T21:34:41.000Z,"Mar 17, '26",True
iyB9pMvhXUdzpSvf+uAgZw==,Magicbricks,https://www.magicbricks.com/property-details/1-BHK-500-Sq-ft-Builder-Floor-Apartment-FOR-Rent-Sector-21-in-Chandigarh&id=4d423334333037363937,2026-04-19 13:51:15,30.7263907,76.77549,,Sector 21,"Chandigarh, Chandigarh",19202|Manav Mangal High School,,,Builder Floor Apartment,Furnished,2,2,,500,Sq-ft,Less than 5 years,"Builder Floor Apartment is located at the advantageous 2nd floor in a tower of total 2 floors. Modern construction is done in this newly built Builder Floor Apartment. Check out this newly constructed 1 BHK flat on rent in the prime location of Sector 21 Chandigarh. The 1 BHK apartment is available at a reasonable rent of ₹16,000. This flat is located at Sector 21, Chandigarh, Chandigarh. The owner has posted this 1 BHK flat for rent, so the brokerage fees is zero on this multistorey apartment.",16000,,,32,1,,No,No,No,,False,False,Owner,51,Immediately,2026-04-08T22:30:24.000Z,"Apr 09, '26",True
c22V9lBRu21zpSvf+uAgZw==,Magicbricks,https://www.magicbricks.com/property-details/1-BHK-230-Sq-ft-Builder-Floor-Apartment-FOR-Rent-Nayagaon-in-Chandigarh&id=4d423833363732393631,2026-04-19 13:51:15,30.777979,76.794314,,Manoj Singh MJ,adarsh nagar near Nirankari bhawan road Nayagaon,,,,Builder Floor Apartment,Semi-Furnished,2,3,North - West,230,Sq-ft,Less than 5 years,"Room only for girls location Nayagaon Adarsh Nagar Find this 1 BHK rental flat in Nayagaon Chandigarh. This 1 BHK flat is available at the reasonable rent amount of ₹8,000. The apartment is on the 2 floor, has a carpet area of 290 sqft with 1 bathrooms and 1 balcony. This flat is located at adarsh nagar near Nirankari bhawan road Nayagaon, Nayagaon, Chandigarh, Chandigarh. This 1 BHK flat is directly posted by the owner, so you don't need to pay any brokerage on this property.",8000,,,35,1,,No,No,No,,False,False,Owner,60,Immediately,2026-03-06T16:40:08.000Z,"Mar 06, '26",True
d0gQ1VUVSVJzpSvf+uAgZw==,Magicbricks,https://www.magicbricks.com/property-details/2-BHK-2500-Sq-ft-Builder-Floor-Apartment-FOR-Rent-Sector-36-in-Chandigarh&id=4d423832343732323539,2026-04-19 13:51:15,30.7327703,76.7552941,,Sector 36,"Chandigarh, Chandigarh",,,,Builder Floor Apartment,Semi-Furnished,2,3,East,2500,Sq-ft,2013,"Builder floor apartment is available for rent. It has a covered area of 2500 sq-ft, it is 2 BHK apartment. Please contact for more details. Grab the chance to own this affordable 2 BHK flat for rent in the Sector 36 area. This 2 BHK flat can be availed at the rental price of ₹55,036. Located on the 2 floor, the flat comprises 2 bathrooms, 2 balcony, and has a carpet area of 1600 sqft. The apartment is equipped with air conditioned. The flat can be visited at Sector 36, Chandigarh, Chandigarh.",55036,55000,,22,2,,No,No,No,Air Conditioned,True,True,Agent,45,Immediately,2026-04-04T08:17:45.000Z,"Apr 17, '26",True
wPJXmTjjANtzpSvf+uAgZw==,Magicbricks,https://www.magicbricks.com/property-details/2-BHK-2500-Sq-ft-Builder-Floor-Apartment-FOR-Rent-Sector-33-in-Chandigarh&id=4d423833373035363837,2026-04-19 13:51:15,30.7137743,76.769673,,Sector-33,"Chandigarh, Chandigarh","19201|Graycell Technologies, 19202|Paragon Convent School, 19202|Kendriya Vidyalya Sangathan, 19203|Ayu Health Hospital, 19203|Landmark Hospital",,,Builder Floor Apartment,Furnished,Ground,3,East,2500,Sq-ft,2013,"Ground floor If you are planning to rent a flat, you can consider this 2 BHK flat situated in the prime location of Sector 33. The flat is available for rent at a competitive amount of ₹55,033. The flat is located on the Ground floor which includes 2 bathrooms, 2 balcony, and covers a carpet area of 1400 sqft. This unit features power back up, reserved parking, security, air conditioned, ro water system. The address is Sector 33, Chandigarh, Chandigarh.",55033,110000,,22,2,,No,No,No,"Air Conditioned, RO Water System",True,True,Agent,51,Immediately,2026-03-09T10:27:23.000Z,"Mar 09, '26",True
Ku7Vtas4unRzpSvf+uAgZw==,Magicbricks,https://www.magicbricks.com/property-details/2-BHK-1270-Sq-ft-Multistorey-Apartment-FOR-Rent-Zirakpur-in-Chandigarh&id=4d423833383433323137,2026-04-19 13:51:15,30.656788,76.82119203,,Zirakpur,Zirakpur Ambala Highway,"19201|Mk Technology Park, 19202|St. Xaviers International School, 19202|Maya International School, 19206|Chandigarh Citi Centre, 19206|Tricity Square",,,Apartment,Furnished,13,13,North - East,1270,Sq-ft,5 to 10 years,"Find this 2 BHK rental flat in Zirakpur Chandigarh. The flat is available for rent at a competitive amount of ₹33,000. The apartment is on the 13 floor, has a covered area of 1270 sqft with 2 bathrooms and 4 balcony. There is also facility of 1 Covered parking. The property features power back up, reserved parking, security, service/goods lift, visitor parking. Find this apartment at NH-22 Chandigarh-Ambala, Highway, Nagla Rd, Zirakpur, Chandigarh.",33000,33000,0,26,2,1 Covered,Yes,No,No,"Service/Goods Lift, Visitor Parking",False,True,Agent,100,Immediately,2026-04-17T23:45:21.000Z,Yesterday,True
sCj4KxMGevZzpSvf+uAgZw==,Magicbricks,https://www.magicbricks.com/property-details/2-BHK-1800-Sq-ft-Multistorey-Apartment-FOR-Rent-Sector-49-in-Chandigarh&id=4d423833343135353939,2026-04-19 13:51:15,30.6929607,76.7524087,,Sector-49,Society Flat,,,,Apartment,Furnished,1,2,North - East,1800,Sq-ft,New Construction,"Society Flat 2bhk fully furnished preference decent working Two girls only Find this 2 BHK rental flat in Sector 49 Chandigarh. The 2 BHK apartment is available at a reasonable rent of ₹37,000. The flat is on the 1 floor and includes 2 bathrooms, 2 balcony with a carpet area of 1600 sqft. This unit is designed with power back up, reserved parking, security, service/goods lift, air conditioned, intercom facility, ro water system. Visit the flat at Sector 49 D, Sector 49, Chandigarh, Punjab.",37000,37000,0,21,2,,No,No,No,"Air Conditioned, Laundry Service, Internet/Wi-Fi Connectivity, Jogging and Strolling Track",True,True,Agent,80,Immediately,2026-04-18T00:25:34.000Z,Yesterday,True
kigM+3iL6UlzpSvf+uAgZw==,Magicbricks,https://www.magicbricks.com/property-details/2-BHK-1300-Sq-ft-Builder-Floor-Apartment-FOR-Rent-Sector-22-in-Chandigarh&id=4d423539383536383231,2026-04-19 13:51:15,30.732999,76.7711626,,Sector-22,"Chandigarh, Chandigarh","19202|Shishu Niketan Model Senior Secondary School, 19203|Civil Hospital, 19206|Shastri Market",,,Builder Floor Apartment,Furnished,1,3,South - East,1300,Sq-ft,Less than 5 years,"independent 1st floor Newly Built Furnished 2nd floor 2 BHK 2 Bath sector 22 chd consultant The TRI City Property consultant Chd 2 BHK flat is available for rent in Sector 22 immediately. Available at a rental price of ₹35,000, this 2 BHK flat is worth considering. The flat is located on the 1 floor which includes 2 bathrooms, 2 balcony, and covers a carpet area of 1000 sqft. This unit features power back up, reserved parking, security, visitor parking. The full address of the apartment is Sector 22, Chandigarh, Chandigarh.",35000,,,27,2,,No,No,No,"Visitor Parking, Laundry Service, Jogging and Strolling Track, Outdoor Tennis Courts",False,True,Agent,73,Select Date,2026-04-18T07:43:25.000Z,Yesterday,True
WQS9JPU190dzpSvf+uAgZw==,Magicbricks,https://www.magicbricks.com/property-details/2-BHK-2156-Sq-ft-Builder-Floor-Apartment-FOR-Rent-Sector-44-in-Chandigarh&id=4d423834333030363439,2026-04-19 13:51:15,30.7127179,76.7524087,,Sector-44,"Chandigarh, Chandigarh",,,,Builder Floor Apartment,Unfurnished,1,3,,2156,Sq-ft,10 to 15 years,"10 marla first floor consisting of 2 bedrooms, 2 washrooms , drawing dining and terrace is available for rent at a very prime locality in sector 44 chandigarh. FOR MORE DETAILS PLEASE CONTACT US. You can explore this 2 BHK flat on rent in Sector 44 Chandigarh. You can get this flat at monthly rent of ₹27,500. Located on the 1 floor, the flat has 2 bathrooms, 2 balcony in carpet area of 2772 sqft. The full address of the apartment is Sector 44, Chandigarh, Chandigarh.",27500,,,13,2,,No,No,No,,False,True,Agent,55,Immediately,2026-04-18T10:35:28.000Z,Yesterday,True
fiSFH1nh9V9zpSvf+uAgZw==,Magicbricks,https://www.magicbricks.com/property-details/2-BHK-800-Sq-ft-Multistorey-Apartment-FOR-Rent-Sector-38-West-in-Chandigarh&id=4d423834323039353631,2026-04-19 13:51:15,30.7456844,76.7437522,,Sector 38 West,"Chandigarh, Chandigarh",,,,Apartment,Furnished,1,2,North - East,800,Sq-ft,10 to 15 years,"Beautiful unfurnished flat in sector 38 west. Find this 2 BHK rental flat in Sector 38 West Chandigarh. The flat is available for rent at a competitive amount of ₹32,000. The flat is located on the 1 floor which includes 1 bathrooms, 2 balcony, and covers a carpet area of 720 sqft. The full address of the apartment is Sector 38 West, Chandigarh, Chandigarh.",32000,32000,100,40,1,,No,No,No,,True,True,Agent,79,Immediately,2026-04-12T13:20:27.000Z,"Apr 12, '26",True
X+j5L5l+zTxzpSvf+uAgZw==,Magicbricks,https://www.magicbricks.com/property-details/2-BHK-1500-Sq-ft-Multistorey-Apartment-FOR-Rent-in-Chandigarh&id=4d423833373738373133,2026-04-19 13:51:15,,,,Sidhidatri Corporate,"Chandigarh, Chandigarh",,,,Apartment,Furnished,2,2,East,1500,Sq-ft,New Construction,"furnished and ownerfree Find 2 BHK flat for rent in mig flats sector 44 Chandigarh. The flat is available for rent at a competitive amount of ₹26,000. The flat is located on the 2 floor which includes 2 bathrooms, 2 balcony, and covers a carpet area of 1400 sqft. This unit is designed with reserved parking, air conditioned.",26000,26000,0,17,2,,No,No,No,"Air Conditioned, Banquet Hall, Outdoor Tennis Courts",True,True,Agent,73,Immediately,2026-03-14T08:16:48.000Z,"Mar 14, '26",True
0zj0EnI+tehzpSvf+uAgZw==,Magicbricks,https://www.magicbricks.com/property-details/2-BHK-1500-Sq-ft-Builder-Floor-Apartment-FOR-Rent-Sector-38-in-Chandigarh&id=4d423639343939313633,2026-04-19 13:51:15,30.7456844,76.7437522,,Sector-38,2799.,,,,Builder Floor Apartment,Semi-Furnished,1,2,South - East,1500,Sq-ft,New Construction,"Newly renovated first floor having two bedrooms drawing dinning with two attached baths and washing area. You can explore this 2 BHK flat on rent in Sector 38 Chandigarh. The Rent amount of this 2 BHK apartment is set at an attractive price of ₹33,000. The residents of the flat have access to additional facilities such as 2 Wardrobe. The apartment is on the 1 floor, has a carpet area of 1500 sqft with 2 bathrooms and 1 balcony. You will also find 3 Open parking facility. This flat is fitted with security. The apartment is located at 2799., Sector 38, Chandigarh, Chandigarh.",33000,33000,0,22,2,3 Open,No,No,Yes,Jogging and Strolling Track,True,True,Agent,98,Immediately,2026-04-03T03:54:08.000Z,"Apr 03, '26",True
S/ODJEvtfXRzpSvf+uAgZw==,Magicbricks,https://www.magicbricks.com/property-details/2-BHK-1650-Sq-ft-Multistorey-Apartment-FOR-Rent-Sector-22-in-Chandigarh&id=4d423831373432373839,2026-04-19 13:51:15,30.732999,76.7711626,,Sector-22,"Chandigarh, Chandigarh","19202|Shishu Niketan Model Senior Secondary School, 19203|Civil Hospital, 19206|Shastri Market",,,Apartment,Furnished,Ground,3,North,1650,Sq-ft,10 to 15 years,"City Centre You can avail the 2 BHK flat for rent in the well-known location of Sector 22. The multistorey apartment is available at rent of ₹36,000. The flat is on the Ground floor and includes 1 bathrooms, 2 balcony with a carpet area of 1250 sqft. The apartment is equipped with power back up, reserved parking, security, service/goods lift, air conditioned, ro water system. The full address of the apartment is Sector 22, Chandigarh, Chandigarh.",36000,72000,,22,1,,Yes,No,No,"Service/Goods Lift, Air Conditioned, RO Water System",False,True,Agent,73,Immediately,2026-02-23T06:28:01.000Z,"Feb 23, '26",True
kSF3rh23nV5zpSvf+uAgZw==,Magicbricks,https://www.magicbricks.com/property-details/2-BHK-1800-Sq-ft-Builder-Floor-Apartment-FOR-Rent-Sector-37-in-Chandigarh&id=4d423732373836303639,2026-04-19 13:51:15,30.7378169,76.7495233,,Sector-37,"Chandigarh, Chandigarh",,,,Builder Floor Apartment,Semi-Furnished,1,3,North - East,1800,Sq-ft,5 to 10 years,"Builder floor apartment is available for rent. It is a good location property. Please contact for more details. You can explore this 2 BHK flat on rent in Sector 37 Chandigarh. This 2 BHK flat is available at the reasonable rent amount of ₹38,000. The flat is located on the 1 floor which includes 2 bathrooms, 2 balcony, and covers a covered area of 1800 sqft. The property includes 1 Open parking. The apartment is equipped with reserved parking. You can visit the flat at Sector 44, Chandigarh, Punjab .",38000,38000,0,21,2,1 Open,No,No,No,,True,True,Agent,93,Immediately,2026-02-20T06:53:24.000Z,"Feb 20, '26",True
NULM7Cz35XdzpSvf+uAgZw==,Magicbricks,https://www.magicbricks.com/property-details/2-BHK-2500-Sq-ft-Builder-Floor-Apartment-FOR-Rent-Sector-43-in-Chandigarh&id=4d423833383135303133,2026-04-19 13:51:15,30.7193257,76.7480805,,Sector 43,"Chandigarh, Chandigarh",,,,Builder Floor Apartment,Semi-Furnished,1,2,East,2500,Sq-ft,15 to 20 years,"10 marla independent semi-furnished first floor has 2 bedroom attached bath, drawing, dinning, kitchen, airy sunny rooms. Find 2 BHK flat for rent in Sector 43 Chandigarh. The apartment is available at an affordable rental price of ₹30,000. The flat is on the 1 floor and includes 2 bathrooms, 2 balcony with a carpet area of 1800 sqft. This flat is fitted with reserved parking, air conditioned, ro water system. This flat is located at Sector 43, Chandigarh, Chandigarh.",30000,30000,,12,2,,No,No,No,"Air Conditioned, RO Water System",True,True,Agent,73,Immediately,2026-03-17T05:19:49.000Z,"Mar 17, '26",True
qLL3xfiX86hzpSvf+uAgZw==,Magicbricks,https://www.magicbricks.com/property-details/2-BHK-2000-Sq-ft-Builder-Floor-Apartment-FOR-Rent-Sector-20-in-Chandigarh&id=4d423833393837383633,2026-04-19 13:51:15,30.7213417,76.7812596,,Sector 20,near main market,,,,Builder Floor Apartment,Furnished,2,2,North - West,2000,Sq-ft,Less than 5 years,"For Girl only who is doing higher study or job profile its Pre-Occupied luxurious 2bhk very spacious 1 kanal 2nd floor Newly Built A beautiful 2 BHK flat is available for rent in Sector 20. ₹28,000 is the monthly rent of this 2 BHK flat. The flat is located on the 2 floor which includes 2 bathrooms, 2 balcony, and covers a carpet area of 1950 sqft. This unit is designed with power back up, visitor parking. Visit the flat at near main market, Sector 20, Chandigarh, Chandigarh.",28000,,,14,2,,No,No,No,Visitor Parking,True,True,Agent,78,Immediately,2026-03-29T13:06:23.000Z,"Mar 29, '26",True
fdXQWsnGKyFzpSvf+uAgZw==,Magicbricks,https://www.magicbricks.com/property-details/2-BHK-1220-Sq-ft-Multistorey-Apartment-FOR-Rent-in-Chandigarh&id=4d423833343537353335,2026-04-19 13:51:15,30.656788,76.82119203,,Wisdom Properties,"Chandigarh, Chandigarh",,,,Apartment,Semi-Furnished,10,14,North - East,1220,Sq-ft,Less than 5 years,"semi furnished 2 BHK flat in one of best luxury and maintained society located on airport road Aerocity mohali. 2 BHK apartment is available on rent in Zirakpur Chandigarh right away. The flat is available for rent at a competitive amount of ₹31,000. The flat is on the 10 floor and includes 2 bathrooms, 2 balcony with a covered area of 1220 sqft. This flat is fitted with power back up, reserved parking, security, service/goods lift, air conditioned, visitor parking, intercom facility, ro water system. Visit the flat at Zirakpur, Chandigarh, Chandigarh.",31000,31000,,25,2,,No,No,No,"Air Conditioned, Banquet Hall, Bar/Lounge, Jogging and Strolling Track",False,True,Agent,76,Immediately,2026-02-18T08:54:11.000Z,"Feb 18, '26",True
NtA+MpWlBRlzpSvf+uAgZw==,Magicbricks,https://www.magicbricks.com/property-details/2-BHK-1500-Sq-ft-Multistorey-Apartment-FOR-Rent-Sector-43-in-Chandigarh&id=4d423832383534303131,2026-04-19 13:51:15,30.7193257,76.7480805,,Sector 43,"Chandigarh, Chandigarh",,,,Apartment,Furnished,Ground,2,North - East,1500,Sq-ft,New Construction,"fully furnished and fridge, RO , Gyser also available 2 BHK apartment is available on rent in Sector 43 Chandigarh right away. This 2 BHK flat can be availed at the rental price of ₹35,000. Located on the Ground floor, the flat has 2 bathrooms, 2 balcony in carpet area of 1200 sqft. The flat can be visited at Sector 43, Chandigarh.. There are no brokerage fees on this 2 BHK multistorey apartment.",35000,,,23,2,,No,No,No,,False,False,Owner,61,Immediately,2026-03-28T21:32:24.000Z,"Mar 29, '26",True
4DXKj7RyUm1zpSvf+uAgZw==,Magicbricks,https://www.magicbricks.com/property-details/2-BHK-1700-Sq-ft-Multistorey-Apartment-FOR-Rent-Sector-43-in-Chandigarh&id=4d423834323339303739,2026-04-19 13:51:15,30.7193257,76.7480805,,Sector 43,"Chandigarh, Chandigarh",,,,Apartment,Furnished,2,2,,1700,Sq-ft,5 to 10 years,"You can explore this 2 BHK flat on rent in Sector 43 Chandigarh. You can get this flat at monthly rent of ₹38,000. The flat is on the 2 floor and includes 2 bathrooms, 2 balcony with a carpet area of 1250 sqft. The property features power back up, air conditioned, ro water system. This flat is located at Sector 43, Chandigarh, Chandigarh. This 2 BHK apartment ad is listed by the owner, so there is no brokerage fee.",38000,76000,,22,2,,No,No,No,"Air Conditioned, RO Water System",False,False,Owner,60,Immediately,2026-04-15T04:16:25.000Z,"Apr 15, '26",True
Rt4iXM62MOxzpSvf+uAgZw==,Magicbricks,https://www.magicbricks.com/property-details/2-BHK-1050-Sq-ft-Multistorey-Apartment-FOR-Rent-Sector-63-in-Chandigarh&id=4d423833353838333431,2026-04-19 13:51:15,30.6921903,76.7274147,,Sector 63,"4th Floor, Corner Flat",,,,Apartment,Semi-Furnished,4,5,North,,,5 to 10 years,"spacious 2bhk corner flat Chandigarh Housing Board Sector 63 Find this 2 BHK rental flat in Sector 63 Chandigarh. The rent of the 2 BHK flat is ₹27,000. The flat is on the 4 floor and includes 2 bathrooms, 3 balcony with a carpet area of 1050 sqft. The apartment comes furnished with reserved parking. Visit the flat at 4th Floor, Corner Flat, Sector 63, Chandigarh, Chandigarh. This 2 BHK apartment ad is listed by the owner, so there is no brokerage fee.",27000,27000,700,,2,,No,No,No,,False,False,Owner,66,Immediately,2026-03-31T22:30:39.000Z,"Apr 01, '26",True
MEe+AeUDdWdzpSvf+uAgZw==,Magicbricks,https://www.magicbricks.com/property-details/2-BHK-1800-Sq-ft-Builder-Floor-Apartment-FOR-Rent-Sector-18-in-Chandigarh&id=4d423539393334313733,2026-04-19 13:51:15,30.7347851,76.7884713,,Sector 18,"Chandigarh, Chandigarh","19202|Stepping Stones Sr. Sec. School, 19202|B M Schools Private Limited",,,Builder Floor Apartment,Unfurnished,2,2,,1800,Sq-ft,,"If you are searching a 2 BHK apartment for rent in Sector 18, check out this amazing rental flat. The apartment is available at an affordable rental price of ₹30,000. Find this apartment at Sector 18, Chandigarh, Chandigarh. Do not pay any brokerage fee for this 2 BHK rental flat since the property ad is posted by the flat owner.",30000,,,17,1,,No,No,No,,False,False,Owner,26,Immediately,2026-04-12T07:35:17.000Z,"Apr 12, '26",True
/J4odU5Weh1zpSvf+uAgZw==,Magicbricks,https://www.magicbricks.com/property-details/2-BHK-1200-Sq-ft-Multistorey-Apartment-FOR-Rent-in-Chandigarh&id=4d423834303839343931,2026-04-19 13:51:15,,,,c j Singh,"Chandigarh, Chandigarh",,,,Apartment,Semi-Furnished,Ground,3,,,,,"You can explore this 2 BHK flat on rent in Chandigarh. ₹28,000 is the monthly rent of this 2 BHK flat. Located on the Ground floor, the flat has 2 bathrooms, 2 balcony in carpet area of 1200 sqft. This 2 BHK apartment ad is listed by the owner, so there is no brokerage fee.",28000,56000,,,2,,No,No,No,,False,False,Owner,28,Immediately,2026-04-05T13:00:54.000Z,"Apr 05, '26",True
q3OI7aFhzV9zpSvf+uAgZw==,Magicbricks,https://www.magicbricks.com/property-details/2-BHK-1200-Sq-ft-Multistorey-Apartment-FOR-Rent-in-Chandigarh&id=4d423832383133393737,2026-04-19 13:51:15,,,,ARUNESH AGGARWAL,"Chandigarh, Chandigarh",,,,Apartment,Furnished,1,4,,1200,Sq-ft,5 to 10 years,"2 BHK apartment is available on rent in 51B Chandigarh right away. You can get this flat at monthly rent of ₹30,000. 2 Wardrobe, 2 Bed, 2 AC and Fridge are some of the additional amenities available with the apartment. The apartment is on the 1 floor, has a carpet area of 900 sqft with 1 bathrooms and 2 balcony. The brokerage amount of the 2 BHK apartment is zero.",30000,60000,1500,25,1,,No,No,No,,False,False,Owner,36,Immediately,2026-03-21T08:37:34.000Z,"Mar 21, '26",True
VyJ2uFIF5H9zpSvf+uAgZw==,Magicbricks,https://www.magicbricks.com/property-details/2-BHK-2225-Sq-ft-Multistorey-Apartment-FOR-Rent-Sector-37-in-Chandigarh&id=4d423833323830303131,2026-04-19 13:51:15,30.7378169,76.7495233,,Sector-37,"Chandigarh, Chandigarh",,,,Apartment,Furnished,2,3,East,2225,Sq-ft,,"Newly Built ,Ready To move Furnished 2bhk for Working Girls or Family You can explore this 2 BHK flat on rent in Sector 37 Chandigarh. Available at a rental price of ₹32,000, this 2 BHK flat is worth considering. The flat is on the 2 floor and includes 1 bathrooms, 1 balcony with a carpet area of 2025 sqft. The apartment is equipped with air conditioned, ro water system. Find this apartment at Sector 37, Chandigarh, Chandigarh.",32000,32000,,14,1,,No,No,No,"Air Conditioned, RO Water System",True,True,Agent,57,Immediately,2026-04-18T23:45:33.000Z,Today,True
DRE47ErsaKRzpSvf+uAgZw==,Magicbricks,https://www.magicbricks.com/property-details/2-BHK-1080-Sq-ft-Multistorey-Apartment-FOR-Rent-Sector-38-West-in-Chandigarh&id=4d423833363235363737,2026-04-19 13:51:15,30.7456844,76.7437522,,Sector 38 West,"Sector 38 West,Chandigarh",,,,Apartment,Semi-Furnished,1,3,South -West,1080,Sq-ft,Above 20 years,"This is mig flat for rent in sector 38 west chandigarh. It is first floor flat with 2 bhk accommodation. Tenant gets 2 beds 2 acs dinning table sofa in this A beautiful 2 BHK flat is available for rent in Sector 38 West. The Rent amount of this 2 BHK apartment is set at an attractive price of ₹33,000. Live in this lovely flat and get access to various useful facilities such as 2 Wardrobe, 2 Bed, Fridge, 2 AC, Sofa and Dining Table. The apartment is on the 1 floor, has a covered area of 1080 sqft with 2 bathrooms and 2 balcony. You will also find 1 Covered parking facility. The property features reserved parking. The flat can be visited at 817, Sector 41 Market Rd, Sector 41, Chandigarh.",33000,66000,,31,2,1 Covered,No,No,No,,True,True,Agent,73,Immediately,2026-03-03T08:57:16.000Z,"Mar 03, '26",True
59mxcPBl+5pzpSvf+uAgZw==,Magicbricks,https://www.magicbricks.com/property-details/2-BHK-1500-Sq-ft-Builder-Floor-Apartment-FOR-Rent-Sector-35-in-Chandigarh&id=4d423834323033303239,2026-04-19 13:51:15,30.7261629,76.7596221,,Sector-35,"Chandigarh, Chandigarh","19202|St Peters Senior Secondary School, 19202|Shivalik Public School, 19206|Piccadily Square Mall",,,Builder Floor Apartment,Unfurnished,Ground,3,North,1500,Sq-ft,2013,"Ground floor 8.5 marla 2 BHK apartment is available on rent in Sector 35 Chandigarh right away. The flat is available for rent at a competitive amount of ₹30,035. The flat is on the Ground floor and includes 2 bathrooms, 2 balcony with a carpet area of 750 sqft. This property offers power back up, air conditioned, ro water system. Visit the apartment at Sector 35, Chandigarh, Chandigarh.",30035,30000,,20,2,,No,No,No,"Air Conditioned, RO Water System",True,True,Agent,49,Immediately,2026-04-12T03:46:46.000Z,"Apr 12, '26",True
p/8J+SGBPVpzpSvf+uAgZw==,Magicbricks,https://www.magicbricks.com/property-details/2-BHK-1800-Sq-ft-Builder-Floor-Apartment-FOR-Rent-Sector-37-in-Chandigarh&id=4d423630303839313031,2026-04-19 13:51:15,30.7378169,76.7495233,,Sector-37,Chandigarh,,,,Builder Floor Apartment,Furnished,1,2,North - East,,,2016,"Builder floor apartment is available for rent. It carpet area of 1800 sq-ft, it is a good location property. Please contact for more details. You can explore this 2 BHK flat on rent in Sector 37 Chandigarh. You can get this flat at monthly rent of ₹38,000. The flat is located on the 1 floor which includes 2 bathrooms, 3 balcony, and covers a carpet area of 1800 sqft. The apartment is equipped with air conditioned. Visit the flat at Chandigarh, Sector 37, Chandigarh, Chandigarh.",38000,38000,,,2,,No,No,No,Air Conditioned,True,True,Agent,66,Immediately,2026-03-11T06:48:06.000Z,"Mar 11, '26",True
odJJBGyihndzpSvf+uAgZw==,Magicbricks,https://www.magicbricks.com/property-details/2-BHK-826-Sq-ft-Multistorey-Apartment-FOR-Rent-Sector-48-in-Chandigarh&id=4d423736333235343937,2026-04-19 13:51:15,30.6879114,76.7581794,,Sector 48,756.,19202|Banyan Tree School,,,Apartment,Unfurnished,3,3,North - West,826,Sq-ft,Above 20 years,"Property with 5 min to the market and school for children Grab the chance to own this affordable 2 BHK flat for rent in the Sector 48 area. The multistorey apartment is available at rent of ₹27,000. Located on the 3 floor, the flat has 2 bathrooms, 2 balcony in carpet area of 826 sqft. There is also facility of 1 Covered parking. This flat is fitted with reserved parking. Visit the flat at 756., Sector 48, Chandigarh, Chandigarh. This 2 BHK flat is directly posted by the owner, so you don't need to pay any brokerage on this property.",27000,50000,600,33,2,1 Covered,No,No,No,,False,False,Owner,100,Immediately,2026-03-23T04:17:33.000Z,"Mar 23, '26",True
mdcP8S6nC7NzpSvf+uAgZw==,Magicbricks,https://www.magicbricks.com/property-details/2-BHK-5-Marla-Builder-Floor-Apartment-FOR-Rent-Sector-46-in-Chandigarh&id=4d423833333634313433,2026-04-19 13:51:15,30.7026207,76.7639499,,Sector 46,"3536, sector -46c chandigarh",,,,Builder Floor Apartment,Furnished,1,2,East,5,Marla,Less than 5 years,"Builder floor apartment is available for rent. It is a good location property. Please contact for more details. Find 2 BHK flat for rent in Sector 46 Chandigarh. The multistorey apartment is available at rent of ₹30,000. The flat is located on the 1 floor which includes 1 bathrooms, 2 balcony, and covers a covered area of 5 marla. You can visit the flat at 3536, sector -46c chandigarh, Sector 46, Chandigarh, Chandigarh. You can find the 2 BHK flat without any brokerage.",30000,,,22,1,,No,No,No,,False,False,Owner,61,Immediately,2026-02-11T13:19:27.000Z,"Feb 11, '26",True
tHxiRQb394JzpSvf+uAgZw==,Magicbricks,https://www.magicbricks.com/property-details/2-BHK-1450-Sq-ft-Builder-Floor-Apartment-FOR-Rent-Sector-44-in-Chandigarh&id=4d423737323631313933,2026-04-19 13:51:15,30.7127179,76.7524087,,Sector-44,2240 44c.,,,,Builder Floor Apartment,Unfurnished,2,2,,1450,Sq-ft,5 to 10 years,"Find this 2 BHK rental flat in Sector 44 Chandigarh. The Rent amount of this 2 BHK apartment is set at an attractive price of ₹30,000. Located on the 2 floor, the flat has 2 bathrooms, 2 balcony in carpet area of 1250 sqft. Visit the flat at 2240 44c., Sector 44, Chandigarh, Chandigarh. There are no brokerage fees on this 2 BHK multistorey apartment.",30000,30000,,21,2,,No,No,No,,False,False,Owner,56,Immediately,2026-02-02T21:33:34.000Z,"Feb 03, '26",True
FPBlHnO714FzpSvf+uAgZw==,Magicbricks,https://www.magicbricks.com/property-details/2-BHK-668-Sq-ft-Multistorey-Apartment-FOR-Rent-Sector-38-West-in-Chandigarh&id=4d423833383631303933,2026-04-19 13:51:15,30.7456844,76.7437522,,Sector 38 West,"Chandigarh, Chandigarh",,,,Apartment,Furnished,Ground,3,,668,Sq-ft,,"Check out this newly constructed 2 BHK flat on rent in the prime location of Sector 38 West Chandigarh. This 2 BHK flat is available at the reasonable rent amount of ₹27,000. The flat can be visited at Sector 38 West, Chandigarh, Chandigarh. This is a no-brokerage flat, as the owner is offering this 2 BHK flat on rent.",27000,,,40,1,,No,No,No,,False,False,Owner,26,Immediately,2026-03-19T09:16:17.000Z,"Mar 19, '26",True
qKfys6rkTcZzpSvf+uAgZw==,Magicbricks,https://www.magicbricks.com/property-details/2-BHK-1200-Sq-ft-Builder-Floor-Apartment-FOR-Rent-Sector-63-in-Chandigarh&id=4d423833373735363531,2026-04-19 13:51:15,30.6921903,76.7274147,,Sector 63,"Chandigarh, Chandigarh",,,,Builder Floor Apartment,Semi-Furnished,4,6,,1200,Sq-ft,,"Check out this newly constructed 2 BHK flat on rent in the prime location of Sector 63 Chandigarh. ₹30,000 is the monthly rent of this 2 BHK flat. The address is Sector 63, Chandigarh, Chandigarh. Do not pay any brokerage fee for this 2 BHK rental flat since the property ad is posted by the flat owner.",30000,,,25,2,,No,No,No,,False,False,Owner,0,Immediately,2026-03-14T06:04:21.000Z,"Mar 14, '26",True
6QOi3AFEuglzpSvf+uAgZw==,Magicbricks,https://www.magicbricks.com/property-details/2-BHK-10-Marla-Builder-Floor-Apartment-FOR-Rent-Sector-22-in-Chandigarh&id=4d423833323831303839,2026-04-19 13:51:15,30.732999,76.7711626,,Sector-22,"Chandigarh, Chandigarh","19202|Shishu Niketan Model Senior Secondary School, 19203|Civil Hospital, 19206|Shastri Market",,,Builder Floor Apartment,Semi-Furnished,Ground,2,,,,New Construction,"Find this 2 BHK rental flat in Sector 22 Chandigarh. Available at a rental price of ₹30,000, this 2 BHK flat is worth considering. Located on the Ground floor, the flat has 2 bathrooms, 1 balcony in carpet area of 10 marla. Visit the flat at Sector 22, Chandigarh, Chandigarh. The owner has posted this 2 BHK flat for rent, so the brokerage fees is zero on this multistorey apartment.",30000,,,,2,,No,No,No,,False,False,Owner,45,Immediately,2026-03-12T22:30:43.000Z,"Mar 13, '26",True
cjZabzRhpuJzpSvf+uAgZw==,Magicbricks,https://www.magicbricks.com/property-details/2-BHK-1300-Sq-ft-Builder-Floor-Apartment-FOR-Rent-Sector-43-in-Chandigarh&id=4d423831303733313533,2026-04-19 13:51:15,30.7193257,76.7480805,,Sector 43,"Chandigarh, Chandigarh",,,,Builder Floor Apartment,Furnished,1,3,,1300,Sq-ft,,"Check out this newly constructed 2 BHK flat on rent in the prime location of Sector 43 Chandigarh. The multistorey apartment is available at rent of ₹32,000. The flat can be visited at Sector 43, Chandigarh, Chandigarh. Do not pay any brokerage fee for this 2 BHK rental flat since the property ad is posted by the flat owner.",32000,,,25,2,,No,No,No,,False,False,Owner,41,Immediately,2026-03-31T04:03:14.000Z,"Mar 31, '26",True
U2o90R9zP5VzpSvf+uAgZw==,Magicbricks,https://www.magicbricks.com/property-details/2-BHK-1500-Sq-ft-Multistorey-Apartment-FOR-Rent-Sector-51-in-Chandigarh&id=4d423739323439303835,2026-04-19 13:51:15,30.7061782,76.7437522,,Sector 51,"Chandigarh, Chandigarh","19202|Yadavindra Public School, 19206|North County Mall",,,Apartment,Furnished,1,3,East,,,5 to 10 years,"Multistorey apartment is available for rent. It has carpet area 1500 sq-ft, it is 2 BHK apartment. Please contact for more details. 2 BHK flat is available for rent in Sector 51 immediately. Available at a rental price of ₹30,000, this 2 BHK flat is worth considering. If you rent the flat, you will have access to facilities like 2 Wardrobe, 2 Bed, Fridge, 2 AC and Sofa. Located on the 1 floor, the flat has 1 bathrooms, 1 balcony in carpet area of 1500 sqft. 1 Covered, 1 Open parking space is also available. The property features reserved parking, security. Find this apartment at Sector 51, Chandigarh, Chandigarh. This 2 BHK flat is directly posted by the owner, so you don't need to pay any brokerage on this property.",30000,,,,1,"1 Covered, 1 Open",No,No,No,,False,False,Owner,68,Immediately,2026-04-11T22:30:41.000Z,"Apr 12, '26",True
iQlZqrJutlVzpSvf+uAgZw==,Magicbricks,https://www.magicbricks.com/property-details/2-BHK-2500-Sq-ft-Builder-Floor-Apartment-FOR-Rent-Sector-21-in-Chandigarh&id=4d423834323033313031,2026-04-19 13:51:15,30.7263907,76.77549,,Sector 21,"Chandigarh, Chandigarh",19202|Manav Mangal High School,,,Builder Floor Apartment,Unfurnished,3,3,East,2500,Sq-ft,Less than 5 years,"Builder floor apartment is available for rent. It has a covered area of 2500 sq-ft, it is 2 BHK apartment. Please contact for more details. 2 BHK flat is available for rent in Sector 21 immediately. Available at a rental price of ₹80,021, this 2 BHK flat is worth considering. The flat is located on the 3 floor which includes 2 bathrooms, 2 balcony, and covers a carpet area of 1000 sqft. This flat is fitted with power back up, reserved parking, security, air conditioned, ro water system. The address is Sector 21, Chandigarh, Chandigarh.",80021,160000,,32,2,,Yes,No,No,"Air Conditioned, RO Water System",True,True,Agent,42,Immediately,2026-04-12T04:02:05.000Z,"Apr 12, '26",True
X6gVFLrK+txzpSvf+uAgZw==,Magicbricks,https://www.magicbricks.com/property-details/2-BHK-2250-Sq-ft-Multistorey-Apartment-FOR-Rent-Zirakpur-in-Chandigarh&id=4d423739373131313333,2026-04-19 13:51:15,30.656788,76.82119203,,Zirakpur,Zirakpur.,"19201|Mk Technology Park, 19202|Atticus International School, 19202|Maya International School, 19206|Tricity Square, 19206|Chandigarh Citi Centre",140603,,Apartment,Furnished,2,11,North - East,2250,Sq-ft,New Construction,"2bhk fully furnished flat available for rent in Zirakpur If you are planning to rent a flat, you can consider this 2 BHK flat situated in the prime location of Zirakpur. The apartment is available at an affordable rental price of ₹25,000. The flat is located on the 2 floor which includes 2 bathrooms, 3 balcony, and covers a carpet area of 1850 sqft. You will also find 1 Covered parking facility. This unit is designed with power back up, reserved parking, security, visitor parking. The address is Village Nabha, MC Zirakpur , Patiala Road, ZirakpurDera Bassi , Sahibzada Ajit Singh Nagar (Mohali) , Punjab - 140603.",25000,25000,,11,2,1 Covered,Yes,No,No,"Visitor Parking, Jogging and Strolling Track",False,True,Agent,92,Immediately,2026-04-18T23:45:33.000Z,Today,True
W81rbvwr/odzpSvf+uAgZw==,Magicbricks,https://www.magicbricks.com/property-details/2-BHK-1460-Sq-ft-Multistorey-Apartment-FOR-Rent-Zirakpur-in-Chandigarh&id=4d423635333738313439,2026-04-19 13:51:15,30.656788,76.82119203,,Zirakpur,02.,"19201|Mk Technology Park, 19202|Atticus International School, 19202|Maya International School, 19206|Chandigarh Citi Centre, 19206|Tricity Square",,,Apartment,Semi-Furnished,7,20,North - East,1460,Sq-ft,Less than 5 years,"Find 2 BHK flat for rent in Zirakpur Chandigarh. The Rent amount of this 2 BHK apartment is set at an attractive price of ₹18,000. Some premium add-on facilities bundled with the flat are 1 AC. Located on the 7 floor, the flat comprises 3 bathrooms, 3 balcony, and has a carpet area of 1350 sqft. You will also find 1 Covered, 1 Open parking facility. The flat comes with power back up, reserved parking, security.",18000,18000,0,12,3,"1 Covered, 1 Open",Yes,No,No,Jogging and Strolling Track,True,True,Agent,78,Immediately,2026-04-18T23:45:32.000Z,Today,True
WNW3NZBCXO9zpSvf+uAgZw==,Magicbricks,https://www.magicbricks.com/property-details/2-BHK-1155-Sq-ft-Multistorey-Apartment-FOR-Rent-Zirakpur-in-Chandigarh&id=4d423730333635383033,2026-04-19 13:51:15,30.656788,76.82119203,,Zirakpur,vip road,"19201|Mk Technology Park, 19202|St. Xaviers International School, 19202|Maya International School, 19206|Tricity Square, 19206|Chandigarh Citi Centre",,,Apartment,Semi-Furnished,4,9,North - East,1155,Sq-ft,Less than 5 years,"2 BHK apartment is available on rent in Zirakpur Chandigarh right away. The multistorey apartment is available at rent of ₹14,500. Some premium add-on facilities bundled with the flat are 3 Wardrobe. Located on the 4 floor, the flat has 2 bathrooms, 3 balcony in carpet area of 990 sqft. You will also find 1 Covered parking facility. The property features power back up, reserved parking.",14500,12800,0,13,2,1 Covered,No,No,No,,False,True,Agent,100,Immediately,2026-04-18T23:45:33.000Z,Today,True
myLLfTfCrORzpSvf+uAgZw==,Magicbricks,https://www.magicbricks.com/property-details/2-BHK-1800-Sq-ft-Builder-Floor-Apartment-FOR-Rent-Sector-42-in-Chandigarh&id=4d423832393537363333,2026-04-19 13:51:15,30.7259328,76.7437522,,Sector 42,Sector 42B,,,,Builder Floor Apartment,Unfurnished,2,3,,1800,Sq-ft,10 to 15 years,"A beautiful 2 BHK flat is available for rent in Sector 42. ₹25,000 is the monthly rent of this 2 BHK flat. The property includes 1 Open parking. Visit the flat at Sector 42B, Sector 42, Chandigarh, Chandigarh. The owner has posted this 2 BHK flat for rent, so the brokerage fees is zero on this multistorey apartment.",25000,,0,14,1,1 Open,No,No,No,,False,True,Owner,80,Immediately,2026-04-03T23:33:25.000Z,"Apr 04, '26",True
YNuq0VGudKpzpSvf+uAgZw==,Magicbricks,https://www.magicbricks.com/property-details/2-BHK-820-Sq-ft-Builder-Floor-Apartment-FOR-Rent-Sector-36-in-Chandigarh&id=4d423738393836353337,2026-04-19 13:51:15,30.7327703,76.7552941,,Sector 36,Two bedroom attached bathroom kitchen fully furnished,,,,Builder Floor Apartment,Furnished,Ground,2,North - East,820,Sq-ft,Less than 5 years,"Two bedroom attached bathroom kitchen fully furnished preference preference working or Decent two girls A beautiful 2 BHK flat is available for rent in Sector 36. You can get this flat at monthly rent of ₹25,000. Located on the Ground floor, the flat has 1 bathrooms, 2 balcony in carpet area of 800 sqft. The apartment is equipped with power back up, reserved parking, security, service/goods lift, air conditioned, ro water system. The flat can be visited at Two bedroom attached bathroom kitchen fully furnished, Sector 36, Chandigarh, Chandigarh.",25000,25000,0,30,1,,Yes,No,No,"Service/Goods Lift, Air Conditioned, RO Water System",True,True,Agent,78,Immediately,2026-04-17T05:38:43.000Z,"Apr 17, '26",True
qSTC6F+djHdzpSvf+uAgZw==,Magicbricks,https://www.magicbricks.com/property-details/2-BHK-1250-Sq-ft-Multistorey-Apartment-FOR-Rent-Zirakpur-in-Chandigarh&id=4d423636303131353635,2026-04-19 13:51:15,30.656788,76.82119203,,Zirakpur,Zirakpur.,"19201|Mk Technology Park, 19202|Maya International School, 19202|Atticus International School, 19206|Tricity Square, 19206|Chandigarh Citi Centre",,,Apartment,Semi-Furnished,3,14,North - East,1250,Sq-ft,Less than 5 years,"Find this 2 BHK rental flat in Zirakpur Chandigarh. The flat is available for rent at a competitive amount of ₹20,000. Some attractive additional facilities available with the flat are 2 Wardrobe. Located on the 3 floor, the flat comprises 2 bathrooms, 3 balcony, and has a carpet area of 1200 sqft. You will also find 1 Covered parking facility. This unit is designed with power back up, reserved parking, security. The full address of the apartment is NH-22 Chandigarh-Ambala, Highway, Nagla Rd, Zirakpur, Chandigarh.",20000,20000,2000,16,2,1 Covered,Yes,No,No,Jogging and Strolling Track,False,True,Agent,100,Immediately,2026-04-01T06:01:53.000Z,"Apr 01, '26",True
DRYO1Zs3xhdzpSvf+uAgZw==,Magicbricks,https://www.magicbricks.com/property-details/2-BHK-1250-Sq-ft-Multistorey-Apartment-FOR-Rent-Zirakpur-in-Chandigarh&id=4d423832313533313035,2026-04-19 13:51:15,30.656788,76.82119203,,Zirakpur,"Zirakpur,Chandigarh","19201|Mk Technology Park, 19202|V.B. International Senior Secondary School, 19202|Atticus International School, 19206|Chandigarh Citi Centre, 19206|Tricity Square",,,Apartment,Furnished,7,13,North - East,1250,Sq-ft,,"Avalable 2 bhk fully furnished in vip road zirakpur. You can avail the 2 BHK flat for rent in the well-known location of Zirakpur. The apartment is available at an affordable rental price of ₹25,000. If you rent the flat, you will have access to facilities like 2 Wardrobe, 2 Bed, 2 TV, Fridge, Microwave, 2 AC, Sofa, Washing Machine, Dining Table and Gas Connection. Located on the 7 floor, the flat comprises 2 bathrooms, 3 balcony, and has a carpet area of 970 sqft. The property includes 1 Covered parking. The building has 13 floor and offers Kids Club, Kids Play Pool With Water Slides amenities. The apartment is equipped with power back up, reserved parking, security. The apartment is located at VIP Road, Zirakpur.",25000,25000,2000,20,2,1 Covered,Yes,No,No,Jogging and Strolling Track,False,True,Agent,93,Immediately,2026-04-08T07:01:59.000Z,"Apr 08, '26",True
bFb7yRXItvNzpSvf+uAgZw==,Magicbricks,https://www.magicbricks.com/property-details/2-BHK-1080-Sq-ft-Multistorey-Apartment-FOR-Rent-in-Chandigarh&id=4d423833393433323835,2026-04-19 13:51:15,30.656788,76.82119203,,Address Makers,International Airport Road Zirakpur,,,,Apartment,Semi-Furnished,5,9,East,1080,Sq-ft,Less than 5 years,Project Highlights Prime Location on Airport Road PR7 Close to International Airport Aerocity Mohali Open Fitness Centre Basketball Court Skating Rink Jogging Track Club House Party Lawn Kids Play Area Tot Lots Elderly Sitting Area Green ParksPerfect for working professionals families looking for a modern lifestyle near Airport Road.,18750,18750,0,17,2,1 Open,No,No,No,"Banquet Hall, Bar/Lounge, Jogging and Strolling Track, Outdoor Tennis Courts",True,True,Agent,100,Immediately,2026-03-26T09:50:11.000Z,"Mar 26, '26",True
b3hGQNOwMxZzpSvf+uAgZw==,Magicbricks,https://www.magicbricks.com/property-details/2-BHK-1200-Sq-ft-Multistorey-Apartment-FOR-Rent-Zirakpur-in-Chandigarh&id=4d423833363535333637,2026-04-19 13:51:15,30.656788,76.82119203,,Zirakpur,"Zirakpur Trishla city 2BHK flat for rent, very good location, swimming pool club gated Society","19201|Mk Technology Park, 19202|Maya International School, 19202|Atticus International School, 19206|Chandigarh Citi Centre, 19206|Tricity Square",,,Apartment,Semi-Furnished,7,11,,1200,Sq-ft,New Construction,"Check out this newly constructed 2 BHK flat on rent in the prime location of Zirakpur Chandigarh. The flat is available for rent at a competitive amount of ₹17,000. The apartment is on the 7 floor, has a carpet area of 1100 sqft with 2 bathrooms and 2 balcony. This unit features power back up, reserved parking, security. Visit the flat at High Ground Road, Chandigarh-Patiala Highway, Zirakpur, Punjab, India..",17000,,,14,2,,Yes,No,No,Banquet Hall,True,True,Agent,41,Immediately,2026-03-06T03:17:03.000Z,"Mar 06, '26",True
dEdDys1xkARzpSvf+uAgZw==,Magicbricks,https://www.magicbricks.com/property-details/2-BHK-450-Sq-ft-Builder-Floor-Apartment-FOR-Rent-Sector-23-in-Chandigarh&id=4d423438303431363039,2026-04-19 13:51:15,30.7396066,76.766835,,Sector 23,"Chandigarh, Chandigarh",,,,Builder Floor Apartment,Unfurnished,2,2,North - East,450,Sq-ft,5 to 10 years,"2bhk owner free second floor If you are searching a 2 BHK apartment for rent in Sector 23, check out this amazing rental flat. The apartment is available at an affordable rental price of ₹12,000. Located on the 2 floor, the flat has 1 bathrooms, 1 balcony in carpet area of 400 sqft. Visit the flat at Sector 23, Chandigarh, Chandigarh.",12000,,,27,1,,No,No,No,,True,True,Agent,66,Immediately,2026-04-11T09:06:29.000Z,"Apr 11, '26",True
aYw7I5JJ5EpzpSvf+uAgZw==,Magicbricks,https://www.magicbricks.com/property-details/2-BHK-1200-Sq-ft-Builder-Floor-Apartment-FOR-Rent-Sector-37C-in-Chandigarh&id=4d423736353136343637,2026-04-19 13:51:15,30.73527063,76.7483101,,Amit Properties,2799.,,,,Builder Floor Apartment,Furnished,2,2,South - East,1200,Sq-ft,5 to 10 years,"The property is owner free and is newly built and is fully furnished with all the amenities. You can explore this 2 BHK flat on rent in Sector 37C Chandigarh. The flat is available for rent at a competitive amount of ₹25,000. If you rent the flat, you will have access to facilities like 2 Wardrobe, 2 Bed, 1 TV, Fridge, 2 AC, Washing Machine and Dining Table. Located on the 2 floor, the flat has 2 bathrooms, 2 balcony in carpet area of 2000 sqft. There is also facility of 1 Open parking. The apartment is equipped with security. The full address of the apartment is 2799., Sector 37C, Chandigarh, Chandigarh.",25000,25000,0,21,2,1 Open,No,Yes,Yes,Jogging and Strolling Track,True,True,Agent,93,Immediately,2026-04-03T03:51:24.000Z,"Apr 03, '26",True
UUu7stveV0BzpSvf+uAgZw==,Magicbricks,https://www.magicbricks.com/property-details/2-BHK-1360-Sq-ft-Multistorey-Apartment-FOR-Rent-Zirakpur-in-Chandigarh&id=4d423238303034333733,2026-04-19 13:51:15,30.656788,76.82119203,,Zirakpur,"10th Floor ,  Savitry Green 1 , VIP road , Zirakpur","19201|Mk Technology Park, 19202|Atticus International School, 19202|St. Xaviers International School, 19206|Tricity Square, 19206|Chandigarh Citi Centre",,,Apartment,Semi-Furnished,10,13,East,1360,Sq-ft,New Construction,"Park Facing 2 bhk on 10th Floor is available on Rent Grab the chance to own this affordable 2 BHK flat for rent in the Zirakpur area. ₹22,000 is the monthly rent of this 2 BHK flat. Some added-on facilities available with the flat are 2 Wardrobe. Located on the 10 floor, the flat comprises 2 bathrooms, 2 balcony, and has a carpet area of 1200 sqft. There is also facility of 1 Covered parking. This property includes 13 floor and provides Kids Club, Kids Play Pool With Water Slides benefits. The residence includes power back up, reserved parking, security, service/goods lift, visitor parking, intercom facility. Find this apartment at VIP Road, Zirakpur.",22000,22000,1,16,2,1 Covered,Yes,No,No,"Service/Goods Lift, Visitor Parking, Intercom Facility, Jogging and Strolling Track",False,True,Agent,95,Immediately,2026-03-28T17:34:45.000Z,"Mar 28, '26",True
lDabYX7jO31zpSvf+uAgZw==,Magicbricks,https://www.magicbricks.com/property-details/2-BHK-1265-Sq-ft-Multistorey-Apartment-FOR-Rent-in-Chandigarh&id=4d423833373638323533,2026-04-19 13:51:15,30.656788,76.82119203,,Sunrise Property,"Chandigarh, Chandigarh",,,,Apartment,Semi-Furnished,6,11,,1265,Sq-ft,5 to 10 years,"You can explore this 2 BHK flat on rent in Zirakpur Chandigarh. The 2 BHK apartment is available at a reasonable rent of ₹18,000. The apartment is on the 6 floor, has a carpet area of 1150 sqft with 2 bathrooms and 3 balcony. Visit the flat at Zirakpur, Chandigarh..",18000,,,14,2,,No,No,No,,True,True,Agent,35,Immediately,2026-03-13T11:28:47.000Z,"Mar 13, '26",True
u0JCAehhBPZzpSvf+uAgZw==,Magicbricks,https://www.magicbricks.com/property-details/2-BHK-1400-Sq-ft-Multistorey-Apartment-FOR-Rent-Zirakpur-in-Chandigarh&id=4d423833393930363637,2026-04-19 13:51:15,30.656788,76.82119203,,Zirakpur,"Zirakpur,Chandigarh","19201|Mk Technology Park, 19202|V.B. International Senior Secondary School, 19202|St. Xaviers International School, 19206|Tricity Square, 19206|Chandigarh Citi Centre",,,Apartment,Semi-Furnished,3,13,East,1400,Sq-ft,Less than 5 years,"2 BHK flat is available for rent in Zirakpur immediately. You can get this flat at monthly rent of ₹20,000. Get access to smart facilities such as 2 AC and Fridge simply by choosing this flat for rent. Located on the 3 floor, the flat comprises 2 bathrooms, 2 balcony, and has a covered area of 1400 sqft. This unit is designed with power back up, reserved parking, security.",20000,20000,0,14,2,,No,No,No,,False,True,Agent,80,Immediately,2026-03-30T05:13:44.000Z,"Mar 30, '26",True
SHB/ymuOiYRzpSvf+uAgZw==,Magicbricks,https://www.magicbricks.com/property-details/2-BHK-1000-Sq-ft-Multistorey-Apartment-FOR-Rent-in-Chandigarh&id=4d423833333230313237,2026-04-19 13:51:15,,,,sumit,"Chandigarh, Chandigarh",,,,Apartment,Semi-Furnished,2,8,,1000,Sq-ft,Less than 5 years,"Find 2 BHK flat for rent in Zara Casa Chandigarh. This 2 BHK flat can be availed at the rental price of ₹23,000. This flat is fitted with reserved parking, security, service/goods lift, ro water system. The brokerage amount of the 2 BHK apartment is zero.",23000,23000,,23,2,,Yes,No,No,"Service/Goods Lift, Internet/Wi-Fi Connectivity, RO Water System",False,False,Owner,60,Immediately,2026-02-08T20:14:51.000Z,"Feb 09, '26",True
nyr3gNidZypzpSvf+uAgZw==,Magicbricks,https://www.magicbricks.com/property-details/2-BHK-1200-Sq-ft-Builder-Floor-Apartment-FOR-Rent-Dera-Bassi-in-Chandigarh&id=4d423532333430333231,2026-04-19 13:51:15,30.5872,76.8428,,Dera Bassi,Mubarikpur road,19202|Longowal Polytechnic College,,,Builder Floor Apartment,Semi-Furnished,1,3,East,1200,Sq-ft,5 to 10 years,"If you are planning to rent a flat, you can consider this 2 BHK flat situated in the prime location of Dera Bassi. You can get this flat at monthly rent of ₹9,000. The flat is located on the 1 floor which includes 2 bathrooms, 2 balcony, and covers a covered area of 1200 sqft. The property includes 1 Open parking. The residence includes reserved parking, security. Visit the flat at Darra Bassi, Chandigarh.. The owner has posted this 2 BHK flat for rent, so the brokerage fees is zero on this multistorey apartment.",9000,,,8,2,1 Open,No,No,No,,False,False,Owner,51,Immediately,2026-03-24T15:22:49.000Z,"Mar 24, '26",True
YsgIDoCWUPxzpSvf+uAgZw==,Magicbricks,https://www.magicbricks.com/property-details/2-BHK-675-Sq-ft-Builder-Floor-Apartment-FOR-Rent-in-Chandigarh&id=4d423834323337353935,2026-04-19 13:51:15,,,,Onkar singh,"Chandigarh, Chandigarh",,,,Builder Floor Apartment,Unfurnished,Ground,1,,675,Sq-ft,,"2 BHK flat is available for rent in 2836,sector49d,chandigarh immediately. You can get this flat at monthly rent of ₹20,000. This 2 BHK apartment ad is listed by the owner, so there is no brokerage fee.",20000,,,30,2,,No,No,No,,False,False,Owner,26,Immediately,2026-04-14T16:00:36.000Z,"Apr 14, '26",True
vFxtYWvdECFzpSvf+uAgZw==,Magicbricks,https://www.magicbricks.com/property-details/2-BHK-800-Sq-ft-Builder-Floor-Apartment-FOR-Rent-Sector-15-in-Chandigarh&id=4d423834323333363639,2026-04-19 13:51:15,30.7514892,76.772605,,Sector-15,1360 sec 15 b  Ground floor,"19201|Rajiv Gandhi Chandigarh It Park, 19202|Government Model Senior Secondary School, 19202|Crb Public School, 19203|Dharam Hospital",,,Builder Floor Apartment,Furnished,Ground,2,,800,Sq-ft,,"for working girls or students girls You can explore this 2 BHK flat on rent in Sector 15 Chandigarh. You can get this flat at monthly rent of ₹25,000. Located on the Ground floor, the flat has 1 bathrooms, 1 balcony in covered area of 800 sqft. Visit the apartment at 1360 sec 15 b Ground floor, Sector 15, Chandigarh, Chandigarh. This 2 BHK flat is directly posted by the owner, so you don't need to pay any brokerage on this property.",25000,,,31,1,,No,No,No,,False,False,Owner,38,Immediately,2026-04-14T10:52:10.000Z,"Apr 14, '26",True
pF22TcsHRI9zpSvf+uAgZw==,Magicbricks,https://www.magicbricks.com/property-details/2-BHK-1600-Sq-ft-Builder-Floor-Apartment-FOR-Rent-Sector-49-in-Chandigarh&id=4d423833333036363633,2026-04-19 13:51:15,30.6929607,76.7524087,,Sector-49,"Chandigarh, Chandigarh",,,,Builder Floor Apartment,Semi-Furnished,Ground,4,,1600,Sq-ft,,"Check out this newly constructed 2 BHK flat on rent in the prime location of Sector 49 Chandigarh. The rent of the 2 BHK flat is ₹22,000. The apartment is located at Sector 49, Chandigarh, Chandigarh. The owner has posted this 2 BHK flat for rent, so the brokerage fees is zero on this multistorey apartment.",22000,,,14,2,,No,No,No,,True,True,Owner,46,Immediately,2026-04-10T23:49:52.000Z,"Apr 11, '26",True
ve6zLyqmksNzpSvf+uAgZw==,Magicbricks,https://www.magicbricks.com/property-details/2-BHK-1307-Sq-ft-Multistorey-Apartment-FOR-Rent-Zirakpur-in-Chandigarh&id=4d423832383235393431,2026-04-19 13:51:15,30.656788,76.82119203,,Zirakpur,Chandigarh ambala Highway Zirakpur Punjab,"19201|Mk Technology Park, 19202|St. Xaviers International School, 19202|Maya International School, 19206|Chandigarh Citi Centre, 19206|Tricity Square",,,Apartment,Semi-Furnished,5,7,East,1307,Sq-ft,5 to 10 years,"moulder kitchen room wardrobe complete washroom Fiting complete ac3 washroom gyiser 2 Celling fan 4 kitchen chimney led light complete 2 BHK apartment is available on rent in Zirakpur Chandigarh right away. This 2 BHK flat can be availed at the rental price of ₹18,500. The flat is on the 5 floor and includes 3 bathrooms, 3 balcony with a covered area of 1307 sqft. This building features 7 floor and provides Kids play area, Kids Club facilities. The apartment is equipped with power back up, reserved parking, security, service/goods lift, visitor parking. Visit the flat at Chandigarh Ambala highway, opposite Mc. Donalds Zirakpur..",18500,,,14,3,,Yes,No,No,"Service/Goods Lift, Visitor Parking, Laundry Service, Jogging and Strolling Track",False,True,Agent,81,Immediately,2026-04-18T23:45:33.000Z,Today,True
h79/tFV5mvZzpSvf+uAgZw==,Magicbricks,https://www.magicbricks.com/property-details/2-BHK-1100-Sq-ft-Multistorey-Apartment-FOR-Rent-Sector-49-in-Chandigarh&id=4d423834313530303831,2026-04-19 13:51:15,30.6929607,76.7524087,,Sector-49,"Chandigarh, Chandigarh",,,,Apartment,Semi-Furnished,2,3,East,1100,Sq-ft,10 to 15 years,"Find this 2 BHK rental flat in Sector 49 Chandigarh. The flat is available for rent at a competitive amount of ₹25,000. The apartment is on the 2 floor, has a carpet area of 1100 sqft with 2 bathrooms and 2 balcony. Find this apartment at Sector 49, Chandigarh, Punjab.",25000,,,23,2,,No,No,No,,True,True,Agent,38,Immediately,2026-04-16T23:45:21.000Z,"Apr 17, '26",True
33B1dYB4scBzpSvf+uAgZw==,Magicbricks,https://www.magicbricks.com/property-details/2-BHK-1150-Sq-ft-Multistorey-Apartment-FOR-Rent-Dera-Bassi-in-Chandigarh&id=4d423436343832393135,2026-04-19 13:51:15,30.5872,76.8428,,Dera Bassi,118 A Bella Homes Derabassi,19202|Longowal Polytechnic College,,,Apartment,Furnished,Ground,1,East,1150,Sq-ft,Less than 5 years,"Find 2 BHK flat for rent in Dera Bassi Chandigarh. The 2 BHK apartment is available at a reasonable rent of ₹16,000. The apartment is on the Ground floor, has a carpet area of 1100 sqft with 2 bathrooms and 1 balcony. Visit the apartment at Darra Bassi, Chandigarh.. You can find the 2 BHK flat without any brokerage.",16000,100000,600,14,2,,No,No,No,,False,False,Owner,54,Immediately,2026-04-02T17:33:06.000Z,"Apr 02, '26",True
lAwcA6yu37JzpSvf+uAgZw==,Magicbricks,https://www.magicbricks.com/property-details/2-BHK-650-Sq-ft-Builder-Floor-Apartment-FOR-Rent-Sector-22-in-Chandigarh&id=4d423834303830383731,2026-04-19 13:51:15,30.732999,76.7711626,,Sector-22,"Chandigarh, Chandigarh","19202|Shishu Niketan Model Senior Secondary School, 19203|Civil Hospital, 19206|Shastri Market",,,Builder Floor Apartment,Unfurnished,3,3,East,650,Sq-ft,2013,"5 marla 2nd floor You can explore this 2 BHK flat on rent in Sector 22 Chandigarh. The flat is available for rent at a competitive amount of ₹17,022. The flat is on the 3 floor and includes 1 bathrooms, 2 balcony with a carpet area of 400 sqft. This flat is fitted with power back up, security, air conditioned, ro water system. The full address of the apartment is Sector 22, Chandigarh, Chandigarh.",17022,17000,,26,1,,No,No,Yes,"Air Conditioned, RO Water System",True,True,Agent,51,Immediately,2026-04-05T03:50:19.000Z,"Apr 05, '26",True
pJpc2oVbr0NzpSvf+uAgZw==,Magicbricks,https://www.magicbricks.com/property-details/2-BHK-1600-Sq-ft-Builder-Floor-Apartment-FOR-Rent-Sector-19-in-Chandigarh&id=4d423535383931303339,2026-04-19 13:51:15,30.7304019,76.795998,,Sector 19,Chandigarh,19209|Zirakpur Airport,,,Builder Floor Apartment,Semi-Furnished,2,2,North - East,,,2016,"Builder floor apartment is available for rent. It carpet area of 1600 sq-ft, it is a good location property. Please contact for more::::details. If you are planning to rent a flat, you can consider this 2 BHK flat situated in the prime location of Sector 19. The rent of the 2 BHK flat is ₹25,000. The flat is on the 2 floor and includes 2 bathrooms, 2 balcony with a carpet area of 1600 sqft. This home provides air conditioned. This flat is located at Chandigarh, Sector 19, Chandigarh, Chandigarh.",25000,25000,,,2,,No,No,No,Air Conditioned,True,True,Agent,63,Immediately,2026-03-19T05:35:03.000Z,"Mar 19, '26",True
VG5FOgdTxvZzpSvf+uAgZw==,Magicbricks,https://www.magicbricks.com/property-details/2-BHK-1100-Sq-ft-Multistorey-Apartment-FOR-Rent-Manimajra-in-Chandigarh&id=4d423832353039373531,2026-04-19 13:51:15,30.7166667,76.8333333,,Manimajra,"Chandigarh, Chandigarh","19210|Housing Board Chowk Bus Stop, 19201|Rajiv Gandhi It Park, 19202|Hansraj Public School, 19202|Rimt World School, 19206|Dlf City Centre Mall",,,Apartment,Semi-Furnished,2,3,,1100,Sq-ft,,"Multistorey apartment is available for rent. It is a good location property. Please contact for more details. Find 2 BHK flat for rent in Manimajra Chandigarh. This 2 BHK flat is available at the reasonable rent amount of ₹23,000. Find this apartment at Modern Housing Complex, Sector 13, Manimajra, Chandigarh. This 2 BHK rental flat comes with no brokerage fees.",23000,,,21,2,,No,No,No,,False,False,Owner,48,Immediately,2026-02-21T03:48:56.000Z,"Feb 21, '26",True
NbcRAI/GjRdzpSvf+uAgZw==,Magicbricks,https://www.magicbricks.com/property-details/2-BHK-500-Sq-ft-Multistorey-Apartment-FOR-Rent-Sector-32-in-Chandigarh&id=4d423536383535323535,2026-04-19 13:51:15,30.7094569,76.77549,,Sector 32,"Chandigarh, Chandigarh","19202|Saupin's School, 19202|Tender Heart School, 19206|Vishal Mega Mart",,,Apartment,Furnished,Ground,3,,500,Sq-ft,New Construction,"Grab the chance to own this affordable 2 BHK flat for rent in the Sector 32 area. This 2 BHK flat is available at the reasonable rent amount of ₹14,000. This unit is designed with ro water system. Visit the flat at Sector 32, Chandigarh, Chandigarh. The owner has posted this 2 BHK flat for rent, so the brokerage fees is zero on this multistorey apartment.",14000,,,28,1,,No,No,No,RO Water System,False,False,Owner,58,Immediately,2026-02-04T21:33:20.000Z,"Feb 05, '26",True
B8Yc9qQzzcpzpSvf+uAgZw==,Magicbricks,https://www.magicbricks.com/property-details/2-BHK-700-Sq-ft-Builder-Floor-Apartment-FOR-Rent-Sector-26-in-Chandigarh&id=4d423735303634353439,2026-04-19 13:51:15,30.7299586,76.8101038,,Sector 26,"Chandigarh, Chandigarh","19202|St Kabir, 19202|Srawberry Fields",,,Builder Floor Apartment,Semi-Furnished,1,4,,700,Sq-ft,,"Grab the chance to own this affordable 2 BHK flat for rent in the Sector 26 area. The 2 BHK apartment is available at a reasonable rent of ₹12,000. The flat can be visited at Sector 26, Chandigarh, Chandigarh. This is a no-brokerage flat because the owner has posted the ad on this 2 BHK apartment.",12000,,,17,1,,No,No,No,,False,False,Owner,0,Immediately,2026-03-08T04:58:56.000Z,"Mar 08, '26",True
mbUNouekrZ9zpSvf+uAgZw==,Magicbricks,https://www.magicbricks.com/property-details/2-BHK-1250-Sq-ft-Multistorey-Apartment-FOR-Rent-Sector-50-in-Chandigarh&id=4d423230393838363534,2026-04-19 13:51:15,30.7008319,76.7466378,,Sector 50,2229 Sector 63 chandigarh,19202|Government College Of Commerce And Business Administration,,,Apartment,Semi-Furnished,5,5,South - East,1250,Sq-ft,New Construction,"In the heart of city near to the Airport and Cricket stadium 2 BHK flat is available for rent in Sector 50 immediately. The apartment is available at an affordable rental price of ₹25,000. The flat is located on the 5 floor which includes 1 bathrooms, 3 balcony, and covers a carpet area of 1200 sqft. This property offers reserved parking, security, visitor parking. You can visit the flat at 2229 Sector 63 chandigarh, Sector 50, Chandigarh, Chandigarh. This 2 BHK rental flat comes with no brokerage fees.",25000,,,20,1,,Yes,No,Yes,Visitor Parking,False,False,Owner,77,Immediately,2026-02-23T21:34:08.000Z,"Feb 24, '26",True
pKiOI0UZD8ZzpSvf+uAgZw==,Magicbricks,https://www.magicbricks.com/property-details/2-BHK-1258-Sq-ft-Multistorey-Apartment-FOR-Rent-in-Chandigarh&id=4d423832363137333239,2026-04-19 13:51:15,,,,charu,A101.,,,,Apartment,Semi-Furnished,1,3,North - East,1258,Sq-ft,10 to 15 years,"Check out this newly constructed 2 BHK flat on rent in the prime location of Samridhi Homes Chandigarh. This 2 BHK flat can be availed at the rental price of ₹16,000. Live in this lovely flat and get access to various useful facilities such as 2 Wardrobe, Fridge and Sofa. Located on the 1 floor, the flat comprises 2 bathrooms, 1 balcony, and has a carpet area of 900 sqft. 1 Open parking space is also available. This unit features reserved parking. This 2 BHK apartment ad is listed by the owner, so there is no brokerage fee.",16000,8000,5000,13,2,1 Open,No,No,No,,False,False,Owner,90,Immediately,2026-03-13T07:04:24.000Z,"Mar 13, '26",True
AjvzgT9OBExzpSvf+uAgZw==,Magicbricks,https://www.magicbricks.com/property-details/2-BHK-550-Sq-ft-Multistorey-Apartment-FOR-Rent-Manimajra-in-Chandigarh&id=4d423636313339353335,2026-04-19 13:51:15,30.7166667,76.8333333,,Manimajra,Chandigarh.,"19210|Housing Board Chowk Bus Stop, 19201|Rajiv Gandhi It Park, 19202|Rimt World School, 19202|Hansraj Public School, 19206|Dlf City Centre Mall",,,Apartment,Semi-Furnished,Ground,4,,550,Sq-ft,,"Multistory apartment is available for rent. It is a good location property. Please contact for more details. If you are searching a 2 BHK apartment for rent in Manimajra, check out this amazing rental flat. Available at a rental price of ₹18,000, this 2 BHK flat is worth considering. Visit the flat at Manimajra, Chandigarh, Punjab. The owner has posted this 2 BHK flat for rent, so the brokerage fees is zero on this multistorey apartment.",18000,18000,,33,1,,No,No,No,,False,False,Owner,53,Immediately,2026-03-16T08:10:55.000Z,"Mar 16, '26",True
OK9ysK1ltZxzpSvf+uAgZw==,Magicbricks,https://www.magicbricks.com/property-details/2-BHK-1109-Sq-ft-Multistorey-Apartment-FOR-Rent-Zirakpur-in-Chandigarh&id=4d423833393039393135,2026-04-19 13:51:15,30.656788,76.82119203,,Zirakpur,Patiala Road,"19201|Mk Technology Park, 19202|V.B. International Senior Secondary School, 19202|Atticus International School, 19206|Tricity Square, 19206|Chandigarh Citi Centre",,,Apartment,Furnished,Ground,13,North - East,1109,Sq-ft,Less than 5 years,"You can avail the 2 BHK flat for rent in the well-known location of Zirakpur. The multistorey apartment is available at rent of ₹43,000. The flat is on the Ground floor and includes 2 bathrooms, 3 balcony with a carpet area of 829 sqft. There is also facility of 1 Covered parking. The flat comes with security, service/goods lift, visitor parking. Visit the apartment at Patiala Road, Zirakpur, Punjab.",43000,43000,0,39,2,1 Covered,Yes,No,No,"Service/Goods Lift, Visitor Parking, Jogging and Strolling Track, Outdoor Tennis Courts",False,True,Agent,100,Immediately,2026-04-18T23:45:34.000Z,Today,True
rXj0JfwxfA1zpSvf+uAgZw==,Magicbricks,https://www.magicbricks.com/property-details/2-BHK-10-Marla-Builder-Floor-Apartment-FOR-Rent-Sector-34-in-Chandigarh&id=4d423834333034393735,2026-04-19 13:51:15,30.7195549,76.7639499,,Sector-34,"Chandigarh, Chandigarh","19202|Kundan International School, 19202|Northridge International School, 19203|Mukat Hospital And Heart Institute, 19206|Piccadilly Square Mall",,,Builder Floor Apartment,Semi-Furnished,1,3,East,10,Marla,Less than 5 years,"10 Marla first floor, 2 BHK 2 Bath newly built with modular kitchen corner side, Park beautiful location, Sector 34 CHANDIGARH contact The Tricity Properties 2 BHK apartment is available on rent in Sector 34 Chandigarh right away. The rent of the 2 BHK flat is ₹50,000. The apartment is on the 1 floor, has a carpet area of 1500 sqft with 2 bathrooms and 2 balcony. The apartment comes furnished with power back up, reserved parking, security, visitor parking. Visit the flat at Sector 34, Chandigarh, Chandigarh.",50000,,,18,2,,No,No,No,"Visitor Parking, Laundry Service, Jogging and Strolling Track, Outdoor Tennis Courts",False,True,Agent,78,Immediately,2026-04-18T16:37:21.000Z,Yesterday,True
LLnKSd8jON5zpSvf+uAgZw==,Magicbricks,https://www.magicbricks.com/property-details/2-BHK-3500-Sq-ft-Builder-Floor-Apartment-FOR-Rent-Sector-18-in-Chandigarh&id=4d423739303033323539,2026-04-19 13:51:15,30.7347851,76.7884713,,Sector 18,"Chandigarh, Chandigarh","19202|Stepping Stones Sr. Sec. School, 19202|B M Schools Private Limited",,,Builder Floor Apartment,Furnished,1,2,North - East,3500,Sq-ft,Less than 5 years,"Kanal House 2 BHK at first floor facing park, preference for working family. Find 2 BHK flat for rent in Sector 18 Chandigarh. The Rent amount of this 2 BHK apartment is set at an attractive price of ₹50,000. The apartment is on the 1 floor, has a carpet area of 3200 sqft with 2 bathrooms and 2 balcony. This unit is designed with power back up, reserved parking, security, air conditioned, visitor parking, intercom facility, ro water system. The address is Sector 18, Chandigarh, Chandigarh.",50000,50000,0,14,2,,No,No,No,"Air Conditioned, Internet/Wi-Fi Connectivity, RO Water System, Jogging and Strolling Track",True,True,Agent,81,Immediately,2026-04-17T05:33:18.000Z,"Apr 17, '26",True
QzopuA6nPkNzpSvf+uAgZw==,Magicbricks,https://www.magicbricks.com/property-details/2-BHK-1600-Sq-ft-Builder-Floor-Apartment-FOR-Rent-Sector-34-in-Chandigarh&id=4d423831333533313937,2026-04-19 13:51:15,30.7195549,76.7639499,,Sector-34,Sector 34,"19202|Aanchal International School, 19202|Northridge International School, 19203|Mukat Hospital And Heart Institute, 19206|Piccadilly Square Mall",,,Builder Floor Apartment,Furnished,2,3,North - East,1600,Sq-ft,Less than 5 years,"Sec,34 2bhk 2bath2nd floor If you are planning to rent a flat, you can consider this 2 BHK flat situated in the prime location of Sector 34. The rent of the 2 BHK flat is ₹45,000. The apartment is on the 2 floor, has a carpet area of 2400 sqft with 2 bathrooms and 2 balcony. You will also find 1 Covered, 1 Open parking facility. The flat comes with reserved parking. The flat can be visited at Sector 34, Sector 34, Chandigarh, Chandigarh.",45000,45000,0,28,2,"1 Covered, 1 Open",No,No,No,,True,True,Agent,100,Immediately,2026-02-20T06:32:01.000Z,"Feb 20, '26",True
XCrXJJEx6rZzpSvf+uAgZw==,Magicbricks,https://www.magicbricks.com/property-details/2-BHK-1500-Sq-ft-Builder-Floor-Apartment-FOR-Rent-Sector-37-in-Chandigarh&id=4d423833363734323533,2026-04-19 13:51:15,30.7378169,76.7495233,,Sector-37,"Chandigarh, Chandigarh",,,,Builder Floor Apartment,Semi-Furnished,2,3,East,1500,Sq-ft,5 to 10 years,"First floor 2 bhk attached 2 washrooms You can explore this 2 BHK flat on rent in Sector 37 Chandigarh. The Rent amount of this 2 BHK apartment is set at an attractive price of ₹40,037. Located on the 2 floor, the flat comprises 2 bathrooms, 2 balcony, and has a carpet area of 650 sqft. This unit is designed with power back up, security, air conditioned, ro water system. Find this apartment at Sector 37, Chandigarh, Chandigarh.",40037,40000,,27,2,,No,No,Yes,"Air Conditioned, RO Water System",True,True,Agent,53,Immediately,2026-03-07T00:49:53.000Z,"Mar 07, '26",True
sabJAWxEnkVzpSvf+uAgZw==,Magicbricks,https://www.magicbricks.com/property-details/2-BHK-1600-Sq-ft-Multistorey-Apartment-FOR-Rent-Sector-27-in-Chandigarh&id=4d423731363636393637,2026-04-19 13:51:15,30.7231259,76.7985669,,Sector 27,"Chandigarh, Chandigarh","19202|Bhavan Vidyalaya, 19202|New Public Schools",,,Apartment,Semi-Furnished,1,2,North - West,1600,Sq-ft,5 to 10 years,"VIP Sector You can explore this 2 BHK flat on rent in Sector 27 Chandigarh. ₹55,000 is the monthly rent of this 2 BHK flat. The flat is on the 1 floor and includes 2 bathrooms, 2 balcony with a carpet area of 1300 sqft. The residence includes reserved parking, air conditioned. Visit the flat at Sector 27, Chandigarh, Chandigarh.",55000,,,34,2,,No,No,No,Air Conditioned,True,True,Agent,51,Immediately,2026-02-24T05:25:39.000Z,"Feb 24, '26",True
UlFvRqtfyMNzpSvf+uAgZw==,Magicbricks,https://www.magicbricks.com/property-details/2-BHK-2200-Sq-ft-Builder-Floor-Apartment-FOR-Rent-Sector-33-in-Chandigarh&id=4d423834313533383633,2026-04-19 13:51:15,30.7137743,76.769673,,Sector-33,house no.9999,"19201|Graycell Technologies, 19202|Paragon Convent School, 19202|Kendriya Vidyalya Sangathan, 19203|Ayu Health Hospital, 19203|Landmark Hospital",,,Builder Floor Apartment,Furnished,1,1,North - West,2200,Sq-ft,5 to 10 years,"1 kanal beautifully furnished big terrace Posh area first floor independent entrance no parking issue call for more details If you are planning to rent a flat, you can consider this 2 BHK flat situated in the prime location of Sector 33. The Rent amount of this 2 BHK apartment is set at an attractive price of ₹45,000. The flat is located on the 1 floor which includes 2 bathrooms, 2 balcony, and covers a carpet area of 1950 sqft. This unit features power back up, security, visitor parking. The address is house no.9999, Sector 33, Chandigarh, Chandigarh.",45000,,,20,2,,No,No,Yes,Visitor Parking,True,True,Agent,58,Immediately,2026-04-09T05:41:27.000Z,"Apr 09, '26",True
K3z++yfgSYBzpSvf+uAgZw==,Magicbricks,https://www.magicbricks.com/property-details/2-BHK-1800-Sq-ft-Builder-Floor-Apartment-FOR-Rent-Sector-21-in-Chandigarh&id=4d423834313633343631,2026-04-19 13:51:15,30.7263907,76.77549,,Sector 21,Sector 21,19202|Manav Mangal High School,,,Builder Floor Apartment,Furnished,2,2,North - East,1800,Sq-ft,5 to 10 years,"Builder floor for rent in sector 21 Check out this newly constructed 2 BHK flat on rent in the prime location of Sector 21 Chandigarh. The Rent amount of this 2 BHK apartment is set at an attractive price of ₹50,000. Located on the 2 floor, the flat has 2 bathrooms, 2 balcony in carpet area of 2500 sqft. 1 Open parking space is also available. This flat is fitted with reserved parking. Visit the flat at Sector 21, Sector 21, Chandigarh, Chandigarh.",50000,50000,0,28,2,1 Open,No,No,No,,True,True,Agent,80,Immediately,2026-04-09T10:51:57.000Z,"Apr 09, '26",True
JMx8aEG0mlJzpSvf+uAgZw==,Magicbricks,https://www.magicbricks.com/property-details/2-BHK-1350-Sq-ft-Builder-Floor-Apartment-FOR-Rent-Sector-23-in-Chandigarh&id=4d423833333630363435,2026-04-19 13:51:15,30.7396066,76.766835,,Sector 23,"Chandigarh, Chandigarh",,,,Builder Floor Apartment,Semi-Furnished,1,3,,,,5 to 10 years,"You can avail the 2 BHK flat for rent in the well-known location of Sector 23. The rent of the 2 BHK flat is ₹42,000. The flat is on the 1 floor and includes 2 bathrooms, 2 balcony with a carpet area of 1350 sqft. The full address of the apartment is Sector 23, Chandigarh, Chandigarh. You can find the 2 BHK flat without any brokerage.",42000,84000,,,2,,No,No,No,,False,False,Owner,37,Immediately,2026-02-11T11:06:35.000Z,"Feb 11, '26",True
zada6LkYW41zpSvf+uAgZw==,Magicbricks,https://www.magicbricks.com/property-details/2-BHK-1-Kanal-Builder-Floor-Apartment-FOR-Rent-Sector-33-in-Chandigarh&id=4d423834323139383335,2026-04-19 13:51:15,30.7137743,76.769673,,Sector-33,"Chandigarh, Chandigarh","19201|Graycell Technologies, 19202|Kendriya Vidyalya Sangathan, 19202|Paragon Convent School, 19203|Ayu Health Hospital, 19203|Landmark Hospital",,,Builder Floor Apartment,Furnished,1,2,South -West,1,Kanal,Less than 5 years,"1 Kanal 1st Floor 2 BHK 2 Bath Furnished with three Ac double bed fridge dining table sofa all basic amenities available, prime location, and car parking nearby market sector 33, best location for deck Doctor IT professional banks, MNCs contact the Tri-City Property consultant, Chandigarh",44000,,,8,2,,No,No,No,"Visitor Parking, Laundry Service, Jogging and Strolling Track, Outdoor Tennis Courts",False,True,Agent,76,Immediately,2026-04-13T10:47:35.000Z,"Apr 13, '26",True
ejqcfT6HDYRzpSvf+uAgZw==,Magicbricks,https://www.magicbricks.com/property-details/2-BHK-1700-Sq-ft-Builder-Floor-Apartment-FOR-Rent-Sector-21-in-Chandigarh&id=4d423830353032373031,2026-04-19 13:51:15,30.7263907,76.77549,,Sector 21,sector 21,19202|Manav Mangal High School,,,Builder Floor Apartment,Furnished,1,3,North - East,1700,Sq-ft,New Construction,"sector 21 2bhk 2 bathrooms, furnished You can avail the 2 BHK flat for rent in the well-known location of Sector 21. The multistorey apartment is available at rent of ₹50,000. The flat is located on the 1 floor which includes 2 bathrooms, 2 balcony, and covers a carpet area of 2400 sqft. There is also facility of 2 Open parking. This flat is fitted with reserved parking. Visit the apartment at sector 21, Sector 21, Chandigarh, Chandigarh.",50000,50000,0,29,2,2 Open,No,No,No,,True,True,Agent,100,Immediately,2026-02-20T06:33:25.000Z,"Feb 20, '26",True
Th79VE+3qX1zpSvf+uAgZw==,Magicbricks,https://www.magicbricks.com/property-details/2-BHK-3050-Sq-ft-Builder-Floor-Apartment-FOR-Rent-Sector-37-in-Chandigarh&id=4d423833343935373735,2026-04-19 13:51:15,30.7378169,76.7495233,,Sector-37,"Chandigarh, Chandigarh",,,,Builder Floor Apartment,Semi-Furnished,Ground,3,North,3050,Sq-ft,2013,"Builder floor apartment is available for rent. It has a covered area of 3050 sq-ft, it is 2 BHK apartment. Please contact for more details. 2 BHK apartment is available on rent in Sector 37 Chandigarh right away. This 2 BHK flat can be availed at the rental price of ₹40,037. Located on the Ground floor, the flat comprises 2 bathrooms, 2 balcony, and has a carpet area of 1200 sqft. This unit features air conditioned. The flat can be visited at Sector 37, Chandigarh, Chandigarh.",40037,40000,,13,2,,No,No,No,Air Conditioned,True,True,Agent,48,Immediately,2026-02-21T02:52:49.000Z,"Feb 21, '26",True
mUGewDdIa35zpSvf+uAgZw==,Magicbricks,https://www.magicbricks.com/property-details/2-BHK-1700-Sq-ft-Builder-Floor-Apartment-FOR-Rent-Sector-8-in-Chandigarh&id=4d423739353830333239,2026-04-19 13:51:15,30.7416185,76.8000091,,Sector 8,sector 8,"19202|New Pragati Sen Sec School, 19202|C L Aggarwal D.A.V Model School",,,Builder Floor Apartment,Furnished,1,3,North - West,1700,Sq-ft,Less than 5 years,"sector 8 2bhk 2 bathrooms furnished Check out this newly constructed 2 BHK flat on rent in the prime location of Sector 8 Chandigarh. ₹50,000 is the monthly rent of this 2 BHK flat. The apartment is on the 1 floor, has a carpet area of 2400 sqft with 2 bathrooms and 2 balcony. There is also facility of 1 Open parking. This flat is fitted with reserved parking. Find this apartment at 1st Floor Sector 8, Madhya Marg, Chandigarh, Punjab.",50000,50000,0,29,2,1 Open,No,No,No,,True,True,Agent,100,Immediately,2026-02-20T06:48:08.000Z,"Feb 20, '26",True
ZPAApaw4J79zpSvf+uAgZw==,Magicbricks,https://www.magicbricks.com/property-details/2-BHK-1700-Sq-ft-Builder-Floor-Apartment-FOR-Rent-Sector-8-in-Chandigarh&id=4d423738373637373739,2026-04-19 13:51:15,30.7416185,76.8000091,,Sector 8,Sector 8,"19202|New Pragati Sen Sec School, 19202|Swami Vivekananada Institute Of Engineering",,,Builder Floor Apartment,Furnished,1,3,North - East,1700,Sq-ft,Less than 5 years,"Sector 8 2bhk 2 bathrooms If you are planning to rent a flat, you can consider this 2 BHK flat situated in the prime location of Sector 8. ₹50,000 is the monthly rent of this 2 BHK flat. The apartment is on the 1 floor, has a carpet area of 2500 sqft with 2 bathrooms and 2 balcony. The property includes 1 Open parking. The flat comes with reserved parking. The full address of the apartment is Sector 8, Sector 8, Chandigarh, Chandigarh.",50000,50000,0,29,2,1 Open,No,No,No,,True,True,Agent,98,Immediately,2026-02-20T06:36:30.000Z,"Feb 20, '26",True
aKIncspAEWdzpSvf+uAgZw==,Magicbricks,https://www.magicbricks.com/property-details/2-BHK-1700-Sq-ft-Builder-Floor-Apartment-FOR-Rent-Sector-11-in-Chandigarh&id=4d423734323139323839,2026-04-19 13:51:15,30.7583236,76.7841443,,Sector-11,Sector 11,"19202|Sanawar Montessori School, 19202|Government Model Sr. Sec. School",,,Builder Floor Apartment,Semi-Furnished,1,3,North - East,1700,Sq-ft,Less than 5 years,"Sector 11 , 2BHK , Semi Furnished You can explore this 2 BHK flat on rent in Sector 11 Chandigarh. The Rent amount of this 2 BHK apartment is set at an attractive price of ₹50,000. The flat is located on the 1 floor which includes 2 bathrooms, 2 balcony, and covers a carpet area of 2500 sqft. You will also find 1 Open parking facility. This property offers reserved parking. Visit the apartment at Sector 11, Sector 11, Chandigarh, Chandigarh.",50000,50000,0,29,2,1 Open,No,No,No,,True,True,Agent,100,Immediately,2026-02-20T06:52:35.000Z,"Feb 20, '26",True
ale1v0sF/fVzpSvf+uAgZw==,Magicbricks,https://www.magicbricks.com/property-details/2-BHK-2500-Sq-ft-Builder-Floor-Apartment-FOR-Rent-Sector-40-in-Chandigarh&id=4d423637393134393439,2026-04-19 13:51:15,30.7363236,76.7350951,,Sector 40,"Chandigarh, Chandigarh",,,,Builder Floor Apartment,Furnished,2,3,,2500,Sq-ft,5 to 10 years,"Builder floor apartment is available for rent. It has covered area of 2500 sq-ft, it is a good location property. Please contact for more details. Find 2 BHK flat for rent in Sector 40 Chandigarh. This 2 BHK flat can be availed at the rental price of ₹50,000. The flat is located on the 2 floor which includes 2 bathrooms, 2 balcony, and covers a carpet area of 1800 sqft. Visit the flat at Sector 40, Chandigarh, Chandigarh.",50000,50000,0,20,2,,No,No,No,,True,True,Agent,38,Immediately,2026-02-20T06:31:10.000Z,"Feb 20, '26",True
Ep92sbFhw4dzpSvf+uAgZw==,Magicbricks,https://www.magicbricks.com/property-details/2-BHK-1800-Sq-ft-Builder-Floor-Apartment-FOR-Rent-Sector-37-in-Chandigarh&id=4d423732343231393337,2026-04-19 13:51:15,30.7378169,76.7495233,,Sector-37,sector 37,,,,Builder Floor Apartment,Furnished,1,3,North - East,1800,Sq-ft,Less than 5 years,"Builder floor apartment is available for rent. It covered area of 1800 sq-ft, it is a good location property. Please contact for more details. If you are planning to rent a flat, you can consider this 2 BHK flat situated in the prime location of Sector 37. The apartment is available at an affordable rental price of ₹45,000. Located on the 1 floor, the flat comprises 2 bathrooms, 1 balcony, and has a carpet area of 2400 sqft. 1 Open parking space is also available. This home provides reserved parking. The full address of the apartment is sector 37, Sector 37, Chandigarh, Chandigarh.",45000,45000,0,25,2,1 Open,No,No,No,,True,True,Agent,100,Immediately,2026-02-20T06:43:52.000Z,"Feb 20, '26",True
CAMfkPSWvJ1zpSvf+uAgZw==,Magicbricks,https://www.magicbricks.com/property-details/2-BHK-1700-Sq-ft-Builder-Floor-Apartment-FOR-Rent-Sector-40-in-Chandigarh&id=4d423833343833303431,2026-04-19 13:51:15,30.7363236,76.7350951,,Sector 40,sector 40,,,,Builder Floor Apartment,Furnished,2,3,North - East,1700,Sq-ft,Less than 5 years,"sector 40 2 bhk 2 bathrooms, fully furnished, kanal house, 50000 Find 2 BHK flat for rent in Sector 40 Chandigarh. The rent of the 2 BHK flat is ₹50,000. The flat is on the 2 floor and includes 2 bathrooms, 2 balcony with a carpet area of 2400 sqft. There is also facility of 1 Open parking. This property offers reserved parking.",50000,50000,0,29,2,1 Open,No,No,No,,True,True,Agent,80,Immediately,2026-02-20T06:19:24.000Z,"Feb 20, '26",True
X91DqQ+JIvpzpSvf+uAgZw==,Magicbricks,https://www.magicbricks.com/property-details/3-BHK-1850-Sq-ft-Multistorey-Apartment-FOR-Rent-Zirakpur-in-Chandigarh&id=4d423739373231303435,2026-04-19 13:51:15,30.656788,76.82119203,,Zirakpur,Zirakpur,"19201|Mk Technology Park, 19202|V.B. International Senior Secondary School, 19202|St. Xaviers International School, 19206|Tricity Square, 19206|Chandigarh Citi Centre",,,Apartment,Furnished,Ground,3,North,1850,Sq-ft,5 to 10 years,"3bhk fully furnished flat available for rent in Zirakpurs 3 BHK flat is available for rent in Zirakpur immediately. The flat is available for rent at a competitive amount of ₹24,000. Located on the Ground floor, the flat comprises 2 bathrooms, 1 balcony, and has a carpet area of 1750 sqft. 1 Covered parking space is also available. This property includes 3 floor and provides Kids play area benefits. This unit is designed with power back up, reserved parking, security. The flat can be visited at Highland Marg, Zirakpur, Chandigarh, Punjab .",24000,24000,,13,2,1 Covered,No,No,No,,False,True,Agent,95,Immediately,2026-04-18T23:45:33.000Z,Today,True
A4EDEDZTQ05zpSvf+uAgZw==,Magicbricks,https://www.magicbricks.com/property-details/3-BHK-1650-Sq-ft-Multistorey-Apartment-FOR-Rent-Zirakpur-in-Chandigarh&id=4d423635333835373631,2026-04-19 13:51:15,30.656788,76.82119203,,Zirakpur,zirkpur,"19201|Mk Technology Park, 19202|V.B. International Senior Secondary School, 19202|Maya International School, 19206|Tricity Square, 19206|Chandigarh Citi Centre",140603,,Apartment,Semi-Furnished,8,12,North - East,1650,Sq-ft,Less than 5 years,"Zirakpur is a leading town in the District of Mohali, Punjab. It is located on the Shivalik Foothills and is within the Dera Bassi Tehsil as well. It is a gateway for Chandigarh from New Delhi. The population of Zirakpur stood at 95,553 people as of the year 2011. The coordinates of Zirakpur are 30.6425 N, 76.8173 E.",20000,20000,0,12,2,1 Open,Yes,No,No,Jogging and Strolling Track,True,True,Agent,93,Immediately,2026-04-16T23:45:21.000Z,"Apr 17, '26",True
wmKZ10zNaOdzpSvf+uAgZw==,Magicbricks,https://www.magicbricks.com/property-details/3-BHK-1840-Sq-ft-Multistorey-Apartment-FOR-Rent-Zirakpur-in-Chandigarh&id=4d423730333032353937,2026-04-19 13:51:15,30.656788,76.82119203,,Zirakpur,"Zirakpur,Chandigarh","19201|Mk Technology Park, 19202|Atticus International School, 19202|Maya International School, 19206|Chandigarh Citi Centre, 19206|Tricity Square",,,Apartment,Semi-Furnished,5,11,North - East,1840,Sq-ft,Less than 5 years,"A beautiful 3 BHK flat is available for rent in Zirakpur. ₹19,500 is the monthly rent of this 3 BHK flat. Some attractive additional facilities available with the flat are 4 Wardrobe and Gas Connection. Located on the 5 floor, the flat comprises 3 bathrooms, 3 balcony, and has a carpet area of 1620 sqft. 1 Covered parking space is also available. The property encompasses 11 floor and provides Kids Club, Kids Play Pool With Water Slides amenities. The apartment comes furnished with power back up, reserved parking, security. You can visit the flat at VIP Road, Zirakpur.",19500,19000,0,11,3,1 Covered,Yes,No,No,Jogging and Strolling Track,False,True,Agent,100,Immediately,2026-04-18T23:45:33.000Z,Today,True
SrfavG4BgONzpSvf+uAgZw==,Magicbricks,https://www.magicbricks.com/property-details/3-BHK-1800-Sq-ft-Multistorey-Apartment-FOR-Rent-Zirakpur-in-Chandigarh&id=4d423831303934323835,2026-04-19 13:51:15,30.656788,76.82119203,,Zirakpur,Zirakpur Ambala Highway,"19201|Mk Technology Park, 19202|Atticus International School, 19202|V.B. International Senior Secondary School, 19206|Tricity Square, 19206|Chandigarh Citi Centre",,,Apartment,Unfurnished,4,4,North - East,1800,Sq-ft,Less than 5 years,"This is 3 bhk unFurnish Flat Available for rent on Zirakpur Ambala Highway Eminities in society Parks, Swimming Pool, club house, securty cctv cameras jogging track, powerbackup in common area ,Eminities in Flat 3 Split Ac, 3 Gyser, 1 Ro, 1 Chimney, 4 Celling Fan, Tubelights Led Bulbs, Curtain Rodes, modular kitchen in Flat Eminities Near to Society malls, gym schools, supermarkets etc",25000,25000,0,14,3,,Yes,No,No,"Service/Goods Lift, Visitor Parking, Jogging and Strolling Track",False,True,Agent,92,Immediately,2026-04-17T23:45:21.000Z,Yesterday,True
CDXLRJT9PqRzpSvf+uAgZw==,Magicbricks,https://www.magicbricks.com/property-details/3-BHK-1685-Sq-ft-Multistorey-Apartment-FOR-Rent-Zirakpur-in-Chandigarh&id=4d423834323535393731,2026-04-19 13:51:15,30.656788,76.82119203,,Zirakpur,"Zirakpur,Chandigarh","19201|Mk Technology Park, 19202|St. Xaviers International School, 19202|Atticus International School, 19206|Tricity Square, 19206|Chandigarh Citi Centre",,,Apartment,Semi-Furnished,8,11,North - East,1685,Sq-ft,5 to 10 years,"3bhk Apartment For Rent in Sushma Elite Cross with All Amenities Located on Old Ambala Road, Dhakoli, Zirakpur.. Adjoining Sector 20, Panchkula Grab the chance to own this affordable 3 BHK flat for rent in the Zirakpur area. The flat is available for rent at a competitive amount of ₹24,000. Additional amenities available with the flat are 3 Wardrobe and Gas Connection. Located on the 8 floor, the flat comprises 2 bathrooms, 4 balcony, and has a carpet area of 1000 sqft. You will also find 1 Covered parking facility. This property features 11 floor and offers a range of Kids play area facilities. This property offers power back up, reserved parking, security. The address is Sushma Elite Cross, Old Ambala Road, Dhakoli, Zirakpur, Chandigarh..",24000,24000,0,14,2,1 Covered,Yes,No,No,Jogging and Strolling Track,True,True,Agent,80,Immediately,2026-04-16T04:43:28.000Z,"Apr 16, '26",True
Qsptn5ebw+JzpSvf+uAgZw==,Magicbricks,https://www.magicbricks.com/property-details/3-BHK-1850-Sq-ft-Multistorey-Apartment-FOR-Rent-Zirakpur-in-Chandigarh&id=4d423636303130353439,2026-04-19 13:51:15,30.656788,76.82119203,,Zirakpur,"ambala chandigarh highway,","19201|Mk Technology Park, 19202|St. Xaviers International School, 19202|V.B. International Senior Secondary School, 19206|Tricity Square, 19206|Chandigarh Citi Centre",,,Apartment,Semi-Furnished,5,15,East,1850,Sq-ft,Less than 5 years,"If you are planning to rent a flat, you can consider this 3 BHK flat situated in the prime location of Zirakpur. Available at a rental price of ₹25,000, this 3 BHK flat is worth considering. The residents of the flat have access to additional facilities such as 3 Wardrobe. The flat is located on the 5 floor which includes 3 bathrooms, 4 balcony, and covers a carpet area of 1700 sqft. There is also facility of 1 Covered parking. This home provides power back up, reserved parking, security. The flat can be visited at Bishangarh - Bishanpura, Gazipur, Zirakpur, Chandigarh.",25000,27000,4000,14,3,1 Covered,Yes,No,No,Jogging and Strolling Track,False,True,Agent,100,Immediately,2026-04-01T06:19:39.000Z,"Apr 01, '26",True
6G3OxXykXm1zpSvf+uAgZw==,Magicbricks,https://www.magicbricks.com/property-details/3-BHK-1355-Sq-ft-Multistorey-Apartment-FOR-Rent-in-Chandigarh&id=4d423833393433323933,2026-04-19 13:51:15,30.656788,76.82119203,,Address Makers,International Airport Road Zirakpur,,,,Apartment,Semi-Furnished,7,9,East,1355,Sq-ft,Less than 5 years,Project Highlights Open Gym Jogging Track Basketball Court Skating Rink Clubhouse Party Lawn Kids Play Area Away from Traffic Green Parks Elderly Sitting Area Wellconnected premium locationIdeal for endusers and investors looking for a modern lifestyle in Mohali.,21250,21250,0,16,2,1 Open,No,No,No,"Banquet Hall, Bar/Lounge, Jogging and Strolling Track, Outdoor Tennis Courts",True,True,Agent,100,Immediately,2026-03-26T10:02:14.000Z,"Mar 26, '26",True
vfGSQJgQlRxzpSvf+uAgZw==,Magicbricks,https://www.magicbricks.com/property-details/3-BHK-1080-Sq-ft-Multistorey-Apartment-FOR-Rent-Zirakpur-in-Chandigarh&id=4d423834303535313233,2026-04-19 13:51:15,30.656788,76.82119203,,Zirakpur,"Zirakpur,Chandigarh","19201|Mk Technology Park, 19202|Atticus International School, 19202|St. Xaviers International School, 19206|Chandigarh Citi Centre, 19206|Tricity Square",,,Apartment,Furnished,3,3,East,1080,Sq-ft,2016,"East Facing,Security,Power BackUp If you are planning to rent a flat, you can consider this 3 BHK flat situated in the prime location of Zirakpur. The rent of the 3 BHK flat is ₹22,000. Some added-on facilities available with the flat are 3 Wardrobe, 3 Bed, 1 TV, Fridge, 3 AC, Sofa and Dining Table. The apartment is on the 3 floor, has a carpet area of 880 sqft with 3 bathrooms and 3 balcony. You will also find 1 Covered parking facility. This home provides power back up, reserved parking, security.",22000,22000,1000,20,3,1 Covered,No,No,No,,False,True,Agent,87,Immediately,2026-04-03T08:20:07.000Z,"Apr 03, '26",True
JjqHsn+WFABzpSvf+uAgZw==,Magicbricks,https://www.magicbricks.com/property-details/3-BHK-1935-Sq-ft-Multistorey-Apartment-FOR-Rent-Zirakpur-in-Chandigarh&id=4d423534363233343131,2026-04-19 13:51:15,30.656788,76.82119203,,Zirakpur,"3 BHK  , 4th Floor , Escon Arena ,Zirakpur, Chandigarh.","19201|Mk Technology Park, 19202|Maya International School, 19202|St. Xaviers International School, 19206|Chandigarh Citi Centre, 19206|Tricity Square",,,Apartment,Semi-Furnished,4,12,East,1935,Sq-ft,New Construction,"A beautiful 3 BHK flat is available for rent in Zirakpur. The 3 BHK apartment is available at a reasonable rent of ₹25,000. The flat comes with some add-on facilities such as 3 Wardrobe. The flat is located on the 4 floor which includes 3 bathrooms, 3 balcony, and covers a carpet area of 1600 sqft. You will also find 1 Covered parking facility. This property includes 12 floor and provides Kids Play Pool With Water Slides benefits. This home provides power back up, reserved parking, security. Visit the flat at Nagla Road, Chandigarh Ambala Highway , ZirakpurDera Bassi , Sahibzada Ajit Singh Nagar (Mohali) , Punjab .",25000,25000,1,13,3,1 Covered,Yes,No,No,Jogging and Strolling Track,True,True,Agent,80,Immediately,2026-04-11T12:20:29.000Z,"Apr 11, '26",True
IA1h2epUxktzpSvf+uAgZw==,Magicbricks,https://www.magicbricks.com/property-details/3-BHK-1960-Sq-ft-Multistorey-Apartment-FOR-Rent-in-Chandigarh&id=4d423833373638323635,2026-04-19 13:51:15,30.656788,76.82119203,,Sunrise Property,"Chandigarh, Chandigarh",,,,Apartment,Semi-Furnished,6,11,,1960,Sq-ft,5 to 10 years,"A beautiful 3 BHK flat is available for rent in Zirakpur. The apartment is available at an affordable rental price of ₹22,500. Located on the 6 floor, the flat has 3 bathrooms, 4 balcony in covered area of 1960 sqft. The apartment is located at Zirakpur, Chandigarh..",22500,,,11,3,,No,No,No,,True,True,Agent,35,Immediately,2026-03-13T11:29:26.000Z,"Mar 13, '26",True
aDxC1cWAYO5zpSvf+uAgZw==,Magicbricks,https://www.magicbricks.com/property-details/3-BHK-1350-Sq-ft-Builder-Floor-Apartment-FOR-Rent-in-Chandigarh&id=4d423833383932383833,2026-04-19 13:51:15,30.656788,76.82119203,,Guleria Property Consultant,motia blue ridge 2,,,,Builder Floor Apartment,Furnished,1,3,North - East,1350,Sq-ft,New Construction,"3 bhk brand new Fully furnished flat with brand new furniture available for rent in motia blue ridge 2 adjoining sector 20 panchkula If you are planning to rent a flat, you can consider this 3 BHK flat situated in the prime location of Zirakpur. You can get this flat at monthly rent of ₹25,000. The apartment is on the 1 floor, has a carpet area of 1000 sqft with 3 bathrooms and 2 balcony. There is also facility of 1 Covered parking. The property features power back up, reserved parking, security, air conditioned, intercom facility. Find this apartment at motia blue ridge 2, Zirakpur, Chandigarh, Chandigarh.",25000,25000,1,19,3,1 Covered,No,No,No,"Air Conditioned, Intercom Facility, Laundry Service, Jogging and Strolling Track",False,True,Agent,100,Immediately,2026-03-21T11:15:15.000Z,"Mar 21, '26",True
cCIl4quL9KJzpSvf+uAgZw==,Magicbricks,https://www.magicbricks.com/property-details/3-BHK-1710-Sq-ft-Multistorey-Apartment-FOR-Rent-Zirakpur-in-Chandigarh&id=4d423735343432313835,2026-04-19 13:51:15,30.656788,76.82119203,,Zirakpur,"Zirakpur,Chandigarh","19201|Mk Technology Park, 19202|St. Xaviers International School, 19202|Atticus International School, 19206|Chandigarh Citi Centre, 19206|Tricity Square",,,Apartment,Semi-Furnished,4,4,East,1710,Sq-ft,New Construction,"EAST FACING, GYM, JOGGING AND STROLLING TRACK, LIFT, PIPED GAS, POWER BACKUP, RESERVED PARKING, SECURITY, SWIMMING POOL, CLUB HOUSE, SEMI FURNISHED FLAT WITH MODULAR KITCHEN AND MORE. It is a good location property. Please contact for more details.",24000,21000,,14,3,1 Covered,Yes,No,No,Jogging and Strolling Track,True,True,Agent,70,Immediately,2026-03-24T12:08:30.000Z,"Mar 24, '26",True
+HFQEzLS/eVzpSvf+uAgZw==,Magicbricks,https://www.magicbricks.com/property-details/3-BHK-2250-Sq-ft-Multistorey-Apartment-FOR-Rent-Zirakpur-in-Chandigarh&id=4d423833393931313435,2026-04-19 13:51:15,30.656788,76.82119203,,Zirakpur,"Zirakpur,Chandigarh","19201|Mk Technology Park, 19202|Maya International School, 19202|St. Xaviers International School, 19206|Chandigarh Citi Centre, 19206|Tricity Square",,,Apartment,Semi-Furnished,3,12,East,2250,Sq-ft,Less than 5 years,"3 BHK flat is available for rent in Zirakpur immediately. Available at a rental price of ₹22,000, this 3 BHK flat is worth considering. 2 TV, 2 AC and Washing Machine are some of the additional amenities available with the apartment. The property includes 1 Covered, 1 Open parking. This property includes 12 floor and provides Kids Club benefits. The flat comes with power back up, reserved parking, security. The address is SUSHMA Valencia, Sushma Downtown, PR 7, Airport Ring Road, Zirakpur, Punjab.",22000,22000,0,10,3,"1 Covered, 1 Open",No,No,No,,False,True,Agent,80,Immediately,2026-03-30T05:38:44.000Z,"Mar 30, '26",True
3c/zN+pwscFzpSvf+uAgZw==,Magicbricks,https://www.magicbricks.com/property-details/3-BHK-1737-Sq-ft-Multistorey-Apartment-FOR-Rent-in-Chandigarh&id=4d423833373232373237,2026-04-19 13:51:15,30.656788,76.82119203,,Wisdom Properties,"Chandigarh, Chandigarh",,,,Apartment,Semi-Furnished,2,4,East,1737,Sq-ft,New Construction,"Brand new 3 BHK Flat for Rent Located on 2nd Floor A beautiful 3 BHK flat is available for rent in Zirakpur. The apartment is available at an affordable rental price of ₹24,000. The flat is located on the 2 floor which includes 3 bathrooms, 3 balcony, and covers a covered area of 1737 sqft. The property consists of 4 floor and offers Kids play area conveniences. This unit features power back up, security, air conditioned. The flat can be visited at Village Singhpura , H.B.NO.43 , Zirakpur Tehsil Derabassi , District SAS Nagar (Mohali) , Punjab - 1.",24000,24000,,14,3,,Yes,No,No,Air Conditioned,False,True,Agent,76,Immediately,2026-03-10T13:10:38.000Z,"Mar 10, '26",True
EmPrKt2blHpzpSvf+uAgZw==,Magicbricks,https://www.magicbricks.com/property-details/3-BHK-1950-Sq-ft-Multistorey-Apartment-FOR-Rent-Dera-Bassi-in-Chandigarh&id=4d423733343034363035,2026-04-19 13:51:15,30.5872,76.8428,,Dera Bassi,"Chandigarh, Chandigarh",19202|Longowal Polytechnic College,,,Apartment,Semi-Furnished,2,9,,1950,Sq-ft,,"You can avail the 3 BHK flat for rent in the well-known location of Dera Bassi. The apartment is available at an affordable rental price of ₹20,000. The apartment is located at ATS Golf Meadows Prelude, Shiv Puri Colony, Dera Bassi,Chandigarh. There are no brokerage fees on this 3 BHK multistorey apartment.",20000,,,10,3,,No,No,No,Conference Room,False,False,Owner,0,Immediately,2026-04-04T22:30:40.000Z,"Apr 05, '26",True
hYr31Vfiu/9zpSvf+uAgZw==,Magicbricks,https://www.magicbricks.com/property-details/3-BHK-1699-Sq-ft-Multistorey-Apartment-FOR-Rent-Zirakpur-in-Chandigarh&id=4d423630363837393533,2026-04-19 13:51:15,30.656788,76.82119203,,Zirakpur,Victoria height peermusulla land mark DMart,"19201|Mk Technology Park, 19202|Atticus International School, 19202|V.B. International Senior Secondary School, 19206|Chandigarh Citi Centre, 19206|Tricity Square",,,Apartment,Semi-Furnished,11,13,West,,,New Construction,"Multistorey apartment is available for rent. It carpets an area of 1699 sqft, it is a good location property. Please contact for more details. You can avail the 3 BHK flat for rent in the well-known location of Zirakpur. The flat is available for rent at a competitive amount of ₹24,999. The flat is on the 11 floor and includes 3 bathrooms, 3 balcony with a carpet area of 1699 sqft. This home provides power back up, reserved parking, security, service/goods lift, visitor parking. Visit the flat at Victoria height peermusulla land mark DMart, Zirakpur, Chandigarh, Chandigarh. This is a no-brokerage flat, as the owner is offering this 3 BHK flat on rent.",24999,150000,34400,,3,,Yes,No,No,"Service/Goods Lift, Visitor Parking",False,False,Owner,71,Immediately,2026-04-04T21:31:57.000Z,"Apr 05, '26",True
BPaoPYww7PNzpSvf+uAgZw==,Magicbricks,https://www.magicbricks.com/property-details/3-BHK-1350-Sq-ft-Multistorey-Apartment-FOR-Rent-Zirakpur-in-Chandigarh&id=4d423634373731303839,2026-04-19 13:51:15,30.656788,76.82119203,,Zirakpur,601.,"19201|Mk Technology Park, 19202|St. Xaviers International School, 19202|V.B. International Senior Secondary School, 19206|Chandigarh Citi Centre, 19206|Tricity Square",,,Apartment,Semi-Furnished,6,9,East,1350,Sq-ft,5 to 10 years,"good ventilation n sunshine A beautiful 3 BHK flat is available for rent in Zirakpur. The Rent amount of this 3 BHK apartment is set at an attractive price of ₹12,000. The flat is located on the 6 floor which includes 2 bathrooms, 3 balcony, and covers a carpet area of 1270 sqft. The apartment is equipped with power back up, reserved parking, security, service/goods lift, ro water system. Visit the flat at 601., Zirakpur, Chandigarh, Chandigarh. This 3 BHK flat is directly posted by the owner, so you don't need to pay any brokerage on this property.",12000,12000,1800,9,2,,Yes,No,No,"Service/Goods Lift, RO Water System",False,False,Owner,76,Immediately,2026-04-08T21:31:49.000Z,"Apr 09, '26",True
IewB/0uS0TNzpSvf+uAgZw==,Magicbricks,https://www.magicbricks.com/property-details/3-BHK-1000-Sq-ft-Multistorey-Apartment-FOR-Rent-Sector-45-in-Chandigarh&id=4d423439373935313432,2026-04-19 13:51:15,30.7076696,76.7581794,,Sector 45,"Chandigarh, Chandigarh",,,,Apartment,Unfurnished,2,2,,,,,"You can avail the 3 BHK flat for rent in the well-known location of Sector 45. The 3 BHK apartment is available at a reasonable rent of ₹18,500. The flat is located on the 2 floor which includes 2 bathrooms, 1 balcony, and covers a carpet area of 1000 sqft. The flat comes with power back up, ro water system. The apartment is located at Sector 45, Chandigarh, Chandigarh. You can find the 3 BHK flat without any brokerage.",18500,0,,,2,,No,No,No,RO Water System,False,False,Owner,35,Immediately,2026-04-09T16:58:59.000Z,"Apr 09, '26",True
snsjrWNj+qZzpSvf+uAgZw==,Magicbricks,https://www.magicbricks.com/property-details/3-BHK-990-Sq-ft-Builder-Floor-Apartment-FOR-Rent-Khara-Mohali-in-Chandigarh&id=4d423436343930323733,2026-04-19 13:51:15,30.7488819,76.6413581,,Khara Mohali,"Arcdeia Green Homes 2, Sector-124, Sunny Enclave, Mohali.","19202|Henderson Jubilee Senior Secondary School, 19202|Bsm Sikh Girls High School, 19206|EasyDay Club",,,Builder Floor Apartment,Unfurnished,2,3,South,990,Sq-ft,5 to 10 years,"Independent floor with roof. 03 bedroom s with attached toilets . Large DD with modular kitchen Find this 3 BHK rental flat in Khara Mohali Chandigarh. This 3 BHK flat is available at the reasonable rent amount of ₹14,000. Located on the 2 floor, the flat has 3 bathrooms, 2 balcony in covered area of 990 sqft. You will also find 1 Open parking facility. The apartment comes furnished with reserved parking. This flat is located at Arcdeia Green Homes 2, Sector-124, Sunny Enclave, Mohali., Khara Mohali, Chandigarh, Chandigarh. The brokerage amount of the 3 BHK apartment is zero.",14000,28000,600,14,3,1 Open,No,No,No,,False,False,Owner,89,Immediately,2026-04-06T10:15:55.000Z,"Apr 06, '26",True
DDUoZu4uE6JzpSvf+uAgZw==,Magicbricks,https://www.magicbricks.com/property-details/3-BHK-1475-Sq-ft-Multistorey-Apartment-FOR-Rent-Zirakpur-in-Chandigarh&id=4d423833373436303735,2026-04-19 13:51:15,30.656788,76.82119203,,Zirakpur,"Chandigarh, Chandigarh","19201|Mk Technology Park, 19202|Atticus International School, 19202|St. Xaviers International School, 19206|Tricity Square, 19206|Chandigarh Citi Centre",140603,,Apartment,Semi-Furnished,6,12,North - East,1475,Sq-ft,New Construction,"You can avail the 3 BHK flat for rent in the well-known location of Zirakpur. You can get this flat at monthly rent of ₹21,000. There is also facility of 1 Open parking. The property consists of 12 floor and offers Kids Club conveniences. This home provides power back up, security, service/goods lift. You can visit the flat at Gazipur, Zirakpur, Punjab 140603. Do not pay any brokerage fee for this 3 BHK rental flat since the property ad is posted by the flat owner.",21000,,,14,2,1 Open,Yes,No,No,Service/Goods Lift,False,True,Owner,63,Immediately,2026-04-12T08:05:12.000Z,"Apr 12, '26",True
+m1j1xJRFzZzpSvf+uAgZw==,Magicbricks,https://www.magicbricks.com/property-details/3-BHK-1950-Sq-ft-Service-Apartment-FOR-Rent-Dera-Bassi-in-Chandigarh&id=4d423733343731303235,2026-04-19 13:51:15,30.5872,76.8428,,Dera Bassi,"Chandigarh, Chandigarh",19202|Longowal Polytechnic College,,,Service Apartment,,,,,1950,Sq-ft,,"3 BHK, Service Apartment is available for Rent in Dera Bassi, Chandigarh for 20,000",20000,,,10,,,No,No,No,,False,False,Owner,17,Immediately,2026-02-07T12:24:56.000Z,"Feb 07, '26",True
SusAhR9bLWdzpSvf+uAgZw==,Magicbricks,https://www.magicbricks.com/property-details/3-BHK-958-Sq-ft-Multistorey-Apartment-FOR-Rent-Dera-Bassi-in-Chandigarh&id=4d423438363433323331,2026-04-19 13:51:15,30.5872,76.8428,,Dera Bassi,502B 1st floor,19202|Longowal Polytechnic College,,,Apartment,Semi-Furnished,1,3,,958,Sq-ft,Less than 5 years,"If you are searching a 3 BHK apartment for rent in Dera Bassi, check out this amazing rental flat. The 3 BHK apartment is available at a reasonable rent of ₹12,000. Located on the 1 floor, the flat comprises 2 bathrooms, 2 balcony, and has a carpet area of 958 sqft. This 3 BHK apartment ad is listed by the owner, so there is no brokerage fee.",12000,30000,12000,13,2,,No,No,No,,False,False,Owner,40,Immediately,2026-02-12T13:17:41.000Z,"Feb 12, '26",True
suyfHLt72plzpSvf+uAgZw==,Magicbricks,https://www.magicbricks.com/property-details/3-BHK-1530-Sq-ft-Multistorey-Apartment-FOR-Rent-Zirakpur-in-Chandigarh&id=4d423832383235393039,2026-04-19 13:51:15,30.656788,76.82119203,,Zirakpur,chandigarh ambala Highway Zirakpur,"19201|Mk Technology Park, 19202|Atticus International School, 19202|V.B. International Senior Secondary School, 19206|Tricity Square, 19206|Chandigarh Citi Centre",,,Apartment,Semi-Furnished,3,9,East,1530,Sq-ft,5 to 10 years,"moulders kitchen room wardrobe complete washroom Fiting complete ac room 3 hall ac 1 washroom gyiser 3 led lights complete Celling fan complete etc You can avail the 3 BHK flat for rent in the well-known location of Zirakpur. The 3 BHK apartment is available at a reasonable rent of ₹20,000. Located on the 3 floor, the flat has 3 bathrooms, 4 balcony in covered area of 1530 sqft. The building includes 9 floor and supports Kids play area, Kids Club living. The apartment is equipped with power back up, reserved parking, security, service/goods lift, visitor parking. This flat is located at Chandigarh Ambala highway, opposite Mc. Donalds Zirakpur..",20000,,,13,3,,Yes,No,No,"Service/Goods Lift, Laundry Service, Jogging and Strolling Track, Outdoor Tennis Courts",False,True,Agent,76,Immediately,2026-04-18T23:45:33.000Z,Today,True
v/rv+JI20cJzpSvf+uAgZw==,Magicbricks,https://www.magicbricks.com/property-details/3-BHK-1800-Sq-ft-Builder-Floor-Apartment-FOR-Rent-Kansal-in-Chandigarh&id=4d423537343337353339,2026-04-19 13:51:15,30.7617848,76.8048509,,Amit Verma,"Chandigarh, Chandigarh",,,,Builder Floor Apartment,Semi-Furnished,2,3,,1800,Sq-ft,,"Find this 3 BHK rental flat in Kansal Chandigarh. The flat is available for rent at a competitive amount of ₹5,000. The apartment is located at Kansal, Chandigarh, Chandigarh. The brokerage amount of the 3 BHK apartment is zero.",5000,,,3,2,,No,No,No,,False,False,Owner,41,Immediately,2026-04-02T17:32:44.000Z,"Apr 02, '26",True
7Z9xxvgZFEBzpSvf+uAgZw==,Magicbricks,https://www.magicbricks.com/property-details/3-BHK-1500-Sq-ft-Multistorey-Apartment-FOR-Rent-Sunny-Enclave-in-Chandigarh&id=4d423833393838393033,2026-04-19 13:51:15,30.6613938,76.8210988,,Sunny Enclave,"Chandigarh, Chandigarh",,,,Apartment,Unfurnished,3,11,,1500,Sq-ft,5 to 10 years,"Multistorey apartment is available for rent. It is a good location property. Please contact for more details. You can avail the 3 BHK flat for rent in the well-known location of Sunny Enclave. You can get this flat at monthly rent of ₹20,000. The apartment is on the 3 floor, has a carpet area of 1300 sqft with 2 bathrooms and 3 balcony. The address is Sunny Enclave, Chandigarh, Chandigarh. The brokerage amount of the 3 BHK apartment is zero.",20000,20000,2000,13,2,,No,No,No,,False,False,Owner,40,Immediately,2026-03-29T16:00:52.000Z,"Mar 29, '26",True
tvqnrBQ3UZFzpSvf+uAgZw==,Magicbricks,https://www.magicbricks.com/property-details/3-BHK-1000-Sq-ft-Multistorey-Apartment-FOR-Rent-Kharar-in-Chandigarh&id=4d423531383235373733,2026-04-19 13:51:15,30.7488819,76.6413581,,Kharar,"Chandigarh, Chandigarh",,,,Apartment,Furnished,1,3,,1000,Sq-ft,,"You can explore this 3 BHK flat on rent in Kharar Chandigarh. This 3 BHK flat can be availed at the rental price of ₹19,000. The address is Kharar, Chandigarh, Chandigarh. The brokerage amount of the 3 BHK apartment is zero.",19000,,,19,2,,No,No,No,,False,False,Owner,26,Immediately,2026-02-20T16:58:41.000Z,"Feb 20, '26",True
KIsAs6R/8k5zpSvf+uAgZw==,Magicbricks,https://www.magicbricks.com/property-details/3-BHK-1275-Sq-ft-Multistorey-Apartment-FOR-Rent-Zirakpur-in-Chandigarh&id=4d423731303234393535,2026-04-19 13:51:15,30.656788,76.82119203,,Zirakpur,sushma Joynest Zrk-1 Zirakpur,"19201|Mk Technology Park, 19202|V.B. International Senior Secondary School, 19202|Maya International School, 19206|Chandigarh Citi Centre, 19206|Tricity Square",,,Apartment,Unfurnished,1,6,West,1275,Sq-ft,New Construction,"You can explore this 3 BHK flat on rent in Zirakpur Chandigarh. The apartment is available at an affordable rental price of ₹23,000. The apartment is on the 1 floor, has a covered area of 1275 sqft with 2 bathrooms and 1 balcony. This property offers power back up, reserved parking, security, air conditioned, visitor parking, ro water system. The full address of the apartment is sushma Joynest Zrk-1 Zirakpur, Zirakpur, Chandigarh, Chandigarh. This 3 BHK flat is directly posted by the owner, so you don't need to pay any brokerage on this property.",23000,,,18,2,,No,No,No,"Air Conditioned, Internet/Wi-Fi Connectivity, RO Water System, Jogging and Strolling Track",False,False,Owner,71,Immediately,2026-02-12T13:17:51.000Z,"Feb 12, '26",True
SoCUZN6NOuZzpSvf+uAgZw==,Magicbricks,https://www.magicbricks.com/property-details/3-BHK-1000-Sq-ft-Multistorey-Apartment-FOR-Rent-in-Chandigarh&id=4d423535313933303835,2026-04-19 13:51:15,,,,Saim,"Chandigarh, Chandigarh",,,,Apartment,Furnished,2,2,,1000,Sq-ft,,"3 BHK flat is available for rent in Saim house, sector 37 Chandigarh immediately. You can get this flat at monthly rent of ₹7,000. You can find the 3 BHK flat without any brokerage.",7000,,,7,2,,No,No,No,,False,False,Owner,26,Immediately,2026-03-06T21:33:30.000Z,"Mar 07, '26",True
+nwIwM0v+VJzpSvf+uAgZw==,Magicbricks,https://www.magicbricks.com/property-details/3-BHK-1762-Sq-ft-Multistorey-Apartment-FOR-Rent-Zirakpur-in-Chandigarh&id=4d423637303432323433,2026-04-19 13:51:15,30.656788,76.82119203,,Zirakpur,"Chandigarh, Chandigarh","19201|Mk Technology Park, 19202|Atticus International School, 19202|St. Xaviers International School, 19206|Tricity Square, 19206|Chandigarh Citi Centre",,,Apartment,Semi-Furnished,5,8,,1762,Sq-ft,,"If you are planning to rent a flat, you can consider this 3 BHK flat situated in the prime location of Zirakpur. This 3 BHK flat is available at the reasonable rent amount of ₹21,000. You can find the 3 BHK flat without any brokerage.",21000,,,12,3,,No,No,No,,False,False,Owner,0,Immediately,2026-03-15T17:48:04.000Z,"Mar 15, '26",True
AWRQ5fipWPFzpSvf+uAgZw==,Magicbricks,https://www.magicbricks.com/property-details/3-BHK-1200-Sq-ft-Builder-Floor-Apartment-FOR-Rent-Sector-15-in-Chandigarh&id=4d423734303338313537,2026-04-19 13:51:15,30.7514892,76.772605,,Sector-15,"279, Second floor","19201|Rajiv Gandhi Chandigarh It Park, 19202|Government Model Senior Secondary School, 19202|Crb Public School, 19203|Dharam Hospital",,,Builder Floor Apartment,Furnished,2,3,,1200,Sq-ft,New Construction,"You can avail the 3 BHK flat for rent in the well-known location of Sector 15. The rent of the 3 BHK flat is ₹22,000. The flat is located on the 2 floor which includes 4 bathrooms, 4 balcony, and covers a carpet area of 1500 sqft. Visit the flat at 279, Second floor, Sector 15, Chandigarh, Chandigarh. This 3 BHK flat is directly posted by the owner, so you don't need to pay any brokerage on this property.",22000,,,18,4,,No,No,No,,False,False,Owner,52,Immediately,2026-02-03T13:52:06.000Z,"Feb 03, '26",True
bsAK+gF2csxzpSvf+uAgZw==,Magicbricks,https://www.magicbricks.com/property-details/3-BHK-2250-Sq-ft-Multistorey-Apartment-FOR-Rent-Zirakpur-in-Chandigarh&id=4d423830313330303039,2026-04-19 13:51:15,30.656788,76.82119203,,Zirakpur,"Chandigarh, Chandigarh","19201|Mk Technology Park, 19202|Atticus International School, 19202|Maya International School, 19206|Tricity Square, 19206|Chandigarh Citi Centre",,,Apartment,Furnished,3,4,North - East,2250,Sq-ft,New Construction,"3bhk fully furnished luxury flat available for rent If you are searching a 3 BHK apartment for rent in Zirakpur, check out this amazing rental flat. ₹30,000 is the monthly rent of this 3 BHK flat. Located on the 3 floor, the flat has 3 bathrooms, 3 balcony in carpet area of 2050 sqft. 1 Covered parking space is also available. The property encompasses 4 floor and provides Kids Club amenities. The apartment comes furnished with power back up, reserved parking, security, service/goods lift, visitor parking.",30000,30000,,13,3,1 Covered,No,No,No,"Banquet Hall, Bar/Lounge, Jogging and Strolling Track, Outdoor Tennis Courts",False,True,Agent,90,Immediately,2026-04-18T23:45:33.000Z,Today,True
l4JnVedy9/dzpSvf+uAgZw==,Magicbricks,https://www.magicbricks.com/property-details/3-BHK-2020-Sq-ft-Multistorey-Apartment-FOR-Rent-in-Chandigarh&id=4d423834303133303733,2026-04-19 13:51:15,30.656788,76.82119203,,Manzil Real Estate,"PR-7 Aiport road,zirakpur",,,,Apartment,Semi-Furnished,10,13,North - West,2020,Sq-ft,New Construction,"Its a Mivan construction 3 BHK apartment is available on rent in Zirakpur Chandigarh right away. This 3 BHK flat can be availed at the rental price of ₹35,000. Located on the 10 floor, the flat comprises 4 bathrooms, 3 balcony, and has a covered area of 2020 sqft. The property encompasses 13 floor and provides Kids play area, Kids Play Pool With Water Slides amenities. The apartment is equipped with power back up, reserved parking, security, service/goods lift, air conditioned. Find this apartment at PR7, 200 ft International Airport Road, Zirakpur, Chandigarh, Punjab.",35000,35000,,17,4,,No,No,No,"Air Conditioned, Banquet Hall, Bar/Lounge, Jogging and Strolling Track",False,True,Agent,78,Immediately,2026-04-17T23:45:21.000Z,Yesterday,True
v91OJL9sSTpzpSvf+uAgZw==,Magicbricks,https://www.magicbricks.com/property-details/3-BHK-2100-Sq-ft-Multistorey-Apartment-FOR-Rent-Zirakpur-in-Chandigarh&id=4d423833383635383931,2026-04-19 13:51:15,30.656788,76.82119203,,Zirakpur,PR-7 Airport Road Zirakpur,"19201|Mk Technology Park, 19202|V.B. International Senior Secondary School, 19202|Atticus International School, 19206|Chandigarh Citi Centre, 19206|Tricity Square",,,Apartment,Semi-Furnished,8,13,East,2100,Sq-ft,New Construction,"East facing semi furnished flat with all amenities, modular kitchen power backup immediately rent out Grab the chance to own this affordable 3 BHK flat for rent in the Zirakpur area. The multistorey apartment is available at rent of ₹40,000. The flat comes with some add-on facilities such as 3 Wardrobe, Fridge, Microwave, 4 AC and Gas Connection. Located on the 8 floor, the flat has 3 bathrooms, 3 balcony in carpet area of 1350 sqft. The property features power back up, reserved parking, security, service/goods lift, air conditioned, visitor parking, intercom facility, ro water system. Visit the flat at PR-7 Airport Road Zirakpur, Zirakpur, Chandigarh, Chandigarh.",40000,40000,0,19,3,,No,No,No,"Air Conditioned, Banquet Hall, Bar/Lounge, Jogging and Strolling Track",False,True,Agent,92,Immediately,2026-04-17T23:45:20.000Z,Yesterday,True
f3XCykMlE1pzpSvf+uAgZw==,Magicbricks,https://www.magicbricks.com/property-details/3-BHK-1500-Sq-ft-Multistorey-Apartment-FOR-Rent-Sector-48-in-Chandigarh&id=4d423832363037303435,2026-04-19 13:51:15,30.6879114,76.7581794,,Sector 48,"Chandigarh, Chandigarh",19202|Banyan Tree School,,,Apartment,Semi-Furnished,2,3,North - East,1500,Sq-ft,15 to 20 years,"Check out this newly constructed 3 BHK flat on rent in the prime location of Sector 48 Chandigarh. This 3 BHK flat is available at the reasonable rent amount of ₹39,000. The flat is on the 2 floor and includes 2 bathrooms, 3 balcony with a covered area of 1500 sqft. This flat is fitted with power back up, reserved parking, security, service/goods lift, air conditioned, ro water system. The full address of the apartment is Sector 48A, Sector 48, Chandigarh, .",39000,39000,1200,26,2,,Yes,No,No,"Service/Goods Lift, Air Conditioned, RO Water System",False,True,Agent,73,Immediately,2026-04-17T23:45:20.000Z,Yesterday,True
+H3COjYo87JzpSvf+uAgZw==,Magicbricks,https://www.magicbricks.com/property-details/3-BHK-1885-Sq-ft-Multistorey-Apartment-FOR-Rent-Zirakpur-in-Chandigarh&id=4d423635363736393235,2026-04-19 13:51:15,30.656788,76.82119203,,Zirakpur,189.,"19201|Mk Technology Park, 19202|Maya International School, 19202|V.B. International Senior Secondary School, 19206|Tricity Square, 19206|Chandigarh Citi Centre",,,Apartment,Furnished,6,15,North - East,1885,Sq-ft,Less than 5 years,"With all Luxury Amenities Specification . Book 21, 3 ,31 4 Bhk Apartment. Call Today. Designed by R204DESIGN USA, 12 Acres Residential Project with 7 acres Green Area. Chd Ambala Highway. Possession Ready. 7 Acres Green Area.",40000,40000,0,21,3,"1 Covered, 1 Open",No,No,No,,True,True,Agent,98,Immediately,2026-04-16T23:45:21.000Z,"Apr 17, '26",True
qodnKqzT4QJzpSvf+uAgZw==,Magicbricks,https://www.magicbricks.com/property-details/3-BHK-1850-Sq-ft-Multistorey-Apartment-FOR-Rent-Zirakpur-in-Chandigarh&id=4d423834303338393335,2026-04-19 13:51:15,30.656788,76.82119203,,Zirakpur,"Chandigarh, Chandigarh","19201|Mk Technology Park, 19202|Maya International School, 19202|V.B. International Senior Secondary School, 19206|Chandigarh Citi Centre, 19206|Tricity Square",,,Apartment,Semi-Furnished,3,14,North - East,1850,Sq-ft,New Construction,"Grab the chance to own this affordable 3 BHK flat for rent in the Zirakpur area. Available at a rental price of ₹26,000, this 3 BHK flat is worth considering. The apartment is on the 3 floor, has a covered area of 1850 sqft with 3 bathrooms and 3 balcony. This residential building features 14 floor and ensures Early Learning Centre comfort. This property offers reserved parking, security. Visit the flat at Highland Park, Rd, Highrise, Bhabat, Zirakpur, Punjab .",26000,,,14,3,,No,No,No,"Bar/Lounge, Jogging and Strolling Track",False,True,Agent,59,Immediately,2026-04-16T23:45:22.000Z,"Apr 17, '26",True
mD7eiHaE7QVzpSvf+uAgZw==,Magicbricks,https://www.magicbricks.com/property-details/3-BHK-1450-Sq-ft-Multistorey-Apartment-FOR-Rent-Zirakpur-in-Chandigarh&id=4d423833383433323135,2026-04-19 13:51:15,30.656788,76.82119203,,Zirakpur,Vip Road,"19201|Mk Technology Park, 19202|St. Xaviers International School, 19202|Maya International School, 19206|Chandigarh Citi Centre, 19206|Tricity Square",,,Apartment,Unfurnished,5,9,North - East,1450,Sq-ft,Less than 5 years,"If you are searching a 3 BHK apartment for rent in Zirakpur, check out this amazing rental flat. This 3 BHK flat is available at the reasonable rent amount of ₹27,000. The apartment is on the 5 floor, has a covered area of 1450 sqft with 2 bathrooms and 3 balcony. There is also facility of 1 Covered parking. The apartment comes furnished with power back up, reserved parking, security, visitor parking. Visit the flat at Hermitage Centralis, Sales Office, VIP Road Zirakpur (Punjab).",27000,27000,0,19,2,1 Covered,Yes,No,No,Visitor Parking,False,True,Agent,100,Immediately,2026-04-17T23:45:21.000Z,Yesterday,True
0A+y6OvMx6ZzpSvf+uAgZw==,Magicbricks,https://www.magicbricks.com/property-details/3-BHK-1906-Sq-ft-Multistorey-Apartment-FOR-Rent-Zirakpur-in-Chandigarh&id=4d423832363631393231,2026-04-19 13:51:15,30.656788,76.82119203,,Zirakpur,"Zirakpur,Chandigarh","19201|Mk Technology Park, 19202|St. Xaviers International School, 19202|V.B. International Senior Secondary School, 19206|Tricity Square, 19206|Chandigarh Citi Centre",,,Apartment,Semi-Furnished,7,13,North - East,1906,Sq-ft,New Construction,"3 BHK flat is available for rent in Zirakpur immediately. The rent of the 3 BHK flat is ₹34,000. 3 Wardrobe, Microwave, 4 AC and Gas Connection are some of the additional amenities available with the apartment. Located on the 7 floor, the flat comprises 3 bathrooms, 3 balcony, and has a carpet area of 1750 sqft. The property includes 1 Covered, 1 Open parking. The flat comes with power back up, reserved parking, security. Visit the flat at Patiala Road, Zirakpur, Punjab.",34000,34000,0,18,3,"1 Covered, 1 Open",Yes,No,No,Jogging and Strolling Track,True,True,Agent,80,Immediately,2026-04-18T23:45:33.000Z,Today,True
B5+UQCa6e1BzpSvf+uAgZw==,Magicbricks,https://www.magicbricks.com/property-details/3-BHK-1800-Sq-ft-Multistorey-Apartment-FOR-Rent-Sector-49-in-Chandigarh&id=4d423832323936383739,2026-04-19 13:51:15,30.6929607,76.7524087,,Sector-49,"Chandigarh, Chandigarh",,,,Apartment,Semi-Furnished,3,3,,1800,Sq-ft,10 to 15 years,"3 BHK apartment is available on rent in Sector 49 Chandigarh right away. The flat is available for rent at a competitive amount of ₹35,000. The flat is on the 3 floor and includes 3 bathrooms, 3 balcony with a carpet area of 1500 sqft. This flat is fitted with power back up, security. Visit the flat at 1041, Block A, Sector 49, Chandigarh.",35000,,,19,3,,No,No,No,,True,True,Agent,61,Immediately,2026-04-16T23:45:21.000Z,"Apr 17, '26",True
pDdbGIjsQUBzpSvf+uAgZw==,Magicbricks,https://www.magicbricks.com/property-details/3-BHK-1942-Sq-ft-Multistorey-Apartment-FOR-Rent-Zirakpur-in-Chandigarh&id=4d423731333333333539,2026-04-19 13:51:15,30.656788,76.82119203,,Zirakpur,"Zirakpur, Chandigarh","19201|Mk Technology Park, 19202|V.B. International Senior Secondary School, 19202|Maya International School, 19206|Chandigarh Citi Centre, 19206|Tricity Square",,,Apartment,Unfurnished,6,13,North - East,1942,Sq-ft,New Construction,"You can explore this 3 BHK flat on rent in Zirakpur Chandigarh. The Rent amount of this 3 BHK apartment is set at an attractive price of ₹35,000. The flat is located on the 6 floor which includes 3 bathrooms, 4 balcony, and covers a covered area of 1942 sqft. The residence includes power back up, reserved parking, security, service/goods lift, air conditioned, visitor parking, intercom facility, ro water system. The full address of the apartment is Patiala Road, Zirakpur, Punjab.",35000,70000,,18,3,,No,No,No,"Air Conditioned, Banquet Hall, Bar/Lounge, Jogging and Strolling Track",False,True,Agent,73,Immediately,2026-03-31T08:02:01.000Z,"Mar 31, '26",True
wdijoeCBpuRzpSvf+uAgZw==,Magicbricks,https://www.magicbricks.com/property-details/3-BHK-1885-Sq-ft-Multistorey-Apartment-FOR-Rent-Zirakpur-in-Chandigarh&id=4d423834323931353439,2026-04-19 13:51:15,30.656788,76.82119203,,Zirakpur,"Zirakpur,Chandigarh","19201|Mk Technology Park, 19202|St. Xaviers International School, 19202|Atticus International School, 19206|Tricity Square, 19206|Chandigarh Citi Centre",,,Apartment,Semi-Furnished,10,15,North - East,1885,Sq-ft,Less than 5 years,"3bhk 1885 sq ft.. Spacious Apartment For Rent in Sushma Grande with All Amenities Located on Ambala Chandigarh Highway Zirakpur.. 3 BHK flat is available for rent in Zirakpur immediately. The rent of the 3 BHK flat is ₹31,500. The residents of the flat have access to additional facilities such as 3 Wardrobe and Gas Connection. The flat is on the 10 floor and includes 3 bathrooms, 4 balcony with a carpet area of 1300 sqft. You will also find 1 Covered parking facility. This home provides power back up, reserved parking, security. The flat can be visited at Village Bishangarh - Bishanpura , Zirakpur Dera Bassi , Sahibzada Ajit Singh Nagar (Mohali) , Punjab.",31500,31500,0,17,3,1 Covered,Yes,No,No,Jogging and Strolling Track,True,True,Agent,80,Immediately,2026-04-18T02:59:54.000Z,Yesterday,True
iDz7U4jAqZ1zpSvf+uAgZw==,Magicbricks,https://www.magicbricks.com/property-details/3-BHK-1450-Sq-ft-Builder-Floor-Apartment-FOR-Rent-Sector-37-in-Chandigarh&id=4d423832323035333135,2026-04-19 13:51:15,30.7378169,76.7495233,,Sector-37,"Chandigarh, Chandigarh",,,,Builder Floor Apartment,Unfurnished,1,3,South - East,1450,Sq-ft,Less than 5 years,"for rent 3 BHK first floor newily renovated sector 37 chandigarh. only for working families. If you are searching a 3 BHK apartment for rent in Sector 37, check out this amazing rental flat. You can get this flat at monthly rent of ₹34,000. Located on the 1 floor, the flat has 1 bathrooms, 2 balcony in carpet area of 1500 sqft. The property includes 1 Open parking. This home provides reserved parking. The flat can be visited at Sector 37, Chandigarh, Chandigarh.",34000,34000,,23,1,1 Open,No,No,No,,False,True,Agent,69,Immediately,2025-11-17T11:03:43.000Z,"Nov 17, '25",True
QPrddm4kOPNzpSvf+uAgZw==,Magicbricks,https://www.magicbricks.com/property-details/3-BHK-1885-Sq-ft-Multistorey-Apartment-FOR-Rent-Zirakpur-in-Chandigarh&id=4d423834323837383739,2026-04-19 13:51:15,30.656788,76.82119203,,Zirakpur,"Zirakpur,Chandigarh","19201|Mk Technology Park, 19202|Maya International School, 19202|St. Xaviers International School, 19206|Chandigarh Citi Centre, 19206|Tricity Square",,,Apartment,Semi-Furnished,14,15,East,1885,Sq-ft,Less than 5 years,"You can avail the 3 BHK flat for rent in the well-known location of Zirakpur. ₹40,000 is the monthly rent of this 3 BHK flat. Live in this lovely flat and get access to various useful facilities such as 3 Wardrobe, 4 Bed, 1 TV, Fridge, Microwave, 4 AC, Sofa, Washing Machine, Dining Table and Gas Connection. Located on the 14 floor, the flat comprises 3 bathrooms, 4 balcony, and has a carpet area of 1592 sqft. You will also find 1 Covered, 1 Open parking facility. This flat is fitted with power back up, reserved parking, security. The full address of the apartment is Bishangarh - Bishanpura, Gazipur, Zirakpur, Chandigarh.",40000,40000,0,21,3,"1 Covered, 1 Open",Yes,No,No,Jogging and Strolling Track,True,True,Agent,100,Immediately,2026-04-18T11:12:13.000Z,Yesterday,True
JjlYfSCOBZRzpSvf+uAgZw==,Magicbricks,https://www.magicbricks.com/property-details/3-BHK-1995-Sq-ft-Multistorey-Apartment-FOR-Rent-in-Chandigarh&id=4d423834313936353137,2026-04-19 13:51:15,30.656788,76.82119203,,PADAM SINGH,High Ground Road,,,,Apartment,Semi-Furnished,6,13,South - East,1995,Sq-ft,Less than 5 years,"nearby all market You can avail the 3 BHK flat for rent in the well-known location of Zirakpur. Available at a rental price of ₹27,000, this 3 BHK flat is worth considering. The apartment is on the 6 floor, has a carpet area of 1500 sqft with 3 bathrooms and 3 balcony. There is also facility of 1 Covered parking. The residence includes power back up, reserved parking, security, service/goods lift, ro water system.",27000,32000,5000,14,3,1 Covered,No,No,No,"Laundry Service, Internet/Wi-Fi Connectivity, RO Water System, Jogging and Strolling Track",True,True,Agent,80,Immediately,2026-04-11T10:15:37.000Z,"Apr 11, '26",True
Vk7VtVjGtztzpSvf+uAgZw==,Magicbricks,https://www.magicbricks.com/property-details/3-BHK-1300-Sq-ft-Multistorey-Apartment-FOR-Rent-in-Chandigarh&id=4d423834303436313537,2026-04-19 13:51:15,,,,A K Associates,sec 48 chandigarh,,,,Apartment,Semi-Furnished,1,3,North - East,1300,Sq-ft,15 to 20 years,"If you are planning to rent a flat, you can consider this 3 BHK flat situated in the prime location of society. This 3 BHK flat is available at the reasonable rent amount of ₹35,000. The flat is on the 1 floor and includes 2 bathrooms, 3 balcony with a covered area of 1300 sqft.",35000,35000,,27,2,,No,No,No,,True,True,Agent,43,Immediately,2026-04-02T14:48:07.000Z,"Apr 02, '26",True
sTqBgmZlUAxzpSvf+uAgZw==,Magicbricks,https://www.magicbricks.com/property-details/3-BHK-1995-Sq-ft-Multistorey-Apartment-FOR-Rent-Zirakpur-in-Chandigarh&id=4d423830303132363939,2026-04-19 13:51:15,30.656788,76.82119203,,Zirakpur,"Zirakpur,Chandigarh","19201|Mk Technology Park, 19202|Atticus International School, 19202|V.B. International Senior Secondary School, 19206|Chandigarh Citi Centre, 19206|Tricity Square",,,Apartment,Semi-Furnished,4,4,North - East,1995,Sq-ft,2014,"Sushma valencia is one of chandigarhs most sought after destination for residential flats and this 3 bhk flat for rent in zirakpur, is your opportunity to be a part of this community. This flat consists of 3 bathrooms 3 balconies build in 1800 sq.Ft. Carpet area.",26000,23000,0,13,3,"1 Covered, 1 Open",No,No,No,,True,True,Agent,73,Immediately,2026-03-12T10:54:31.000Z,"Mar 12, '26",True
zJB9Lp+mXHRzpSvf+uAgZw==,Magicbricks,https://www.magicbricks.com/property-details/3-BHK-1900-Sq-ft-Multistorey-Apartment-FOR-Rent-Zirakpur-in-Chandigarh&id=4d423833373033333539,2026-04-19 13:51:15,30.656788,76.82119203,,Zirakpur,6A Ananta Lifestyle Zirakpur,"19201|Mk Technology Park, 19202|Maya International School, 19202|Atticus International School, 19206|Chandigarh Citi Centre, 19206|Tricity Square",,,Apartment,Furnished,1,4,East,1900,Sq-ft,New Construction,"If you are planning to rent a flat, you can consider this 3 BHK flat situated in the prime location of Zirakpur. ₹37,000 is the monthly rent of this 3 BHK flat. The flat is located on the 1 floor which includes 3 bathrooms, 3 balcony, and covers a carpet area of 1350 sqft. This residential building features 4 floor and ensures Kids play area comfort. This home provides reserved parking, security. You can visit the flat at Zirakpur, Chandigarh.",37000,,,19,3,,No,No,No,,False,True,Agent,73,Immediately,2026-03-09T08:24:53.000Z,"Mar 09, '26",True
X0shqsEOqghzpSvf+uAgZw==,Magicbricks,https://www.magicbricks.com/property-details/3-BHK-1800-Sq-ft-Multistorey-Apartment-FOR-Rent-in-Chandigarh&id=4d423834323737343039,2026-04-19 13:51:15,,,,Dogra Properties,flat,,,,Apartment,Semi-Furnished,1,2,North - East,1800,Sq-ft,5 to 10 years,"HIG Flat 3bhk first floor preference Service class Family A beautiful 3 BHK flat is available for rent in HIG Flat. The flat is available for rent at a competitive amount of ₹40,000. The flat is located on the 1 floor which includes 2 bathrooms, 2 balcony, and covers a carpet area of 1680 sqft. This unit features power back up, security, air conditioned, ro water system.",40000,40000,0,22,2,,No,No,No,"Air Conditioned, RO Water System",True,True,Agent,85,Immediately,2026-04-17T06:46:05.000Z,"Apr 17, '26",True
OUSopXwiMW9zpSvf+uAgZw==,Magicbricks,https://www.magicbricks.com/property-details/3-BHK-14-Marla-Builder-Floor-Apartment-FOR-Rent-Sector-35D-in-Chandigarh&id=4d423834323433373035,2026-04-19 13:51:15,30.7258052,76.7513296,,The Tricity Property,"Chandigarh, Chandigarh","19202|St Peters Senior Secondary School, 19202|Shivalik Public School",,,Builder Floor Apartment,Unfurnished,1,3,East,14,Marla,10 to 15 years,"14 Marla 3BHK 3 Bath modular Kitchen one car parking sector 35 Chandigarh contact The Tricity Properties consultants You can explore this 3 BHK flat on rent in Sector 35D Chandigarh. You can get this flat at monthly rent of ₹40,000. Located on the 1 floor, the flat comprises 3 bathrooms, 2 balcony, and has a carpet area of 2500 sqft. The property features power back up, reserved parking, security, visitor parking. The apartment is located at Sector 35D, Chandigarh, Chandigarh.",40000,,,10,3,,No,No,No,"Visitor Parking, Laundry Service, Jogging and Strolling Track, Outdoor Tennis Courts",False,True,Agent,73,Immediately,2026-04-15T07:27:16.000Z,"Apr 15, '26",True
oGwUG4TXnl1zpSvf+uAgZw==,Magicbricks,https://www.magicbricks.com/property-details/3-BHK-1475-Sq-ft-Multistorey-Apartment-FOR-Rent-Zirakpur-in-Chandigarh&id=4d423834313831363131,2026-04-19 13:51:15,30.656788,76.82119203,,Zirakpur,"Zirakpur,","19201|Mk Technology Park, 19202|Atticus International School, 19202|V.B. International Senior Secondary School, 19206|Chandigarh Citi Centre, 19206|Tricity Square",140603,,Apartment,Furnished,5,13,East,1475,Sq-ft,5 to 10 years,"Grab the chance to own this affordable 3 BHK flat for rent in the Zirakpur area. Available at a rental price of ₹35,000, this 3 BHK flat is worth considering. Some premium add-on facilities bundled with the flat are 3 Wardrobe, 3 Bed, 1 TV, Fridge, Microwave, 4 AC, Sofa, Washing Machine, Dining Table and Gas Connection. The flat is on the 5 floor and includes 3 bathrooms, 3 balcony with a carpet area of 1002 sqft. You will also find 1 Covered parking facility. The property encompasses 13 floor and provides Kids Club amenities. The apartment is equipped with power back up, reserved parking, security. The full address of the apartment is Gazipur, Zirakpur, Punjab 140603.",35000,35000,0,24,3,1 Covered,No,No,No,,True,True,Agent,80,Immediately,2026-04-10T10:38:11.000Z,"Apr 10, '26",True
Cz9pJ1eWP7tzpSvf+uAgZw==,Magicbricks,https://www.magicbricks.com/property-details/3-BHK-1665-Sq-ft-Multistorey-Apartment-FOR-Rent-Zirakpur-in-Chandigarh&id=4d423834303130333439,2026-04-19 13:51:15,30.656788,76.82119203,,Zirakpur,"PR7, 200 ft International Airport Road, Zirakpur, Chandigarh, Punjab","19201|Mk Technology Park, 19202|Maya International School, 19202|St. Xaviers International School, 19206|Chandigarh Citi Centre, 19206|Tricity Square",,,Apartment,Furnished,4,14,North - West,1665,Sq-ft,Less than 5 years,"3bhk flat available for rent in uptown skylla. You can explore this 3 BHK flat on rent in Zirakpur Chandigarh. This 3 BHK flat is available at the reasonable rent amount of ₹40,000. Some attractive additional facilities available with the flat are 3 Wardrobe, 3 Bed, 1 TV, Fridge, 3 AC, Sofa, Washing Machine, Dining Table and Gas Connection. The apartment is on the 4 floor, has a carpet area of 1500 sqft with 3 bathrooms and 3 balcony. There is also facility of 1 Covered, 1 Open parking. This property includes 14 floor and provides Kids play area, Kids Play Pool With Water Slides benefits. This home provides power back up, reserved parking, security. Visit the apartment at PR7, 200 ft International Airport Road, Zirakpur, Chandigarh, Punjab.",40000,40000,2000,24,3,"1 Covered, 1 Open",No,No,No,,True,True,Agent,80,Immediately,2026-03-31T11:24:23.000Z,"Mar 31, '26",True
hkZiZjVD3qRzpSvf+uAgZw==,Magicbricks,https://www.magicbricks.com/property-details/3-BHK-1200-Sq-ft-Builder-Floor-Apartment-FOR-Rent-Sector-20A-in-Chandigarh&id=4d423834323732393631,2026-04-19 13:51:15,30.723663,76.781827,,sandeep,"Chandigarh, Chandigarh",,,,Builder Floor Apartment,Semi-Furnished,1,3,,1200,Sq-ft,Less than 5 years,"8 Marla independent first floor 3bedroom attached bath drawing dinning kitchen airy sunny rooms walking distance for daily needs A beautiful 3 BHK flat is available for rent in Sector 20A. You can get this flat at monthly rent of ₹35,000. The flat is on the 1 floor and includes 2 bathrooms, 1 balcony with a carpet area of 1800 sqft. Visit the flat at Sector 20A, Chandigarh, Chandigarh.",35000,,,29,2,,No,No,No,,True,True,Agent,55,Immediately,2026-04-17T00:15:53.000Z,"Apr 17, '26",True
ZW5bRKK4zwlzpSvf+uAgZw==,Magicbricks,https://www.magicbricks.com/property-details/3-BHK-1721-Sq-ft-Multistorey-Apartment-FOR-Rent-in-Chandigarh&id=4d423834303134323831,2026-04-19 13:51:15,30.656788,76.82119203,,Kundan,motia Blue ridge,,,,Apartment,Furnished,8,9,North,1721,Sq-ft,New Construction,"3 Bhk 3 Washroom Fully furnished fully renovated luxurious flat power backup double lifts all airy room natural Sun lights If you are searching a 3 BHK apartment for rent in Zirakpur, check out this amazing rental flat. ₹35,000 is the monthly rent of this 3 BHK flat. The apartment is on the 8 floor, has a covered area of 1721 sqft with 3 bathrooms and 3 balcony. The apartment comes furnished with power back up, reserved parking, security, service/goods lift, air conditioned, intercom facility, ro water system. You can visit the flat at motia Blue ridge, Zirakpur, Chandigarh, Chandigarh.",35000,35000,,20,3,,No,No,No,"Air Conditioned, Banquet Hall, Bar/Lounge, Jogging and Strolling Track",True,True,Agent,78,Immediately,2026-04-12T04:54:28.000Z,"Apr 12, '26",True
iFauTd12QnxzpSvf+uAgZw==,Magicbricks,https://www.magicbricks.com/property-details/3-BHK-1800-Sq-ft-Multistorey-Apartment-FOR-Rent-Zirakpur-in-Chandigarh&id=4d423833383431313637,2026-04-19 13:51:15,30.656788,76.82119203,,Zirakpur,"Chandigarh, Chandigarh","19201|Mk Technology Park, 19202|V.B. International Senior Secondary School, 19202|Atticus International School, 19206|Chandigarh Citi Centre, 19206|Tricity Square",,,Apartment,Furnished,7,11,,1800,Sq-ft,New Construction,"Grab the chance to own this affordable 3 BHK flat for rent in the Zirakpur area. The rent of the 3 BHK flat is ₹35,000. The apartment is on the 7 floor, has a carpet area of 15503 sqft with 3 bathrooms and 3 balcony. This unit features power back up, reserved parking, security. The flat can be visited at High Ground Road, Chandigarh-Patiala Highway, Zirakpur, Punjab, India..",35000,,,19,3,,Yes,No,No,Banquet Hall,True,True,Agent,41,Immediately,2026-03-18T13:28:40.000Z,"Mar 18, '26",True
bIx5tws+NeFzpSvf+uAgZw==,Magicbricks,https://www.magicbricks.com/property-details/3-BHK-1902-Sq-ft-Multistorey-Apartment-FOR-Rent-Zirakpur-in-Chandigarh&id=4d423637313630333437,2026-04-19 13:51:15,30.656788,76.82119203,,Zirakpur,"3 BHK , 8 Floor , Ambala Highway , Zirakpur,Chandigarh","19201|Mk Technology Park, 19202|St. Xaviers International School, 19202|Atticus International School, 19206|Tricity Square, 19206|Chandigarh Citi Centre",,,Apartment,Semi-Furnished,8,14,North - East,1902,Sq-ft,New Construction,"3 BHK flat is available for rent in Zirakpur immediately. The flat is available for rent at a competitive amount of ₹29,000. Live in this lovely flat and get access to various useful facilities such as 3 AC and 3 Wardrobe. The apartment is on the 8 floor, has a carpet area of 1109 sqft with 3 bathrooms and 3 balcony. There is also facility of 1 Open parking. This property offers reserved parking, security. Find this apartment at NH-22 Chandigarh-Ambala, Highway, Nagla Rd, Zirakpur, Chandigarh.",29000,29000,1,15,3,1 Open,No,No,No,,True,True,Agent,80,Immediately,2026-04-11T14:17:22.000Z,"Apr 11, '26",True
IrE2RQE1kitzpSvf+uAgZw==,Magicbricks,https://www.magicbricks.com/property-details/3-BHK-2050-Sq-ft-Multistorey-Apartment-FOR-Rent-Sector-51-in-Chandigarh&id=4d423737363539393431,2026-04-19 13:51:15,30.7061782,76.7437522,,Sector 51,"Chandigarh, Chandigarh","19202|Yadavindra Public School, 19206|North County Mall",,,Apartment,Semi-Furnished,Ground,2,North - East,2050,Sq-ft,15 to 20 years,"its 3 bhk owner free flat on ground floor in sector 51 near to market and main road You can explore this 3 BHK flat on rent in Sector 51 Chandigarh. The multistorey apartment is available at rent of ₹38,000. The apartment is on the Ground floor, has a carpet area of 1950 sqft with 3 bathrooms and 2 balcony. The property features reserved parking, security, air conditioned. Find this apartment at Sector 51, Chandigarh, Chandigarh.",38000,38000,500,19,3,,No,No,Yes,Air Conditioned,True,True,Agent,73,Immediately,2026-04-11T09:08:33.000Z,"Apr 11, '26",True
rBO72n/9PltzpSvf+uAgZw==,Magicbricks,https://www.magicbricks.com/property-details/3-BHK-1800-Sq-ft-Builder-Floor-Apartment-FOR-Rent-Sector-38-in-Chandigarh&id=4d423639383030313739,2026-04-19 13:51:15,30.7456844,76.7437522,,Sector-38,2799.,,,,Builder Floor Apartment,Furnished,2,2,South -West,1800,Sq-ft,New Construction,"This is newly built fully furnished three bedrooms drawing dinning with two attached baths. 3 BHK flat is available for rent in Sector 38 immediately. The multistorey apartment is available at rent of ₹40,000. The flat comes with some add-on facilities such as 3 Wardrobe, 3 Bed, Fridge, 3 AC and Sofa. The flat is on the 2 floor and includes 3 bathrooms, 2 balcony with a carpet area of 1800 sqft. You will also find 2 Open parking facility. The apartment comes furnished with reserved parking, security. The flat can be visited at 2799., Sector 38, Chandigarh, Chandigarh.",40000,40000,0,22,3,2 Open,No,No,Yes,Jogging and Strolling Track,True,True,Agent,96,Immediately,2026-04-03T03:54:07.000Z,"Apr 03, '26",True
0L1gw+M+44RzpSvf+uAgZw==,Magicbricks,https://www.magicbricks.com/property-details/3-BHK-1650-Sq-ft-Multistorey-Apartment-FOR-Rent-Sector-48-in-Chandigarh&id=4d423833373536343233,2026-04-19 13:51:15,30.6879114,76.7581794,,Sector 48,10000.,19202|Banyan Tree School,,,Apartment,Unfurnished,1,2,North - East,1650,Sq-ft,15 to 20 years,"3 bedrooms attached bathrooms drawing dining modular kitchen top location park facing 3 BHK apartment is available on rent in Sector 48 Chandigarh right away. Available at a rental price of ₹36,000, this 3 BHK flat is worth considering. The flat is on the 1 floor and includes 3 bathrooms, 2 balcony with a carpet area of 1450 sqft. This unit is designed with reserved parking, security, visitor parking. Visit the apartment at 10000., Sector 48, Chandigarh, Chandigarh.",36000,,,22,3,,No,No,Yes,Visitor Parking,False,True,Agent,78,Immediately,2026-03-12T15:05:23.000Z,"Mar 12, '26",True
CpTfhA68kS1zpSvf+uAgZw==,Magicbricks,https://www.magicbricks.com/property-details/3-BHK-1845-Sq-ft-Multistorey-Apartment-FOR-Rent-Zirakpur-in-Chandigarh&id=4d423834323037363539,2026-04-19 13:51:15,30.656788,76.82119203,,Zirakpur,VIP road zirakpur,"19201|Mk Technology Park, 19202|St. Xaviers International School, 19202|Atticus International School, 19206|Chandigarh Citi Centre, 19206|Tricity Square",,,Apartment,Semi-Furnished,7,8,North - East,1845,Sq-ft,New Construction,"3 bhk fresh flat available for rent in hermitage centralise Find 3 BHK flat for rent in Zirakpur Chandigarh. The 3 BHK apartment is available at a reasonable rent of ₹32,000. The apartment is on the 7 floor, has a carpet area of 1600 sqft with 3 bathrooms and 4 balcony. The apartment comes furnished with power back up, reserved parking, security, service/goods lift, visitor parking. The flat can be visited at Hermitage Centralis, Sales Office, VIP Road Zirakpur (Punjab).",32000,,,17,3,,Yes,No,No,"Service/Goods Lift, Visitor Parking, Bar/Lounge, Conference Room",False,True,Agent,73,Immediately,2026-04-12T10:07:45.000Z,"Apr 12, '26",True
+b2ZmKCgbB5zpSvf+uAgZw==,Magicbricks,https://www.magicbricks.com/property-details/3-BHK-1906-Sq-ft-Multistorey-Apartment-FOR-Rent-in-Chandigarh&id=4d423833373638393539,2026-04-19 13:51:15,30.656788,76.82119203,,Sunrise Property,"Chandigarh, Chandigarh",,,,Apartment,Semi-Furnished,6,13,,1906,Sq-ft,5 to 10 years,"Find 3 BHK flat for rent in Zirakpur Chandigarh. The flat is available for rent at a competitive amount of ₹35,000. The flat is located on the 6 floor which includes 3 bathrooms, 3 balcony, and covers a covered area of 1906 sqft. Find this apartment at Patiala Road, Zirakpur, Punjab.",35000,,,18,3,,No,No,No,,True,True,Agent,35,Immediately,2026-03-13T11:57:18.000Z,"Mar 13, '26",True
n5jyYfopHxVzpSvf+uAgZw==,Magicbricks,https://www.magicbricks.com/property-details/3-BHK-2100-Sq-ft-Multistorey-Apartment-FOR-Rent-in-Chandigarh&id=4d423834303437303833,2026-04-19 13:51:15,30.656788,76.82119203,,Manzil Real Estate,"PR-7 Airport road,zirakpur",,,,Apartment,Semi-Furnished,12,13,North - West,2100,Sq-ft,New Construction,"Its a Mivan construction 3 BHK apartment is available on rent in Zirakpur Chandigarh right away. The apartment is available at an affordable rental price of ₹42,000. The flat comes with power back up, reserved parking, security, service/goods lift, air conditioned, intercom facility. The full address of the apartment is PR-7 Airport Road Zirakpur.",42000,42000,,20,3,,No,No,No,"Air Conditioned, Banquet Hall, Bar/Lounge, Jogging and Strolling Track",False,True,Agent,76,Immediately,2026-04-16T23:45:22.000Z,"Apr 17, '26",True
2p7awj4i+p9zpSvf+uAgZw==,Magicbricks,https://www.magicbricks.com/property-details/3-BHK-1885-Sq-ft-Multistorey-Apartment-FOR-Rent-Zirakpur-in-Chandigarh&id=4d423635333932373739,2026-04-19 13:51:15,30.656788,76.82119203,,Zirakpur,zirkapur,"19201|Mk Technology Park, 19202|Atticus International School, 19202|V.B. International Senior Secondary School, 19206|Tricity Square, 19206|Chandigarh Citi Centre",,,Apartment,Unfurnished,4,15,North - East,1885,Sq-ft,Less than 5 years,with great reachability and accessibility it is one of the best places to reside in zirakpur the project is spread over 11 acres offer residential.it is strategically lacated on Chandigarh ambala highway with 35 wide road it promises opennse. and fres air,50000,75000,0,27,3,"1 Covered, 1 Open",No,No,No,"Air Conditioned, Banquet Hall, Bar/Lounge, Jogging and Strolling Track",True,True,Agent,78,Immediately,2026-04-16T23:45:21.000Z,"Apr 17, '26",True
gSayuTZOynRzpSvf+uAgZw==,Magicbricks,https://www.magicbricks.com/property-details/3-BHK-1500-Sq-ft-Multistorey-Apartment-FOR-Rent-in-Chandigarh&id=4d423832343135303633,2026-04-19 13:51:15,,,,Raghav Estates,"Chandigarh, Chandigarh",,,,Apartment,Unfurnished,2,3,North - East,,,10 to 15 years,"second floor 3 BHK with attached washrooms is available for rent preferably MNC and Bank family. Grab the chance to own this affordable 3 BHK flat for rent in the area. The rent of the 3 BHK flat is ₹55,000. Located on the 2 floor, the flat comprises 2 bathrooms, 2 balcony, and has a carpet area of 1500 sqft. The apartment comes furnished with power back up, reserved parking, security.",55000,110000,,,2,,No,No,No,,False,True,Agent,66,Immediately,2026-04-17T23:45:21.000Z,Yesterday,True
GsLYaQcRBslzpSvf+uAgZw==,Magicbricks,https://www.magicbricks.com/property-details/3-BHK-2100-Sq-ft-Multistorey-Apartment-FOR-Rent-Zirakpur-in-Chandigarh&id=4d423832383535323537,2026-04-19 13:51:15,30.656788,76.82119203,,Zirakpur,"Zirakpur,Chandigarh","19201|Mk Technology Park, 19202|Atticus International School, 19202|Maya International School, 19206|Chandigarh Citi Centre, 19206|Tricity Square",,,Apartment,Semi-Furnished,6,12,North - East,2100,Sq-ft,5 to 10 years,"3bhk semi furnished flat for rent 4 split ac 4 geyser ro gas stove microwave oven dish washer friedge curtain rod power back up swimming pool club house gym A beautiful 3 BHK flat is available for rent in Zirakpur. ₹42,500 is the monthly rent of this 3 BHK flat. Get access to smart facilities such as 3 Wardrobe, Microwave, 4 AC and Gas Connection simply by choosing this flat for rent. The apartment is on the 6 floor, has a carpet area of 1750 sqft with 3 bathrooms and 3 balcony. 1 Covered, 1 Open parking space is also available. The flat comes with power back up, reserved parking, security. The flat can be visited at PR-7 Airport Road Zirakpur.",42500,42500,0,20,3,"1 Covered, 1 Open",Yes,No,No,Jogging and Strolling Track,False,True,Agent,100,Immediately,2026-04-17T23:45:20.000Z,Yesterday,True
V91OeKTa4WJzpSvf+uAgZw==,Magicbricks,https://www.magicbricks.com/property-details/3-BHK-1400-Sq-ft-Multistorey-Apartment-FOR-Rent-Sector-49-in-Chandigarh&id=4d423832373238393831,2026-04-19 13:51:15,30.6929607,76.7524087,,Sector-49,super enclave,,,,Apartment,Furnished,1,3,East,1400,Sq-ft,5 to 10 years,"3 BHK apartment is available on rent in Sector 49 Chandigarh right away. The multistorey apartment is available at rent of ₹45,000. The flat is located on the 1 floor which includes 2 bathrooms, 3 balcony, and covers a carpet area of 1100 sqft. This flat is located at super enclave, Sector 49, Chandigarh, Chandigarh.",45000,,,32,2,,No,No,No,,True,True,Agent,58,Immediately,2026-04-18T23:45:32.000Z,Today,True
ZQ9TahX87s9zpSvf+uAgZw==,Magicbricks,https://www.magicbricks.com/property-details/3-BHK-2100-Sq-ft-Multistorey-Apartment-FOR-Rent-Zirakpur-in-Chandigarh&id=4d423831323135373733,2026-04-19 13:51:15,30.656788,76.82119203,,Zirakpur,On Airport Road,"19201|Mk Technology Park, 19202|V.B. International Senior Secondary School, 19202|St. Xaviers International School, 19206|Chandigarh Citi Centre, 19206|Tricity Square",,,Apartment,Semi-Furnished,6,13,East,2100,Sq-ft,New Construction,"3 BHK flat is available for rent in Zirakpur immediately. ₹45,000 is the monthly rent of this 3 BHK flat. The apartment is on the 6 floor, has a carpet area of 1110 sqft with 3 bathrooms and 3 balcony. There is also facility of 1 Covered parking. The residence includes power back up, reserved parking, security, service/goods lift, visitor parking. Visit the flat at PR-7 Airport Road Zirakpur.",45000,45000,0,21,3,1 Covered,No,No,No,"Banquet Hall, Bar/Lounge, Jogging and Strolling Track, Outdoor Tennis Courts",False,True,Agent,100,Immediately,2026-04-16T23:45:22.000Z,"Apr 17, '26",True
iRjvhdo2d2ZzpSvf+uAgZw==,Magicbricks,https://www.magicbricks.com/property-details/3-BHK-2100-Sq-ft-Multistorey-Apartment-FOR-Rent-in-Chandigarh&id=4d423833303734393037,2026-04-19 13:51:15,30.656788,76.82119203,,Madaan Property Consultant,Madaan Properties,,,,Apartment,Semi-Furnished,5,13,North - East,2100,Sq-ft,New Construction,"3bhk flat in green lotus Utsav 3 BHK flat is available for rent in Zirakpur immediately. You can get this flat at monthly rent of ₹42,500. Located on the 5 floor, the flat comprises 3 bathrooms, 3 balcony, and has a covered area of 2100 sqft. This property offers power back up, reserved parking, security, service/goods lift, air conditioned, intercom facility, ro water system. You can visit the flat at PR-7 Airport Road Zirakpur.",42500,42500,,20,3,,No,No,No,"Air Conditioned, Banquet Hall, Bar/Lounge, Jogging and Strolling Track",False,True,Agent,78,Immediately,2026-03-31T07:59:35.000Z,"Mar 31, '26",True
Pjbch/Eb0bVzpSvf+uAgZw==,Magicbricks,https://www.magicbricks.com/property-details/3-BHK-2100-Sq-ft-Multistorey-Apartment-FOR-Rent-Zirakpur-in-Chandigarh&id=4d423834323536323737,2026-04-19 13:51:15,30.656788,76.82119203,,Zirakpur,PR-7 Airport Road Zirakpur,"19201|Mk Technology Park, 19202|Atticus International School, 19202|St. Xaviers International School, 19206|Tricity Square, 19206|Chandigarh Citi Centre",,,Apartment,Semi-Furnished,8,13,North - East,2100,Sq-ft,2015,"Luxury 3bhk with MIVAN Construction 2100 sq ft.. Brand new Apartment For Rent In Green Lotus Utsav Fitted With 4 Ac, Geysers, Chimney, RO, Microwave, Dishwasher , Refrigrator , Fans, Lights etc.. 3 BHK apartment is available on rent in Zirakpur Chandigarh right away. The multistorey apartment is available at rent of ₹42,000. 3 Wardrobe, Microwave, 4 AC and Fridge are some of the additional amenities available with the apartment. The apartment is on the 8 floor, has a carpet area of 1200 sqft with 3 bathrooms and 3 balcony. 1 Covered parking space is also available. This flat is fitted with power back up, reserved parking, security. Visit the apartment at PR-7 Airport Road Zirakpur.",42000,42000,0,20,3,1 Covered,Yes,No,No,Jogging and Strolling Track,True,True,Agent,78,Immediately,2026-04-16T05:08:35.000Z,"Apr 16, '26",True
BtBNdkEqnspzpSvf+uAgZw==,Magicbricks,https://www.magicbricks.com/property-details/3-BHK-1500-Sq-ft-Builder-Floor-Apartment-FOR-Rent-Sector-23-in-Chandigarh&id=4d423632323034393839,2026-04-19 13:51:15,30.7396066,76.766835,,Sector 23,"Chandigarh, Chandigarh",,,,Builder Floor Apartment,Furnished,2,3,North - East,1500,Sq-ft,New Construction,8 Marla newly built full furnished 3 bhk 2 bath 2nd floor furnished with AC Fridge double beds sofa RO washing machine geyser led lights fans chimney Modular kitchen for working Girl s family contact The TRI city property consultant chd,50000,,,33,2,,No,No,No,"Visitor Parking, Laundry Service, Jogging and Strolling Track, Outdoor Tennis Courts",False,True,Agent,78,Immediately,2026-04-18T12:06:56.000Z,Yesterday,True
Xp3wTas15oBzpSvf+uAgZw==,Magicbricks,https://www.magicbricks.com/property-details/3-BHK-10-Marla-Builder-Floor-Apartment-FOR-Rent-Sector-27-in-Chandigarh&id=4d423834323939373839,2026-04-19 13:51:15,30.7231259,76.7985669,,Sector 27,"Chandigarh, Chandigarh","19202|New Public Schools, 19202|Bhavan Vidyalaya",,,Builder Floor Apartment,Furnished,3,3,,10,Marla,10 to 15 years,"If you are searching a 3 BHK apartment for rent in Sector 27, check out this amazing rental flat. The rent of the 3 BHK flat is ₹45,000. Located on the 3 floor, the flat comprises 2 bathrooms, 3 balcony, and has a carpet area of 10 marla. The property features air conditioned. The flat can be visited at Sector 27, Chandigarh, Chandigarh.",45000,90000,,17,2,,No,No,No,Air Conditioned,True,True,Agent,61,Immediately,2026-04-18T09:47:37.000Z,Yesterday,True
dTW7sM0+6V1zpSvf+uAgZw==,Magicbricks,https://www.magicbricks.com/property-details/3-BHK-1890-Sq-ft-Builder-Floor-Apartment-FOR-Rent-Sector-43-in-Chandigarh&id=4d423834323733323333,2026-04-19 13:51:15,30.7193257,76.7480805,,Sector 43,111000.,,111000,,Builder Floor Apartment,Semi-Furnished,2,2,South - East,1890,Sq-ft,Less than 5 years,"3 bedrooms attached bathrooms drawing dining modular kitchen top location available for family Check out this newly constructed 3 BHK flat on rent in the prime location of Sector 43 Chandigarh. Available at a rental price of ₹55,000, this 3 BHK flat is worth considering. The flat is located on the 2 floor which includes 3 bathrooms, 2 balcony, and covers a carpet area of 1650 sqft. The property features reserved parking, visitor parking. Visit the flat at 111000., Sector 43, Chandigarh, Chandigarh.",55000,,,29,3,,No,No,No,Visitor Parking,False,True,Agent,78,Immediately,2026-04-17T03:34:46.000Z,"Apr 17, '26",True
u87cf8Hm8pZzpSvf+uAgZw==,Magicbricks,https://www.magicbricks.com/property-details/3-BHK-2525-Sq-ft-Multistorey-Apartment-FOR-Rent-Zirakpur-in-Chandigarh&id=4d423834313432363737,2026-04-19 13:51:15,30.656788,76.82119203,,Zirakpur,PR-7 Airport Road Zirakpur,"19201|Mk Technology Park, 19202|St. Xaviers International School, 19202|V.B. International Senior Secondary School, 19206|Tricity Square, 19206|Chandigarh Citi Centre",,,Apartment,Semi-Furnished,5,13,East,2525,Sq-ft,New Construction,"Grab the chance to own this affordable 3 BHK flat for rent in the Zirakpur area. This 3 BHK flat can be availed at the rental price of ₹55,000. The residents of the flat have access to additional facilities such as 4 Wardrobe, Fridge, Microwave, 4 AC and Gas Connection. Located on the 5 floor, the flat comprises 3 bathrooms, 2 balcony, and has a carpet area of 1346 sqft. You will also find 1 Covered parking facility. The apartment comes furnished with power back up, reserved parking, security. The flat can be visited at PR-7 Airport Road Zirakpur.",55000,55000,0,22,3,1 Covered,Yes,No,No,Jogging and Strolling Track,True,True,Agent,80,Immediately,2026-04-08T10:18:13.000Z,"Apr 08, '26",True
b/vgGqjdWXBzpSvf+uAgZw==,Magicbricks,https://www.magicbricks.com/property-details/3-BHK-2156-Sq-ft-Builder-Floor-Apartment-FOR-Rent-Sector-38-in-Chandigarh&id=4d423834323337353233,2026-04-19 13:51:15,30.7456844,76.7437522,,Sector-38,"Chandigarh, Chandigarh",,,,Builder Floor Apartment,Semi-Furnished,2,3,North - East,2156,Sq-ft,New Construction,"newly built 10 marla 3bhk is available for rent at a very prime locality in sector 38 chandigarh. FOR MORE DETAILS OR TO SCHEDULE A VISIT PLEASE CONTACT US. You can explore this 3 BHK flat on rent in Sector 38 Chandigarh. The 3 BHK apartment is available at a reasonable rent of ₹47,000. Located on the 2 floor, the flat comprises 2 bathrooms, 3 balcony, and has a carpet area of 2772 sqft. Visit the flat at Sector 38, Chandigarh, Chandigarh.",47000,,,22,2,,No,No,No,,False,True,Agent,60,Immediately,2026-04-14T15:44:03.000Z,"Apr 14, '26",True
JwKWYzu7w3VzpSvf+uAgZw==,Magicbricks,https://www.magicbricks.com/property-details/3-BHK-2400-Sq-ft-Builder-Floor-Apartment-FOR-Rent-Sector-38-in-Chandigarh&id=4d423739373137383235,2026-04-19 13:51:15,30.7456844,76.7437522,,Sector-38,2799.,,,,Builder Floor Apartment,Semi-Furnished,2,2,South - East,2400,Sq-ft,New Construction,"This is newly built top floor of one kanal house which has three bedrooms drawing dinning and three attached baths. Can be furnished on demand too. Suitable for family. If you are planning to rent a flat, you can consider this 3 BHK flat situated in the prime location of Sector 38. This 3 BHK flat is available at the reasonable rent amount of ₹50,000. Get access to smart facilities such as 3 AC and 3 Wardrobe simply by choosing this flat for rent. The flat is on the 2 floor and includes 3 bathrooms, 2 balcony with a carpet area of 2400 sqft. The property includes 2 Open parking. This flat is fitted with security. Visit the apartment at 2799., Sector 38, Chandigarh, Chandigarh.",50000,50000,0,21,3,2 Open,No,No,Yes,Jogging and Strolling Track,True,True,Agent,96,Immediately,2026-04-03T03:51:22.000Z,"Apr 03, '26",True
E/SmKbEUce5zpSvf+uAgZw==,Magicbricks,https://www.magicbricks.com/property-details/3-BHK-1700-Sq-ft-Builder-Floor-Apartment-FOR-Rent-Sector-20A-in-Chandigarh&id=4d423834303930373133,2026-04-19 13:51:15,30.723663,76.781827,,OM Properties,sector 20,,,,Builder Floor Apartment,Furnished,2,3,North - East,1700,Sq-ft,New Construction,"Sec,203bhk2bath2nd floor New house Fully furnished A beautiful 3 BHK flat is available for rent in Sector 20A. Available at a rental price of ₹50,000, this 3 BHK flat is worth considering. Located on the 2 floor, the flat comprises 2 bathrooms, 2 balcony, and has a carpet area of 2500 sqft. The property includes 1 Covered, 1 Open parking. This flat is fitted with reserved parking. Visit the flat at sector 20, Sector 20A, Chandigarh, Chandigarh.",50000,50000,0,29,2,"1 Covered, 1 Open",No,No,No,,True,True,Agent,100,Immediately,2026-04-05T16:04:05.000Z,"Apr 05, '26",True
MlFmXn3ZGkdzpSvf+uAgZw==,Magicbricks,https://www.magicbricks.com/property-details/3-BHK-10-Marla-Builder-Floor-Apartment-FOR-Rent-Sector-44-in-Chandigarh&id=4d423834313930313237,2026-04-19 13:51:15,30.7127179,76.7524087,,Sector-44,house no.3333,,,,Builder Floor Apartment,Semi-Furnished,2,2,North - East,10,Marla,New Construction,"Newly Built second floor 3bhk 3bath semi furnished available for rent beautiful location. call for more details Find this 3 BHK rental flat in Sector 44 Chandigarh. This 3 BHK flat can be availed at the rental price of ₹55,000. The flat is on the 2 floor and includes 3 bathrooms, 2 balcony with a carpet area of 1850 sqft. The property features power back up, reserved parking, visitor parking. The full address of the apartment is house no.3333, Sector 44, Chandigarh, Chandigarh.",55000,,,20,3,,No,No,No,Visitor Parking,True,True,Agent,73,Immediately,2026-04-11T03:56:23.000Z,"Apr 11, '26",True
oM2Hm59duMBzpSvf+uAgZw==,Magicbricks,https://www.magicbricks.com/property-details/3-BHK-2100-Sq-ft-Multistorey-Apartment-FOR-Rent-in-Chandigarh&id=4d423833373638393837,2026-04-19 13:51:15,30.656788,76.82119203,,Sunrise Property,"Chandigarh, Chandigarh",,,,Apartment,Semi-Furnished,6,13,,2100,Sq-ft,5 to 10 years,"You can avail the 3 BHK flat for rent in the well-known location of Zirakpur. This 3 BHK flat can be availed at the rental price of ₹42,000. The flat can be visited at PR-7 Airport Road Zirakpur.",42000,,,20,3,,No,No,No,,True,True,Agent,32,Immediately,2026-03-13T11:58:50.000Z,"Mar 13, '26",True
S9OrkqioUalzpSvf+uAgZw==,Magicbricks,https://www.magicbricks.com/property-details/3-BHK-2500-Sq-ft-Builder-Floor-Apartment-FOR-Rent-Sector-37-in-Chandigarh&id=4d423832363437333733,2026-04-19 13:51:15,30.7378169,76.7495233,,Sector-37,Sector 37A,,,,Builder Floor Apartment,Furnished,1,3,North - East,2500,Sq-ft,5 to 10 years,"Available for Rent in Sector 37A, Chandigarh3bedroom with 3 WashroomSemi furnishedNewly builtupspacious room,Wide balconies,Huge parkingBeautiful builtupPeacefull Location,Surrounded by best commercial hubs and Educational hubs,Contact us for more details.",55000,55000,0,22,3,"1 Covered, 2 Open",No,No,No,,True,True,Agent,100,Immediately,2026-04-08T11:46:07.000Z,"Apr 08, '26",True
K1AgHQA9AMpzpSvf+uAgZw==,Magicbricks,https://www.magicbricks.com/property-details/3-BHK-5000-Sq-ft-Builder-Floor-Apartment-FOR-Rent-Sector-18-in-Chandigarh&id=4d423833383130363239,2026-04-19 13:51:15,30.7347851,76.7884713,,Sector 18,"Chandigarh, Chandigarh","19202|Stepping Stones Sr. Sec. School, 19202|Saint Thomas - Cni School",,,Builder Floor Apartment,Semi-Furnished,1,2,East,5000,Sq-ft,15 to 20 years,"1 kanal independent first floor has 3 bedroom attached two bathroom, drawing, dinning, kitchen, airy sunny rooms. Check out this newly constructed 3 BHK flat on rent in the prime location of Sector 18 Chandigarh. ₹50,000 is the monthly rent of this 3 BHK flat. The apartment is on the 1 floor, has a carpet area of 3000 sqft with 2 bathrooms and 2 balcony. 1 Open parking facility are also available. This home provides power back up, reserved parking, air conditioned, ro water system. The flat can be visited at Sector 18, Chandigarh, Chandigarh.",50000,50000,0,10,2,1 Open,No,No,No,"Air Conditioned, RO Water System",True,True,Agent,95,Immediately,2026-03-16T16:13:08.000Z,"Mar 16, '26",True
jBNJzHAmK3pzpSvf+uAgZw==,Magicbricks,https://www.magicbricks.com/property-details/3-BHK-2100-Sq-ft-Multistorey-Apartment-FOR-Rent-in-Chandigarh&id=4d423833393836313331,2026-04-19 13:51:15,30.656788,76.82119203,,Wisdom Properties,"Chandigarh, Chandigarh",,,,Apartment,Semi-Furnished,4,14,East,2100,Sq-ft,,"Semi Furnished 3 BHK Brand new flat 2100 SQ Ft for Rent Mivan Construction with 5 Split ACs , Geyser in all washrooms , Complete modular kitchen You can avail the 3 BHK flat for rent in the well-known location of Zirakpur. You can get this flat at monthly rent of ₹44,000. Located on the 4 floor, the flat comprises 3 bathrooms, 3 balcony, and has a covered area of 2100 sqft. The property features power back up, reserved parking, security, service/goods lift, air conditioned, intercom facility, ro water system. You can visit the flat at PR-7 Airport Road Zirakpur.",44000,44000,,21,3,,No,No,No,"Air Conditioned, Banquet Hall, Bar/Lounge, Jogging and Strolling Track",True,True,Agent,48,Immediately,2026-03-29T10:21:12.000Z,"Mar 29, '26",True
2r6PaaJIwF1zpSvf+uAgZw==,Magicbricks,https://www.magicbricks.com/property-details/3-BHK-2000-Sq-ft-Builder-Floor-Apartment-FOR-Rent-Sector-27-in-Chandigarh&id=4d423830303638303233,2026-04-19 13:51:15,30.7231259,76.7985669,,Sector 27,"Chandigarh, Chandigarh","19202|Bhavan Vidyalaya, 19202|Moti Ram Arya School",,,Builder Floor Apartment,Furnished,2,2,North,2000,Sq-ft,New Construction,"Newly built 3 bhk 2 bath fully furnished second floor prime location near market sector 27 3 BHK flat is available for rent in Sector 27 immediately. The rent of the 3 BHK flat is ₹45,000. The flat is located on the 2 floor which includes 2 bathrooms, 2 balcony, and covers a carpet area of 1200 sqft. The residence includes reserved parking, air conditioned, intercom facility, ro water system. The full address of the apartment is Sector 27, Chandigarh, Chandigarh.",45000,45000,100,22,2,,No,No,No,"Air Conditioned, Laundry Service, Internet/Wi-Fi Connectivity, Banquet Hall",False,True,Agent,61,Immediately,2026-03-13T06:51:03.000Z,"Mar 13, '26",True
tAUCJQA9EFhzpSvf+uAgZw==,Magicbricks,https://www.magicbricks.com/property-details/3-BHK-1800-Sq-ft-Multistorey-Apartment-FOR-Rent-Khara-Mohali-in-Chandigarh&id=4d423834313837353039,2026-04-19 13:51:15,30.7488819,76.6413581,,Khara Mohali,"Chandigarh, Chandigarh","19202|Bsm Sikh Girls High School, 19202|Henderson Jubilee Senior Secondary School, 19206|EasyDay Club",,,Apartment,Furnished,6,12,,1800,Sq-ft,New Construction,"Grab the chance to own this affordable 3 BHK flat for rent in the Khara Mohali area. ₹45,000 is the monthly rent of this 3 BHK flat. Located on the 6 floor, the flat has 3 bathrooms, 3 balcony in covered area of 1800 sqft. You can visit the flat at Khara Mohali, Chandigarh, Chandigarh. Do not pay any brokerage fee for this 3 BHK rental flat since the property ad is posted by the flat owner.",45000,,,25,3,,No,No,No,,False,False,Owner,59,Immediately,2026-04-10T13:47:32.000Z,"Apr 10, '26",True
v+WkOGaC8ghzpSvf+uAgZw==,Magicbricks,https://www.magicbricks.com/property-details/3-BHK-1600-Sq-ft-Builder-Floor-Apartment-FOR-Rent-Sector-35-in-Chandigarh&id=4d423834323231333839,2026-04-19 13:51:15,30.7261629,76.7596221,,Sector-35,"Chandigarh, Chandigarh","19202|Shivalik Public School, 19202|Sri Guru Gobind Singh Senior Secondary School, 19206|Piccadily Square Mall",,,Builder Floor Apartment,Unfurnished,2,3,East,1600,Sq-ft,Above 20 years,"14 Marla first floor If you are searching a 3 BHK apartment for rent in Sector 35, check out this amazing rental flat. The 3 BHK apartment is available at a reasonable rent of ₹40,035. Located on the 2 floor, the flat comprises 3 bathrooms, 2 balcony, and has a carpet area of 1100 sqft. This flat is fitted with power back up, reserved parking, security. The apartment is located at Sector 35, Chandigarh, Chandigarh.",40035,40000,,25,3,,No,No,No,,True,True,Agent,50,Immediately,2026-04-13T12:07:05.000Z,"Apr 13, '26",True
l+9Qy4mUTIxzpSvf+uAgZw==,Magicbricks,https://www.magicbricks.com/property-details/3-BHK-2250-Sq-ft-Multistorey-Apartment-FOR-Rent-Sector-40-in-Chandigarh&id=4d423831323430303231,2026-04-19 13:51:15,30.7363236,76.7350951,,Sector 40,"Chandigarh, Chandigarh",,,,Apartment,Furnished,2,2,East,2250,Sq-ft,Less than 5 years,"2bhk fully furnished Find 3 BHK flat for rent in Sector 40 Chandigarh. The 3 BHK apartment is available at a reasonable rent of ₹48,000. Located on the 2 floor, the flat has 3 bathrooms, 2 balcony in carpet area of 2250 sqft. This property offers air conditioned, ro water system. This flat is located at Sector 40, Chandigarh, Chandigarh.",48000,48000,,21,3,,No,No,No,"Air Conditioned, RO Water System",True,True,Agent,59,Immediately,2026-02-23T11:32:34.000Z,"Feb 23, '26",True
DTFsi51mV+dzpSvf+uAgZw==,Magicbricks,https://www.magicbricks.com/property-details/3-BHK-1850-Sq-ft-Multistorey-Apartment-FOR-Rent-Sector-48-in-Chandigarh&id=4d423831343537373039,2026-04-19 13:51:15,30.6879114,76.7581794,,Sector 48,sector 48a chad,19202|Banyan Tree School,,,Apartment,Semi-Furnished,1,2,,1850,Sq-ft,5 to 10 years,"Grab the chance to own this affordable 3 BHK flat for rent in the Sector 48 area. The Rent amount of this 3 BHK apartment is set at an attractive price of ₹45,000. Located on the 1 floor, the flat has 2 bathrooms, 3 balcony in carpet area of 1700 sqft. You can visit the flat at sector 48a chad, Sector 48, Chandigarh, Chandigarh. This 3 BHK apartment ad is listed by the owner, so there is no brokerage fee.",45000,,,24,2,,No,No,No,,False,False,Owner,46,Immediately,2026-02-05T13:46:57.000Z,"Feb 05, '26",True
plvXWDkRlitzpSvf+uAgZw==,Magicbricks,https://www.magicbricks.com/property-details/3-BHK-2200-Sq-ft-Multistorey-Apartment-FOR-Rent-Sector-48-in-Chandigarh&id=4d423639363530353339,2026-04-19 13:51:15,30.6879114,76.7581794,,Sector 48,"2006,Sector 48C",19202|Banyan Tree School,,,Apartment,Furnished,3,3,North,2200,Sq-ft,5 to 10 years,"Property is well maintained with all amenities. Just bring your kitchen utensils and clothes You can explore this 3 BHK flat on rent in Sector 48 Chandigarh. The Rent amount of this 3 BHK apartment is set at an attractive price of ₹45,000. Located on the 3 floor, the flat has 2 bathrooms, 2 balcony in carpet area of 1650 sqft. The residence includes reserved parking, security. Find this apartment at 2006,Sector 48C, Sector 48, Chandigarh, Chandigarh. You can find the 3 BHK flat without any brokerage.",45000,,,20,2,,No,No,Yes,Jogging and Strolling Track,False,False,Owner,78,Immediately,2026-02-23T22:30:30.000Z,"Feb 24, '26",True
EizX6UhVnGtzpSvf+uAgZw==,Magicbricks,https://www.magicbricks.com/property-details/3-BHK-1500-Sq-ft-Builder-Floor-Apartment-FOR-Rent-Sector-7-in-Chandigarh&id=4d423735333836323135,2026-04-19 13:51:15,30.7350091,76.8043355,,Sector 7,"Chandigarh, Chandigarh",,,,Builder Floor Apartment,Furnished,2,3,,1500,Sq-ft,,"Find 3 BHK flat for rent in Sector 7 Chandigarh. The rent of the 3 BHK flat is ₹55,000. Find this apartment at Sector 7, Chandigarh, Chandigarh. There are no brokerage fees on this 3 BHK multistorey apartment.",55000,,,37,3,,No,No,No,,False,False,Owner,0,Immediately,2026-03-24T07:43:48.000Z,"Mar 24, '26",True
m/kISsMq4j1zpSvf+uAgZw==,Magicbricks,https://www.magicbricks.com/property-details/3-BHK-1300-Sq-ft-Multistorey-Apartment-FOR-Rent-in-Chandigarh&id=4d423833363430353531,2026-04-19 13:51:15,,,,VARUN,"Chandigarh, Chandigarh",,,,Apartment,Semi-Furnished,2,3,,1300,Sq-ft,New Construction,"It has park facing, single lane, top floor newly constructed. 3 BHK flat is available for rent in immediately. The apartment is available at an affordable rental price of ₹45,000. Located on the 2 floor, the flat comprises 2 bathrooms, 1 balcony, and has a carpet area of 1200 sqft. This 3 BHK rental flat comes with no brokerage fees.",45000,90000,1,35,2,,No,No,No,,False,False,Owner,70,Immediately,2026-03-05T02:28:46.000Z,"Mar 05, '26",True
tYE8SUcI8IhzpSvf+uAgZw==,Magicbricks,https://www.magicbricks.com/property-details/3-BHK-2525-Sq-ft-Multistorey-Apartment-FOR-Rent-in-Chandigarh&id=4d423834303437313137,2026-04-19 13:51:15,30.656788,76.82119203,,Manzil Real Estate,"PR-7 Airport road,Zirakpur",,,,Apartment,Semi-Furnished,3,13,North - West,2525,Sq-ft,New Construction,"Its a Mivan construction A beautiful 3 BHK flat is available for rent in Zirakpur. ₹49,000 is the monthly rent of this 3 BHK flat. The flat is on the 3 floor and includes 3 bathrooms, 3 balcony with a covered area of 2525 sqft. This unit is designed with power back up, reserved parking, security, service/goods lift, air conditioned, intercom facility, ro water system. You can visit the flat at PR-7 Airport Road Zirakpur.",49000,49000,,19,3,,No,No,No,"Air Conditioned, Banquet Hall, Bar/Lounge, Jogging and Strolling Track",False,True,Agent,78,Immediately,2026-04-16T23:45:22.000Z,"Apr 17, '26",True
UveSCU4FPiRzpSvf+uAgZw==,Magicbricks,https://www.magicbricks.com/property-details/3-BHK-1885-Sq-ft-Multistorey-Apartment-FOR-Rent-Zirakpur-in-Chandigarh&id=4d423631343838323937,2026-04-19 13:51:15,30.656788,76.82119203,,Zirakpur,ambala chandigarh highway,"19201|Mk Technology Park, 19202|V.B. International Senior Secondary School, 19202|Maya International School, 19206|Tricity Square, 19206|Chandigarh Citi Centre",,,Apartment,Furnished,5,13,North - East,1885,Sq-ft,New Construction,"no nearby consttuction 3 BHK flat is available for rent in Zirakpur immediately. The Rent amount of this 3 BHK apartment is set at an attractive price of ₹46,000. The flat is on the 5 floor and includes 3 bathrooms, 3 balcony with a carpet area of 1650 sqft. There is also facility of 1 Covered parking. This home provides power back up, reserved parking, security, service/goods lift, air conditioned, ro water system. The apartment is located at Bishangarh - Bishanpura, Gazipur, Zirakpur, Chandigarh.",46000,48000,0,24,3,1 Covered,No,No,No,"Air Conditioned, Internet/Wi-Fi Connectivity, Jogging and Strolling Track, Outdoor Tennis Courts",False,True,Agent,100,Immediately,2026-04-16T23:45:21.000Z,"Apr 17, '26",True
dk4mfkhNzdlzpSvf+uAgZw==,Magicbricks,https://www.magicbricks.com/property-details/2-BHK-1200-Sq-ft-Multistorey-Apartment-FOR-Rent-Sector-27-in-Chandigarh&id=4d423832323232383137,2026-04-19 13:51:15,30.7231259,76.7985669,,Sector 27,"Chandigarh, Chandigarh","19202|Moti Ram Arya School, 19202|Bhavan Vidyalaya",,,Apartment,Furnished,2,2,North - East,1200,Sq-ft,15 to 20 years,"Find this 2 BHK rental flat in Sector 27 Chandigarh. This 2 BHK flat can be availed at the rental price of ₹27,000. The flat is located on the 2 floor which includes 1 bathrooms, 2 balcony, and covers a carpet area of 1100 sqft. This property offers air conditioned. The flat can be visited at Sector 27, Chandigarh, Chandigarh. You can find the 2 BHK flat without any brokerage.",27000,,,22,1,,No,No,No,Air Conditioned,False,False,Owner,37,Immediately,2026-04-13T16:40:17.000Z,"Apr 13, '26",True
wqxYpCZkv9pzpSvf+uAgZw==,Magicbricks,https://www.magicbricks.com/property-details/2-BHK-1478-Sq-ft-Multistorey-Apartment-FOR-Rent-Zirakpur-in-Chandigarh&id=4d423830303036343839,2026-04-19 13:51:15,30.656788,76.82119203,,Zirakpur,Patiala highway,"19201|Mk Technology Park, 19202|St. Xaviers International School, 19202|V.B. International Senior Secondary School, 19206|Chandigarh Citi Centre, 19206|Tricity Square",,,Apartment,Semi-Furnished,4,12,North - East,1478,Sq-ft,New Construction,"Find 2 BHK flat for rent in Zirakpur Chandigarh. The 2 BHK apartment is available at a reasonable rent of ₹28,000. The flat is located on the 4 floor which includes 2 bathrooms, 3 balcony, and covers a carpet area of 829 sqft. 1 Covered parking facility are also available. The residence includes security. Visit the flat at Patiala Road, Zirakpur, Punjab.",28000,28000,0,19,2,1 Covered,No,No,No,,False,True,Agent,100,Immediately,2026-04-16T23:45:22.000Z,"Apr 17, '26",True
EFm15mBO75xzpSvf+uAgZw==,Magicbricks,https://www.magicbricks.com/property-details/2-BHK-2000-Sq-ft-Builder-Floor-Apartment-FOR-Rent-Sector-32-in-Chandigarh&id=4d423833343135353935,2026-04-19 13:51:15,30.7094569,76.77549,,Sector 32,ten Marla house,"19202|Saupin's School, 19202|Tender Heart School, 19206|Vishal Mega Mart",,,Builder Floor Apartment,Furnished,1,2,North - East,2000,Sq-ft,New Construction,"2bhk fully furnished preference for Service class Family only Check out this newly constructed 2 BHK flat on rent in the prime location of Sector 32 Chandigarh. The Rent amount of this 2 BHK apartment is set at an attractive price of ₹36,000. Located on the 1 floor, the flat has 2 bathrooms, 2 balcony in carpet area of 1800 sqft. This home provides power back up, reserved parking, security, air conditioned, intercom facility, ro water system. The flat can be visited at ten Marla house, Sector 32, Chandigarh, Chandigarh.",36000,36000,0,18,2,,No,No,No,"Air Conditioned, Laundry Service, Internet/Wi-Fi Connectivity, Jogging and Strolling Track",True,True,Agent,78,Immediately,2026-04-18T00:25:57.000Z,Yesterday,True
YCVs3UMyXAdzpSvf+uAgZw==,Magicbricks,https://www.magicbricks.com/property-details/2-BHK-8-Marla-Builder-Floor-Apartment-FOR-Rent-Sector-46-in-Chandigarh&id=4d423834323138353235,2026-04-19 13:51:15,30.7026207,76.7639499,,Sector 46,"Chandigarh, Chandigarh",,,,Builder Floor Apartment,Unfurnished,2,3,East,8,Marla,Less than 5 years,"8 Marla corner 2 BHK 2 Bath facing park ample car parking beautiful location nearby Market sector 46 Chandigarh contact, The Tricity Properties consultants, Chandigarh Find 2 BHK flat for rent in Sector 46 Chandigarh. The flat is available for rent at a competitive amount of ₹34,000. The flat is located on the 2 floor which includes 2 bathrooms, 2 balcony, and covers a carpet area of 1300 sqft. The apartment comes furnished with power back up, reserved parking, security, visitor parking. The flat can be visited at Sector 46, Chandigarh, Chandigarh.",34000,,,16,2,,No,No,No,"Visitor Parking, Laundry Service, Jogging and Strolling Track, Outdoor Tennis Courts",False,True,Agent,78,Immediately,2026-04-13T09:37:26.000Z,"Apr 13, '26",True
2qmkGbUIOmRzpSvf+uAgZw==,Magicbricks,https://www.magicbricks.com/property-details/2-BHK-2400-Sq-ft-Builder-Floor-Apartment-FOR-Rent-Sector-33-in-Chandigarh&id=4d423539393936353135,2026-04-19 13:51:15,30.7137743,76.769673,,Sector-33,"Chandigarh, Chandigarh","19201|Graycell Technologies, 19202|Kendriya Vidyalya Sangathan, 19202|Paragon Convent School, 19203|Landmark Hospital, 19203|Ayu Health Hospital",,,Builder Floor Apartment,Furnished,1,2,North - West,2400,Sq-ft,New Construction,"This is first floor of one Kanal house which is newly built and has two master bedrooms, drawing, dinning and two attached baths with modular kitchen. The place if furnished and is suitable for small family or executives.",40000,40000,0,17,2,3 Open,No,No,Yes,Jogging and Strolling Track,True,True,Agent,95,Immediately,2026-04-03T03:59:25.000Z,"Apr 03, '26",True
q8kqVYYDTpVzpSvf+uAgZw==,Magicbricks,https://www.magicbricks.com/property-details/2-BHK-1600-Sq-ft-Builder-Floor-Apartment-FOR-Rent-Sector-34-in-Chandigarh&id=4d423730383532353433,2026-04-19 13:51:15,30.7195549,76.7639499,,Sector-34,sector 34,"19202|Northridge International School, 19202|Kundan International School, 19203|Mukat Hospital And Heart Institute, 19206|Piccadilly Square Mall",,,Builder Floor Apartment,Semi-Furnished,1,3,North - East,1600,Sq-ft,Less than 5 years,"sector 34c 2bhk semi furnished Find this 2 BHK rental flat in Sector 34 Chandigarh. You can get this flat at monthly rent of ₹40,000. Located on the 1 floor, the flat has 2 bathrooms, 1 balcony in carpet area of 2200 sqft. There is also facility of 1 Open parking. This property offers reserved parking. Find this apartment at Sector 44, Chandigarh, Punjab .",40000,40000,0,25,2,1 Open,No,No,No,,True,True,Agent,100,Immediately,2026-02-20T06:53:05.000Z,"Feb 20, '26",True
sxNb50Ba2HVzpSvf+uAgZw==,Magicbricks,https://www.magicbricks.com/property-details/2-BHK-1500-Sq-ft-Builder-Floor-Apartment-FOR-Rent-Sector-44B-in-Chandigarh&id=4d423833393637343633,2026-04-19 13:51:15,30.712873,76.757203,,sandeep,"Chandigarh, Chandigarh",,,,Builder Floor Apartment,Unfurnished,1,3,,1500,Sq-ft,5 to 10 years,"10 Marla independent first floor 2bedroom attached bathroom drawing dinning kitchen airy sunny Rooms walking distance for daily needs near to school market etc Grab the chance to own this affordable 2 BHK flat for rent in the Sector 44B area. The flat is available for rent at a competitive amount of ₹30,000. The apartment is on the 1 floor, has a carpet area of 2500 sqft with 2 bathrooms and 2 balcony. Find this apartment at Sector 44B, Chandigarh, Chandigarh.",30000,,,20,2,,No,No,No,,True,True,Agent,52,Immediately,2026-03-27T12:52:33.000Z,"Mar 27, '26",True
g8PB2ixqZotzpSvf+uAgZw==,Magicbricks,https://www.magicbricks.com/property-details/2-BHK-1220-Sq-ft-Multistorey-Apartment-FOR-Rent-in-Chandigarh&id=4d423833353031313737,2026-04-19 13:51:15,30.656788,76.82119203,,Wisdom Properties,"Chandigarh, Chandigarh",,,,Apartment,Furnished,3,13,East,1220,Sq-ft,,"Fully furnished 2 BHK SQ ft flat on airport road Available on rent. it is Located on one of best maintained society on airport road with parks , Clubhouse fully Operational , Three tier security.This property is available on 3rd Floor",32000,32000,,26,2,,No,No,No,"Air Conditioned, Laundry Service, Banquet Hall, Jogging and Strolling Track",True,True,Agent,53,Immediately,2026-02-21T08:28:20.000Z,"Feb 21, '26",True
HwOlzM3HNk9zpSvf+uAgZw==,Magicbricks,https://www.magicbricks.com/property-details/2-BHK-1800-Sq-ft-Multistorey-Apartment-FOR-Rent-in-Chandigarh&id=4d423833303538353735,2026-04-19 13:51:15,,,,Siddharth mohindra,"Chandigarh, Chandigarh",,,,Apartment,Furnished,3,3,,1800,Sq-ft,,"Owner Free 2bhk for Girls and Families You can avail the 2 BHK flat for rent in the well-known location of housing Board. This 2 BHK flat is available at the reasonable rent amount of ₹27,000. Located on the 3 floor, the flat comprises 1 bathrooms, 1 balcony, and has a carpet area of 1500 sqft.",27000,27000,,15,1,,No,No,No,,True,True,Agent,58,Immediately,2026-04-17T23:45:20.000Z,Yesterday,True
5ir31JA2mztzpSvf+uAgZw==,Magicbricks,https://www.magicbricks.com/property-details/2-BHK-1300-Sq-ft-Builder-Floor-Apartment-FOR-Rent-Sector-37-in-Chandigarh&id=4d423834323033303533,2026-04-19 13:51:15,30.7378169,76.7495233,,Sector-37,"Chandigarh, Chandigarh",,,,Builder Floor Apartment,Unfurnished,2,3,North,1300,Sq-ft,2013,"Bank lease only Find this 2 BHK rental flat in Sector 37 Chandigarh. You can get this flat at monthly rent of ₹35,037. Located on the 2 floor, the flat comprises 2 bathrooms, 2 balcony, and has a carpet area of 850 sqft. The apartment comes furnished with power back up, air conditioned, ro water system. The flat can be visited at Sector 37, Chandigarh, Chandigarh.",35037,35000,,27,2,,No,No,No,"Air Conditioned, RO Water System",True,True,Agent,49,Immediately,2026-04-12T03:52:42.000Z,"Apr 12, '26",True
TjGBrDvic/pzpSvf+uAgZw==,Magicbricks,https://www.magicbricks.com/property-details/2-BHK-2000-Sq-ft-Builder-Floor-Apartment-FOR-Rent-Sector-33-in-Chandigarh&id=4d423732373933393331,2026-04-19 13:51:15,30.7137743,76.769673,,Sector-33,"Chandigarh, Chandigarh","19201|Graycell Technologies, 19202|Paragon Convent School, 19202|Kendriya Vidyalya Sangathan, 19203|Landmark Hospital, 19203|Ayu Health Hospital",,,Builder Floor Apartment,Unfurnished,2,2,North - East,2000,Sq-ft,2016,"Fully furnished Owner free builder floor in ideal location A beautiful 2 BHK flat is available for rent in Sector 33. This 2 BHK flat is available at the reasonable rent amount of ₹30,000. The flat is located on the 2 floor which includes 3 bathrooms, 2 balcony, and covers a carpet area of 1800 sqft. The flat comes with air conditioned. The flat can be visited at Sector 33, Chandigarh, Chandigarh.",30000,30000,,15,3,,No,No,No,Air Conditioned,True,True,Agent,66,Immediately,2026-03-11T06:48:36.000Z,"Mar 11, '26",True
IhJDpgpb8/pzpSvf+uAgZw==,Magicbricks,https://www.magicbricks.com/property-details/2-BHK-1270-Sq-ft-Multistorey-Apartment-FOR-Rent-Zirakpur-in-Chandigarh&id=4d423832303836383433,2026-04-19 13:51:15,30.656788,76.82119203,,Zirakpur,Airport Road,"19201|Mk Technology Park, 19202|St. Xaviers International School, 19202|Maya International School, 19206|Tricity Square, 19206|Chandigarh Citi Centre",,,Apartment,Unfurnished,1,12,East,1270,Sq-ft,Less than 5 years,"You can avail the 2 BHK flat for rent in the well-known location of Zirakpur. ₹27,000 is the monthly rent of this 2 BHK flat. The apartment is on the 1 floor, has a covered area of 1270 sqft with 2 bathrooms and 3 balcony. There is also facility of 1 Covered parking. This property includes 12 floor and provides Kids play area, Kids Play Pool With Water Slides benefits. This property offers power back up, reserved parking, security, service/goods lift, visitor parking. The full address of the apartment is PR7, 200 ft International Airport Road, Zirakpur, Chandigarh, Punjab.",27000,27000,0,21,2,1 Covered,Yes,No,No,"Service/Goods Lift, Visitor Parking, Laundry Service",False,True,Agent,100,Immediately,2026-04-16T23:45:22.000Z,"Apr 17, '26",True
WvW6x4TecgpzpSvf+uAgZw==,Magicbricks,https://www.magicbricks.com/property-details/2-BHK-1380-Sq-ft-Builder-Floor-Apartment-FOR-Rent-Sector-37-in-Chandigarh&id=4d423739303135313635,2026-04-19 13:51:15,30.7378169,76.7495233,,Sector-37,Marla house,,,,Builder Floor Apartment,Unfurnished,1,2,North - East,1380,Sq-ft,Less than 5 years,"2bhk semi furnished preference working family Grab the chance to own this affordable 2 BHK flat for rent in the Sector 37 area. The flat is available for rent at a competitive amount of ₹28,000. The flat is located on the 1 floor which includes 2 bathrooms, 2 balcony, and covers a carpet area of 1200 sqft. This flat is fitted with power back up, reserved parking, security, air conditioned, visitor parking, intercom facility, ro water system. The flat can be visited at Marla house, Sector 37, Chandigarh, Chandigarh.",28000,28000,0,20,2,,No,No,No,"Air Conditioned, Visitor Parking, Intercom Facility, RO Water System",True,True,Agent,83,Immediately,2026-04-18T00:22:31.000Z,Yesterday,True
XdrNuQkLZaxzpSvf+uAgZw==,Magicbricks,https://www.magicbricks.com/property-details/2-BHK-1500-Sq-ft-Builder-Floor-Apartment-FOR-Rent-Sector-40-in-Chandigarh&id=4d423733363735353333,2026-04-19 13:51:15,30.7363236,76.7350951,,Sector 40,2799.,,,,Builder Floor Apartment,Unfurnished,2,2,North - West,1500,Sq-ft,Less than 5 years,"Newly built two bedrooms drawing dinning with two attached baths and modular kitchen on top floor for suitable family Find this 2 BHK rental flat in Sector 40 Chandigarh. ₹30,000 is the monthly rent of this 2 BHK flat. The apartment is on the 2 floor, has a carpet area of 2100 sqft with 2 bathrooms and 2 balcony. You will also find 1 Open parking facility. This property offers security. The flat can be visited at 2799., Sector 40, Chandigarh, Chandigarh.",30000,30000,0,20,2,1 Open,No,No,Yes,Jogging and Strolling Track,True,True,Agent,98,Immediately,2026-04-03T03:57:05.000Z,"Apr 03, '26",True
O5MyLXfl/cFzpSvf+uAgZw==,Magicbricks,https://www.magicbricks.com/property-details/2-BHK-1700-Sq-ft-Builder-Floor-Apartment-FOR-Rent-Sector-22B-in-Chandigarh&id=4d423831373030333637,2026-04-19 13:51:15,30.734349,76.775905,,OM Properties,sector 22,,,,Builder Floor Apartment,Furnished,Ground,3,North,1700,Sq-ft,Less than 5 years,"sector 382 bhk 2 bathroomsfully furnished A beautiful 2 BHK flat is available for rent in Sector 22B. This 2 BHK flat can be availed at the rental price of ₹38,000. There is also facility of 1 Covered, 1 Open parking. The residence includes reserved parking. You can visit the flat at sector 22, Sector 22B, Chandigarh, Chandigarh.",38000,38000,0,22,2,"1 Covered, 1 Open",No,No,No,,True,True,Agent,100,Immediately,2026-02-20T06:57:32.000Z,"Feb 20, '26",True
XUiW4PwgG8BzpSvf+uAgZw==,Magicbricks,https://www.magicbricks.com/property-details/2-BHK-1800-Sq-ft-Builder-Floor-Apartment-FOR-Rent-Sector-32-in-Chandigarh&id=4d423833353635313731,2026-04-19 13:51:15,30.7094569,76.77549,,Sector 32,"Chandigarh, Chandigarh","19202|Saupin's School, 19202|Tender Heart School, 19206|Vishal Mega Mart",,,Builder Floor Apartment,Furnished,1,3,North - East,1800,Sq-ft,5 to 10 years,"200 sq yd fully furnished independent first floor 2bedroom attached bath drawing dinning modular kitchen airy sunny rooms Walking distance for daily needs Near to school hospital market etc 2 BHK flat is available for rent in Sector 32 immediately. The Rent amount of this 2 BHK apartment is set at an attractive price of ₹35,000. Located on the 1 floor, the flat comprises 2 bathrooms, 2 balcony, and has a carpet area of 1300 sqft. The property features reserved parking, security, air conditioned, ro water system. The apartment is located at Sector 32, Chandigarh, Chandigarh.",35000,35000,,19,2,,No,No,No,"Air Conditioned, RO Water System",True,True,Agent,73,Immediately,2026-02-26T10:03:30.000Z,"Feb 26, '26",True
xYlwQp78XnNzpSvf+uAgZw==,Magicbricks,https://www.magicbricks.com/property-details/2-BHK-1200-Sq-ft-Builder-Floor-Apartment-FOR-Rent-Sector-35-in-Chandigarh&id=4d423834323033303333,2026-04-19 13:51:15,30.7261629,76.7596221,,Sector-35,"Chandigarh, Chandigarh","19202|Shivalik Public School, 19202|St Peters Senior Secondary School, 19206|Piccadily Square Mall",,,Builder Floor Apartment,Unfurnished,2,3,North,1200,Sq-ft,2013,"First floor ownerfree for bank or govt setvice class A beautiful 2 BHK flat is available for rent in Sector 35. The apartment is available at an affordable rental price of ₹25,035. The flat is located on the 2 floor which includes 1 bathrooms, 2 balcony, and covers a carpet area of 700 sqft. This unit is designed with power back up, air conditioned, ro water system. The address is Sector 35, Chandigarh, Chandigarh.",25035,25000,,21,1,,No,No,No,"Air Conditioned, RO Water System",True,True,Agent,49,Immediately,2026-04-12T03:50:02.000Z,"Apr 12, '26",True
SezSLZ5IeJ9zpSvf+uAgZw==,Magicbricks,https://www.magicbricks.com/property-details/2-BHK-1900-Sq-ft-Builder-Floor-Apartment-FOR-Rent-Sector-44-in-Chandigarh&id=4d423732373933393535,2026-04-19 13:51:15,30.7127179,76.7524087,,Sector-44,"Chandigarh, Chandigarh",,,,Builder Floor Apartment,Furnished,2,2,North - East,1900,Sq-ft,New Construction,"Newly Built Independent and fully furnished builder floor in good location with car parking If you are searching a 2 BHK apartment for rent in Sector 44, check out this amazing rental flat. The multistorey apartment is available at rent of ₹30,000. The flat is on the 2 floor and includes 2 bathrooms, 2 balcony with a carpet area of 1700 sqft. This unit features air conditioned. Visit the apartment at Sector 44, Chandigarh, Chandigarh.",30000,30000,,16,2,,No,No,No,Air Conditioned,True,True,Agent,68,Immediately,2026-03-02T07:11:54.000Z,"Mar 02, '26",True
s/YZzjrugjxzpSvf+uAgZw==,Magicbricks,https://www.magicbricks.com/property-details/2-BHK-1800-Sq-ft-Builder-Floor-Apartment-FOR-Rent-Sector-38-in-Chandigarh&id=4d423833343234343837,2026-04-19 13:51:15,30.7456844,76.7437522,,Sector-38,Newly built,,,,Builder Floor Apartment,Semi-Furnished,1,2,North - East,1800,Sq-ft,New Construction,"Newly Renovated house 2bhk first floor preference Service class Small family Grab the chance to own this affordable 2 BHK flat for rent in the Sector 38 area. The flat is available for rent at a competitive amount of ₹30,000. Located on the 1 floor, the flat has 2 bathrooms, 2 balcony in carpet area of 1600 sqft. The property features power back up, reserved parking, security, service/goods lift, air conditioned, ro water system. Visit the flat at Newly built, Sector 38, Chandigarh, Chandigarh.",30000,30000,0,17,2,,Yes,No,No,"Service/Goods Lift, Air Conditioned, RO Water System",True,True,Agent,80,Immediately,2026-04-19T05:32:29.000Z,Today,True
YPq/cqpKplVzpSvf+uAgZw==,Magicbricks,https://www.magicbricks.com/property-details/2-BHK-1200-Sq-ft-Builder-Floor-Apartment-FOR-Rent-Sector-32A-in-Chandigarh&id=4d423636363331393539,2026-04-19 13:51:15,30.7120821,76.7747282,,Amit Properties,2799.,19206|Vishal Mega Mart,,,Builder Floor Apartment,Furnished,2,2,North - East,1200,Sq-ft,New Construction,"This is owner free second floor fully furnished two bedrooms drawing dinning with attached baths and modular kitchen.. Grab the chance to own this affordable 2 BHK flat for rent in the Sector 32A area. You can get this flat at monthly rent of ₹27,000. The residents of the flat have access to additional facilities such as 2 Wardrobe, 2 Bed, 1 TV, Fridge, Microwave, 3 AC, Sofa, Washing Machine, Dining Table and Gas Connection. Located on the 2 floor, the flat comprises 2 bathrooms, 2 balcony, and has a carpet area of 1200 sqft. 1 Open parking facility are also available. The apartment comes furnished with security. You can visit the flat at 2799., Sector 32A, Chandigarh, Chandigarh.",27000,27000,0,22,2,1 Open,No,No,Yes,Jogging and Strolling Track,True,True,Agent,98,Immediately,2026-04-03T03:55:47.000Z,"Apr 03, '26",True
KOLvbZYz4GxzpSvf+uAgZw==,Magicbricks,https://www.magicbricks.com/property-details/2-BHK-1800-Sq-ft-Builder-Floor-Apartment-FOR-Rent-Sector-22-in-Chandigarh&id=4d423739383334393135,2026-04-19 13:51:15,30.732999,76.7711626,,Sector-22,sector 22,"19202|Shishu Niketan Model Senior Secondary School, 19203|Civil Hospital, 19206|Shastri Market",,,Builder Floor Apartment,Furnished,Ground,3,North - East,1800,Sq-ft,Less than 5 years,"sector 37 2bhk 2 bathrooms fully furnished Find this 2 BHK rental flat in Sector 22 Chandigarh. This 2 BHK flat can be availed at the rental price of ₹37,000. There is also facility of 1 Open parking. This flat is fitted with reserved parking. Find this apartment at sector 22, Sector 22, Chandigarh, Chandigarh.",37000,37000,0,21,2,1 Open,No,No,No,,True,True,Agent,100,Immediately,2026-02-20T06:30:08.000Z,"Feb 20, '26",True
0BhM3UqRYq1zpSvf+uAgZw==,Magicbricks,https://www.magicbricks.com/property-details/2-BHK-2500-Sq-ft-Builder-Floor-Apartment-FOR-Rent-Sector-44-in-Chandigarh&id=4d423833363230393135,2026-04-19 13:51:15,30.7127179,76.7524087,,Sector-44,"Chandigarh, Chandigarh",,,,Builder Floor Apartment,Semi-Furnished,2,2,East,2500,Sq-ft,5 to 10 years,"Newly built 10 marla independent semi furnished 2nd floor 2bedroom attached bath drawing dinning modular kitchen airy sunny rooms Walking distance for daily needs Near to school hospital market. Find this 2 BHK rental flat in Sector 44 Chandigarh. The flat is available for rent at a competitive amount of ₹30,000. Located on the 2 floor, the flat comprises 2 bathrooms, 2 balcony, and has a carpet area of 1800 sqft. The flat comes with power back up, reserved parking, security, service/goods lift, air conditioned, intercom facility, ro water system. Visit the apartment at Sector 44, Chandigarh, Chandigarh.",30000,30000,,12,2,,No,No,No,"Air Conditioned, Internet/Wi-Fi Connectivity, RO Water System, Banquet Hall",True,True,Agent,73,Immediately,2026-03-02T16:29:21.000Z,"Mar 02, '26",True
kgjvtfdEKztzpSvf+uAgZw==,Magicbricks,https://www.magicbricks.com/property-details/2-BHK-1300-Sq-ft-Builder-Floor-Apartment-FOR-Rent-Sector-34-in-Chandigarh&id=4d423834313730373439,2026-04-19 13:51:15,30.7195549,76.7639499,,Sector-34,"Chandigarh, Chandigarh","19202|Northridge International School, 19202|Kundan International School, 19203|Mukat Hospital And Heart Institute, 19206|Piccadilly Square Mall",,,Builder Floor Apartment,Semi-Furnished,2,3,East,1300,Sq-ft,2013,"Second floor furnished 2 BHK apartment is available on rent in Sector 34 Chandigarh right away. The 2 BHK apartment is available at a reasonable rent of ₹30,034. The flat is located on the 2 floor which includes 2 bathrooms, 2 balcony, and covers a carpet area of 800 sqft. The flat comes with power back up, security, air conditioned, ro water system. The apartment is located at Sector 34, Chandigarh, Chandigarh.",30034,30000,,23,2,,No,No,Yes,"Air Conditioned, RO Water System",True,True,Agent,49,Immediately,2026-04-10T01:06:07.000Z,"Apr 10, '26",True
3URTWOnoZfBzpSvf+uAgZw==,Magicbricks,https://www.magicbricks.com/property-details/2-BHK-2450-Sq-ft-Builder-Floor-Apartment-FOR-Rent-Sector-37-in-Chandigarh&id=4d423735373639383935,2026-04-19 13:51:15,30.7378169,76.7495233,,Sector-37,"Chandigarh, Chandigarh",,,,Builder Floor Apartment,Furnished,1,2,North - East,2450,Sq-ft,2016,"Newly built fully furnished flat in good location with car parking. Find this 2 BHK rental flat in Sector 37 Chandigarh. The 2 BHK apartment is available at a reasonable rent of ₹30,000. The flat is located on the 1 floor which includes 2 bathrooms, 2 balcony, and covers a carpet area of 2050 sqft. The residence includes air conditioned, ro water system. Visit the flat at Sector 37, Chandigarh, Chandigarh.",30000,30000,,12,2,,No,No,No,"Air Conditioned, Laundry Service, RO Water System",True,True,Agent,61,Immediately,2026-03-02T07:11:40.000Z,"Mar 02, '26",True
6sebf9uuH6VzpSvf+uAgZw==,Magicbricks,https://www.magicbricks.com/property-details/2-BHK-1700-Sq-ft-Builder-Floor-Apartment-FOR-Rent-Sector-43-in-Chandigarh&id=4d423834323335343833,2026-04-19 13:51:15,30.7193257,76.7480805,,Sector 43,marla house Newly built,,,,Builder Floor Apartment,Furnished,1,2,North - East,1700,Sq-ft,New Construction,"Newly built 2bhk fully furnished If you are planning to rent a flat, you can consider this 2 BHK flat situated in the prime location of Sector 43. You can get this flat at monthly rent of ₹35,000. Located on the 1 floor, the flat has 2 bathrooms, 2 balcony in carpet area of 1600 sqft. The property features power back up, reserved parking, security, service/goods lift, air conditioned, ro water system. Visit the flat at marla house Newly built, Sector 43, Chandigarh, Chandigarh.",35000,35000,0,21,2,,Yes,No,No,"Service/Goods Lift, Air Conditioned, RO Water System",True,True,Agent,83,Immediately,2026-04-14T12:23:20.000Z,"Apr 14, '26",True
uZGzB3EImi5zpSvf+uAgZw==,Magicbricks,https://www.magicbricks.com/property-details/2-BHK-1500-Sq-ft-Builder-Floor-Apartment-FOR-Rent-Sector-46-in-Chandigarh&id=4d423830343537323431,2026-04-19 13:51:15,30.7026207,76.7639499,,Sector 46,2799.,,,,Builder Floor Apartment,Furnished,1,2,North - East,1500,Sq-ft,Less than 5 years,"This is two bedrooms hall kitchen and one washroom fully furnished accommodation suitable for single or double working executives or small family. 2 BHK flat is available for rent in Sector 46 immediately. ₹27,000 is the monthly rent of this 2 BHK flat. The flat comes with some add-on facilities such as 2 Wardrobe, 2 Bed, 1 TV, Fridge, 2 AC, Washing Machine and Dining Table. The apartment is on the 1 floor, has a carpet area of 1500 sqft with 1 bathrooms and 2 balcony. The property includes 1 Open parking. The residence includes security. Visit the flat at 2799., Sector 46, Chandigarh, Chandigarh.",27000,27000,0,18,1,1 Open,No,Yes,Yes,Jogging and Strolling Track,True,True,Agent,90,Immediately,2026-04-03T03:51:22.000Z,"Apr 03, '26",True
tHD2y/7U8A1zpSvf+uAgZw==,Magicbricks,https://www.magicbricks.com/property-details/2-BHK-1700-Sq-ft-Builder-Floor-Apartment-FOR-Rent-Sector-38-in-Chandigarh&id=4d423831353634383435,2026-04-19 13:51:15,30.7456844,76.7437522,,Sector-38,sector 38,,,,Builder Floor Apartment,Furnished,2,3,North - East,1700,Sq-ft,Less than 5 years,"sector 382bhk 2 bathroomsfully furnished 2 BHK apartment is available on rent in Sector 38 Chandigarh right away. The Rent amount of this 2 BHK apartment is set at an attractive price of ₹35,000. The apartment is on the 2 floor, has a carpet area of 2400 sqft with 2 bathrooms and 2 balcony. There is also facility of 1 Covered, 1 Open parking. The apartment is equipped with reserved parking. Visit the flat at sector 38, Sector 38, Chandigarh, Chandigarh.",35000,35000,0,21,2,"1 Covered, 1 Open",No,No,No,,True,True,Agent,100,Immediately,2026-02-20T06:37:17.000Z,"Feb 20, '26",True
d4U0iJHFDRVzpSvf+uAgZw==,Magicbricks,https://www.magicbricks.com/property-details/2-BHK-1300-Sq-ft-Builder-Floor-Apartment-FOR-Rent-Sector-21-in-Chandigarh&id=4d423834303830353239,2026-04-19 13:51:15,30.7263907,76.77549,,Sector 21,"Chandigarh, Chandigarh",19202|Manav Mangal High School,,,Builder Floor Apartment,Unfurnished,2,3,North,1300,Sq-ft,2013,"10 Marla first floor You can explore this 2 BHK flat on rent in Sector 21 Chandigarh. This 2 BHK flat can be availed at the rental price of ₹35,021. The flat is located on the 2 floor which includes 2 bathrooms, 2 balcony, and covers a carpet area of 800 sqft. This flat is fitted with power back up, security, air conditioned, ro water system. The flat can be visited at Sector 21, Chandigarh, Chandigarh.",35021,35000,,27,2,,No,No,Yes,"Air Conditioned, RO Water System",True,True,Agent,51,Immediately,2026-04-05T01:36:12.000Z,"Apr 05, '26",True
5OkqccE2UcxzpSvf+uAgZw==,Magicbricks,https://www.magicbricks.com/property-details/2-BHK-1800-Sq-ft-Builder-Floor-Apartment-FOR-Rent-Sector-46-in-Chandigarh&id=4d423732343238373039,2026-04-19 13:51:15,30.7026207,76.7639499,,Sector 46,marla house,,,,Builder Floor Apartment,Furnished,Ground,2,North - West,1800,Sq-ft,Less than 5 years,"Fully furnished 2bhk preference for services class family only. You can explore this 2 BHK flat on rent in Sector 46 Chandigarh. The multistorey apartment is available at rent of ₹30,000. The flat is on the Ground floor and includes 2 bathrooms, 2 balcony with a carpet area of 1200 sqft. The apartment comes furnished with power back up, reserved parking, security, air conditioned, intercom facility, ro water system. The flat can be visited at marla house, Sector 46, Chandigarh, Chandigarh.",30000,30000,0,17,2,,No,No,No,"Air Conditioned, Intercom Facility, Laundry Service, RO Water System",True,True,Agent,78,Immediately,2026-04-17T05:53:09.000Z,"Apr 17, '26",True
JyPJbXPEn/JzpSvf+uAgZw==,Magicbricks,https://www.magicbricks.com/property-details/2-BHK-1500-Sq-ft-Builder-Floor-Apartment-FOR-Rent-Sector-40-in-Chandigarh&id=4d423639353032313133,2026-04-19 13:51:15,30.7363236,76.7350951,,Sector 40,2799.,,,,Builder Floor Apartment,Furnished,1,2,North - West,1500,Sq-ft,5 to 10 years,"This is first floor two bedrooms drawing dinning with attached baths and is fully furnished. 2 BHK apartment is available on rent in Sector 40 Chandigarh right away. The rent of the 2 BHK flat is ₹33,000. Some premium add-on facilities bundled with the flat are 2 Wardrobe, 2 Bed, Fridge, Microwave, 2 AC, Sofa and Gas Connection. Located on the 1 floor, the flat comprises 2 bathrooms, 2 balcony, and has a carpet area of 1500 sqft. 3 Open parking space is also available. This property offers reserved parking, security. Find this apartment at 2799., Sector 40, Chandigarh, Chandigarh.",33000,33000,0,22,2,3 Open,No,Yes,No,Jogging and Strolling Track,True,True,Agent,98,Immediately,2026-04-03T03:54:07.000Z,"Apr 03, '26",True
VNiqvB/P7zJzpSvf+uAgZw==,Magicbricks,https://www.magicbricks.com/property-details/3-BHK-1750-Sq-ft-Multistorey-Apartment-FOR-Rent-Sector-51-in-Chandigarh&id=4d423832373833393639,2026-04-19 13:51:15,30.7061782,76.7437522,,Sector 51,sector 51 chandigarh,"19202|Yadavindra Public School, 19206|North County Mall",,,Apartment,Semi-Furnished,2,2,North - East,1750,Sq-ft,Less than 5 years,"3bhk flat available for rent on the prime location of chandigarh Check out this newly constructed 3 BHK flat on rent in the prime location of Sector 51 Chandigarh. This 3 BHK flat can be availed at the rental price of ₹60,000. Located on the 2 floor, the flat comprises 3 bathrooms, 3 balcony, and has a covered area of 1750 sqft. 1 Covered parking facility are also available. This unit features power back up, reserved parking, security, service/goods lift, air conditioned, ro water system. Visit the flat at Police Colony Sector 51, Chandigarh, Punjab.",60000,60000,1500,34,3,1 Covered,Yes,No,No,"Service/Goods Lift, Air Conditioned, RO Water System",False,True,Agent,94,Immediately,2026-04-17T23:45:20.000Z,Yesterday,True
w0njKfiqTUBzpSvf+uAgZw==,Magicbricks,https://www.magicbricks.com/property-details/3-BHK-1905-Sq-ft-Multistorey-Apartment-FOR-Rent-Zirakpur-in-Chandigarh&id=4d423834313134363235,2026-04-19 13:51:15,30.656788,76.82119203,,Zirakpur,patiala Road,"19201|Mk Technology Park, 19202|St. Xaviers International School, 19202|Atticus International School, 19206|Tricity Square, 19206|Chandigarh Citi Centre",,,Apartment,Furnished,7,13,North - East,1905,Sq-ft,Less than 5 years,"Grab the chance to own this affordable 3 BHK flat for rent in the Zirakpur area. The multistorey apartment is available at rent of ₹60,000. Located on the 7 floor, the flat comprises 3 bathrooms, 4 balcony, and has a covered area of 1905 sqft. 1 Covered parking facility are also available. This property offers power back up, reserved parking, service/goods lift, visitor parking. Visit the apartment at Patiala Road, Zirakpur, Punjab.",60000,60000,0,31,3,1 Covered,Yes,No,No,"Service/Goods Lift, Visitor Parking",False,True,Agent,100,Immediately,2026-04-18T23:45:34.000Z,Today,True
zrrSF6NBzqNzpSvf+uAgZw==,Magicbricks,https://www.magicbricks.com/property-details/3-BHK-2100-Sq-ft-Multistorey-Apartment-FOR-Rent-in-Chandigarh&id=4d423834313838373637,2026-04-19 13:51:15,30.656788,76.82119203,,Madaan Property Consultant,Madaan Properties,,,,Apartment,Furnished,Ground,13,North - East,2100,Sq-ft,New Construction,"3bhk fully furnished flat is available for rent in green lotus Utsav A beautiful 3 BHK flat is available for rent in Zirakpur. The Rent amount of this 3 BHK apartment is set at an attractive price of ₹60,000. The flat is on the Ground floor and includes 3 bathrooms, 3 balcony with a covered area of 2100 sqft. This unit is designed with power back up, reserved parking, security, service/goods lift, air conditioned, intercom facility, ro water system. The full address of the apartment is PR-7 Airport Road Zirakpur.",60000,120000,,29,3,,No,No,No,"Air Conditioned, Banquet Hall, Bar/Lounge, Jogging and Strolling Track",False,True,Agent,78,Immediately,2026-04-10T16:35:13.000Z,"Apr 10, '26",True
HooL7jBz/c1zpSvf+uAgZw==,Magicbricks,https://www.magicbricks.com/property-details/3-BHK-4200-Sq-ft-Builder-Floor-Apartment-FOR-Rent-Sector-34-in-Chandigarh&id=4d423832313638363335,2026-04-19 13:51:15,30.7195549,76.7639499,,Sector-34,"Chandigarh, Chandigarh","19202|Aanchal International School, 19202|Northridge International School, 19203|Mukat Hospital And Heart Institute, 19206|Piccadilly Square Mall",,,Builder Floor Apartment,Unfurnished,1,2,East,4200,Sq-ft,10 to 15 years,"for rent one kanal house first floor 3 BHK with attached washroom facing park available in sector 34 chandigarh. 3 BHK apartment is available on rent in Sector 34 Chandigarh right away. This 3 BHK flat is available at the reasonable rent amount of ₹65,000. The flat is on the 1 floor and includes 2 bathrooms, 2 balcony with a carpet area of 4500 sqft. 2 Open parking space is also available. The apartment is equipped with reserved parking. The flat can be visited at Bridge Market, 17D, Sector 17, Chandigarh.",65000,65000,350,15,2,2 Open,No,No,No,,False,True,Agent,77,Immediately,2025-11-14T11:01:45.000Z,"Nov 14, '25",True
RLG0seIQfWRzpSvf+uAgZw==,Magicbricks,https://www.magicbricks.com/property-details/3-BHK-2200-Sq-ft-Builder-Floor-Apartment-FOR-Rent-Sector-37-in-Chandigarh&id=4d423831363536383239,2026-04-19 13:51:15,30.7378169,76.7495233,,Sector-37,Ten Marla house Newly built,,,,Builder Floor Apartment,Furnished,2,2,North - East,2200,Sq-ft,New Construction,"Newly built 3Bhk attached Three bathroom modern kitchen drawing dining fully furnished ten Marla house preference for small family only mnc.business. 3 BHK flat is available for rent in Sector 37 immediately. The flat is available for rent at a competitive amount of ₹60,000. The apartment is on the 2 floor, has a carpet area of 2000 sqft with 3 bathrooms and 2 balcony. The property features power back up, reserved parking, security, service/goods lift, air conditioned, intercom facility, ro water system. The apartment is located at Ten Marla house Newly built, Sector 37, Chandigarh, Chandigarh.",60000,60000,0,27,3,,No,No,No,"Air Conditioned, Laundry Service, Jogging and Strolling Track, Outdoor Tennis Courts",True,True,Agent,78,Immediately,2026-04-15T02:11:29.000Z,"Apr 15, '26",True
w+ZtWud0AABzpSvf+uAgZw==,Magicbricks,https://www.magicbricks.com/property-details/3-BHK-3860-Sq-ft-Builder-Floor-Apartment-FOR-Rent-Sector-33A-in-Chandigarh&id=4d423834313739313937,2026-04-19 13:51:15,30.716988,76.770346,,Ritu Real Estate ,"Chandigarh, Chandigarh",19203|Ayu Health Hospital,,,Builder Floor Apartment,Unfurnished,1,2,,3860,Sq-ft,10 to 15 years,"1 kanal 3bhk on first floor is available for rent at a very prime locality in Sector 33 Chandigarh. For more details or to schedule a visit, please contact us. If you are planning to rent a flat, you can consider this 3 BHK flat situated in the prime location of Sector 33A. This 3 BHK flat is available at the reasonable rent amount of ₹65,000. The flat is on the 1 floor and includes 2 bathrooms, 3 balcony with a carpet area of 5445 sqft. Visit the apartment at Sector 33A, Chandigarh, Chandigarh.",65000,,,17,2,,No,No,No,,False,True,Agent,62,Immediately,2026-04-10T09:23:55.000Z,"Apr 10, '26",True
9aK82iCUjGlzpSvf+uAgZw==,Magicbricks,https://www.magicbricks.com/property-details/3-BHK-3000-Sq-ft-Builder-Floor-Apartment-FOR-Rent-Sector-21-in-Chandigarh&id=4d423734333937373837,2026-04-19 13:51:15,30.7263907,76.77549,,Sector 21,2799.,19202|Manav Mangal High School,,,Builder Floor Apartment,Furnished,1,2,South - East,3000,Sq-ft,New Construction,"This is owner free first floor of one kanal house which has three bedrooms drawing dinning and three attached baths and is fully furnished. It has a seperate room too. If you are planning to rent a flat, you can consider this 3 BHK flat situated in the prime location of Sector 21. ₹70,000 is the monthly rent of this 3 BHK flat. If you rent the flat, you will have access to facilities like 3 Wardrobe, 3 Bed, 1 TV, Fridge, Microwave, 4 AC, Sofa, Washing Machine, Dining Table and Gas Connection. The flat is on the 1 floor and includes 3 bathrooms, 3 balcony with a carpet area of 3000 sqft. There is also facility of 3 Open parking. This home provides reserved parking, security. The full address of the apartment is 2799., Sector 21, Chandigarh, Chandigarh.",70000,140000,0,23,3,3 Open,No,No,Yes,Jogging and Strolling Track,True,True,Agent,98,Immediately,2026-04-03T03:51:24.000Z,"Apr 03, '26",True
xSe9D88q9lVzpSvf+uAgZw==,Magicbricks,https://www.magicbricks.com/property-details/3-BHK-1800-Sq-ft-Builder-Floor-Apartment-FOR-Rent-Sector-7-in-Chandigarh&id=4d423834323130383333,2026-04-19 13:51:15,30.7350091,76.8043355,,Sector 7,sector 7,,,,Builder Floor Apartment,Unfurnished,Ground,3,North - East,1800,Sq-ft,Less than 5 years,"sector 7, 3bhk, 12 marla, ground floor Find this 3 BHK rental flat in Sector 7 Chandigarh. The Rent amount of this 3 BHK apartment is set at an attractive price of ₹70,000. Located on the Ground floor, the flat has 2 bathrooms, 2 balcony in carpet area of 2500 sqft. There is also facility of 1 Covered, 1 Open parking. The residence includes reserved parking. The flat can be visited at sector 7, Sector 7, Chandigarh, Chandigarh.",70000,70000,0,39,2,"1 Covered, 1 Open",No,No,No,,True,True,Agent,100,Immediately,2026-04-12T17:49:15.000Z,"Apr 12, '26",True
6P/0VuA6t1VzpSvf+uAgZw==,Magicbricks,https://www.magicbricks.com/property-details/3-BHK-12-Marla-Builder-Floor-Apartment-FOR-Rent-Sector-21-in-Chandigarh&id=4d423833363931323131,2026-04-19 13:51:15,30.7263907,76.77549,,Sector 21,"Chandigarh, Chandigarh",19202|Manav Mangal High School,,,Builder Floor Apartment,Unfurnished,1,3,North - West,12,Marla,New Construction,"12 Marla 1st Floor corner three bedroom three washroom modular Kitchen living room, beautiful location, newly built one car parking outside house, ready to move in beautiful location, sector 21, Chandigarh contact The Tricity Properties",60000,,,18,3,,No,No,No,"Visitor Parking, Laundry Service, Jogging and Strolling Track, Outdoor Tennis Courts",False,True,Agent,73,Immediately,2026-03-08T06:45:47.000Z,"Mar 08, '26",True
4Skw1GoaX1VzpSvf+uAgZw==,Magicbricks,https://www.magicbricks.com/property-details/3-BHK-1-Kanal-Builder-Floor-Apartment-FOR-Rent-Sector-35-in-Chandigarh&id=4d423834313930303633,2026-04-19 13:51:15,30.7261629,76.7596221,,Sector-35,house no33333,"19202|Sri Guru Gobind Singh Senior Secondary School, 19202|Shivalik Public School, 19206|Piccadily Square Mall",,,Builder Floor Apartment,Semi-Furnished,1,2,North - West,1,Kanal,10 to 15 years,"1 kanal house first floor for rent newly renovated very reasonable rent call for more details You can explore this 3 BHK flat on rent in Sector 35 Chandigarh. The rent of the 3 BHK flat is ₹65,000. The apartment is on the 1 floor, has a carpet area of 1 kanal with 3 bathrooms and 2 balcony. The apartment is equipped with power back up, reserved parking, security, visitor parking. The flat can be visited at house no33333, Sector 35, Chandigarh, Chandigarh.",65000,,,12,3,,No,No,Yes,Visitor Parking,True,True,Agent,73,Immediately,2026-04-11T03:45:42.000Z,"Apr 11, '26",True
nLgagDgkkcFzpSvf+uAgZw==,Magicbricks,https://www.magicbricks.com/property-details/3-BHK-2500-Sq-ft-Builder-Floor-Apartment-FOR-Rent-Sector-35-in-Chandigarh&id=4d423834313736373137,2026-04-19 13:51:15,30.7261629,76.7596221,,Sector-35,Sector 35,"19202|Shivalik Public School, 19202|St Peters Senior Secondary School, 19206|Piccadily Square Mall",,,Builder Floor Apartment,Semi-Furnished,Ground,3,East,2500,Sq-ft,5 to 10 years,"Newly built 10 marla independent ground floor 3bedroom attached bath drawing dinning nodular kitchen airy sunny room walking distance for daily needs near to school college hospital Find this 3 BHK rental flat in Sector 35 Chandigarh. This 3 BHK flat is available at the reasonable rent amount of ₹70,000. The apartment is on the Ground floor, has a carpet area of 1800 sqft with 3 bathrooms and 2 balcony. The property includes 1 Open parking. The flat comes with power back up, reserved parking, security, air conditioned, ro water system. Visit the flat at Sector 35, Sector 35, Chandigarh, Chandigarh.",70000,70000,0,28,3,1 Open,Yes,No,No,"Air Conditioned, RO Water System",True,True,Agent,100,Immediately,2026-04-10T07:46:46.000Z,"Apr 10, '26",True
v0coBI29aEFzpSvf+uAgZw==,Magicbricks,https://www.magicbricks.com/property-details/3-BHK-2525-Sq-ft-Multistorey-Apartment-FOR-Rent-Zirakpur-in-Chandigarh&id=4d423833393732313039,2026-04-19 13:51:15,30.656788,76.82119203,,Zirakpur,"Zirakpur,Chandigarh","19201|Mk Technology Park, 19202|Atticus International School, 19202|Maya International School, 19206|Chandigarh Citi Centre, 19206|Tricity Square",,,Apartment,Furnished,3,13,East,2525,Sq-ft,1986,"If you are planning to rent a flat, you can consider this 3 BHK flat situated in the prime location of Zirakpur. The apartment is available at an affordable rental price of ₹65,000. Some premium add-on facilities bundled with the flat are 2 Wardrobe, 2 Bed, Fridge, 2 AC and 2 TV. The flat is located on the 3 floor which includes 3 bathrooms, 3 balcony, and covers a covered area of 2525 sqft. There is also facility of 1 Covered, 2 Open parking. This flat is fitted with reserved parking, security. Find this apartment at PR-7 Airport Road Zirakpur.",65000,65000,0,26,3,"1 Covered, 2 Open",No,No,No,,False,True,Agent,81,Immediately,2026-03-28T06:10:31.000Z,"Mar 28, '26",True
1gAAg5fmOnRzpSvf+uAgZw==,Magicbricks,https://www.magicbricks.com/property-details/3-BHK-2500-Sq-ft-Builder-Floor-Apartment-FOR-Rent-Sector-16-in-Chandigarh&id=4d423832393231383133,2026-04-19 13:51:15,30.7464418,76.7783748,,Sector 16,"Chandigarh, Chandigarh",,,,Builder Floor Apartment,Semi-Furnished,1,3,North - East,2500,Sq-ft,New Construction,"Newly 3 bhk Attached 3 bath first floor near market posh location. Grab the chance to own this affordable 3 BHK flat for rent in the Sector 16 area. This 3 BHK flat is available at the reasonable rent amount of ₹56,000. Located on the 1 floor, the flat has 3 bathrooms, 2 balcony in carpet area of 1800 sqft. The residence includes power back up, reserved parking, air conditioned, intercom facility. Visit the flat at Sector 16, Chandigarh, Chandigarh.",56000,112000,500,22,3,,No,No,No,"Air Conditioned, Laundry Service, Internet/Wi-Fi Connectivity, Banquet Hall",False,True,Agent,71,Immediately,2026-03-18T05:45:58.000Z,"Mar 18, '26",True
Jc303VSYKPlzpSvf+uAgZw==,Magicbricks,https://www.magicbricks.com/property-details/3-BHK-1500-Sq-ft-Builder-Floor-Apartment-FOR-Rent-Sector-46-in-Chandigarh&id=4d423833353338373537,2026-04-19 13:51:15,30.7026207,76.7639499,,Sector 46,"Chandigarh, Chandigarh",,,,Builder Floor Apartment,Semi-Furnished,1,3,North - East,1500,Sq-ft,Less than 5 years,"3 BHK AVAILABLE FOR RENT IN Sector 46D , Chandigarh8 marla ,first floor,Semi furnishedSpacious room,Wide balconies,Huge parking,beautiful built up,Peaceful location,Surrounded by best commercial and Residential hubs,contact us for more details.",60000,60000,0,40,2,"1 Covered, 1 Open",No,No,No,,True,True,Agent,95,Immediately,2026-02-24T12:21:18.000Z,"Feb 24, '26",True
uEZixrcYNm1zpSvf+uAgZw==,Magicbricks,https://www.magicbricks.com/property-details/3-BHK-2500-Sq-ft-Builder-Floor-Apartment-FOR-Rent-Sector-35-in-Chandigarh&id=4d423834323732393933,2026-04-19 13:51:15,30.7261629,76.7596221,,Sector-35,"Chandigarh, Chandigarh","19202|Sri Guru Gobind Singh Senior Secondary School, 19202|St Peters Senior Secondary School, 19206|Piccadily Square Mall",,,Builder Floor Apartment,Unfurnished,2,3,North,2500,Sq-ft,2013,"Kanal first floor If you are searching a 3 BHK apartment for rent in Sector 35, check out this amazing rental flat. The rent of the 3 BHK flat is ₹65,035. Located on the 2 floor, the flat comprises 3 bathrooms, 2 balcony, and has a carpet area of 1600 sqft. This flat is fitted with power back up, reserved parking, security. Visit the flat at Sector 35, Chandigarh, Chandigarh.",65035,65000,,26,3,,No,No,No,,True,True,Agent,47,Immediately,2026-04-17T01:27:56.000Z,"Apr 17, '26",True
qgAGY3WWbtFzpSvf+uAgZw==,Magicbricks,https://www.magicbricks.com/property-details/3-BHK-2250-Sq-ft-Builder-Floor-Apartment-FOR-Rent-Sector-35D-in-Chandigarh&id=4d423833363237363039,2026-04-19 13:51:15,30.7258052,76.7513296,,priyanshu,"Chandigarh, Chandigarh","19202|Shivalik Public School, 19202|Sri Guru Gobind Singh Senior Secondary School",,,Builder Floor Apartment,Semi-Furnished,2,3,,2250,Sq-ft,New Construction,"A beautiful 3 BHK flat is available for rent in Sector 35D. The rent of the 3 BHK flat is ₹60,000. The flat is located on the 2 floor which includes 2 bathrooms, 2 balcony, and covers a carpet area of 1800 sqft. The flat can be visited at Sector 35D, Chandigarh, Chandigarh. The brokerage amount of the 3 BHK apartment is zero.",60000,120000,1000,27,2,,No,No,No,,False,False,Owner,69,Immediately,2026-03-03T11:21:26.000Z,"Mar 03, '26",True
qy7Elgh/M/BzpSvf+uAgZw==,Magicbricks,https://www.magicbricks.com/property-details/3-BHK-2100-Sq-ft-Multistorey-Apartment-FOR-Rent-in-Chandigarh&id=4d423833373537353335,2026-04-19 13:51:15,30.656788,76.82119203,,Madaan Property Consultant,Madaan Properties,,,,Apartment,Furnished,5,13,North - East,2100,Sq-ft,New Construction,"3bhk luxurious property A beautiful 3 BHK flat is available for rent in Zirakpur. ₹60,000 is the monthly rent of this 3 BHK flat. The flat is located on the 5 floor which includes 3 bathrooms, 3 balcony, and covers a covered area of 2100 sqft. The flat comes with power back up, reserved parking, security, service/goods lift, air conditioned, intercom facility, ro water system. This flat is located at PR-7 Airport Road Zirakpur.",60000,120000,,29,3,,No,No,No,"Air Conditioned, Banquet Hall, Bar/Lounge, Jogging and Strolling Track",True,True,Agent,58,Immediately,2026-03-12T17:55:49.000Z,"Mar 12, '26",True
wrXDN3pWQtRzpSvf+uAgZw==,Magicbricks,https://www.magicbricks.com/property-details/3-BHK-2000-Sq-ft-Builder-Floor-Apartment-FOR-Rent-Sector-32-in-Chandigarh&id=4d423834303332333139,2026-04-19 13:51:15,30.7094569,76.77549,,Sector 32,Ten Marla house Newly built,"19202|Tender Heart School, 19202|Saupin's School, 19206|Vishal Mega Mart",,,Builder Floor Apartment,Semi-Furnished,2,2,North - East,2000,Sq-ft,New Construction,"Newly built ten Marla house facing park 3bhk semi AC, Geyser, Chimney Lighting preference Family You can explore this 3 BHK flat on rent in Sector 32 Chandigarh. Available at a rental price of ₹56,000, this 3 BHK flat is worth considering. The apartment is on the 2 floor, has a carpet area of 1800 sqft with 3 bathrooms and 2 balcony. This unit features power back up, reserved parking, security, service/goods lift, air conditioned, intercom facility, ro water system. Visit the apartment at Ten Marla house Newly built, Sector 32, Chandigarh, Chandigarh.",56000,56000,0,28,3,,No,No,No,"Air Conditioned, Bar/Lounge, Jogging and Strolling Track, Outdoor Tennis Courts",True,True,Agent,83,Immediately,2026-04-02T05:37:13.000Z,"Apr 02, '26",True
nDPW6pF2ZKdzpSvf+uAgZw==,Magicbricks,https://www.magicbricks.com/property-details/3-BHK-3000-Sq-ft-Builder-Floor-Apartment-FOR-Rent-Sector-21-in-Chandigarh&id=4d423833353038323939,2026-04-19 13:51:15,30.7263907,76.77549,,Sector 21,"Chandigarh, Chandigarh",19202|Manav Mangal High School,,,Builder Floor Apartment,Semi-Furnished,1,3,,3000,Sq-ft,New Construction,"12 Marla brand new 3bhk attached washrooms is available for rent at a very prime locality in sector 21 chandigarh. FOR MORE DETAILS OR TO SCHEDULE A VIST PLEASE CONTACT US. You can explore this 3 BHK flat on rent in Sector 21 Chandigarh. You can get this flat at monthly rent of ₹57,000. The flat is on the 1 floor and includes 3 bathrooms, 3 balcony with a carpet area of 3456 sqft. You can visit the flat at Sector 21, Chandigarh, Chandigarh.",57000,,,19,3,,No,No,No,,False,True,Agent,58,Immediately,2026-02-22T05:03:29.000Z,"Feb 22, '26",True
a1ynT8M2vdxzpSvf+uAgZw==,Magicbricks,https://www.magicbricks.com/property-details/3-BHK-2400-Sq-ft-Builder-Floor-Apartment-FOR-Rent-Sector-36-in-Chandigarh&id=4d423535363830393433,2026-04-19 13:51:15,30.7327703,76.7552941,,Sector 36,"Chandigarh, Chandigarh",,,,Builder Floor Apartment,Semi-Furnished,Ground,3,South - East,2400,Sq-ft,5 to 10 years,"This is ground floor of one kanal house in a very posh area. It has three bedrooms drawing dinning and attached baths with modular kitchen. Private lawn and reserved parking available too. Find this 3 BHK rental flat in Sector 36 Chandigarh. Available at a rental price of ₹70,000, this 3 BHK flat is worth considering. If you rent the flat, you will have access to facilities like 3 Wardrobe. You will also find 2 Covered, 2 Open parking facility. This unit features reserved parking, security. This flat is located at Sector 36, Chandigarh, Chandigarh.",70000,140000,,29,3,"2 Covered, 2 Open",No,No,Yes,Jogging and Strolling Track,True,True,Agent,66,Immediately,2026-04-03T03:57:06.000Z,"Apr 03, '26",True
FEIWAVSuy0hzpSvf+uAgZw==,Magicbricks,https://www.magicbricks.com/property-details/3-BHK-1800-Sq-ft-Builder-Floor-Apartment-FOR-Rent-Sector-37-in-Chandigarh&id=4d423834303533383733,2026-04-19 13:51:15,30.7378169,76.7495233,,Sector-37,sector37,,,,Builder Floor Apartment,Semi-Furnished,1,3,North - West,1800,Sq-ft,5 to 10 years,"Sec,373bhk3bath1st floor Semi furnished Grab the chance to own this affordable 3 BHK flat for rent in the Sector 37 area. ₹65,000 is the monthly rent of this 3 BHK flat. The apartment is on the 1 floor, has a carpet area of 2000 sqft with 3 bathrooms and 2 balcony. 1 Covered, 1 Open parking facility are also available. This property offers reserved parking. Visit the apartment at sector37, Sector 37, Chandigarh, Chandigarh.",65000,65000,0,36,3,"1 Covered, 1 Open",No,No,No,,True,True,Agent,100,Immediately,2026-04-03T07:38:54.000Z,"Apr 03, '26",True
3DxuNItzL3ZzpSvf+uAgZw==,Magicbricks,https://www.magicbricks.com/property-details/3-BHK-10-Marla-Builder-Floor-Apartment-FOR-Rent-Sector-33-in-Chandigarh&id=4d423831383939323631,2026-04-19 13:51:15,30.7137743,76.769673,,Sector-33,"Chandigarh, Chandigarh","19201|Graycell Technologies, 19202|Kendriya Vidyalya Sangathan, 19202|Paragon Convent School, 19203|Landmark Hospital, 19203|Ayu Health Hospital",,,Builder Floor Apartment,Furnished,2,3,East,10,Marla,Less than 5 years,"Second floor, 10 Marla house, three bedroom, three bathroom, Furnished sector 33, modular Kitchen one car parking facing Park, beautiful location, backside Park contact The Tricity Properties Chandigarh",58000,,,21,3,,No,No,No,"Visitor Parking, Laundry Service, Jogging and Strolling Track, Outdoor Tennis Courts",False,True,Agent,73,Immediately,2026-02-28T04:59:01.000Z,"Feb 28, '26",True
oH2ZLN0ctDRzpSvf+uAgZw==,Magicbricks,https://www.magicbricks.com/property-details/3-BHK-5000-Sq-ft-Builder-Floor-Apartment-FOR-Rent-Sector-40-in-Chandigarh&id=4d423833353937373633,2026-04-19 13:51:15,30.7363236,76.7350951,,Sector 40,"Chandigarh, Chandigarh",,,,Builder Floor Apartment,Unfurnished,1,2,North - West,5000,Sq-ft,5 to 10 years,"1 kanal independent first floor has 3 bedroom attached two bathroom, drawing, dinning, modular kitchen, servant room attached bathroom, airy and sunny rooms. If you are planning to rent a flat, you can consider this 3 BHK flat situated in the prime location of Sector 40. This 3 BHK flat can be availed at the rental price of ₹60,000. The apartment is on the 1 floor, has a carpet area of 3500 sqft with 2 bathrooms and 2 balcony. The apartment is equipped with reserved parking, security, ro water system. The address is Sector 40, Chandigarh, Chandigarh.",60000,60000,,12,2,,No,No,No,RO Water System,True,True,Agent,71,Immediately,2026-02-28T13:21:30.000Z,"Feb 28, '26",True
4vtFj75EB51zpSvf+uAgZw==,Magicbricks,https://www.magicbricks.com/property-details/3-BHK-2000-Sq-ft-Builder-Floor-Apartment-FOR-Rent-Sector-7-in-Chandigarh&id=4d423830323035353339,2026-04-19 13:51:15,30.7350091,76.8043355,,Sector 7,"Chandigarh, Chandigarh",,,,Builder Floor Apartment,Furnished,2,2,North,2000,Sq-ft,Less than 5 years,"newly built fully furnished 3 bhk second floor sector 7 Find this 3 BHK rental flat in Sector 7 Chandigarh. The Rent amount of this 3 BHK apartment is set at an attractive price of ₹65,000. The apartment is on the 2 floor, has a carpet area of 1500 sqft with 3 bathrooms and 2 balcony. This unit is designed with air conditioned, intercom facility, ro water system. Find this apartment at Sector 7, Chandigarh, Chandigarh.",65000,130000,100,32,3,,No,No,No,"Air Conditioned, Internet/Wi-Fi Connectivity, RO Water System, Banquet Hall",False,True,Agent,60,Immediately,2026-03-13T06:55:11.000Z,"Mar 13, '26",True
IrrZ279xGZFzpSvf+uAgZw==,Magicbricks,https://www.magicbricks.com/property-details/3-BHK-2500-Sq-ft-Builder-Floor-Apartment-FOR-Rent-Sector-35-in-Chandigarh&id=4d423833383937313939,2026-04-19 13:51:15,30.7261629,76.7596221,,Sector-35,"Chandigarh, Chandigarh","19202|Sri Guru Gobind Singh Senior Secondary School, 19202|Shivalik Public School, 19206|Piccadily Square Mall",,,Builder Floor Apartment,Unfurnished,2,3,East,2500,Sq-ft,2013,"Kanal first floor 3 bhk attached 3 washrooms 3 BHK apartment is available on rent in Sector 35 Chandigarh right away. The Rent amount of this 3 BHK apartment is set at an attractive price of ₹55,035. The flat is located on the 2 floor which includes 3 bathrooms, 2 balcony, and covers a carpet area of 1600 sqft. This home provides power back up, reserved parking, security. The full address of the apartment is Sector 35, Chandigarh, Chandigarh.",55035,110000,,22,3,,No,No,No,,True,True,Agent,51,Immediately,2026-03-22T04:36:25.000Z,"Mar 22, '26",True
IlNPzLetlYtzpSvf+uAgZw==,Magicbricks,https://www.magicbricks.com/property-details/3-BHK-2000-Sq-ft-Builder-Floor-Apartment-FOR-Rent-Sector-43B-in-Chandigarh&id=4d423833383432323935,2026-04-19 13:51:15,30.7191122,76.75265,,Dogra Properties,Marla house,,,,Builder Floor Apartment,Furnished,1,2,North - East,2000,Sq-ft,Less than 5 years,"Newly built 3bhk fully furnished preference for Service class Family only You can avail the 3 BHK flat for rent in the well-known location of Sector 43B. The rent of the 3 BHK flat is ₹65,000. The flat is on the 1 floor and includes 3 bathrooms, 2 balcony with a carpet area of 1600 sqft. The property features power back up, reserved parking, security, service/goods lift, air conditioned, ro water system. The full address of the apartment is Marla house, Sector 43B, Chandigarh, Chandigarh.",65000,65000,0,32,3,,No,No,No,"Air Conditioned, Banquet Hall, Bar/Lounge, Jogging and Strolling Track",True,True,Agent,83,Immediately,2026-03-18T15:37:49.000Z,"Mar 18, '26",True
ed6c55TX2aNzpSvf+uAgZw==,Magicbricks,https://www.magicbricks.com/property-details/3-BHK-3960-Sq-ft-Builder-Floor-Apartment-FOR-Rent-Sector-35-in-Chandigarh&id=4d423833353038313937,2026-04-19 13:51:15,30.7261629,76.7596221,,Sector-35,"Chandigarh, Chandigarh","19202|Sri Guru Gobind Singh Senior Secondary School, 19202|St Peters Senior Secondary School, 19206|Piccadily Square Mall",,,Builder Floor Apartment,Semi-Furnished,1,3,,3960,Sq-ft,5 to 10 years,"1 kanal semi furnished 3bhk plus servant quarter is available for rent at a very prime locality in sector 35 chandigarh.FOR MORE DETAILS OR TO SCHEDULE A VISIT PLEASE CONTACT US. Grab the chance to own this affordable 3 BHK flat for rent in the Sector 35 area. Available at a rental price of ₹60,000, this 3 BHK flat is worth considering. The flat is located on the 1 floor which includes 3 bathrooms, 3 balcony, and covers a carpet area of 5445 sqft. Visit the apartment at Sector 35, Chandigarh, Chandigarh.",60000,,,15,3,,No,No,No,,False,True,Agent,55,Immediately,2026-02-22T04:50:10.000Z,"Feb 22, '26",True
lqY9PpGWFIVzpSvf+uAgZw==,Magicbricks,https://www.magicbricks.com/property-details/3-BHK-1800-Sq-ft-Builder-Floor-Apartment-FOR-Rent-Sector-38-in-Chandigarh&id=4d423831333533313733,2026-04-19 13:51:15,30.7456844,76.7437522,,Sector-38,sector 38,,,,Builder Floor Apartment,Semi-Furnished,Ground,3,North - East,1800,Sq-ft,Less than 5 years,"Sec,383bhk3bathSemi furnished 3 BHK flat is available for rent in Sector 38 immediately. Available at a rental price of ₹70,000, this 3 BHK flat is worth considering. There is also facility of 1 Covered, 1 Open parking. This unit is designed with reserved parking. Visit the apartment at sector 38, Sector 38, Chandigarh, Chandigarh.",70000,70000,0,39,3,"1 Covered, 1 Open",No,No,No,,True,True,Agent,100,Immediately,2026-02-20T06:32:40.000Z,"Feb 20, '26",True
lfnipDjoYxVzpSvf+uAgZw==,Magicbricks,https://www.magicbricks.com/property-details/3-BHK-5000-Sq-ft-Builder-Floor-Apartment-FOR-Rent-Sector-35-in-Chandigarh&id=4d423833353030313737,2026-04-19 13:51:15,30.7261629,76.7596221,,Sector-35,"Chandigarh, Chandigarh","19202|St Peters Senior Secondary School, 19202|Sri Guru Gobind Singh Senior Secondary School, 19206|Piccadily Square Mall",,,Builder Floor Apartment,Semi-Furnished,1,2,North - West,5000,Sq-ft,5 to 10 years,1kanal renovated Independent First floor 3bedroom attached bath drawing dinning kitchen s.room terrace side park seprate drive way airy sunny rooms Walking distance for daily needs Near to school hospital market etc,60000,60000,,12,3,,No,No,No,"Air Conditioned, RO Water System",True,True,Agent,73,Immediately,2026-02-21T07:34:21.000Z,"Feb 21, '26",True
WV1Xr5rKfcVzpSvf+uAgZw==,Magicbricks,https://www.magicbricks.com/property-details/3-BHK-3000-Sq-ft-Builder-Floor-Apartment-FOR-Rent-Sector-21-in-Chandigarh&id=4d423833343437363133,2026-04-19 13:51:15,30.7263907,76.77549,,Sector 21,"Chandigarh, Chandigarh",19202|Manav Mangal High School,,,Builder Floor Apartment,Unfurnished,1,2,North,3000,Sq-ft,New Construction,"newly built 3 bhk 3 bath first floor prime location ample parking space for working family only If you are planning to rent a flat, you can consider this 3 BHK flat situated in the prime location of Sector 21. The apartment is available at an affordable rental price of ₹60,000. Located on the 1 floor, the flat has 3 bathrooms, 2 balcony in carpet area of 1600 sqft. The apartment is equipped with reserved parking, air conditioned, intercom facility. Find this apartment at Sector 21, Chandigarh, Chandigarh.",60000,60000,,20,3,,No,No,No,"Air Conditioned, Laundry Service, Internet/Wi-Fi Connectivity, Banquet Hall",False,True,Agent,64,Immediately,2026-02-17T12:03:41.000Z,"Feb 17, '26",True
/R2JWwisNwpzpSvf+uAgZw==,Magicbricks,https://www.magicbricks.com/property-details/1-BHK-250-Sq-ft-Multistorey-Apartment-FOR-Rent-Sector-37-in-Chandigarh&id=4d423831363136323537,2026-04-19 13:51:15,30.7378169,76.7495233,,Sector-37,"Chandigarh, Chandigarh",,,,Apartment,Furnished,1,2,,,,Less than 5 years,"1 BHK flat is available for rent in Sector 37 immediately. You can get this flat at monthly rent of ₹14,000. The apartment is on the 1 floor, has a carpet area of 250 sqft with 1 bathrooms and 1 balcony. The flat comes with air conditioned. Visit the flat at Sector 37, Chandigarh, Chandigarh. There are no brokerage fees on this 1 BHK multistorey apartment.",14000,14000,,,1,,No,No,No,Air Conditioned,False,False,Owner,55,Immediately,2026-02-17T21:30:36.000Z,"Feb 18, '26",True
hgQv6Gd+1ZhzpSvf+uAgZw==,Magicbricks,https://www.magicbricks.com/property-details/1-BHK-200-Sq-ft-Multistorey-Apartment-FOR-Rent-Sector-20A-in-Chandigarh&id=4d423738333433353533,2026-04-19 13:51:15,30.723663,76.781827,,Bharat Bhushan,"Chandigarh, Chandigarh",,,,Apartment,Furnished,2,2,,200,Sq-ft,Less than 5 years,"If you are searching a 1 BHK apartment for rent in Sector 20A, check out this amazing rental flat. The flat is available for rent at a competitive amount of ₹18,000. Located on the 2 floor, the flat comprises 1 bathrooms, 1 balcony, and has a carpet area of 150 sqft. Visit the flat at Sector 20A, Chandigarh, Chandigarh. This 1 BHK rental flat comes with no brokerage fees.",18000,,,90,1,,No,No,No,,False,False,Owner,33,Immediately,2026-03-07T21:30:40.000Z,"Mar 08, '26",True
4KPWWq1ZCl1zpSvf+uAgZw==,Magicbricks,https://www.magicbricks.com/property-details/1-BHK-400-Sq-ft-Multistorey-Apartment-FOR-Rent-VIP-Road-in-Chandigarh&id=4d423432343432313133,2026-04-19 13:51:15,30.6349922,76.8055072,,VIP Road,jaipuria sunrise greens,"19202|Dikshant Global School, 19202|Eme Public School",,,Apartment,Furnished,6,6,North - East,400,Sq-ft,New Construction,"independent. swimming pool, gym, market fully furnished Grab the chance to own this affordable 1 BHK flat for rent in the VIP Road area. Available at a rental price of ₹11,000, this 1 BHK flat is worth considering. Located on the 6 floor, the flat comprises 1 bathrooms, 1 balcony, and has a carpet area of 350 sqft. This flat is fitted with reserved parking, security, service/goods lift, air conditioned, ro water system. You can visit the flat at jaipuria sunrise greens, VIP Road, Chandigarh, Chandigarh. The owner has posted this 1 BHK flat for rent, so the brokerage fees is zero on this multistorey apartment.",11000,11000,0,28,1,,Yes,No,No,"Service/Goods Lift, Air Conditioned, RO Water System",False,False,Owner,76,Immediately,2026-04-14T22:30:42.000Z,"Apr 15, '26",True
ZO9++0pF9xpzpSvf+uAgZw==,Magicbricks,https://www.magicbricks.com/property-details/1-BHK-800-Sq-ft-Builder-Floor-Apartment-FOR-Rent-Sector-47-in-Chandigarh&id=4d423239363432323531,2026-04-19 13:51:15,30.6947484,76.7697201,,Sector 47,"Chandigarh, Chandigarh",,,,Builder Floor Apartment,Semi-Furnished,2,3,,800,Sq-ft,10 to 15 years,"Property is available for boys Find this 1 BHK rental flat in Sector 47 Chandigarh. ₹7,500 is the monthly rent of this 1 BHK flat. The flat is located on the 2 floor which includes 1 bathrooms, 1 balcony, and covers a covered area of 800 sqft. The apartment is located at Sector 47, Chandigarh, Chandigarh. Do not pay any brokerage fee for this 1 BHK rental flat since the property ad is posted by the flat owner.",7500,12000,,9,1,,No,No,No,,False,False,Owner,36,Immediately,2026-04-06T21:30:43.000Z,"Apr 07, '26",True
kDK5FDuxx4xzpSvf+uAgZw==,Magicbricks,https://www.magicbricks.com/property-details/1-BHK-600-Sq-ft-Multistorey-Apartment-FOR-Rent-Sector-63-in-Chandigarh&id=4d423539343233313133,2026-04-19 13:51:15,30.6921903,76.7274147,,Sector 63,Chandigarh,,,,Apartment,Semi-Furnished,2,3,East,600,Sq-ft,,"One room with kitchen bathroom for working Female Find 1 BHK flat for rent in Sector 63 Chandigarh. The multistorey apartment is available at rent of ₹5,000. Located on the 2 floor, the flat has 1 bathrooms, 1 balcony in carpet area of 550 sqft. Visit the flat at Chandigarh, Sector 63, Chandigarh, Chandigarh. Do not pay any brokerage fee for this 1 BHK rental flat since the property ad is posted by the flat owner.",5000,,,8,1,,No,No,No,,False,False,Owner,37,Immediately,2026-04-04T21:30:37.000Z,"Apr 05, '26",True
XNHfAeEqS2hzpSvf+uAgZw==,Magicbricks,https://www.magicbricks.com/property-details/1-BHK-300-Sq-ft-Builder-Floor-Apartment-FOR-Rent-Naya-Gaon-in-Chandigarh&id=4d423832393234373035,2026-04-19 13:51:15,30.7748825,76.7942403,,Naya Gaon,"Chandigarh, Chandigarh","19202|Himalayan Public Smart School, 19202|Century Public School",,,Builder Floor Apartment,Semi-Furnished,2,4,,300,Sq-ft,,"A beautiful 1 BHK flat is available for rent in Naya Gaon. The apartment is available at an affordable rental price of ₹10,000. The address is Naya Gaon, Chandigarh, Chandigarh. You can find the 1 BHK flat without any brokerage.",10000,,,33,1,,No,No,No,,False,False,Owner,0,Immediately,2026-02-26T02:26:45.000Z,"Feb 26, '26",True
sUjFaD4ozFFzpSvf+uAgZw==,Magicbricks,https://www.magicbricks.com/property-details/1-BHK-1000-Sq-ft-Builder-Floor-Apartment-FOR-Rent-Sector-22-in-Chandigarh&id=4d423833373231323333,2026-04-19 13:51:15,30.732999,76.7711626,,Sector-22,"Chandigarh, Chandigarh","19202|Shishu Niketan Model Senior Secondary School, 19203|Civil Hospital, 19206|Shastri Market",,,Builder Floor Apartment,Furnished,2,3,,1000,Sq-ft,,"A beautiful 1 BHK flat is available for rent in Sector 22. The 1 BHK apartment is available at a reasonable rent of ₹14,000. This flat is located at Sector 22, Chandigarh, Chandigarh. There are no brokerage fees on this 1 BHK multistorey apartment.",14000,,,14,2,,No,No,No,,False,False,Owner,26,Immediately,2026-03-10T12:03:01.000Z,"Mar 10, '26",True
V8XiZt2Y/O5zpSvf+uAgZw==,Magicbricks,https://www.magicbricks.com/property-details/1-BHK-160-Sq-ft-Builder-Floor-Apartment-FOR-Rent-Sector-23-in-Chandigarh&id=4d423834303130313039,2026-04-19 13:51:15,30.7396066,76.766835,,Sector 23,"Chandigarh, Chandigarh",,,,Builder Floor Apartment,Furnished,2,3,,160,Sq-ft,,"Grab the chance to own this affordable 1 BHK flat for rent in the Sector 23 area. The flat is available for rent at a competitive amount of ₹5,000. The apartment is located at Sector 23, Chandigarh, Chandigarh. You can find the 1 BHK flat without any brokerage.",5000,,,31,1,,No,No,No,,False,False,Owner,28,Immediately,2026-03-31T11:16:15.000Z,"Mar 31, '26",True
oKzyaszKQcNzpSvf+uAgZw==,Magicbricks,https://www.magicbricks.com/property-details/1-BHK-950-Sq-ft-Multistorey-Apartment-FOR-Rent-Sector-40-in-Chandigarh&id=4d423439313034393433,2026-04-19 13:51:15,30.7363236,76.7350951,,Sector 40,sector 40,,,,Apartment,Furnished,1,3,,950,Sq-ft,New Construction,"You can avail the 1 BHK flat for rent in the well-known location of Sector 40. Available at a rental price of ₹8,000, this 1 BHK flat is worth considering. The flat is on the 1 floor and includes 1 bathrooms, 2 balcony with a carpet area of 800 sqft. The full address of the apartment is sector 40, Sector 40, Chandigarh, Chandigarh. There are no brokerage fees on this 1 BHK multistorey apartment.",8000,0,0,8,1,,No,No,No,,False,False,Owner,38,Immediately,2026-03-29T22:30:31.000Z,"Mar 30, '26",True
Gm3TJRYwZb9zpSvf+uAgZw==,Magicbricks,https://www.magicbricks.com/property-details/1-BHK-10-Sq-ft-Builder-Floor-Apartment-FOR-Rent-in-Chandigarh&id=4d423834303536363333,2026-04-19 13:51:15,,,,Harsimran singh,"Chandigarh, Chandigarh",,,,Builder Floor Apartment,Furnished,2,2,,10,Sq-ft,,"You can avail the 1 BHK flat for rent in the well-known location of pg. Available at a rental price of ₹6,500, this 1 BHK flat is worth considering. This is a no-brokerage flat, as the owner is offering this 1 BHK flat on rent.",6500,,,650,1,,No,No,No,,False,False,Owner,24,Immediately,2026-04-03T09:25:11.000Z,"Apr 03, '26",True
DfIyRrDO54lzpSvf+uAgZw==,Magicbricks,https://www.magicbricks.com/property-details/1-BHK-350-Sq-ft-Multistorey-Apartment-FOR-Rent-Sector-48-in-Chandigarh&id=4d423436363236323335,2026-04-19 13:51:15,30.6879114,76.7581794,,Sector 48,"Sector-48, Chandigarh",19202|Banyan Tree School,,,Apartment,Furnished,Ground,1,,350,Sq-ft,5 to 10 years,"Grab the chance to own this affordable 1 BHK flat for rent in the Sector 48 area. The apartment is available at an affordable rental price of ₹11,500. The flat is located on the Ground floor which includes 1 bathrooms, 1 balcony, and covers a carpet area of 350 sqft. Visit the flat at Sector-48, Chandigarh, Sector 48, Chandigarh, Chandigarh. This 1 BHK flat is directly posted by the owner, so you don't need to pay any brokerage on this property.",11500,6000,0,33,1,,No,No,No,,False,False,Owner,38,Immediately,2026-04-05T09:43:40.000Z,"Apr 05, '26",True
Ut8kp0O2Or1zpSvf+uAgZw==,Magicbricks,https://www.magicbricks.com/property-details/1-BHK-300-Sq-ft-Multistorey-Apartment-FOR-Rent-Sector-52-in-Chandigarh&id=4d423638323331353937,2026-04-19 13:51:15,30.7124873,76.736538,,Sector 52,3020 sector 52 LIG flats chandigarh,19206|The Three Button Mall,,,Apartment,Furnished,2,3,East,300,Sq-ft,,"You can explore this 1 BHK flat on rent in Sector 52 Chandigarh. The apartment is on the 2 floor, has a covered area of 300 sqft with 1 bathrooms and 1 balcony. You will also find 3 Open parking facility. Visit the apartment at Sector 49, Chandigarh.. There are no brokerage fees on this 1 BHK multistorey apartment.",15500,,,52,1,3 Open,No,No,No,,False,False,Owner,58,Immediately,2026-03-12T07:43:34.000Z,"Mar 12, '26",True
24Dvp67Y+JZzpSvf+uAgZw==,Magicbricks,https://www.magicbricks.com/property-details/1-BHK-500-Sq-ft-Multistorey-Apartment-FOR-Rent-Sector-8-in-Chandigarh&id=4d423530383330383238,2026-04-19 13:51:15,30.7416185,76.8000091,,Sector 8,"Chandigarh, Chandigarh","19202|New Pragati Sen Sec School, 19202|C L Aggarwal D.A.V Model School",,,Apartment,Furnished,1,2,,500,Sq-ft,Less than 5 years,"If you are searching a 1 BHK apartment for rent in Sector 8, check out this amazing rental flat. Some premium add-on facilities bundled with the flat are 2 Wardrobe, 2 Bed, 1 TV, Fridge, 1 AC and Gas Connection. The flat is on the 1 floor and includes 1 bathrooms, 1 balcony with a carpet area of 350 sqft. You can visit the flat at Sector 8, Chandigarh, Chandigarh. The owner has posted this 1 BHK flat for rent, so the brokerage fees is zero on this multistorey apartment.",15000,19000,600,30,1,,No,No,No,,False,False,Owner,56,Immediately,2026-02-14T22:30:45.000Z,"Feb 15, '26",True
53TkkOi03yJzpSvf+uAgZw==,Magicbricks,https://www.magicbricks.com/property-details/1-BHK-750-Sq-ft-Multistorey-Apartment-FOR-Rent-in-Chandigarh&id=4d423736313539343335,2026-04-19 13:51:15,30.656788,76.82119203,,Madaan Property Consultant,"Chandigarh, Chandigarh",,,,Apartment,Unfurnished,11,13,North - East,750,Sq-ft,New Construction,"1bhk fully furnished flat for rent lotus green Avenue bed sofa set led friedge dinning table curtain washing machine chiemny fans tubes lights Power back up swimming pool club house gym 1 BHK flat is available for rent in Zirakpur immediately. The rent of the 1 BHK flat is ₹23,000. The flat is located on the 11 floor which includes 2 bathrooms, 1 balcony, and covers a carpet area of 720 sqft. There is also facility of 1 Covered, 2 Open parking. This unit is designed with power back up, reserved parking, security, service/goods lift, air conditioned, visitor parking, intercom facility, ro water system. The flat can be visited at Zirakpur, Chandigarh, Chandigarh.",23000,23000,0,31,2,"1 Covered, 2 Open",No,No,No,"Air Conditioned, Banquet Hall, Bar/Lounge, Jogging and Strolling Track",False,True,Agent,98,Immediately,2026-03-13T17:07:34.000Z,"Mar 13, '26",True
FOsO3RIei+5zpSvf+uAgZw==,Magicbricks,https://www.magicbricks.com/property-details/1-BHK-780-Sq-ft-Builder-Floor-Apartment-FOR-Rent-in-Chandigarh&id=4d423739303136353539,2026-04-19 13:51:15,,,,Dogra Properties,kanal House,,,,Builder Floor Apartment,Furnished,1,2,North - East,780,Sq-ft,Less than 5 years,"Studio Apartment one bedroom attached bathroom kitchen fully furnished preference single executive 1 BHK flat is available for rent in studio Apartment immediately. The multistorey apartment is available at rent of ₹17,000. Located on the 1 floor, the flat comprises 1 bathrooms, 2 balcony, and has a carpet area of 680 sqft. The flat comes with power back up, reserved parking, security, air conditioned, ro water system.",17000,17000,0,22,1,,No,No,No,"Air Conditioned, RO Water System",True,True,Agent,78,Immediately,2026-04-15T02:12:47.000Z,"Apr 15, '26",True
LEePLAMJzqdzpSvf+uAgZw==,Magicbricks,https://www.magicbricks.com/property-details/1-BHK-550-Sq-ft-Multistorey-Apartment-FOR-Rent-Zirakpur-in-Chandigarh&id=4d423534383239373531,2026-04-19 13:51:15,30.656788,76.82119203,,Zirakpur,Vip road zirakpur.,"19201|Mk Technology Park, 19202|Atticus International School, 19202|St. Xaviers International School, 19206|Chandigarh Citi Centre, 19206|Tricity Square",,,Apartment,Unfurnished,1,5,North - East,550,Sq-ft,Less than 5 years,"NK Savitry Greens 1 in Zirakpur, Chandigarh by N K Sharma Group Of Companies Builders is a residential project.::::The project offers Apartment with perfect combination of contemporary architecture and features to provide comfortable living.",15000,14500,1000,27,1,1 Open,Yes,Yes,No,Jogging and Strolling Track,False,True,Agent,95,Immediately,2026-02-28T09:19:34.000Z,"Feb 28, '26",True
zYCnGeVUgrJzpSvf+uAgZw==,Magicbricks,https://www.magicbricks.com/property-details/1-BHK-750-Sq-ft-Builder-Floor-Apartment-FOR-Rent-Sector-44-in-Chandigarh&id=4d423439313639323339,2026-04-19 13:51:15,30.7127179,76.7524087,,Sector-44,"Chandigarh, Chandigarh",,,,Builder Floor Apartment,Furnished,1,1,North - East,750,Sq-ft,Less than 5 years,"ultra modern 1 bhk in sector 44 Find 1 BHK flat for rent in Sector 44 Chandigarh. The rent of the 1 BHK flat is ₹14,000. Located on the 1 floor, the flat has 1 bathrooms, 2 balcony in carpet area of 650 sqft. The flat comes with air conditioned. This flat is located at Sector 44, Chandigarh, Chandigarh.",14000,14000,100,19,1,,No,No,No,Air Conditioned,True,True,Agent,66,Immediately,2026-04-11T09:06:28.000Z,"Apr 11, '26",True
9EOCDYDNDbhzpSvf+uAgZw==,Magicbricks,https://www.magicbricks.com/property-details/1-BHK-1200-Sq-ft-Builder-Floor-Apartment-FOR-Rent-Sector-21-in-Chandigarh&id=4d423535393038303731,2026-04-19 13:51:15,30.7263907,76.77549,,Sector 21,Chandigarh,19202|Manav Mangal High School,,,Builder Floor Apartment,Furnished,1,2,North - East,,,2016,"Newly renovated house in ideal location with park facing You can explore this 1 BHK flat on rent in Sector 21 Chandigarh. The apartment is available at an affordable rental price of ₹11,000. Located on the 1 floor, the flat has 1 bathrooms, 1 balcony in carpet area of 1200 sqft. The property features air conditioned. Visit the apartment at Chandigarh, Sector 21, Chandigarh, Chandigarh.",11000,11000,,,1,,No,No,No,Air Conditioned,True,True,Agent,61,Immediately,2026-03-19T05:34:45.000Z,"Mar 19, '26",True
mOf1nwNAWsVzpSvf+uAgZw==,Magicbricks,https://www.magicbricks.com/property-details/1-BHK-900-Sq-ft-Builder-Floor-Apartment-FOR-Rent-Sector-37-in-Chandigarh&id=4d423832303232323133,2026-04-19 13:51:15,30.7378169,76.7495233,,Sector-37,"Chandigarh, Chandigarh",,,,Builder Floor Apartment,Unfurnished,2,3,East,900,Sq-ft,15 to 20 years,"1 bedroom drawing dining kitchen washroom Find this 1 BHK rental flat in Sector 37 Chandigarh. Available at a rental price of ₹18,037, this 1 BHK flat is worth considering. The apartment is on the 2 floor, has a carpet area of 450 sqft with 1 bathrooms and 2 balcony. The residence includes air conditioned. Visit the flat at Sector 37, Chandigarh, Chandigarh.",18037,18000,,20,1,,No,No,No,Air Conditioned,True,True,Agent,53,Immediately,2026-04-04T08:19:07.000Z,"Apr 04, '26",True
1TWWHGVyFOJzpSvf+uAgZw==,Magicbricks,https://www.magicbricks.com/property-details/1-BHK-680-Sq-ft-Builder-Floor-Apartment-FOR-Rent-Sector-37-in-Chandigarh&id=4d423739303136303835,2026-04-19 13:51:15,30.7378169,76.7495233,,Sector-37,Studio Apartment,,,,Builder Floor Apartment,Furnished,1,2,North - East,680,Sq-ft,5 to 10 years,"Studio Apartment One bedroom attached bathroom kitchen fully furnished preference Single executive only Grab the chance to own this affordable 1 BHK flat for rent in the Sector 37 area. Available at a rental price of ₹17,000, this 1 BHK flat is worth considering. The flat is on the 1 floor and includes 1 bathrooms, 2 balcony with a carpet area of 580 sqft. This unit features power back up, reserved parking, security, air conditioned, ro water system. The flat can be visited at Studio Apartment, Sector 37, Chandigarh, Chandigarh.",17000,17000,0,25,1,,No,No,No,"Air Conditioned, RO Water System",True,True,Agent,78,Immediately,2026-04-16T15:10:53.000Z,"Apr 16, '26",True
tH+KBg8bhAhzpSvf+uAgZw==,Magicbricks,https://www.magicbricks.com/property-details/1-BHK-600-Sq-ft-Builder-Floor-Apartment-FOR-Rent-Sector-40-in-Chandigarh&id=4d423533313937343439,2026-04-19 13:51:15,30.7363236,76.7350951,,Sector 40,Sector 22,,,,Builder Floor Apartment,Furnished,1,2,North - East,600,Sq-ft,New Construction,"its 1 bhk on first floor fully furnished If you are searching a 1 BHK apartment for rent in Sector 40, check out this amazing rental flat. This 1 BHK flat can be availed at the rental price of ₹15,000. The apartment is on the 1 floor, has a carpet area of 550 sqft with 1 bathrooms and 1 balcony. This property offers security, air conditioned, ro water system. Find this apartment at Sector 22, Sector 40, Chandigarh, Chandigarh.",15000,15000,200,25,1,,No,No,Yes,"Air Conditioned, RO Water System",True,True,Agent,68,Immediately,2026-04-11T09:05:17.000Z,"Apr 11, '26",True
SZ8dW1iuE+BzpSvf+uAgZw==,Magicbricks,https://www.magicbricks.com/property-details/1-BHK-1300-Sq-ft-Builder-Floor-Apartment-FOR-Rent-Sector-35-in-Chandigarh&id=4d423535393038303435,2026-04-19 13:51:15,30.7261629,76.7596221,,Sector-35,Chandigarh,"19202|St Peters Senior Secondary School, 19202|Sri Guru Gobind Singh Senior Secondary School, 19206|Piccadily Square Mall",,,Builder Floor Apartment,Furnished,2,2,North - East,,,2016,"Newly Built house in ideal location with park facing A beautiful 1 BHK flat is available for rent in Sector 35. You can get this flat at monthly rent of ₹12,000. The flat is on the 2 floor and includes 1 bathrooms, 2 balcony with a carpet area of 1300 sqft. The property features air conditioned. You can visit the flat at Chandigarh, Sector 35, Chandigarh, Chandigarh.",12000,12000,,,1,,No,No,No,Air Conditioned,True,True,Agent,61,Immediately,2026-03-19T05:34:51.000Z,"Mar 19, '26",True
mHcsqwFnq0BzpSvf+uAgZw==,Magicbricks,https://www.magicbricks.com/property-details/1-BHK-500-Sq-ft-Builder-Floor-Apartment-FOR-Rent-Sector-19-in-Chandigarh&id=4d423832313234353137,2026-04-19 13:51:15,30.7304019,76.795998,,Sector 19,"Chandigarh, Chandigarh",19209|Zirakpur Airport,,,Builder Floor Apartment,Semi-Furnished,2,3,East,500,Sq-ft,2013,"working girl only ac fridge ro geyser furnished q room set You can explore this 1 BHK flat on rent in Sector 19 Chandigarh. The rent of the 1 BHK flat is ₹17,019. Located on the 2 floor, the flat has 1 bathrooms, 3 balcony in carpet area of 300 sqft. The property features air conditioned, ro water system. Find this apartment at Sector 19, Chandigarh, Chandigarh.",17019,17000,,34,1,,No,No,No,"Air Conditioned, RO Water System",True,True,Agent,42,Immediately,2026-04-04T08:19:06.000Z,"Apr 04, '26",True
dAdbz2VHwXZzpSvf+uAgZw==,Magicbricks,https://www.magicbricks.com/property-details/1-BHK-700-Sq-ft-Builder-Floor-Apartment-FOR-Rent-Sector-9-in-Chandigarh&id=4d423739303135323731,2026-04-19 13:51:15,30.7466677,76.7942403,,Sector 9,madhya marg,"19202|Chitkara University, 19202|Carmel Convent",,,Builder Floor Apartment,Furnished,1,2,North,700,Sq-ft,5 to 10 years,"one bedroom attached bathroom kitchen drawing dining furnished preference single executive You can avail the 1 BHK flat for rent in the well-known location of Sector 9. The multistorey apartment is available at rent of ₹25,000. The apartment is on the 1 floor, has a carpet area of 680 sqft with 1 bathrooms and 2 balcony. This property offers power back up, reserved parking, security, air conditioned, ro water system. You can visit the flat at madhya marg, Sector 9, Chandigarh, Chandigarh.",25000,25000,0,36,1,,No,No,No,"Air Conditioned, RO Water System",True,True,Agent,78,Immediately,2026-04-17T03:11:07.000Z,"Apr 17, '26",True
OYM1Uo7zKHpzpSvf+uAgZw==,Magicbricks,https://www.magicbricks.com/property-details/1-BHK-700-Sq-ft-Builder-Floor-Apartment-FOR-Rent-Sector-36-in-Chandigarh&id=4d423532343436373235,2026-04-19 13:51:15,30.7327703,76.7552941,,Sector 36,"Chandigarh, Chandigarh",,,,Builder Floor Apartment,Furnished,1,2,North - East,700,Sq-ft,5 to 10 years,"its 1 room set qnnexe in sector 36 fully furnished with all amenities on first floor very near to market qnd park 1 BHK flat is available for rent in Sector 36 immediately. The apartment is available at an affordable rental price of ₹10,500. The flat is located on the 1 floor which includes 1 bathrooms, 1 balcony, and covers a carpet area of 650 sqft. The flat comes with air conditioned. Visit the flat at Sector 36, Chandigarh, Chandigarh.",10500,10500,100,15,1,,No,No,No,Air Conditioned,True,True,Agent,64,Immediately,2026-04-11T09:05:17.000Z,"Apr 11, '26",True
ttucgUTq9WZzpSvf+uAgZw==,Magicbricks,https://www.magicbricks.com/property-details/1-BHK-1300-Sq-ft-Builder-Floor-Apartment-FOR-Rent-Sector-36-in-Chandigarh&id=4d423538313337313631,2026-04-19 13:51:15,30.7327703,76.7552941,,Sector 36,Chandigarh,,,,Builder Floor Apartment,Furnished,1,1,North - East,,,2016,"Newly Built Room in 2 kanal house wid great and luxury view Grab the chance to own this affordable 1 BHK flat for rent in the Sector 36 area. This 1 BHK flat can be availed at the rental price of ₹16,000. The flat is on the 1 floor and includes 1 bathrooms, 2 balcony with a carpet area of 1300 sqft. The flat comes with air conditioned. Visit the flat at Chandigarh, Sector 36, Chandigarh, Chandigarh.",16000,16000,,,1,,No,No,No,Air Conditioned,True,True,Agent,66,Immediately,2026-03-19T05:34:32.000Z,"Mar 19, '26",True
oKibTTgu8GpzpSvf+uAgZw==,Magicbricks,https://www.magicbricks.com/property-details/1-BHK-1000-Sq-ft-Builder-Floor-Apartment-FOR-Rent-Sector-20-in-Chandigarh&id=4d423832353132363933,2026-04-19 13:51:15,30.7213417,76.7812596,,Sector 20,"Chandigarh, Chandigarh",,,,Builder Floor Apartment,Furnished,3,3,East,1000,Sq-ft,Less than 5 years,"working girl only 1 room attached washroom pantry 1 BHK apartment is available on rent in Sector 20 Chandigarh right away. You can get this flat at monthly rent of ₹15,020. The flat is located on the 3 floor which includes 1 bathrooms, 2 balcony, and covers a carpet area of 250 sqft. This unit is designed with air conditioned. Visit the flat at Sector 20, Chandigarh, Chandigarh.",15020,15000,,15,1,,No,No,No,Air Conditioned,True,True,Agent,50,Immediately,2026-04-04T08:17:00.000Z,"Apr 04, '26",True
9JMAB89myYFzpSvf+uAgZw==,Magicbricks,https://www.magicbricks.com/property-details/1-BHK-600-Sq-ft-Builder-Floor-Apartment-FOR-Rent-Sector-22-in-Chandigarh&id=4d423739303137313139,2026-04-19 13:51:15,30.732999,76.7711626,,Sector-22,Single Room without kitchen,"19202|Shishu Niketan Model Senior Secondary School, 19203|Civil Hospital, 19206|Shastri Market",,,Builder Floor Apartment,Furnished,1,2,North - East,600,Sq-ft,New Construction,"One bedroom attached bathroom without kitchen fully furnished preference decent boy or girl student only Find 1 BHK flat for rent in Sector 22 Chandigarh. You can get this flat at monthly rent of ₹15,000. The apartment is on the 1 floor, has a carpet area of 480 sqft with 1 bathrooms and 1 balcony. The apartment is equipped with power back up, reserved parking, security, air conditioned, ro water system. Visit the apartment at Single Room without kitchen, Sector 22, Chandigarh, Chandigarh.",15000,15000,0,25,1,,No,No,No,"Air Conditioned, RO Water System",True,True,Agent,78,Immediately,2026-04-10T08:15:44.000Z,"Apr 10, '26",True
QAno5pRNKwFzpSvf+uAgZw==,Magicbricks,https://www.magicbricks.com/property-details/1-BHK-400-Sq-ft-Builder-Floor-Apartment-FOR-Rent-Sector-32D-in-Chandigarh&id=4d423532303035343135,2026-04-19 13:51:15,30.707984,76.770787,,Sector 32D,Sector 63,,,,Builder Floor Apartment,Furnished,2,2,North - East,400,Sq-ft,5 to 10 years,"its 1 room set on second floor with attached washroom and kitchen fully furnished You can avail the 1 BHK flat for rent in the well-known location of Sector 32D. The rent of the 1 BHK flat is ₹11,000. The apartment is on the 2 floor, has a carpet area of 350 sqft with 1 bathrooms and 2 balcony. This property offers air conditioned. The apartment is located at Sector 63, Sector 32D, Chandigarh, Chandigarh.",11000,11000,100,28,1,,No,No,No,Air Conditioned,True,True,Agent,68,Immediately,2026-04-11T09:05:17.000Z,"Apr 11, '26",True
sNQuNVFJlRVzpSvf+uAgZw==,Magicbricks,https://www.magicbricks.com/property-details/1-BHK-1200-Sq-ft-Builder-Floor-Apartment-FOR-Rent-Sector-20-in-Chandigarh&id=4d423535393038313937,2026-04-19 13:51:15,30.7213417,76.7812596,,Sector 20,Chandigarh,,,,Builder Floor Apartment,Furnished,1,2,North - East,,,2016,"Newly Built house in ideal location with park facing Grab the chance to own this affordable 1 BHK flat for rent in the Sector 20 area. The multistorey apartment is available at rent of ₹10,000. Located on the 1 floor, the flat comprises 1 bathrooms, 1 balcony, and has a carpet area of 1200 sqft. This unit is designed with air conditioned. Visit the apartment at Chandigarh, Sector 20, Chandigarh, Chandigarh.",10000,10000,,,1,,No,No,No,Air Conditioned,True,True,Agent,61,Immediately,2026-03-19T05:34:37.000Z,"Mar 19, '26",True
7ZWMYzqS3kZzpSvf+uAgZw==,Magicbricks,https://www.magicbricks.com/property-details/3-BHK-2100-Sq-ft-Builder-Floor-Apartment-FOR-Rent-Sector-40A-in-Chandigarh&id=4d423834303336363337,2026-04-19 13:51:15,30.7412173,76.7314602,,Rajeev,"Chandigarh, Chandigarh",,,,Builder Floor Apartment,Furnished,1,3,North - West,2100,Sq-ft,New Construction,"This is a fully furnished independent builder floor.This property has 3 bedrooms with attached toilets, drawing room, dining room, open modular kitchen, living space, two sit outs in front and back. This is fully furnished accommodation with 10 fans, 4 geysers, 2 TVs, microwave, fridge, 2 ACs, 3 double beds, 2 sofa sets etc.",85000,,,40,3,,No,No,No,,False,True,Owner,54,Immediately,2026-04-15T09:03:50.000Z,"Apr 15, '26",True
dpVGttrj7xBzpSvf+uAgZw==,Magicbricks,https://www.magicbricks.com/property-details/3-BHK-10-Marla-Builder-Floor-Apartment-FOR-Rent-Sector-40-in-Chandigarh&id=4d423834333033333633,2026-04-19 13:51:15,30.7363236,76.7350951,,Sector 40,"Chandigarh, Chandigarh",,,,Builder Floor Apartment,Furnished,Ground,3,East,10,Marla,Less than 5 years,"10 Marla ground floor fully furnish 3BHK3, Bath sector 40 Chandigarh contact The Tricity Properties If you are searching a 3 BHK apartment for rent in Sector 40, check out this amazing rental flat. The rent of the 3 BHK flat is ₹75,000. The flat comes with power back up, reserved parking, security, visitor parking. The flat can be visited at Sector 40, Chandigarh, Chandigarh.",75000,,,28,3,,No,No,No,"Visitor Parking, Laundry Service, Jogging and Strolling Track, Outdoor Tennis Courts",False,True,Agent,78,Immediately,2026-04-18T12:39:41.000Z,Yesterday,True
fjOyhxpVkf9zpSvf+uAgZw==,Magicbricks,https://www.magicbricks.com/property-details/3-BHK-1-Kanal-Builder-Floor-Apartment-FOR-Rent-Sector-18-in-Chandigarh&id=4d423834323939343737,2026-04-19 13:51:15,30.7347851,76.7884713,,Sector 18,"Chandigarh, Chandigarh","19202|Saint Thomas - Cni School, 19202|B M Schools Private Limited",,,Builder Floor Apartment,Furnished,2,3,,,,5 to 10 years,"3 BHK apartment is available on rent in Sector 18 Chandigarh right away. This 3 BHK flat can be availed at the rental price of ₹90,000. Located on the 2 floor, the flat has 3 bathrooms, 2 balcony in carpet area of 1 kanal. The flat comes with air conditioned. The address is Sector 18, Chandigarh, Chandigarh.",90000,180000,,,3,,No,No,No,"Air Conditioned, Banquet Hall",True,True,Agent,59,Immediately,2026-04-18T09:37:56.000Z,Yesterday,True
Fbl7DwK6s8tzpSvf+uAgZw==,Magicbricks,https://www.magicbricks.com/property-details/3-BHK-2158-Sq-ft-Builder-Floor-Apartment-FOR-Rent-Sector-40-in-Chandigarh&id=4d423834333030353133,2026-04-19 13:51:15,30.7363236,76.7350951,,Sector 40,"Chandigarh, Chandigarh",,,,Builder Floor Apartment,Furnished,Ground,3,,2158,Sq-ft,New Construction,"ultra furnished 10 marla ground floor consisting of 3 bedrooms with attached washrooms, drawing dining, modular kitchen and furnishings is available for rent at a very prime locality in sector 40 chandigarh. FOR MORE DETAILS OR TO SCHEDULE A VISIT PLEASE CONTACT US.",78000,,,36,4,,No,No,No,,False,True,Agent,62,Immediately,2026-04-18T10:25:02.000Z,Yesterday,True
ul6Jmm225hdzpSvf+uAgZw==,Magicbricks,https://www.magicbricks.com/property-details/3-BHK-1800-Sq-ft-Builder-Floor-Apartment-FOR-Rent-Sector-35D-in-Chandigarh&id=4d423834323337373135,2026-04-19 13:51:15,30.7258052,76.7513296,,OM Properties,sector 35,"19202|St Peters Senior Secondary School, 19202|Shivalik Public School",,,Builder Floor Apartment,Semi-Furnished,Ground,3,North - East,1800,Sq-ft,Less than 5 years,"sector 35, sector 35, 3bhk 3 bathrooms You can explore this 3 BHK flat on rent in Sector 35D Chandigarh. The flat is available for rent at a competitive amount of ₹85,000. 1 Covered, 1 Open parking space is also available. The apartment comes furnished with reserved parking. The flat can be visited at sector 35, Sector 35D, Chandigarh, Chandigarh.",85000,85000,0,47,3,"1 Covered, 1 Open",No,No,No,,True,True,Agent,100,Immediately,2026-04-14T16:23:28.000Z,"Apr 14, '26",True
AoVQaxrtQUdzpSvf+uAgZw==,Magicbricks,https://www.magicbricks.com/property-details/3-BHK-3350-Sq-ft-Builder-Floor-Apartment-FOR-Rent-Sector-19-in-Chandigarh&id=4d423834323539353535,2026-04-19 13:51:15,30.7304019,76.795998,,Sector 19,house no. 9999,19209|Zirakpur Airport,,,Builder Floor Apartment,Semi-Furnished,1,2,North - East,3350,Sq-ft,New Construction,"Premium Property Prime location newly built first floor spacious floor no parking issue Call for more details Find this 3 BHK rental flat in Sector 19 Chandigarh. The Rent amount of this 3 BHK apartment is set at an attractive price of ₹80,000. The flat is on the 1 floor and includes 3 bathrooms, 2 balcony with a carpet area of 3175 sqft. This property offers power back up. The full address of the apartment is house no. 9999, Sector 19, Chandigarh, Chandigarh.",80000,,,24,3,,No,No,No,,True,True,Agent,73,Immediately,2026-04-16T07:13:52.000Z,"Apr 16, '26",True
gcZPBdCQDQlzpSvf+uAgZw==,Magicbricks,https://www.magicbricks.com/property-details/3-BHK-200-Sq-ft-Multistorey-Apartment-FOR-Rent-Sector-18-in-Chandigarh&id=4d423832383537373639,2026-04-19 13:51:15,30.7347851,76.7884713,,Sector 18,"sector 34, house 009","19202|Stepping Stones Sr. Sec. School, 19202|Saint Thomas - Cni School",,,Apartment,Furnished,3,3,South,200,Sq-ft,10 to 15 years,"brand new 3bhk , fitted with all furniture and beautiful location with ample parking Find 3 BHK flat for rent in Sector 18 Chandigarh. The Rent amount of this 3 BHK apartment is set at an attractive price of ₹75,000. The apartment is on the 3 floor, has a carpet area of 200 sqyrd with 3 bathrooms and 2 balcony. The apartment is equipped with air conditioned. Visit the flat at sector 34, house 009, Sector 18, Chandigarh, Chandigarh.",75000,150000,,375,3,,No,No,No,"Air Conditioned, Laundry Service",False,True,Agent,76,Immediately,2026-03-20T04:45:05.000Z,"Mar 20, '26",True
5Itpo5m6+bNzpSvf+uAgZw==,Magicbricks,https://www.magicbricks.com/property-details/3-BHK-1800-Sq-ft-Builder-Floor-Apartment-FOR-Rent-Sector-23-in-Chandigarh&id=4d423830393035333139,2026-04-19 13:51:15,30.7396066,76.766835,,Sector 23,2799.,,,,Builder Floor Apartment,Furnished,1,2,South - East,1800,Sq-ft,Less than 5 years,"This is first floor of one kanal house which has fully furnished three bedrooms drawing dinning and three attached baths with servant quarter located in a very posh area. If you are searching a 3 BHK apartment for rent in Sector 23, check out this amazing rental flat. Available at a rental price of ₹1 Lac, this 3 BHK flat is worth considering. Additional amenities available with the flat are 3 Wardrobe, 3 Bed, 1 TV, Fridge, Microwave, 4 AC, Sofa, Washing Machine, Dining Table and Gas Connection. The flat is on the 1 floor and includes 3 bathrooms, 2 balcony with a carpet area of 1800 sqft. 3 Open parking facility are also available. The apartment comes furnished with reserved parking, security. This flat is located at 2799., Sector 23, Chandigarh, Chandigarh.",100000,200000,0,56,3,3 Open,No,No,Yes,Jogging and Strolling Track,True,True,Agent,98,Immediately,2026-04-03T03:51:21.000Z,"Apr 03, '26",True
2rMJgAyVlQtzpSvf+uAgZw==,Magicbricks,https://www.magicbricks.com/property-details/3-BHK-2250-Sq-ft-Builder-Floor-Apartment-FOR-Rent-Sector-23-in-Chandigarh&id=4d423831303536393737,2026-04-19 13:51:15,30.7396066,76.766835,,Sector 23,"Chandigarh, Chandigarh",,,,Builder Floor Apartment,Unfurnished,1,3,North - West,2250,Sq-ft,5 to 10 years,"Three bedrooms with three attached washrooms, Drawing Dinning, Modular kitchen. Fully furnished with everything. Servant Quarter with separate washroom. Built on 1st floor of 500 sq yard bungalow. City Centre. Prime Location. Dedicated parking of 2 Cars.",85000,190000,,38,3,,No,No,No,"Air Conditioned, RO Water System",False,True,Agent,73,Immediately,2026-03-08T08:22:50.000Z,"Mar 08, '26",True
eR2EfqJKmwxzpSvf+uAgZw==,Magicbricks,https://www.magicbricks.com/property-details/3-BHK-2200-Sq-ft-Builder-Floor-Apartment-FOR-Rent-Sector-27-in-Chandigarh&id=4d423833393735363639,2026-04-19 13:51:15,30.7231259,76.7985669,,Sector 27,"Chandigarh, Chandigarh","19202|New Public Schools, 19202|Sri Aurobindo School Of Integral Education",,,Builder Floor Apartment,Semi-Furnished,1,3,,2200,Sq-ft,New Construction,"Find 3 BHK flat for rent in Sector 27 Chandigarh. ₹75,000 is the monthly rent of this 3 BHK flat. Located on the 1 floor, the flat comprises 3 bathrooms, 2 balcony, and has a carpet area of 3500 sqft. The apartment is located at Sector 27, Chandigarh, Chandigarh.",75000,,,34,3,,No,No,No,,True,True,Agent,62,Immediately,2026-03-28T09:21:49.000Z,"Mar 28, '26",True
n947EOwIEYhzpSvf+uAgZw==,Magicbricks,https://www.magicbricks.com/property-details/3-BHK-5000-Sq-ft-Builder-Floor-Apartment-FOR-Rent-Sector-19-in-Chandigarh&id=4d423833383331303233,2026-04-19 13:51:15,30.7304019,76.795998,,Sector 19,"Chandigarh, Chandigarh",19209|Zirakpur Airport,,,Builder Floor Apartment,Semi-Furnished,1,2,North,5000,Sq-ft,5 to 10 years,"Builder-floor apartment is available for rent. It is a good location property. Please contact for more details. A beautiful 3 BHK flat is available for rent in Sector 19. The Rent amount of this 3 BHK apartment is set at an attractive price of ₹1 Lac. The apartment is on the 1 floor, has a carpet area of 2500 sqft with 3 bathrooms and 2 balcony. The apartment comes furnished with reserved parking, air conditioned, intercom facility, ro water system. Visit the flat at Sector 19, Chandigarh, Chandigarh.",100000,200000,1000,20,3,,No,No,No,"Air Conditioned, Laundry Service, Internet/Wi-Fi Connectivity, Banquet Hall",False,True,Agent,68,Immediately,2026-03-18T06:02:23.000Z,"Mar 18, '26",True
56t74Z7zvLFzpSvf+uAgZw==,Magicbricks,https://www.magicbricks.com/property-details/3-BHK-1900-Sq-ft-Builder-Floor-Apartment-FOR-Rent-Sector-27-in-Chandigarh&id=4d423832363935343339,2026-04-19 13:51:15,30.7231259,76.7985669,,Sector 27,Sector 27 A,"19202|Sri Aurobindo School Of Integral Education, 19202|Bhavan Vidyalaya",,,Builder Floor Apartment,Semi-Furnished,Ground,2,North,1900,Sq-ft,5 to 10 years,"10 marla, available for rent in Sector 27, Chandigarh.Ground Floor,3bedroom with 3 washroomSpacious room,Wide Balconies,Huge parking,Inside Lawn,Beautiful Builtup,Peaceful Location,Surrounded by best commercial hubs and educational hubs,Contact us For more detials.",90000,90000,0,47,3,"2 Covered, 3 Open",No,No,No,,True,True,Agent,100,Immediately,2026-03-26T10:42:24.000Z,"Mar 26, '26",True
SXgCL3CIMJJzpSvf+uAgZw==,Magicbricks,https://www.magicbricks.com/property-details/3-BHK-5800-Sq-ft-Builder-Floor-Apartment-FOR-Rent-Sector-19-in-Chandigarh&id=4d423834323535303235,2026-04-19 13:51:15,30.7304019,76.795998,,Sector 19,"Chandigarh, Chandigarh",19209|Zirakpur Airport,,,Builder Floor Apartment,Semi-Furnished,1,3,,5800,Sq-ft,Less than 5 years,"State of Modern Design, Premium Construction. Spacious room and kitchen, attached washroom with all bedrooms, Ample storage with over 16 build in Wardrobes and modular kitchen.semifinished with led lights, Fans, ACs, exhaust, and Chimney. LCD panels and storage units also included.",78000,,,13,3,,No,No,No,,False,False,Owner,58,Immediately,2026-04-15T19:37:21.000Z,"Apr 16, '26",True
xLSuXFBvRXhzpSvf+uAgZw==,Magicbricks,https://www.magicbricks.com/property-details/3-BHK-3150-Sq-ft-Builder-Floor-Apartment-FOR-Rent-Sector-34-in-Chandigarh&id=4d423834313730373431,2026-04-19 13:51:15,30.7195549,76.7639499,,Sector-34,"Chandigarh, Chandigarh","19202|Northridge International School, 19202|Kundan International School, 19203|Mukat Hospital And Heart Institute, 19206|Piccadilly Square Mall",,,Builder Floor Apartment,Unfurnished,Ground,3,East,3150,Sq-ft,2013,"Builder floor apartment is available for rent. It has a covered area of 3150 sq-ft, it is 3 BHK apartment. Please contact for more details. Find this 3 BHK rental flat in Sector 34 Chandigarh. The rent of the 3 BHK flat is ₹70,034. Located on the Ground floor, the flat has 3 bathrooms, 2 balcony in carpet area of 1800 sqft. The flat comes with security, air conditioned, ro water system. This flat is located at Sector 34, Chandigarh, Chandigarh.",70034,70000,,22,3,,No,No,Yes,"Air Conditioned, RO Water System",True,True,Agent,47,Immediately,2026-04-10T01:02:45.000Z,"Apr 10, '26",True
OJiI82cOjGVzpSvf+uAgZw==,Magicbricks,https://www.magicbricks.com/property-details/3-BHK-527-Sq-yrd-Builder-Floor-Apartment-FOR-Rent-Sector-40B-in-Chandigarh&id=4d423833353333393933,2026-04-19 13:51:15,30.738358,76.739017,,Pallak ,"1406, sector 40b , Chandigarh",,,,Builder Floor Apartment,Furnished,1,2,East,527,Sq-yrd,New Construction,"3 BHK apartment is available on rent in Sector 40B Chandigarh right away. This 3 BHK flat is available at the reasonable rent amount of ₹80,000. Located on the 1 floor, the flat has 3 bathrooms, 4 balcony in covered area of 527 sqyrd. The property includes 2 Open parking. Find this apartment at 1406, sector 40b , Chandigarh, Sector 40B, Chandigarh, Chandigarh. The owner has posted this 3 BHK flat for rent, so the brokerage fees is zero on this multistorey apartment.",80000,,,17,3,2 Open,No,No,No,,False,False,Owner,71,Immediately,2026-02-24T08:10:25.000Z,"Feb 24, '26",True
6iJrK1+4eR1zpSvf+uAgZw==,Magicbricks,https://www.magicbricks.com/property-details/3-BHK-1350-Sq-ft-Multistorey-Apartment-FOR-Rent-Sector-21-in-Chandigarh&id=4d423833343332313031,2026-04-19 13:51:15,30.7263907,76.77549,,Sector 21,"Chandigarh, Chandigarh",19202|Manav Mangal High School,,,Apartment,Semi-Furnished,1,2,,,,New Construction,"3 BHK flat is available for rent in Sector 21 immediately. Available at a rental price of ₹72,000, this 3 BHK flat is worth considering. Located on the 1 floor, the flat has 3 bathrooms, 2 balcony in carpet area of 1350 sqft. The flat comes with air conditioned. Visit the apartment at Sector 21, Chandigarh, Chandigarh. This is a no-brokerage flat because the owner has posted the ad on this 3 BHK apartment.",72000,,,,3,,No,No,No,Air Conditioned,False,False,Owner,53,Immediately,2026-02-16T11:09:47.000Z,"Feb 16, '26",True
cZBdgyj1s9ZzpSvf+uAgZw==,Magicbricks,https://www.magicbricks.com/property-details/3-BHK-2800-Sq-ft-Builder-Floor-Apartment-FOR-Rent-Sector-34-in-Chandigarh&id=4d423833333132323935,2026-04-19 13:51:15,30.7195549,76.7639499,,Sector-34,"Chandigarh, Chandigarh","19202|Aanchal International School, 19202|Northridge International School, 19203|Mukat Hospital And Heart Institute, 19206|Piccadilly Square Mall",,,Builder Floor Apartment,Semi-Furnished,Ground,3,,,,New Construction,"You can explore this 3 BHK flat on rent in Sector 34 Chandigarh. The apartment is available at an affordable rental price of ₹85,000. The apartment is on the Ground floor, has a carpet area of 2800 sqft with 3 bathrooms and 2 balcony. The full address of the apartment is Sector 34, Chandigarh, Chandigarh. You can find the 3 BHK flat without any brokerage.",85000,170000,,,3,,No,No,No,,False,False,Owner,51,Immediately,2026-02-08T05:29:45.000Z,"Feb 08, '26",True
kfXNZarCAxRzpSvf+uAgZw==,Magicbricks,https://www.magicbricks.com/property-details/3-BHK-2590-Sq-ft-Builder-Floor-Apartment-FOR-Rent-Sector-21-in-Chandigarh&id=4d423833343833353033,2026-04-19 13:51:15,30.7263907,76.77549,,Sector 21,"Chandigarh, Chandigarh",19202|Manav Mangal High School,,,Builder Floor Apartment,Semi-Furnished,1,3,,2590,Sq-ft,New Construction,"The back of our house adjoins a small reserved forest alive with seasonal exotic birdlife an irresistible sanctuary of pristine air and tranquil stillness, freely enjoyed. A beautiful 3 BHK flat is available for rent in Sector 21. You can get this flat at monthly rent of ₹73,000. The flat is located on the 1 floor which includes 3 bathrooms, 2 balcony, and covers a carpet area of 1550 sqft. This flat is located at Sector 21, Chandigarh, Chandigarh. The owner has posted this 3 BHK flat for rent, so the brokerage fees is zero on this multistorey apartment.",73000,150000,2000,28,3,,No,No,No,,False,False,Owner,67,Immediately,2026-02-20T06:37:10.000Z,"Feb 20, '26",True
icwm+OIHU8lzpSvf+uAgZw==,Magicbricks,https://www.magicbricks.com/property-details/3-BHK-2200-Sq-ft-Builder-Floor-Apartment-FOR-Rent-Sector-40A-in-Chandigarh&id=4d423834303336323137,2026-04-19 13:51:15,30.7412173,76.7314602,,Rajeev,"Chandigarh, Chandigarh",,,,Builder Floor Apartment,Furnished,1,3,,2200,Sq-ft,New Construction,"Builder floor apartment is available for rent. It is a good location property. Please contact for more details. If you are searching a 3 BHK apartment for rent in Sector 40A, check out this amazing rental flat. The Rent amount of this 3 BHK apartment is set at an attractive price of ₹85,000. This flat is located at Sector 40A, Chandigarh, Chandigarh. This 3 BHK flat is directly posted by the owner, so you don't need to pay any brokerage on this property.",85000,,,39,3,,No,No,No,,False,False,Owner,53,Immediately,2026-04-02T07:36:23.000Z,"Apr 02, '26",True
grjRSQYDT+tzpSvf+uAgZw==,Magicbricks,https://www.magicbricks.com/property-details/3-BHK-1-Kanal-Builder-Floor-Apartment-FOR-Rent-Sector-23-in-Chandigarh&id=4d423831333730343733,2026-04-19 13:51:15,30.7396066,76.766835,,Sector 23,"Chandigarh, Chandigarh",,,,Builder Floor Apartment,Furnished,1,3,East,1,Kanal,15 to 20 years,"1 Kanal independent First floor, 3BHK attach Bath Furnished with servant room and car parking outside house B Road, Sector 23 Chandigarh contact The Tricity Properties, Chandigarh Find 3 BHK flat for rent in Sector 23 Chandigarh. This 3 BHK flat can be availed at the rental price of ₹95,000. Located on the 1 floor, the flat has 3 bathrooms, 3 balcony in carpet area of 3000 sqft. The flat comes with power back up, reserved parking, security, visitor parking. The full address of the apartment is Sector 23, Chandigarh, Chandigarh.",95000,,,17,3,,No,No,No,"Visitor Parking, Laundry Service, Jogging and Strolling Track, Outdoor Tennis Courts",False,True,Agent,73,Immediately,2026-03-29T04:07:01.000Z,"Mar 29, '26",True
oU/evruqzfRzpSvf+uAgZw==,Magicbricks,https://www.magicbricks.com/property-details/3-BHK-2400-Sq-ft-Builder-Floor-Apartment-FOR-Rent-Sector-35-in-Chandigarh&id=4d423834323736393839,2026-04-19 13:51:15,30.7261629,76.7596221,,Sector-35,fourteen Marla house,"19202|Shivalik Public School, 19202|St Peters Senior Secondary School, 19206|Piccadily Square Mall",,,Builder Floor Apartment,Semi-Furnished,Ground,2,North - East,2400,Sq-ft,New Construction,"Ground floor with basement available 3bhk semi furnished preference decent family Find 3 BHK flat for rent in Sector 35 Chandigarh. This 3 BHK flat is available at the reasonable rent amount of ₹85,000. The apartment is on the Ground floor, has a carpet area of 2200 sqft with 3 bathrooms and 2 balcony. This flat is fitted with power back up, air conditioned, ro water system. Find this apartment at fourteen Marla house, Sector 35, Chandigarh, Chandigarh.",85000,85000,0,35,3,,No,No,No,"Air Conditioned, RO Water System, Outdoor Tennis Courts",True,True,Agent,83,Immediately,2026-04-17T06:31:53.000Z,"Apr 17, '26",True
ZrVLIPuMD4lzpSvf+uAgZw==,Magicbricks,https://www.magicbricks.com/property-details/3-BHK-4850-Sq-ft-Builder-Floor-Apartment-FOR-Rent-Sector-36-in-Chandigarh&id=4d423834333030323337,2026-04-19 13:51:15,30.7327703,76.7552941,,Sector 36,"Chandigarh, Chandigarh",,,,Builder Floor Apartment,Semi-Furnished,1,3,,4850,Sq-ft,New Construction,"newly built 3bhk plus servant quarter is available for rent at a very prime locality in sector 36 chandigarh. FOR MORE DETAILS OR TO SCHEDULE A VISIT PLEASE CONTACT US. 3 BHK flat is available for rent in Sector 36 immediately. The apartment is available at an affordable rental price of ₹87,000. The apartment is on the 1 floor, has a carpet area of 6000 sqft with 4 bathrooms and 3 balcony. Find this apartment at Sector 36, Chandigarh, Chandigarh.",87000,,,18,4,,No,No,No,,False,True,Agent,60,Immediately,2026-04-18T10:12:04.000Z,Yesterday,True
3qQl6laVzy1zpSvf+uAgZw==,Magicbricks,https://www.magicbricks.com/property-details/3-BHK-1800-Sq-ft-Builder-Floor-Apartment-FOR-Rent-Sector-34-in-Chandigarh&id=4d423834323130383039,2026-04-19 13:51:15,30.7195549,76.7639499,,Sector-34,sector 34,"19202|Northridge International School, 19202|Aanchal International School, 19203|Mukat Hospital And Heart Institute, 19206|Piccadilly Square Mall",,,Builder Floor Apartment,Furnished,1,3,North - East,1800,Sq-ft,Less than 5 years,"sector 34, 3bhk, fully furnished Check out this newly constructed 3 BHK flat on rent in the prime location of Sector 34 Chandigarh. This 3 BHK flat is available at the reasonable rent amount of ₹75,000. The apartment is on the 1 floor, has a carpet area of 2500 sqft with 2 bathrooms and 2 balcony. There is also facility of 1 Covered, 1 Open parking. This flat is fitted with reserved parking. You can visit the flat at sector 34, Sector 34, Chandigarh, Chandigarh.",75000,75000,0,42,2,"1 Covered, 1 Open",No,No,No,,True,True,Agent,100,Immediately,2026-04-12T17:38:25.000Z,"Apr 12, '26",True
jFUsBHuCjyBzpSvf+uAgZw==,Magicbricks,https://www.magicbricks.com/property-details/3-BHK-14-Marla-Builder-Floor-Apartment-FOR-Rent-Sector-34-in-Chandigarh&id=4d423834313636393433,2026-04-19 13:51:15,30.7195549,76.7639499,,Sector-34,House No.9999,"19202|Northridge International School, 19202|Kundan International School, 19203|Mukat Hospital And Heart Institute, 19206|Piccadilly Square Mall",,,Builder Floor Apartment,Furnished,2,2,North - West,14,Marla,New Construction,"Very Beautiful 14 Marla 2nd floor furnished Newly Built Modular Kitchen Available Beautiful location Call for Details Grab the chance to own this affordable 3 BHK flat for rent in the Sector 34 area. The Rent amount of this 3 BHK apartment is set at an attractive price of ₹85,000. The apartment is on the 2 floor, has a carpet area of 2200 sqft with 3 bathrooms and 2 balcony. The property features power back up, security, visitor parking. Visit the flat at House No.9999, Sector 34, Chandigarh, Chandigarh.",85000,,,0,3,,No,No,Yes,Visitor Parking,True,True,Agent,78,Immediately,2026-04-09T12:37:50.000Z,"Apr 09, '26",True
66dk/GNu8PxzpSvf+uAgZw==,Magicbricks,https://www.magicbricks.com/property-details/3-BHK-3000-Sq-ft-Builder-Floor-Apartment-FOR-Rent-Sector-27-in-Chandigarh&id=4d423833383130353531,2026-04-19 13:51:15,30.7231259,76.7985669,,Sector 27,Sector 27,"19202|New Public Schools, 19202|Bhavan Vidyalaya",,,Builder Floor Apartment,Semi-Furnished,1,2,South - East,3000,Sq-ft,Less than 5 years,"12marla indelendent semifurnished First floor 3bedroom attached bath drawing dinning modular kitchen airy sunny rooms Walking distance for daily needs Near to school hospital market etc Grab the chance to own this affordable 3 BHK flat for rent in the Sector 27 area. Available at a rental price of ₹75,000, this 3 BHK flat is worth considering. The flat is located on the 1 floor which includes 3 bathrooms, 2 balcony, and covers a carpet area of 2000 sqft. 1 Open parking space is also available. The flat comes with power back up, reserved parking, air conditioned, ro water system. The address is Sector 27, Sector 27, Chandigarh, Chandigarh.",75000,75000,0,25,3,1 Open,No,No,No,"Air Conditioned, RO Water System",True,True,Agent,95,Immediately,2026-03-16T16:08:46.000Z,"Mar 16, '26",True
TO6EHf3Xz/dzpSvf+uAgZw==,Magicbricks,https://www.magicbricks.com/property-details/3-BHK-4000-Sq-ft-Builder-Floor-Apartment-FOR-Rent-Sector-7-in-Chandigarh&id=4d423832393433303831,2026-04-19 13:51:15,30.7350091,76.8043355,,Sector 7,"Chandigarh, Chandigarh",,,,Builder Floor Apartment,Furnished,Ground,2,North,4000,Sq-ft,5 to 10 years,"Independent owner free flat has well furnished. It is 3 BHK with 3 bathroom at posh locality with ample parking space. Find this 3 BHK rental flat in Sector 7 Chandigarh. The rent of the 3 BHK flat is ₹90,000. Located on the Ground floor, the flat comprises 3 bathrooms, 2 balcony, and has a carpet area of 2200 sqft. This home provides reserved parking, air conditioned, intercom facility, ro water system. Visit the apartment at Sector 7, Chandigarh, Chandigarh.",90000,180000,200,22,3,,No,No,No,"Air Conditioned, Laundry Service, Internet/Wi-Fi Connectivity, Banquet Hall",False,True,Agent,68,Immediately,2026-03-18T05:43:51.000Z,"Mar 18, '26",True
w6eKn48AXdZzpSvf+uAgZw==,Magicbricks,https://www.magicbricks.com/property-details/3-BHK-3700-Sq-ft-Builder-Floor-Apartment-FOR-Rent-Sector-21-in-Chandigarh&id=4d423833363237373533,2026-04-19 13:51:15,30.7263907,76.77549,,Sector 21,"Chandigarh, Chandigarh",19202|Manav Mangal High School,,,Builder Floor Apartment,Furnished,1,3,North - East,3700,Sq-ft,Less than 5 years,"3bhk with servant room available for rent in Sector 21, Chandigarh1 kanal,First floorSemi furnished,Peaceful location, Beautiful builtup,spacious room,Wide balconies,Huge parking,Surrounded by best commercial and residential hubs,contact us for more detail.",85000,85000,0,23,3,"1 Covered, 2 Open",No,No,No,,True,True,Agent,95,Immediately,2026-03-03T11:27:04.000Z,"Mar 03, '26",True
He/m+MsyDNlzpSvf+uAgZw==,Magicbricks,https://www.magicbricks.com/property-details/3-BHK-2600-Sq-ft-Builder-Floor-Apartment-FOR-Rent-Sector-38-in-Chandigarh&id=4d423834313730373339,2026-04-19 13:51:15,30.7456844,76.7437522,,Sector-38,"Chandigarh, Chandigarh",,,,Builder Floor Apartment,Semi-Furnished,2,3,East,2600,Sq-ft,2013,"Kanal first floor You can explore this 3 BHK flat on rent in Sector 38 Chandigarh. Available at a rental price of ₹80,038, this 3 BHK flat is worth considering. Located on the 2 floor, the flat has 3 bathrooms, 3 balcony in carpet area of 1800 sqft. The flat comes with security, air conditioned, ro water system. The address is Sector 38, Chandigarh, Chandigarh.",80038,80000,,31,3,,No,No,Yes,"Air Conditioned, RO Water System",True,True,Agent,49,Immediately,2026-04-10T00:59:08.000Z,"Apr 10, '26",True
iv84a/9E7JZzpSvf+uAgZw==,Magicbricks,https://www.magicbricks.com/property-details/3-BHK-10-Marla-Builder-Floor-Apartment-FOR-Rent-Sector-33-in-Chandigarh&id=4d423833363839383333,2026-04-19 13:51:15,30.7137743,76.769673,,Sector-33,"Chandigarh, Chandigarh","19201|Graycell Technologies, 19202|Paragon Convent School, 19202|Kendriya Vidyalya Sangathan, 19203|Landmark Hospital, 19203|Ayu Health Hospital",,,Builder Floor Apartment,Unfurnished,Ground,3,North - East,10,Marla,Less than 5 years,"10 Marla independent ground floor facing Park Northeast facing 3 Bedroom 3 attached Bathroom Servent Room servant, washroom, modular kitchen, ample car, parking outside house, beautiful location, Sector 33, Chandigarh contact The Tricity Properties Chandigarh",75000,,,28,3,,No,No,No,"Visitor Parking, Laundry Service, Jogging and Strolling Track, Outdoor Tennis Courts",True,True,Agent,56,Immediately,2026-03-08T05:30:04.000Z,"Mar 08, '26",True
GXyPcjZQGM5zpSvf+uAgZw==,Magicbricks,https://www.magicbricks.com/property-details/3-BHK-3000-Sq-ft-Builder-Floor-Apartment-FOR-Rent-Sector-34-in-Chandigarh&id=4d423833333236323037,2026-04-19 13:51:15,30.7195549,76.7639499,,Sector-34,Newly built Ground floor,"19202|Northridge International School, 19202|Aanchal International School, 19203|Mukat Hospital And Heart Institute, 19206|Piccadilly Square Mall",,,Builder Floor Apartment,Semi-Furnished,Ground,2,North - East,3000,Sq-ft,New Construction,"Newly built fourteen Marla house corner house 3bhk plus store semi furnished ground floor ac.gerser first time Entry preference Family 3 BHK apartment is available on rent in Sector 34 Chandigarh right away. Available at a rental price of ₹90,000, this 3 BHK flat is worth considering. Located on the Ground floor, the flat comprises 3 bathrooms, 2 balcony, and has a carpet area of 2500 sqft. This property offers power back up, reserved parking, security, service/goods lift, air conditioned, intercom facility, ro water system. The address is Newly built Ground floor, Sector 34, Chandigarh, Chandigarh.",90000,90000,0,30,3,,No,No,No,"Air Conditioned, Laundry Service, Jogging and Strolling Track, Outdoor Tennis Courts",True,True,Agent,73,Immediately,2026-04-15T02:11:40.000Z,"Apr 15, '26",True
X7mvNtKLqrdzpSvf+uAgZw==,Magicbricks,https://www.magicbricks.com/property-details/2-BHK-1550-Sq-ft-Multistorey-Apartment-FOR-Rent-Sector-48-in-Chandigarh&id=4d423833303636333039,2026-04-19 13:51:15,30.6879114,76.7581794,,Sector 48,"Chandigarh, Chandigarh",19202|Banyan Tree School,,,Apartment,Unfurnished,1,3,North,1550,Sq-ft,10 to 15 years,"near market airport bus stand Find 2 BHK flat for rent in Sector 48 Chandigarh. The Rent amount of this 2 BHK apartment is set at an attractive price of ₹25,000. Located on the 1 floor, the flat has 1 bathrooms, 3 balcony in carpet area of 1450 sqft. The flat comes with reserved parking, security. Visit the flat at Sector 48A, Sector 48, Chandigarh. This is a no-brokerage flat, as the owner is offering this 2 BHK flat on rent.",25000,25000,1000,16,1,,No,No,No,"Jogging and Strolling Track, Outdoor Tennis Courts",False,False,Owner,70,Immediately,2026-03-07T22:30:37.000Z,"Mar 08, '26",True
8lAK8dFDp4lzpSvf+uAgZw==,Magicbricks,https://www.magicbricks.com/property-details/2-BHK-2-Sq-ft-Builder-Floor-Apartment-FOR-Rent-in-Chandigarh&id=4d423833393033313037,2026-04-19 13:51:15,,,,shammi,"Chandigarh, Chandigarh",,,,Builder Floor Apartment,Semi-Furnished,Ground,1,,2,Sq-ft,,"Find this 2 BHK rental flat in Sectar 47 Chandigarh. The rent of the 2 BHK flat is ₹15,000. This 2 BHK rental flat comes with no brokerage fees.",15000,,,7500,2,,No,No,No,,False,False,Owner,0,Immediately,2026-03-22T15:09:32.000Z,"Mar 22, '26",True
WwnDyUkwcitzpSvf+uAgZw==,Magicbricks,https://www.magicbricks.com/property-details/2-BHK-2000-Sq-ft-Builder-Floor-Apartment-FOR-Rent-Manimajra-in-Chandigarh&id=4d423239333233383437,2026-04-19 13:51:15,30.7166667,76.8333333,,Manimajra,"Chandigarh, Chandigarh","19210|Housing Board Chowk Bus Stop, 19201|Rajiv Gandhi It Park, 19202|Hansraj Public School, 19202|Rimt World School, 19206|Dlf City Centre Mall",,,Builder Floor Apartment,Furnished,3,3,,2000,Sq-ft,5 to 10 years,"This Builder Floor Apartment is located at 3rd floor in a building of total 3 floors. The Builder Floor Apartment construction is more than 5 to 10 years old. 2 BHK flat is available for rent in Manimajra immediately. This 2 BHK flat can be availed at the rental price of ₹14,000. The full address of the apartment is Manimajra, Chandigarh, Chandigarh. This 2 BHK flat is directly posted by the owner, so you don't need to pay any brokerage on this property.",14000,14000,,7,1,,No,No,No,,False,False,Owner,33,Immediately,2026-02-12T13:17:51.000Z,"Feb 12, '26",True
Aj6CJ4cs/4JzpSvf+uAgZw==,Magicbricks,https://www.magicbricks.com/property-details/2-BHK-1055-Sq-ft-Multistorey-Apartment-FOR-Rent-in-Chandigarh&id=4d423631383532373235,2026-04-19 13:51:15,,,,Babita Garg,"Chandigarh, Chandigarh",,,,Apartment,Semi-Furnished,Ground,3,,1055,Sq-ft,,"Find this 2 BHK rental flat in Chandigarh housing board flats, Sector 51A Chandigarh. The Rent amount of this 2 BHK apartment is set at an attractive price of ₹23,000. Do not pay any brokerage fee for this 2 BHK rental flat since the property ad is posted by the flat owner.",23000,,,22,2,,No,No,No,,False,False,Owner,24,Immediately,2026-03-10T16:44:03.000Z,"Mar 10, '26",True
Wgli6grL2tdzpSvf+uAgZw==,Magicbricks,https://www.magicbricks.com/property-details/2-BHK-1000-Sq-ft-Multistorey-Apartment-FOR-Rent-Kharhar-in-Chandigarh&id=4d423831313036393335,2026-04-19 13:51:15,30.7488819,76.6413581,,Kharar,kharar bhago majra Guru Fateh town 225A,"19210|Kharar Railway Station, 19206|VR punjab mall",,,Apartment,Semi-Furnished,Ground,3,West,1000,Sq-ft,Less than 5 years,"A beautiful 2 BHK flat is available for rent in Kharhar. The 2 BHK apartment is available at a reasonable rent of ₹16,000. The full address of the apartment is kharar bhago majra Guru Fateh town 225A, Kharhar, Chandigarh, Chandigarh. The brokerage amount of the 2 BHK apartment is zero.",16000,10000,500,16,2,,No,No,No,,False,False,Owner,55,Immediately,2026-02-03T21:30:45.000Z,"Feb 04, '26",True
LEfYw6g6vuhzpSvf+uAgZw==,Magicbricks,https://www.magicbricks.com/property-details/2-BHK-1400-Sq-ft-Multistorey-Apartment-FOR-Rent-Sector-50-in-Chandigarh&id=4d423533383539323831,2026-04-19 13:51:15,30.7008319,76.7466378,,Sector 50,"Chandigarh, Chandigarh",19202|Government College Of Commerce And Business Administration,,,Apartment,Semi-Furnished,Ground,2,,1400,Sq-ft,,"You can avail the 2 BHK flat for rent in the well-known location of Sector 50. The rent of the 2 BHK flat is ₹20,500. The full address of the apartment is Sector 50, Chandigarh, Chandigarh. This is a no-brokerage flat, as the owner is offering this 2 BHK flat on rent.",20500,,,15,1,,No,No,No,,False,False,Owner,26,Immediately,2026-03-22T17:06:54.000Z,"Mar 22, '26",True
hf2oGzx2vzhzpSvf+uAgZw==,Magicbricks,https://www.magicbricks.com/property-details/2-BHK-1000-Sq-ft-Builder-Floor-Apartment-FOR-Rent-in-Chandigarh&id=4d423439323032323833,2026-04-19 13:51:15,,,,Hitendra,"Chandigarh, Chandigarh",,,,Builder Floor Apartment,Semi-Furnished,Ground,3,,1000,Sq-ft,10 to 15 years,"2 BHK apartment is available on rent in Secto 7C Chandigarh right away. The multistorey apartment is available at rent of ₹24,000. 1 Open parking facility are also available. Do not pay any brokerage fee for this 2 BHK rental flat since the property ad is posted by the flat owner.",24000,,,24,2,1 Open,No,No,No,,False,False,Owner,52,Immediately,2026-02-20T17:00:27.000Z,"Feb 20, '26",True
u2gTOKkdc21zpSvf+uAgZw==,Magicbricks,https://www.magicbricks.com/property-details/2-BHK-75-Sq-yrd-Multistorey-Apartment-FOR-Rent-Sector-49-in-Chandigarh&id=4d423833383432363639,2026-04-19 13:51:15,30.6929607,76.7524087,,Sector-49,"Chandigarh, Chandigarh",,,,Apartment,Furnished,Ground,3,,75,Sq-yrd,,"Multistorey apartment is available for rent. It is a good location property. Please contact for more details. 2 BHK flat is available for rent in Sector 49 immediately. This 2 BHK flat can be availed at the rental price of ₹25,000. The full address of the apartment is Sector 49, Chandigarh, Chandigarh. There are no brokerage fees on this 2 BHK multistorey apartment.",25000,,,37,2,,No,No,No,,False,False,Owner,48,Immediately,2026-03-18T17:07:35.000Z,"Mar 18, '26",True
Fxo3dZ6L9ZxzpSvf+uAgZw==,Magicbricks,https://www.magicbricks.com/property-details/2-BHK-100-Sq-yrd-Builder-Floor-Apartment-FOR-Rent-Sector-15-in-Chandigarh&id=4d423735343237313139,2026-04-19 13:51:15,30.7514892,76.772605,,Sector-15,"Chandigarh, Chandigarh","19201|Rajiv Gandhi Chandigarh It Park, 19202|Crb Public School, 19202|Government Model Senior Secondary School, 19203|Dharam Hospital",,,Builder Floor Apartment,Semi-Furnished,2,3,,100,Sq-yrd,,"Find 2 BHK flat for rent in Sector 15 Chandigarh. ₹10,000 is the monthly rent of this 2 BHK flat. The address is Sector 15, Chandigarh, Chandigarh. This is a no-brokerage flat, as the owner is offering this 2 BHK flat on rent.",10000,,,11,1,,No,No,No,,False,False,Owner,28,Immediately,2026-03-26T04:05:56.000Z,"Mar 26, '26",True
snLYVP5m6hdzpSvf+uAgZw==,Magicbricks,https://www.magicbricks.com/property-details/2-BHK-1990-Sq-ft-Multistorey-Apartment-FOR-Rent-in-Chandigarh&id=4d423739383234393635,2026-04-19 13:51:15,30.70544433,76.72763928,,Sector 61,Sector 61,,,,Apartment,Furnished,5,5,East,1990,Sq-ft,5 to 10 years,"Multistory apartment is available for rent. It has a covered area of 1990 sq-ft, it is a good location. Please contact for more details. If you are searching a 2 BHK apartment for rent in Sector 61, check out this amazing rental flat. The Rent amount of this 2 BHK apartment is set at an attractive price of ₹22,000. The flat is located on the 5 floor which includes 2 bathrooms, 3 balcony, and covers a carpet area of 1810 sqft. This home provides power back up, reserved parking, security, air conditioned, visitor parking, ro water system. Visit the flat at Sector 61, Sector 61, Chandigarh, Chandigarh. This is a no-brokerage flat, as the owner is offering this 2 BHK flat on rent.",22000,34000,1000,11,2,,No,No,No,"Air Conditioned, Visitor Parking, RO Water System",False,False,Owner,71,Immediately,2026-04-11T21:30:43.000Z,"Apr 12, '26",True
r/X+8JKe+lJzpSvf+uAgZw==,Magicbricks,https://www.magicbricks.com/property-details/2-BHK-1100-Sq-ft-Multistorey-Apartment-FOR-Rent-Khara-Mohali-in-Chandigarh&id=4d423737313233383031,2026-04-19 13:51:15,30.7488819,76.6413581,,Khara Mohali,x303,"19202|Henderson Jubilee Senior Secondary School, 19202|Bsm Sikh Girls High School, 19206|EasyDay Club",,,Apartment,Furnished,3,13,,1100,Sq-ft,5 to 10 years,"2 BHK flat is available for rent in Khara Mohali immediately. This 2 BHK flat can be availed at the rental price of ₹22,000. Here you can enjoy world class facilities like 3 Wardrobe, 2 Bed, 1 TV, Fridge, Microwave, 1 AC, Sofa, Washing Machine, Dining Table and Gas Connection. The apartment is on the 3 floor, has a carpet area of 930 sqft with 2 bathrooms and 3 balcony. 303 Open parking facility are also available. The residence includes power back up, reserved parking, security. This flat is located at x303, Khara Mohali, Chandigarh, Chandigarh. There are no brokerage fees on this 2 BHK multistorey apartment.",22000,25000,2000,20,2,303 Open,Yes,No,No,"Jogging and Strolling Track, Full Glass Wall",False,False,Owner,89,Immediately,2026-03-18T16:20:48.000Z,"Mar 18, '26",True
j1EoZIhvWnZzpSvf+uAgZw==,Magicbricks,https://www.magicbricks.com/property-details/2-BHK-1000-Sq-ft-Multistorey-Apartment-FOR-Rent-Manimajra-in-Chandigarh&id=4d423831323835363133,2026-04-19 13:51:15,30.7166667,76.8333333,,Manimajra,"Chandigarh, Chandigarh","19210|Housing Board Chowk Bus Stop, 19201|Rajiv Gandhi It Park, 19202|Rimt World School, 19202|Hansraj Public School, 19206|Dlf City Centre Mall",,,Apartment,Furnished,1,4,,,,Above 20 years,"Multistorey apartment is available for rent. It is a good location property. Please contact for more details. You can explore this 2 BHK flat on rent in Manimajra Chandigarh. The flat is available for rent at a competitive amount of ₹20,000. The apartment is on the 1 floor, has a carpet area of 1000 sqft with 2 bathrooms and 2 balcony. Visit the apartment at Manimajra, Chandigarh, Punjab. This 2 BHK apartment ad is listed by the owner, so there is no brokerage fee.",20000,20000,,,2,,No,No,No,,False,False,Owner,36,Immediately,2026-04-06T22:30:42.000Z,"Apr 07, '26",True
t0TetP5GIu1zpSvf+uAgZw==,Magicbricks,https://www.magicbricks.com/property-details/2-BHK-1300-Sq-ft-Multistorey-Apartment-FOR-Rent-Sector-45-in-Chandigarh&id=4d423634313331353133,2026-04-19 13:51:15,30.7076696,76.7581794,,Sector 45,"Chandigarh, Chandigarh",,,,Apartment,Semi-Furnished,1,2,,1300,Sq-ft,Above 20 years,"2 BHK apartment is available on rent in Sector 45 Chandigarh right away. The flat is available for rent at a competitive amount of ₹18,000. If you rent the flat, you will have access to facilities like 4 Wardrobe, 1 AC and Gas Connection. The apartment is on the 1 floor, has a carpet area of 1100 sqft with 1 bathrooms and 2 balcony. Find this apartment at Sector 45, Chandigarh, Chandigarh. The brokerage amount of the 2 BHK apartment is zero.",18000,18000,0,14,1,,No,No,No,,False,False,Owner,36,Immediately,2026-03-04T16:37:40.000Z,"Mar 04, '26",True
oOYKabz32ZdzpSvf+uAgZw==,Magicbricks,https://www.magicbricks.com/property-details/2-BHK-2000-Sq-ft-Multistorey-Apartment-FOR-Rent-Sector-15-in-Chandigarh&id=4d423532303731343439,2026-04-19 13:51:15,30.7514892,76.772605,,Sector-15,"Chandigarh, Chandigarh","19201|Rajiv Gandhi Chandigarh It Park, 19202|Crb Public School, 19202|Government Model Senior Secondary School, 19203|Dharam Hospital",,,Apartment,Semi-Furnished,1,3,North - East,2000,Sq-ft,5 to 10 years,"Multistorey apartment is available for rent. It is a good location property. Please contact for more details. Check out this newly constructed 2 BHK flat on rent in the prime location of Sector 15 Chandigarh. The flat is on the 1 floor and includes 1 bathrooms, 1 balcony with a covered area of 2000 sqft. Visit the flat at Sector 15, Chandigarh, Chandigarh. This 2 BHK rental flat comes with no brokerage fees.",17000,14000,500,8,1,,No,No,No,,False,False,Owner,45,Immediately,2026-02-20T17:10:25.000Z,"Feb 20, '26",True
J1OcuO8WEUlzpSvf+uAgZw==,Magicbricks,https://www.magicbricks.com/property-details/2-BHK-1450-Sq-ft-Multistorey-Apartment-FOR-Rent-Zirakpur-in-Chandigarh&id=4d423831313132303031,2026-04-19 13:51:15,30.656788,76.82119203,,Zirakpur,"Chandigarh, Chandigarh","19201|Mk Technology Park, 19202|Maya International School, 19202|V.B. International Senior Secondary School, 19206|Tricity Square, 19206|Chandigarh Citi Centre",,,Apartment,Semi-Furnished,1,3,North - East,1450,Sq-ft,New Construction,"2bhk semi furnished unused flat available for rent A beautiful 2 BHK flat is available for rent in Zirakpur. The multistorey apartment is available at rent of ₹18,500. Located on the 1 floor, the flat comprises 2 bathrooms, 2 balcony, and has a carpet area of 1250 sqft. The property features power back up, reserved parking, security, service/goods lift, visitor parking.",18500,,,13,2,,No,No,No,"Banquet Hall, Bar/Lounge, Jogging and Strolling Track, Outdoor Tennis Courts",False,True,Agent,73,Immediately,2026-04-18T23:45:33.000Z,Today,True
S/f/py+F5I1zpSvf+uAgZw==,Magicbricks,https://www.magicbricks.com/property-details/2-BHK-1080-Sq-ft-Multistorey-Apartment-FOR-Rent-Zirakpur-in-Chandigarh&id=4d423731333235393533,2026-04-19 13:51:15,30.656788,76.82119203,,Zirakpur,"Airport Ring Road, PR-7, Aerocity, Punjab","19201|Mk Technology Park, 19202|St. Xaviers International School, 19202|Atticus International School, 19206|Tricity Square, 19206|Chandigarh Citi Centre",,,Apartment,Semi-Furnished,5,8,North - East,1080,Sq-ft,New Construction,"Grab the chance to own this affordable 2 BHK flat for rent in the Zirakpur area. The multistorey apartment is available at rent of ₹19,000. The residents of the flat have access to additional facilities such as 2 Wardrobe and Gas Connection. The flat is on the 5 floor and includes 2 bathrooms, 2 balcony with a carpet area of 920 sqft. 1 Covered, 1 Open parking facility are also available. The building has 8 floor and offers Kids play area amenities. The apartment is equipped with power back up, reserved parking, security. Visit the apartment at Airport Ring Road, PR-7, Aerocity, Punjab.",19000,16500,0,18,2,"1 Covered, 1 Open",Yes,No,No,Jogging and Strolling Track,True,True,Agent,80,Immediately,2026-04-17T23:45:20.000Z,Yesterday,True
bMDz99VRBNVzpSvf+uAgZw==,Magicbricks,https://www.magicbricks.com/property-details/2-BHK-1200-Sq-ft-Builder-Floor-Apartment-FOR-Rent-Sector-35-in-Chandigarh&id=4d423739303036373431,2026-04-19 13:51:15,30.7261629,76.7596221,,Sector-35,two bedroom attached bathroom kitchen fully furnished,"19202|Shivalik Public School, 19202|St Peters Senior Secondary School, 19206|Piccadily Square Mall",,,Builder Floor Apartment,Furnished,1,2,North - East,1200,Sq-ft,5 to 10 years,"Two bedroom attached bathroom kitchen fully furnished preference working family or girls 2 BHK apartment is available on rent in Sector 35 Chandigarh right away. This 2 BHK flat can be availed at the rental price of ₹25,000. Located on the 1 floor, the flat has 2 bathrooms, 2 balcony in carpet area of 1100 sqft. This unit features power back up, reserved parking, security, service/goods lift, air conditioned, ro water system. Visit the flat at two bedroom attached bathroom kitchen fully furnished, Sector 35, Chandigarh, Chandigarh.",25000,25000,0,21,2,,Yes,No,No,"Service/Goods Lift, Air Conditioned, RO Water System",True,True,Agent,78,Immediately,2026-03-26T07:20:28.000Z,"Mar 26, '26",True
LXYpvjjXLtNzpSvf+uAgZw==,Magicbricks,https://www.magicbricks.com/property-details/2-BHK-1250-Sq-ft-Multistorey-Apartment-FOR-Rent-Zirakpur-in-Chandigarh&id=4d423631353832333131,2026-04-19 13:51:15,30.656788,76.82119203,,Zirakpur,"Zirakpur,Chandigarh","19201|Mk Technology Park, 19202|St. Xaviers International School, 19202|V.B. International Senior Secondary School, 19206|Chandigarh Citi Centre, 19206|Tricity Square",,,Apartment,Unfurnished,8,12,North - East,1250,Sq-ft,5 to 10 years,"2 bhk semi furnished flat available in savitry green. A beautiful 2 BHK flat is available for rent in Zirakpur. You can get this flat at monthly rent of ₹18,000. The flat is located on the 8 floor which includes 2 bathrooms, 3 balcony, and covers a carpet area of 1100 sqft. 1 Covered, 1 Open parking space is also available. The building comprises 12 floor and includes Kids Club, Kids Play Pool With Water Slides features. The residence includes power back up, reserved parking, security. The full address of the apartment is VIP Road, Zirakpur.",18000,18000,2000,14,2,"1 Covered, 1 Open",Yes,No,No,Jogging and Strolling Track,False,True,Agent,100,Immediately,2026-04-01T11:12:17.000Z,"Apr 01, '26",True
SOusFK1gT6tzpSvf+uAgZw==,Magicbricks,https://www.magicbricks.com/property-details/2-BHK-1080-Sq-ft-Multistorey-Apartment-FOR-Rent-in-Chandigarh&id=4d423833393433323735,2026-04-19 13:51:15,30.656788,76.82119203,,Address Makers,International airport road Zirakpur,,,,Apartment,Semi-Furnished,4,8,East,1080,Sq-ft,Less than 5 years,Project Highlights Prime Location on Airport Road PR7 Close to International Airport Aerocity Mohali Open Fitness Centre Basketball Court Skating Rink Jogging Track Club House Party Lawn Kids Play Area Tot Lots Elderly Sitting Area Green ParksPerfect for working professionals families looking for a modern lifestyle near Airport Road.,19000,19000,0,18,2,1 Open,No,No,No,"Banquet Hall, Bar/Lounge, Jogging and Strolling Track, Outdoor Tennis Courts",True,True,Agent,100,Immediately,2026-03-26T09:49:05.000Z,"Mar 26, '26",True
yO65/ui1VwJzpSvf+uAgZw==,Magicbricks,https://www.magicbricks.com/property-details/2-BHK-1250-Sq-ft-Multistorey-Apartment-FOR-Rent-Zirakpur-in-Chandigarh&id=4d423833363535343031,2026-04-19 13:51:15,30.656788,76.82119203,,Zirakpur,"Chandigarh, Chandigarh","19201|Mk Technology Park, 19202|Maya International School, 19202|St. Xaviers International School, 19206|Tricity Square, 19206|Chandigarh Citi Centre",,,Apartment,Semi-Furnished,3,6,,1250,Sq-ft,New Construction,"You can explore this 2 BHK flat on rent in Zirakpur Chandigarh. The 2 BHK apartment is available at a reasonable rent of ₹16,000. The apartment is on the 3 floor, has a carpet area of 1150 sqft with 2 bathrooms and 2 balcony. Visit the apartment at Zirakpur, Chandigarh, Punjab.",16000,,,13,2,,No,No,No,,True,True,Agent,34,Immediately,2026-03-06T03:25:14.000Z,"Mar 06, '26",True
CPqsbcH++D1zpSvf+uAgZw==,Magicbricks,https://www.magicbricks.com/property-details/2-BHK-5-Marla-Builder-Floor-Apartment-FOR-Rent-Sector-23-in-Chandigarh&id=4d423439323732323033,2026-04-19 13:51:15,30.7396066,76.766835,,Sector 23,"Chandigarh, Chandigarh",,,,Builder Floor Apartment,Furnished,1,2,North - East,5,Marla,5 to 10 years,"its 2 room set in sec23 near to market You can explore this 2 BHK flat on rent in Sector 23 Chandigarh. ₹14,000 is the monthly rent of this 2 BHK flat. The apartment is on the 1 floor, has a carpet area of 5 marla with 1 bathrooms and 1 balcony. Find this apartment at Sector 23, Chandigarh, Chandigarh.",14000,14000,200,10,1,,No,No,No,,True,True,Agent,57,Immediately,2026-04-11T09:05:19.000Z,"Apr 11, '26",True
L3a9d5nA4uNzpSvf+uAgZw==,Magicbricks,https://www.magicbricks.com/property-details/2-BHK-1200-Sq-ft-Builder-Floor-Apartment-FOR-Rent-Sector-20-in-Chandigarh&id=4d423732343239353535,2026-04-19 13:51:15,30.7213417,76.7812596,,Sector 20,2799.,,,,Builder Floor Apartment,Semi-Furnished,Ground,2,North - East,1200,Sq-ft,New Construction,"This is owner free ground floor two bedrooms newly built property with single washroom If you are searching a 2 BHK apartment for rent in Sector 20, check out this amazing rental flat. The apartment is available at an affordable rental price of ₹24,000. Located on the Ground floor, the flat comprises 1 bathrooms, 1 balcony, and has a carpet area of 1200 sqft. There is also facility of 1 Open parking. The apartment comes furnished with security. The apartment is located at 2799., Sector 20, Chandigarh, Chandigarh.",24000,24000,0,20,1,1 Open,No,No,Yes,Jogging and Strolling Track,True,True,Agent,93,Immediately,2026-04-03T03:54:07.000Z,"Apr 03, '26",True
IDFgWAOBB0pzpSvf+uAgZw==,Magicbricks,https://www.magicbricks.com/property-details/2-BHK-1276-Sq-ft-Multistorey-Apartment-FOR-Rent-in-Chandigarh&id=4d423833373637393735,2026-04-19 13:51:15,30.656788,76.82119203,,Sunrise Property,"Chandigarh, Chandigarh",,,,Apartment,Semi-Furnished,5,12,,1276,Sq-ft,5 to 10 years,"If you are searching a 2 BHK apartment for rent in Zirakpur, check out this amazing rental flat. ₹18,000 is the monthly rent of this 2 BHK flat. The flat is on the 5 floor and includes 2 bathrooms, 3 balcony with a covered area of 1276 sqft.",18000,,,14,2,,No,No,No,,True,True,Agent,35,Immediately,2026-03-13T11:23:46.000Z,"Mar 13, '26",True
BdUv3t5TfptzpSvf+uAgZw==,Magicbricks,https://www.magicbricks.com/property-details/2-BHK-1307-Sq-ft-Multistorey-Apartment-FOR-Rent-Zirakpur-in-Chandigarh&id=4d423832393535363135,2026-04-19 13:51:15,30.656788,76.82119203,,Zirakpur,chandigarh ambala Highway Zirakpur,"19201|Mk Technology Park, 19202|Maya International School, 19202|Atticus International School, 19206|Tricity Square, 19206|Chandigarh Citi Centre",,,Apartment,Furnished,7,7,East,1307,Sq-ft,5 to 10 years,"moulder kitchen room wardrobe complete ac 3 washroom gyiser 2 Celling fan 4 room double bed with mattress 2 sett led tyube light complete You can explore this 2 BHK flat on rent in Zirakpur Chandigarh. The Rent amount of this 2 BHK apartment is set at an attractive price of ₹21,000. The apartment is on the 7 floor, has a covered area of 1307 sqft with 2 bathrooms and 3 balcony. This building features 7 floor and provides Kids play area, Kids Club facilities. This unit is designed with power back up, reserved parking, security, service/goods lift, visitor parking. Visit the apartment at Chandigarh Ambala highway, opposite Mc. Donalds Zirakpur..",21000,,,16,2,,Yes,No,No,"Service/Goods Lift, Laundry Service, Jogging and Strolling Track, Outdoor Tennis Courts",False,True,Agent,76,Immediately,2026-04-18T23:45:33.000Z,Today,True
FxpKk9CjPahzpSvf+uAgZw==,Magicbricks,https://www.magicbricks.com/property-details/2-BHK-900-Sq-ft-Builder-Floor-Apartment-FOR-Rent-Sector-22-in-Chandigarh&id=4d423832303132303335,2026-04-19 13:51:15,30.732999,76.7711626,,Sector-22,"Chandigarh, Chandigarh","19202|Shishu Niketan Model Senior Secondary School, 19203|Civil Hospital, 19206|Shastri Market",,,Builder Floor Apartment,Unfurnished,2,3,North,900,Sq-ft,2013,"unfurnished 2 rooms store kitchen washroom first floor small family 2 BHK apartment is available on rent in Sector 22 Chandigarh right away. The rent of the 2 BHK flat is ₹18,022. Located on the 2 floor, the flat comprises 1 bathrooms, 2 balcony, and has a carpet area of 600 sqft. This flat is fitted with air conditioned. The address is Sector 22, Chandigarh, Chandigarh.",18022,18000,,20,1,,No,No,No,Air Conditioned,True,True,Agent,51,Immediately,2026-04-04T08:19:07.000Z,"Apr 04, '26",True
x9jgaYj11DpzpSvf+uAgZw==,Magicbricks,https://www.magicbricks.com/property-details/2-BHK-1500-Sq-ft-Builder-Floor-Apartment-FOR-Rent-Sector-22-in-Chandigarh&id=4d423731343132313337,2026-04-19 13:51:15,30.732999,76.7711626,,Sector-22,"Chandigarh, Chandigarh","19202|Shishu Niketan Model Senior Secondary School, 19203|Civil Hospital, 19206|Shastri Market",,,Builder Floor Apartment,Furnished,1,2,North - East,1500,Sq-ft,New Construction,"Newly renovated house in ideal location with car parking You can avail the 2 BHK flat for rent in the well-known location of Sector 22. The apartment is available at an affordable rental price of ₹20,000. Located on the 1 floor, the flat comprises 1 bathrooms, 2 balcony, and has a carpet area of 1800 sqft. The address is Sector 22, Chandigarh, Chandigarh.",20000,,,13,1,,No,No,No,,True,True,Agent,53,Immediately,2026-03-19T05:33:44.000Z,"Mar 19, '26",True
NY7KcMsL8c1zpSvf+uAgZw==,Magicbricks,https://www.magicbricks.com/property-details/2-BHK-1100-Sq-ft-Builder-Floor-Apartment-FOR-Rent-Sector-37-in-Chandigarh&id=4d423739303135373531,2026-04-19 13:51:15,30.7378169,76.7495233,,Sector-37,two bedroom attached bathroom kitchen fully furnished,,,,Builder Floor Apartment,Furnished,1,2,North,1100,Sq-ft,5 to 10 years,"Two bedroom attached bathroom kitchen fully furnished preference working girls or small family Find 2 BHK flat for rent in Sector 37 Chandigarh. ₹25,000 is the monthly rent of this 2 BHK flat. The flat is on the 1 floor and includes 1 bathrooms, 2 balcony with a carpet area of 1050 sqft. The property features power back up, reserved parking, security, air conditioned, ro water system. The flat can be visited at two bedroom attached bathroom kitchen fully furnished, Sector 37, Chandigarh, Chandigarh.",25000,25000,0,23,1,,No,No,No,"Air Conditioned, RO Water System",True,True,Agent,78,Immediately,2026-03-21T09:46:41.000Z,"Mar 21, '26",True
838Q8TcTU2hzpSvf+uAgZw==,Magicbricks,https://www.magicbricks.com/property-details/2-BHK-1207-Sq-ft-Multistorey-Apartment-FOR-Rent-Zirakpur-in-Chandigarh&id=4d423631353832313939,2026-04-19 13:51:15,30.656788,76.82119203,,Zirakpur,mona green 1 vip road zirakpur,"19201|Mk Technology Park, 19202|V.B. International Senior Secondary School, 19202|St. Xaviers International School, 19206|Chandigarh Citi Centre, 19206|Tricity Square",,,Apartment,Unfurnished,3,6,North - East,1207,Sq-ft,5 to 10 years,"Mona Greens in Zirakpur, Chandigarh by Mona Townships Pvt Ltd Builders is a residential project.::::Highlights of project:::::Secured apartment access with smart card facility.::::Separate towers earmarked for defence personnel.",16000,13500,1000,13,2,"1 Covered, 1 Open",Yes,No,No,Jogging and Strolling Track,True,True,Agent,80,Immediately,2026-04-03T06:18:44.000Z,"Apr 03, '26",True
QqKsywKLQSZzpSvf+uAgZw==,Magicbricks,https://www.magicbricks.com/property-details/2-BHK-1175-Sq-ft-Multistorey-Apartment-FOR-Rent-Zirakpur-in-Chandigarh&id=4d423833363531303535,2026-04-19 13:51:15,30.656788,76.82119203,,Zirakpur,2 Floor,"19201|Mk Technology Park, 19202|St. Xaviers International School, 19202|Atticus International School, 19206|Chandigarh Citi Centre, 19206|Tricity Square",,,Apartment,Semi-Furnished,2,3,,1175,Sq-ft,Less than 5 years,"If you are planning to rent a flat, you can consider this 2 BHK flat situated in the prime location of Zirakpur. The flat is available for rent at a competitive amount of ₹16,000. The flat is located on the 2 floor which includes 2 bathrooms, 2 balcony, and covers a carpet area of 1050 sqft. The full address of the apartment is 2 Floor, Zirakpur, Chandigarh, Chandigarh.",16000,16000,1000,14,2,,No,No,No,,True,True,Agent,43,Immediately,2026-03-05T11:44:14.000Z,"Mar 05, '26",True
e3OR+RoM9NpzpSvf+uAgZw==,Magicbricks,https://www.magicbricks.com/property-details/2-BHK-500-Sq-ft-Builder-Floor-Apartment-FOR-Rent-Sector-40-in-Chandigarh&id=4d423530303038373530,2026-04-19 13:51:15,30.7363236,76.7350951,,Sector 40,"Chandigarh, Chandigarh",,,,Builder Floor Apartment,Furnished,2,2,North - East,500,Sq-ft,5 to 10 years,"2 room set fully furnished on second floor with attached kitchen and washroom If you are searching a 2 BHK apartment for rent in Sector 40, check out this amazing rental flat. The multistorey apartment is available at rent of ₹15,000. The apartment is on the 2 floor, has a carpet area of 450 sqft with 1 bathrooms and 1 balcony. The residence includes air conditioned. Find this apartment at Sector 40, Chandigarh, Chandigarh.",15000,10000,100,30,1,,No,No,No,Air Conditioned,True,True,Agent,64,Immediately,2026-04-11T09:10:30.000Z,"Apr 11, '26",True
+Wy9svFaHatzpSvf+uAgZw==,Magicbricks,https://www.magicbricks.com/property-details/1-BHK-500-Sq-ft-Builder-Floor-Apartment-FOR-Rent-Sector-38-West-in-Chandigarh&id=4d423832333235343737,2026-04-19 13:51:15,30.7456844,76.7437522,,Sector 38 West,"Chandigarh, Chandigarh",,,,Builder Floor Apartment,Semi-Furnished,3,3,North,500,Sq-ft,2013,"preoccupied apartment room sharing washroom kitchen available for girl only Find 1 BHK flat for rent in Sector 38 West Chandigarh. The multistorey apartment is available at rent of ₹10,038. The flat is located on the 3 floor which includes 1 bathrooms, 2 balcony, and covers a carpet area of 200 sqft. The apartment comes furnished with air conditioned. Visit the flat at Sector 38 West, Chandigarh, Chandigarh.",10038,10000,,20,1,,No,No,No,Air Conditioned,True,True,Agent,49,Immediately,2026-04-04T08:17:46.000Z,"Apr 04, '26",True
nXEdHk/iUb5zpSvf+uAgZw==,Magicbricks,https://www.magicbricks.com/property-details/1-BHK-800-Sq-ft-Builder-Floor-Apartment-FOR-Rent-Sector-22-in-Chandigarh&id=4d423732343634393235,2026-04-19 13:51:15,30.732999,76.7711626,,Sector-22,Newly built Marla house,"19202|Shishu Niketan Model Senior Secondary School, 19203|Civil Hospital, 19206|Shastri Market",,,Builder Floor Apartment,Unfurnished,1,2,North - East,800,Sq-ft,New Construction,"Newly built One bedroom attached bathroom only without kitchen, Fully furnished first floor preference for decent Male or female executive or student 1 BHK apartment is available on rent in Sector 22 Chandigarh right away. The Rent amount of this 1 BHK apartment is set at an attractive price of ₹15,000. The flat is located on the 1 floor which includes 1 bathrooms, 2 balcony, and covers a carpet area of 780 sqft. This property offers power back up, reserved parking, security, air conditioned, ro water system. You can visit the flat at Newly built Marla house, Sector 22, Chandigarh, Chandigarh.",15000,15000,0,19,1,,No,No,No,"Air Conditioned, Laundry Service, Internet/Wi-Fi Connectivity, RO Water System",True,True,Agent,78,Immediately,2026-04-04T11:24:54.000Z,"Apr 04, '26",True
BZRcUfbRd2RzpSvf+uAgZw==,Magicbricks,https://www.magicbricks.com/property-details/1-BHK-1100-Sq-ft-Builder-Floor-Apartment-FOR-Rent-Sector-32-in-Chandigarh&id=4d423439333932353931,2026-04-19 13:51:15,30.7094569,76.77549,,Sector 32,"Chandigarh, Chandigarh","19202|Tender Heart School, 19202|Saupin's School, 19206|Vishal Mega Mart",,,Builder Floor Apartment,Furnished,1,1,North - East,1100,Sq-ft,Less than 5 years,"Builder floor apartment is available for rent. It covered an area of 1100 sq-ft, it is a good location property. Please contact for more details. Find this 1 BHK rental flat in Sector 32 Chandigarh. This 1 BHK flat can be availed at the rental price of ₹8,000. The flat is on the 1 floor and includes 1 bathrooms, 1 balcony with a carpet area of 1050 sqft. The apartment comes furnished with reserved parking. You can visit the flat at Sector 32, Chandigarh, Chandigarh.",8000,8000,100,7,1,,No,No,No,,True,True,Agent,61,Immediately,2026-03-10T05:33:32.000Z,"Mar 10, '26",True
LiqxzQ7IyE1zpSvf+uAgZw==,Magicbricks,https://www.magicbricks.com/property-details/1-BHK-1200-Sq-ft-Builder-Floor-Apartment-FOR-Rent-Sector-35-in-Chandigarh&id=4d423731373832363335,2026-04-19 13:51:15,30.7261629,76.7596221,,Sector-35,Chandigarh,"19202|St Peters Senior Secondary School, 19202|Shivalik Public School, 19206|Piccadily Square Mall",,,Builder Floor Apartment,Furnished,1,2,North - East,1200,Sq-ft,2016,"Newly Built Kothi in gud location Grab the chance to own this affordable 1 BHK flat for rent in the Sector 35 area. The multistorey apartment is available at rent of ₹13,000. The apartment is on the 1 floor, has a carpet area of 1000 sqft with 1 bathrooms and 1 balcony. This unit is designed with air conditioned. Visit the flat at Chandigarh, Sector 35, Chandigarh, Chandigarh.",13000,13000,,11,1,,No,No,No,Air Conditioned,True,True,Agent,63,Immediately,2026-03-19T05:33:21.000Z,"Mar 19, '26",True
kWDNG+LKEOFzpSvf+uAgZw==,Magicbricks,https://www.magicbricks.com/property-details/1-BHK-2500-Sq-ft-Builder-Floor-Apartment-FOR-Rent-Sector-27-in-Chandigarh&id=4d423832323338343039,2026-04-19 13:51:15,30.7231259,76.7985669,,Sector 27,"Chandigarh, Chandigarh","19202|Bhavan Vidyalaya, 19202|Moti Ram Arya School",,,Builder Floor Apartment,Semi-Furnished,2,3,North,2500,Sq-ft,Above 20 years,"Ac double bed Room washroom kitchenette You can explore this 1 BHK flat on rent in Sector 27 Chandigarh. Available at a rental price of ₹14,027, this 1 BHK flat is worth considering. Located on the 2 floor, the flat has 1 bathrooms, 1 balcony in carpet area of 200 sqft. This flat is fitted with air conditioned, ro water system. The flat can be visited at Sector 27, Chandigarh, Chandigarh.",14027,14000,,6,1,,No,No,No,"Air Conditioned, RO Water System",True,True,Agent,46,Immediately,2026-04-04T08:18:21.000Z,"Apr 04, '26",True
9TWc+Fn2a41zpSvf+uAgZw==,Magicbricks,https://www.magicbricks.com/property-details/1-BHK-780-Sq-ft-Builder-Floor-Apartment-FOR-Rent-Sector-35-in-Chandigarh&id=4d423739303036393839,2026-04-19 13:51:15,30.7261629,76.7596221,,Sector-35,Studio Apartment,"19202|Sri Guru Gobind Singh Senior Secondary School, 19202|Shivalik Public School, 19206|Piccadily Square Mall",,,Builder Floor Apartment,Furnished,1,2,North - East,780,Sq-ft,Less than 5 years,"Studio Apartment only one bedroom attached bathroom kitchen fully furnished preference single executive only 1 BHK flat is available for rent in Sector 35 immediately. The apartment is available at an affordable rental price of ₹17,000. The flat is on the 1 floor and includes 1 bathrooms, 2 balcony with a carpet area of 680 sqft. The property features power back up, reserved parking, security, air conditioned, ro water system. The apartment is located at Studio Apartment, Sector 35, Chandigarh, Chandigarh.",17000,17000,0,22,1,,No,No,No,"Air Conditioned, RO Water System",True,True,Agent,78,Immediately,2026-03-26T07:20:42.000Z,"Mar 26, '26",True
B/3kFakxs+BzpSvf+uAgZw==,Magicbricks,https://www.magicbricks.com/property-details/1-BHK-600-Sq-ft-Builder-Floor-Apartment-FOR-Rent-Sector-33-in-Chandigarh&id=4d423530373531313432,2026-04-19 13:51:15,30.7137743,76.769673,,Sector-33,"Chandigarh, Chandigarh","19201|Graycell Technologies, 19202|Paragon Convent School, 19202|Kendriya Vidyalya Sangathan, 19203|Landmark Hospital, 19203|Ayu Health Hospital",,,Builder Floor Apartment,Furnished,1,2,North - East,600,Sq-ft,5 to 10 years,"its 1 room set with attached kitchen and washroom fully furnished on first floor Grab the chance to own this affordable 1 BHK flat for rent in the Sector 33 area. This 1 BHK flat can be availed at the rental price of ₹12,000. Located on the 1 floor, the flat comprises 1 bathrooms, 2 balcony, and has a carpet area of 550 sqft. This unit features air conditioned. You can visit the flat at Sector 33, Chandigarh, Chandigarh.",12000,12000,100,20,1,,No,No,No,Air Conditioned,True,True,Agent,64,Immediately,2026-03-12T09:22:06.000Z,"Mar 12, '26",True
SXsgAPnCEtdzpSvf+uAgZw==,Magicbricks,https://www.magicbricks.com/property-details/1-BHK-1400-Sq-ft-Builder-Floor-Apartment-FOR-Rent-Sector-38-in-Chandigarh&id=4d423632363838333339,2026-04-19 13:51:15,30.7456844,76.7437522,,Sector-38,Chandigarh,,,,Builder Floor Apartment,Furnished,2,2,North - East,,,2016,"New construction 1 BHK flat is available for rent in Sector 38 immediately. The 1 BHK apartment is available at a reasonable rent of ₹15,000. Located on the 2 floor, the flat comprises 1 bathrooms, 1 balcony, and has a carpet area of 1400 sqft. The apartment comes furnished with air conditioned. The address is Chandigarh, Sector 38, Chandigarh, Chandigarh.",15000,15000,,,1,,No,No,No,Air Conditioned,True,True,Agent,61,Immediately,2026-03-19T05:34:15.000Z,"Mar 19, '26",True
s+TIKVFpRjtzpSvf+uAgZw==,Magicbricks,https://www.magicbricks.com/property-details/1-BHK-800-Sq-ft-Builder-Floor-Apartment-FOR-Rent-Sector-37-in-Chandigarh&id=4d423833353432323831,2026-04-19 13:51:15,30.7378169,76.7495233,,Sector-37,"Chandigarh, Chandigarh",,,,Builder Floor Apartment,Furnished,3,3,North - East,800,Sq-ft,15 to 20 years,"Ac LED fridge geyser double bed mattresses furnished 1 room attached washroom 1 BHK apartment is available on rent in Sector 37 Chandigarh right away. The multistorey apartment is available at rent of ₹16,037. Located on the 3 floor, the flat comprises 1 bathrooms, 2 balcony, and has a carpet area of 300 sqft. This property offers air conditioned. The address is Sector 37, Chandigarh, Chandigarh.",16037,16000,,20,1,,No,No,No,Air Conditioned,True,True,Agent,53,Immediately,2026-02-25T00:09:03.000Z,"Feb 25, '26",True
fnO2zG/cXMJzpSvf+uAgZw==,Magicbricks,https://www.magicbricks.com/property-details/1-BHK-1000-Sq-ft-Builder-Floor-Apartment-FOR-Rent-Sector-16-in-Chandigarh&id=4d423739303034343835,2026-04-19 13:51:15,30.7464418,76.7783748,,Sector 16,studio Apartment,,,,Builder Floor Apartment,Furnished,1,2,North - East,1000,Sq-ft,5 to 10 years,"Studio Apartment one bedroom attached bathroom kitchen fully furnished preference doctors If you are searching a 1 BHK apartment for rent in Sector 16, check out this amazing rental flat. The Rent amount of this 1 BHK apartment is set at an attractive price of ₹17,000. The flat is on the 1 floor and includes 1 bathrooms, 2 balcony with a carpet area of 680 sqft. This unit is designed with power back up, reserved parking, security, air conditioned, ro water system. The flat can be visited at studio Apartment, Sector 16, Chandigarh, Chandigarh.",17000,17000,0,17,1,,No,No,No,"Air Conditioned, Internet/Wi-Fi Connectivity, RO Water System",True,True,Agent,78,Immediately,2026-02-23T04:22:05.000Z,"Feb 23, '26",True
OQEn+ScRCwdzpSvf+uAgZw==,Magicbricks,https://www.magicbricks.com/property-details/1-BHK-300-Sq-ft-Builder-Floor-Apartment-FOR-Rent-Sector-21-in-Chandigarh&id=4d423530353638393530,2026-04-19 13:51:15,30.7263907,76.77549,,Sector 21,"Chandigarh, Chandigarh",19202|Manav Mangal High School,,,Builder Floor Apartment,Furnished,2,2,North - East,300,Sq-ft,5 to 10 years,"its proper 1 bhk on second floor with independent entry and with no restrictions You can avail the 1 BHK flat for rent in the well-known location of Sector 21. You can get this flat at monthly rent of ₹14,000. The flat is on the 2 floor and includes 1 bathrooms, 2 balcony with a carpet area of 250 sqft. The residence includes air conditioned, ro water system. The address is Sector 21, Chandigarh, Chandigarh.",14000,14000,100,47,1,,No,No,No,"Air Conditioned, RO Water System",True,True,Agent,64,Immediately,2026-03-10T05:30:54.000Z,"Mar 10, '26",True
O6oWCjCOaXlzpSvf+uAgZw==,Magicbricks,https://www.magicbricks.com/property-details/1-BHK-200-Sq-ft-Builder-Floor-Apartment-FOR-Rent-Sector-21-in-Chandigarh&id=4d423731333231363137,2026-04-19 13:51:15,30.7263907,76.77549,,Sector 21,"Chandigarh, Chandigarh",19202|Manav Mangal High School,,,Builder Floor Apartment,Furnished,1,2,North - East,200,Sq-ft,New Construction,"Newly renovated room in good location with car parking If you are searching a 1 BHK apartment for rent in Sector 21, check out this amazing rental flat. The Rent amount of this 1 BHK apartment is set at an attractive price of ₹13,000. Located on the 1 floor, the flat comprises 1 bathrooms, 2 balcony, and has a carpet area of 250 sqft. This home provides power back up. The address is Sector 21, Chandigarh, Chandigarh.",13000,,,65,1,,No,No,No,,True,True,Agent,64,Immediately,2026-03-19T05:33:52.000Z,"Mar 19, '26",True
cGpTx0rD3BtzpSvf+uAgZw==,Magicbricks,https://www.magicbricks.com/property-details/1-BHK-1500-Sq-ft-Builder-Floor-Apartment-FOR-Rent-Sector-21-in-Chandigarh&id=4d423833373234343333,2026-04-19 13:51:15,30.7263907,76.77549,,Sector 21,"Chandigarh, Chandigarh",19202|Manav Mangal High School,,,Builder Floor Apartment,Furnished,3,3,East,1500,Sq-ft,Less than 5 years,"Girl only without restrictions If you are planning to rent a flat, you can consider this 1 BHK flat situated in the prime location of Sector 21. The rent of the 1 BHK flat is ₹23,021. Located on the 3 floor, the flat has 1 bathrooms, 2 balcony in carpet area of 350 sqft. This unit is designed with power back up, reserved parking, security, air conditioned, ro water system. You can visit the flat at Sector 21, Chandigarh, Chandigarh.",23021,23000,,15,1,,No,No,No,"Air Conditioned, RO Water System",True,True,Agent,53,Immediately,2026-03-10T15:50:49.000Z,"Mar 10, '26",True
SWSvxA26RJNzpSvf+uAgZw==,Magicbricks,https://www.magicbricks.com/property-details/3-BHK-2600-Sq-ft-Builder-Floor-Apartment-FOR-Rent-in-Chandigarh&id=4d423732303634383137,2026-04-19 13:51:15,,,,Jaya Kohli,"Chandigarh, Chandigarh",,,,Builder Floor Apartment,Unfurnished,Ground,3,North,2600,Sq-ft,New Construction,"10 mins from PGI, Chandigarh within gated society. 3 BHK apartment is available on rent in Omaxe Cassia Chandigarh right away. Available at a rental price of ₹22,000, this 3 BHK flat is worth considering. Located on the Ground floor, the flat comprises 3 bathrooms, 1 balcony, and has a carpet area of 1725 sqft. This 3 BHK flat is directly posted by the owner, so you don't need to pay any brokerage on this property.",22000,,,8,3,,No,No,No,,False,False,Owner,59,Immediately,2026-03-18T16:14:37.000Z,"Mar 18, '26",True
z4p8ZSK+RZlzpSvf+uAgZw==,Magicbricks,https://www.magicbricks.com/property-details/3-BHK-1074-Sq-ft-Multistorey-Apartment-FOR-Rent-Sector-50-in-Chandigarh&id=4d423637353935353837,2026-04-19 13:51:15,30.7008319,76.7466378,,Sector 50,"Chandigarh, Chandigarh",19202|Government College Of Commerce And Business Administration,,,Apartment,Semi-Furnished,Ground,3,,1074,Sq-ft,New Construction,"3 BHK flat is available for rent in Sector 50 immediately. The multistorey apartment is available at rent of ₹9,000. Located on the Ground floor, the flat has 2 bathrooms, 3 balcony in covered area of 1074 sqft. This property offers security. You can visit the flat at Sector 50, Chandigarh, Chandigarh. This 3 BHK flat is directly posted by the owner, so you don't need to pay any brokerage on this property.",9000,,,8,2,,No,No,No,,False,False,Owner,55,Immediately,2026-03-31T04:00:34.000Z,"Mar 31, '26",True
RNPiI3EON9tzpSvf+uAgZw==,Magicbricks,https://www.magicbricks.com/property-details/3-BHK-2700-Sq-ft-Multistorey-Apartment-FOR-Rent-in-Chandigarh&id=4d423831383331333239,2026-04-19 13:51:15,30.656788,76.82119203,,Pammy kaul,"Chandigarh, Chandigarh",,,,Apartment,Furnished,2,1,,2700,Sq-ft,,"If you are searching a 3 BHK apartment for rent in Zirakpur, check out this amazing rental flat. Located on the 2 floor, the flat has 4 bathrooms, 2 balcony in carpet area of 2400 sqft. Visit the apartment at Zirakpur, Chandigarh, Chandigarh. The owner has posted this 3 BHK flat for rent, so the brokerage fees is zero on this multistorey apartment.",,,,,4,,No,No,No,,False,True,Owner,46,Immediately,2026-02-14T23:31:38.000Z,"Feb 15, '26",True
OxX74xrmnVNzpSvf+uAgZw==,Magicbricks,https://www.magicbricks.com/property-details/3-BHK-2050-Sq-ft-Multistorey-Apartment-FOR-Rent-Zirakpur-in-Chandigarh&id=4d423830323031343333,2026-04-19 13:51:15,30.656788,76.82119203,,Zirakpur,"Chandigarh, Chandigarh","19201|Mk Technology Park, 19202|St. Xaviers International School, 19202|Maya International School, 19206|Tricity Square, 19206|Chandigarh Citi Centre",,,Apartment,Semi-Furnished,3,4,North - East,2050,Sq-ft,New Construction,"3bhk semi furnished flat available for rent in Zirakpur at very reasonable prices You can explore this 3 BHK flat on rent in Zirakpur Chandigarh. The apartment is available at an affordable rental price of ₹17,500. The flat is on the 3 floor and includes 3 bathrooms, 2 balcony with a carpet area of 1850 sqft. The residence includes power back up, reserved parking, security, service/goods lift, visitor parking.",17500,,,9,3,,No,No,No,"Banquet Hall, Bar/Lounge, Jogging and Strolling Track, Outdoor Tennis Courts",False,True,Agent,73,Immediately,2026-04-18T23:45:33.000Z,Today,True
+avk9j0Hi05zpSvf+uAgZw==,Magicbricks,https://www.magicbricks.com/property-details/3-BHK-1405-Sq-ft-Multistorey-Apartment-FOR-Rent-Zirakpur-in-Chandigarh&id=4d423635353237383731,2026-04-19 13:51:15,30.656788,76.82119203,,Zirakpur,"Ambala Highway, Zirakpur","19201|Mk Technology Park, 19202|Maya International School, 19202|St. Xaviers International School, 19206|Tricity Square, 19206|Chandigarh Citi Centre",,,Apartment,Semi-Furnished,2,4,North - East,1405,Sq-ft,New Construction,"Sushma Valencia which is lacated on 200 ft wide PR 7 international airport road zirakpur 3bhk with servent independent floor with lift wich is available on rent Grab the chance to own this affordable 3 BHK flat for rent in the Zirakpur area. The apartment is available at an affordable rental price of ₹22,000. The flat is on the 2 floor and includes 3 bathrooms, 3 balcony with a carpet area of 1305 sqft. The property includes 1 Open parking. This residential building features 4 floor and ensures Kids Club comfort. This flat is fitted with power back up, reserved parking, security, service/goods lift, air conditioned, intercom facility. The apartment is located at SUSHMA Valencia, Sushma Downtown, PR 7, Airport Ring Road, Zirakpur, Punjab.",22000,22000,0,16,3,1 Open,No,No,No,"Air Conditioned, Banquet Hall, Bar/Lounge, Jogging and Strolling Track",True,True,Agent,98,Immediately,2026-04-16T23:45:21.000Z,"Apr 17, '26",True
AjSmVxNLRoVzpSvf+uAgZw==,Magicbricks,https://www.magicbricks.com/property-details/3-BHK-1805-Sq-ft-Multistorey-Apartment-FOR-Rent-Zirakpur-in-Chandigarh&id=4d423730343436343339,2026-04-19 13:51:15,30.656788,76.82119203,,Zirakpur,patiala road,"19201|Mk Technology Park, 19202|St. Xaviers International School, 19202|V.B. International Senior Secondary School, 19206|Chandigarh Citi Centre, 19206|Tricity Square",,,Apartment,Semi-Furnished,5,11,North - East,1805,Sq-ft,Less than 5 years,"You can explore this 3 BHK flat on rent in Zirakpur Chandigarh. The 3 BHK apartment is available at a reasonable rent of ₹24,500. 3 Wardrobe, 4 AC and Gas Connection are some of the additional amenities available with the apartment. Located on the 5 floor, the flat comprises 3 bathrooms, 3 balcony, and has a carpet area of 1650 sqft. There is also facility of 1 Covered parking. This unit is designed with power back up, reserved parking, security. The address is High Ground Road, Chandigarh-Patiala Highway, Zirakpur, Punjab, India..",24500,24500,0,14,3,1 Covered,No,No,No,,False,True,Agent,100,Immediately,2026-04-18T23:45:33.000Z,Today,True
aBYF9CrSl6xzpSvf+uAgZw==,Magicbricks,https://www.magicbricks.com/property-details/3-BHK-1800-Sq-ft-Multistorey-Apartment-FOR-Rent-Zirakpur-in-Chandigarh&id=4d423833333834363531,2026-04-19 13:51:15,30.656788,76.82119203,,Zirakpur,"Zirakpur,Chandigarh","19201|Mk Technology Park, 19202|V.B. International Senior Secondary School, 19202|St. Xaviers International School, 19206|Chandigarh Citi Centre, 19206|Tricity Square",,,Apartment,Semi-Furnished,2,4,North - East,1800,Sq-ft,Less than 5 years,"3bhk for rent in Sushma Valencia Located on Pr 7, Airport Road, with All Amenities You can avail the 3 BHK flat for rent in the well-known location of Zirakpur. ₹22,000 is the monthly rent of this 3 BHK flat. The residents of the flat have access to additional facilities such as 3 Wardrobe. Located on the 2 floor, the flat comprises 3 bathrooms, 3 balcony, and has a carpet area of 1000 sqft. 1 Covered parking facility are also available. The building comprises 4 floor and includes Kids Club features. This unit is designed with power back up, reserved parking, security. Visit the flat at SUSHMA Valencia, Sushma Downtown, PR 7, Airport Ring Road, Zirakpur, Punjab.",22000,22000,0,12,3,1 Covered,Yes,No,No,Jogging and Strolling Track,True,True,Agent,100,Immediately,2026-03-20T12:05:45.000Z,"Mar 20, '26",True
z9eLA5vnQ7lzpSvf+uAgZw==,Magicbricks,https://www.magicbricks.com/property-details/3-BHK-1850-Sq-ft-Multistorey-Apartment-FOR-Rent-Zirakpur-in-Chandigarh&id=4d423631353832303833,2026-04-19 13:51:15,30.656788,76.82119203,,Zirakpur,"Zirakpur,Chandigarh","19201|Mk Technology Park, 19202|St. Xaviers International School, 19202|V.B. International Senior Secondary School, 19206|Tricity Square, 19206|Chandigarh Citi Centre",,,Apartment,Furnished,1,9,North - East,1850,Sq-ft,Less than 5 years,"MD Leafstone Luxury Apartments in Zirakpur, Chandigarh by MD Builders is a residential project.::::Highlights of project:::::1.85K sq.m Green Park and Children Play Area.::::Corner Spacious apartments with 3 Sides Open.",20000,20000,,11,3,1 Covered,Yes,No,No,Jogging and Strolling Track,True,True,Agent,72,Immediately,2026-04-03T06:20:41.000Z,"Apr 03, '26",True
diTPHFtFizJzpSvf+uAgZw==,Magicbricks,https://www.magicbricks.com/property-details/3-BHK-1355-Sq-ft-Multistorey-Apartment-FOR-Rent-in-Chandigarh&id=4d423833393433323739,2026-04-19 13:51:15,30.656788,76.82119203,,Address Makers,International Airport Road Zirakpur,,,,Apartment,Semi-Furnished,5,9,East,1355,Sq-ft,New Construction,Project Highlights Prime Location on Airport Road PR7 Close to International Airport Aerocity Mohali Open Fitness Centre Basketball Court Skating Rink Jogging Track Club House Party Lawn Kids Play Area Tot Lots Elderly Sitting Area Green ParksPerfect for working professionals families looking for a modern lifestyle near Airport Road.,21000,21000,0,15,2,1 Open,No,No,No,"Banquet Hall, Bar/Lounge, Jogging and Strolling Track, Outdoor Tennis Courts",True,True,Agent,100,Immediately,2026-03-26T09:59:41.000Z,"Mar 26, '26",True
sbs/GFAuz7NzpSvf+uAgZw==,Magicbricks,https://www.magicbricks.com/property-details/3-BHK-1150-Sq-ft-Builder-Floor-Apartment-FOR-Rent-Zirakpur-in-Chandigarh&id=4d423833363535323131,2026-04-19 13:51:15,30.656788,76.82119203,,Zirakpur,"Zirakpur 3BHK flat for rent with the lift, very good location. Get a Society.","19201|Mk Technology Park, 19202|St. Xaviers International School, 19202|V.B. International Senior Secondary School, 19206|Chandigarh Citi Centre, 19206|Tricity Square",,,Builder Floor Apartment,Semi-Furnished,2,3,,1150,Sq-ft,New Construction,"3 BHK flat is available for rent in Zirakpur immediately. The apartment is available at an affordable rental price of ₹16,000. Located on the 2 floor, the flat has 3 bathrooms, 2 balcony in carpet area of 1050 sqft. This unit features service/goods lift, visitor parking.",16000,,,14,3,,Yes,No,No,"Service/Goods Lift, Visitor Parking",True,True,Agent,41,Immediately,2026-03-06T02:28:22.000Z,"Mar 06, '26",True
rw/MtHuZJFpzpSvf+uAgZw==,Magicbricks,https://www.magicbricks.com/property-details/3-BHK-1730-Sq-ft-Multistorey-Apartment-FOR-Rent-Zirakpur-in-Chandigarh&id=4d423531303332333336,2026-04-19 13:51:15,30.656788,76.82119203,,Zirakpur,"3 BHK , 2 Floor , Bliss Orra , Ambala Highway , Zirakpur","19201|Mk Technology Park, 19202|Atticus International School, 19202|St. Xaviers International School, 19206|Chandigarh Citi Centre, 19206|Tricity Square",140603,,Apartment,Semi-Furnished,2,4,North - East,1730,Sq-ft,New Construction,"3 BHK is available on Rent in Bliss Orra::::Features::::Gated Society::::Excellent Location You can explore this 3 BHK flat on rent in Zirakpur Chandigarh. The apartment is available at an affordable rental price of ₹24,000. The flat comes with some add-on facilities such as 3 Wardrobe. Located on the 2 floor, the flat has 3 bathrooms, 2 balcony in carpet area of 1500 sqft. 1 Open parking facility are also available. The property has 4 floor and is equipped with Kids Club facilities. The property features power back up, reserved parking, security. The apartment is located at Motiaz Royal Citi Chandigarh - Ambala Highway Zirakpur, Zirakpur, Punjab 140603.",24000,24000,1,14,3,1 Open,Yes,No,No,Jogging and Strolling Track,False,True,Agent,95,Immediately,2026-03-09T18:20:10.000Z,"Mar 09, '26",True
ufdJHc4oxq1zpSvf+uAgZw==,Magicbricks,https://www.magicbricks.com/property-details/3-BHK-1685-Sq-ft-Multistorey-Apartment-FOR-Rent-in-Chandigarh&id=4d423833373637383831,2026-04-19 13:51:15,30.656788,76.82119203,,Sunrise Property,"Chandigarh, Chandigarh",,,,Apartment,Semi-Furnished,5,10,,1685,Sq-ft,5 to 10 years,"3 BHK apartment is available on rent in Zirakpur Chandigarh right away. This 3 BHK flat can be availed at the rental price of ₹18,500. Located on the 5 floor, the flat comprises 2 bathrooms, 3 balcony, and has a covered area of 1685 sqft. The property has 10 floor and is equipped with Kids play area facilities. The full address of the apartment is Sushma Elite Cross, Old Ambala Road, Dhakoli, Zirakpur, Chandigarh..",18500,,,11,2,,No,No,No,,True,True,Agent,35,Immediately,2026-03-13T11:20:14.000Z,"Mar 13, '26",True
xxvtc0aYKUBzpSvf+uAgZw==,Magicbricks,https://www.magicbricks.com/property-details/3-BHK-1555-Sq-ft-Multistorey-Apartment-FOR-Rent-in-Chandigarh&id=4d423833363439323235,2026-04-19 13:51:15,30.656788,76.82119203,,Wisdom Properties,"Chandigarh, Chandigarh",,,,Apartment,Semi-Furnished,1,4,East,1555,Sq-ft,,"This 3 BHK Semi furnished is available in Gated Society maxus elanza located on PR 7 Airport Road. This property is Located on 1st floor of 4 Storey Building Grab the chance to own this affordable 3 BHK flat for rent in the Zirakpur area. ₹25,000 is the monthly rent of this 3 BHK flat. The flat is located on the 1 floor which includes 3 bathrooms, 2 balcony, and covers a covered area of 1555 sqft. The building includes 4 floor and supports Kids play area living. This unit is designed with power back up, reserved parking, security, intercom facility. Visit the flat at Village- Singhpura and Nagla, Tehsil- Zirakpur ,Mohali , Sahibzada Ajit Singh Nagar (Mohali) , Punjab.",25000,25000,,16,3,,No,No,No,"Intercom Facility, Banquet Hall, Jogging and Strolling Track",True,True,Agent,53,Immediately,2026-03-05T10:42:39.000Z,"Mar 05, '26",True
3JW42fThs4BzpSvf+uAgZw==,Magicbricks,https://www.magicbricks.com/property-details/3-BHK-1852-Sq-ft-Multistorey-Apartment-FOR-Rent-Zirakpur-in-Chandigarh&id=4d423832393535363531,2026-04-19 13:51:15,30.656788,76.82119203,,Zirakpur,Chandigarh ambala Highway Zirakpur,"19201|Mk Technology Park, 19202|Atticus International School, 19202|St. Xaviers International School, 19206|Chandigarh Citi Centre, 19206|Tricity Square",,,Apartment,Furnished,11,12,East,1852,Sq-ft,5 to 10 years,"moulder kitchen room wardrobe complete washroom gyiser 3 ac 4 Celling fan 5 Dinning sett room double bed 2 sett kitchen chimney ro micro oven gas burner cylinder You can avail the 3 BHK flat for rent in the well-known location of Zirakpur. Available at a rental price of ₹22,000, this 3 BHK flat is worth considering. The flat is located on the 11 floor which includes 3 bathrooms, 4 balcony, and covers a covered area of 1852 sqft. This residential building features 12 floor and ensures Kids play area, Kids Club comfort. The apartment is equipped with power back up, reserved parking, security, service/goods lift, visitor parking. Visit the flat at Chandigarh Ambala highway, opposite Mc. Donalds Zirakpur..",22000,,,12,3,,Yes,No,No,"Service/Goods Lift, Laundry Service, Jogging and Strolling Track, Outdoor Tennis Courts",False,True,Agent,76,Immediately,2026-04-18T23:45:33.000Z,Today,True
kd7Koy/kNqlzpSvf+uAgZw==,Magicbricks,https://www.magicbricks.com/property-details/3-BHK-1650-Sq-ft-Multistorey-Apartment-FOR-Rent-Zirakpur-in-Chandigarh&id=4d423635333739343433,2026-04-19 13:51:15,30.656788,76.82119203,,Zirakpur,22.,"19201|Mk Technology Park, 19202|V.B. International Senior Secondary School, 19202|Atticus International School, 19206|Chandigarh Citi Centre, 19206|Tricity Square",,,Apartment,Semi-Furnished,1,3,North - East,1650,Sq-ft,New Construction,"Flat available on a very prime location of zirakpur near ambala chandigarh highway. A beautiful 3 BHK flat is available for rent in Zirakpur. ₹17,000 is the monthly rent of this 3 BHK flat. Some added-on facilities available with the flat are 3 Wardrobe, 1 AC and Gas Connection. The flat is located on the 1 floor which includes 3 bathrooms, 3 balcony, and covers a carpet area of 1600 sqft. You will also find 1 Covered parking facility. The residence includes security. Find this apartment at 22., Zirakpur, Chandigarh, Chandigarh.",17000,16000,0,10,3,1 Covered,No,No,No,,True,True,Agent,88,Immediately,2026-04-16T23:45:21.000Z,"Apr 17, '26",True
NMvR6RWsinRzpSvf+uAgZw==,Magicbricks,https://www.magicbricks.com/property-details/3-BHK-1790-Sq-ft-Multistorey-Apartment-FOR-Rent-Zirakpur-in-Chandigarh&id=4d423731323532353833,2026-04-19 13:51:15,30.656788,76.82119203,,Zirakpur,ambala road zirakpur,"19201|Mk Technology Park, 19202|Maya International School, 19202|V.B. International Senior Secondary School, 19206|Tricity Square, 19206|Chandigarh Citi Centre",,,Apartment,Semi-Furnished,7,13,North - East,1790,Sq-ft,New Construction,"3 BHK flat is available for rent in Zirakpur immediately. The apartment is available at an affordable rental price of ₹24,500. Some premium add-on facilities bundled with the flat are 3 Wardrobe and Gas Connection. The apartment is on the 7 floor, has a carpet area of 1550 sqft with 3 bathrooms and 4 balcony. You will also find 1 Covered parking facility. The property features power back up, reserved parking, security. This flat is located at NH-22 Chandigarh-Ambala, Highway, Nagla Rd, Zirakpur, Chandigarh.",24500,23500,0,14,3,1 Covered,Yes,No,No,Jogging and Strolling Track,False,True,Agent,100,Immediately,2026-04-17T23:45:20.000Z,Yesterday,True
qwIQ0Ya2YjBzpSvf+uAgZw==,Magicbricks,https://www.magicbricks.com/property-details/3-BHK-1800-Sq-ft-Multistorey-Apartment-FOR-Rent-Zirakpur-in-Chandigarh&id=4d423833373436303037,2026-04-19 13:51:15,30.656788,76.82119203,,Zirakpur,"Zirakpur,Chandigarh","19201|Mk Technology Park, 19202|Atticus International School, 19202|St. Xaviers International School, 19206|Chandigarh Citi Centre, 19206|Tricity Square",,,Apartment,Semi-Furnished,1,4,North - East,1800,Sq-ft,Less than 5 years,"3bhk 1800 sq ft.. Apartment For Rent With All Amenities Located On PR 7, Airport Road, Zirtakpur Find this 3 BHK rental flat in Zirakpur Chandigarh. ₹23,000 is the monthly rent of this 3 BHK flat. Some attractive additional facilities available with the flat are 3 Wardrobe. The apartment is on the 1 floor, has a carpet area of 1000 sqft with 3 bathrooms and 3 balcony. 1 Covered parking space is also available. The property has 4 floor and is equipped with Kids Club facilities. This property offers power back up, reserved parking, security. The flat can be visited at SUSHMA Valencia, Sushma Downtown, PR 7, Airport Ring Road, Zirakpur, Punjab.",23000,23000,0,13,3,1 Covered,Yes,No,No,Jogging and Strolling Track,True,True,Agent,80,Immediately,2026-03-12T07:13:32.000Z,"Mar 12, '26",True
kjH02ecXOBtzpSvf+uAgZw==,Magicbricks,https://www.magicbricks.com/property-details/3-BHK-1690-Sq-ft-Multistorey-Apartment-FOR-Rent-Zirakpur-in-Chandigarh&id=4d423631353832333435,2026-04-19 13:51:15,30.656788,76.82119203,,Zirakpur,VIP Road,"19201|Mk Technology Park, 19202|Maya International School, 19202|V.B. International Senior Secondary School, 19206|Chandigarh Citi Centre, 19206|Tricity Square",,,Apartment,Unfurnished,10,12,North - West,1690,Sq-ft,Less than 5 years,"Government Medical College & Hospital -11Min::::Paras Down Town Mall, 13Min Chhat Bir Zoo, 15Min::::Railway Station Chandigarh, 15Min.::::Chandigarh Golf Course- 15Min, Chandigarh International Airport - 15Min, HP Club Petrol Pump - 17Min.::::BESTECH MALL - 22Min.::::ISBT - 43, 25Min.::::Fortis Hospital Mohali, 30Min.",22000,18000,,13,3,"1 Covered, 1 Open",Yes,No,No,Jogging and Strolling Track,True,True,Agent,72,Immediately,2026-04-01T11:10:06.000Z,"Apr 01, '26",True
5iZ4lsrLJEBzpSvf+uAgZw==,Magicbricks,https://www.magicbricks.com/property-details/3-BHK-1439-Sq-ft-Multistorey-Apartment-FOR-Rent-Zirakpur-in-Chandigarh&id=4d423833383730303339,2026-04-19 13:51:15,30.656788,76.82119203,,Zirakpur,"Zirakpur,Chandigarh","19201|Mk Technology Park, 19202|Atticus International School, 19202|St. Xaviers International School, 19206|Tricity Square, 19206|Chandigarh Citi Centre",,,Apartment,Furnished,2,9,East,1439,Sq-ft,5 to 10 years,"Grab the chance to own this affordable 3 BHK flat for rent in the Zirakpur area. The multistorey apartment is available at rent of ₹24,000. The residents of the flat have access to additional facilities such as 3 Wardrobe, 3 Bed, 1 TV, Fridge, Microwave, 2 AC, Sofa, Washing Machine, Dining Table and Gas Connection. The apartment is on the 2 floor, has a carpet area of 1239 sqft with 3 bathrooms and 3 balcony. The property includes 1 Covered, 1 Open parking. The apartment comes furnished with power back up, reserved parking, security.",24000,24000,25000,17,3,"1 Covered, 1 Open",Yes,No,No,Jogging and Strolling Track,True,True,Agent,98,Immediately,2026-03-20T11:06:16.000Z,"Mar 20, '26",True
ad+na8ezfxdzpSvf+uAgZw==,Magicbricks,https://www.magicbricks.com/property-details/3-BHK-1550-Sq-ft-Multistorey-Apartment-FOR-Rent-VIP-Road-in-Chandigarh&id=4d423238333132353633,2026-04-19 13:51:15,30.6349922,76.8055072,,VIP Road,"3 BHK , 2 Floor , Rail Vihar , VIP Road , Zirakpur","19202|Dikshant Global School, 19202|Eme Public School",,,Apartment,Semi-Furnished,2,6,East,1550,Sq-ft,New Construction,"3 bhk with drawing dining , Modular kitchen 3 bathrooms is available at second floor in newly built rail vihar society having lift , Security personnel , Car parking .Super markets and all other basic needs of life are at walking distnce::::::::Well connected to Ambala and Patiala highway",15000,15000,1,10,3,1 Open,No,No,No,,True,True,Agent,95,Immediately,2026-02-24T04:59:56.000Z,"Feb 24, '26",True
A2yyf0AqhkNzpSvf+uAgZw==,Magicbricks,https://www.magicbricks.com/property-details/3-BHK-195-Sq-ft-Multistorey-Apartment-FOR-Rent-in-Chandigarh&id=4d423833373638333839,2026-04-19 13:51:15,30.656788,76.82119203,,Sunrise Property,"Chandigarh, Chandigarh",,,,Apartment,Semi-Furnished,3,4,,195,Sq-ft,Less than 5 years,"A beautiful 3 BHK flat is available for rent in Zirakpur. The rent of the 3 BHK flat is ₹24,000. The apartment is on the 3 floor, has a covered area of 195 sqft with 3 bathrooms and 2 balcony.",24000,,,123,3,,No,No,No,,True,True,Agent,35,Immediately,2026-03-13T11:34:33.000Z,"Mar 13, '26",True
8OD9kVSfia1zpSvf+uAgZw==,Magicbricks,https://www.magicbricks.com/property-details/3-BHK-1852-Sq-ft-Multistorey-Apartment-FOR-Rent-Zirakpur-in-Chandigarh&id=4d423834303638303137,2026-04-19 13:51:15,30.656788,76.82119203,,Zirakpur,chandigarh ambala Highway zirakpur,"19201|Mk Technology Park, 19202|V.B. International Senior Secondary School, 19202|Atticus International School, 19206|Chandigarh Citi Centre, 19206|Tricity Square",,,Apartment,Semi-Furnished,8,12,East,1852,Sq-ft,5 to 10 years,"moulder kitchen room wardrobe complete washroom Fiting complete ac 4 washroom gyiser 3 Celling fan 5 kitchen chimney led tyube light complete Find 3 BHK flat for rent in Zirakpur Chandigarh. This 3 BHK flat can be availed at the rental price of ₹22,000. The flat is located on the 8 floor which includes 3 bathrooms, 4 balcony, and covers a covered area of 1852 sqft. The property consists of 12 floor and offers Kids play area, Kids Club conveniences. This home provides power back up, reserved parking, security, service/goods lift, visitor parking. The apartment is located at Chandigarh Ambala highway, opposite Mc. Donalds Zirakpur..",22000,,,12,3,,Yes,No,No,"Service/Goods Lift, Laundry Service, Jogging and Strolling Track, Outdoor Tennis Courts",True,True,Agent,61,Immediately,2026-04-18T23:45:33.000Z,Today,True
bmgov6jgAZxzpSvf+uAgZw==,Magicbricks,https://www.magicbricks.com/property-details/3-BHK-1910-Sq-ft-Penthouse-FOR-Rent-Zirakpur-in-Chandigarh&id=4d423635353331373135,2026-04-19 13:51:15,30.656788,76.82119203,,Zirakpur,ambala highway,"19201|Mk Technology Park, 19202|St. Xaviers International School, 19202|V.B. International Senior Secondary School, 19206|Chandigarh Citi Centre, 19206|Tricity Square",,,Penthouse,Semi-Furnished,3,13,North - East,1910,Sq-ft,Less than 5 years,"spreading to an area of 23 acres,motia royal City with its admirable features a luxurious life close to nature it has been planned around the nature photography on the foothills of shivalik hills Grab the chance to own this affordable 3 BHK flat for rent in the Zirakpur area. The flat is available for rent at a competitive amount of ₹22,000. Located on the 3 floor, the flat comprises 3 bathrooms, 3 balcony, and has a carpet area of 1900 sqft. There is also facility of 1 Covered, 1 Open parking. This property offers power back up, reserved parking, security, service/goods lift, air conditioned, intercom facility, ro water system. Visit the flat at ambala highway, Zirakpur, Chandigarh, Chandigarh.",22000,22000,0,12,3,"1 Covered, 1 Open",No,No,No,"Air Conditioned, Banquet Hall, Bar/Lounge, Jogging and Strolling Track",True,True,Agent,98,Immediately,2026-04-16T23:45:21.000Z,"Apr 17, '26",True
RnY99vWXfHhzpSvf+uAgZw==,Magicbricks,https://www.magicbricks.com/property-details/3-BHK-1685-Sq-ft-Multistorey-Apartment-FOR-Rent-Zirakpur-in-Chandigarh&id=4d423833373435373639,2026-04-19 13:51:15,30.656788,76.82119203,,Zirakpur,"Zirakpur,Chandigarh","19201|Mk Technology Park, 19202|Atticus International School, 19202|V.B. International Senior Secondary School, 19206|Tricity Square, 19206|Chandigarh Citi Centre",,,Apartment,Semi-Furnished,2,11,North - East,1685,Sq-ft,5 to 10 years,"3bhk 1685 sq ft.. For Rent in Sushma Elite Cross with All Amenities Located on Dhakoli, Zirakpur.. Find this 3 BHK rental flat in Zirakpur Chandigarh. The multistorey apartment is available at rent of ₹22,000. Here you can enjoy world class facilities like 3 Wardrobe and Gas Connection. Located on the 2 floor, the flat comprises 2 bathrooms, 4 balcony, and has a carpet area of 1100 sqft. You will also find 1 Covered parking facility. The building comprises 11 floor and includes Kids play area features. The residence includes power back up, reserved parking, security. Visit the flat at Sushma Elite Cross, Old Ambala Road, Dhakoli, Zirakpur, Chandigarh..",22000,22000,0,13,2,1 Covered,Yes,No,No,Jogging and Strolling Track,True,True,Agent,80,Immediately,2026-03-12T07:04:15.000Z,"Mar 12, '26",True
mGshXcL3HK1zpSvf+uAgZw==,Magicbricks,https://www.magicbricks.com/property-details/3-BHK-1663-Sq-ft-Multistorey-Apartment-FOR-Rent-Zirakpur-in-Chandigarh&id=4d423631353832323939,2026-04-19 13:51:15,30.656788,76.82119203,,Zirakpur,orbit apartment ambala chamdigarh highway zirakpur,"19201|Mk Technology Park, 19202|V.B. International Senior Secondary School, 19202|Maya International School, 19206|Chandigarh Citi Centre, 19206|Tricity Square",,,Apartment,Semi-Furnished,4,10,South - East,1663,Sq-ft,2014,"Orbit Apartments, A seamless amalgamation of luxury, comfort and style blend to provide a truly sophisticated lifestyle. These Residential Apartments in Chandigarh are beautifully planned keeping in mind the architecture which can soothe your senses whenever you step into your house after a tiring day from work.",23000,21000,3000,14,3,1 Covered,Yes,Yes,No,Jogging and Strolling Track,True,True,Agent,75,Immediately,2026-04-01T11:13:20.000Z,"Apr 01, '26",True
r4LlH1qDrTBzpSvf+uAgZw==,Magicbricks,https://www.magicbricks.com/property-details/3-BHK-1730-Sq-ft-Multistorey-Apartment-FOR-Rent-in-Chandigarh&id=4d423833373638343135,2026-04-19 13:51:15,30.656788,76.82119203,,Sunrise Property,"Chandigarh, Chandigarh",,140603,,Apartment,Semi-Furnished,5,12,,1730,Sq-ft,Less than 5 years,"You can avail the 3 BHK flat for rent in the well-known location of Zirakpur. The rent of the 3 BHK flat is ₹23,000. The apartment is on the 5 floor, has a carpet area of 1444 sqft with 3 bathrooms and 3 balcony. Visit the apartment at 101, FF, Metro Tower Peer Muchhalla, Dhakoli, Zirakpur, District SAS Nagar (Mohali), Punjab- 140603.",23000,,,13,3,,No,No,No,,True,True,Agent,35,Immediately,2026-03-13T11:36:22.000Z,"Mar 13, '26",True
zmdpx5SknPtzpSvf+uAgZw==,Magicbricks,https://www.magicbricks.com/property-details/3-BHK-1530-Sq-ft-Multistorey-Apartment-FOR-Rent-Zirakpur-in-Chandigarh&id=4d423834303638323833,2026-04-19 13:51:15,30.656788,76.82119203,,Zirakpur,chandigarh ambala Highway Zirakpur,"19201|Mk Technology Park, 19202|V.B. International Senior Secondary School, 19202|Maya International School, 19206|Chandigarh Citi Centre, 19206|Tricity Square",,,Apartment,Semi-Furnished,4,13,West,1530,Sq-ft,5 to 10 years,"moulder kitchen room wardrobe complete ac 4 washroom gyiser 3 Celling fan 5 led light complete kitchen chimney ro You can avail the 3 BHK flat for rent in the well-known location of Zirakpur. The flat is available for rent at a competitive amount of ₹21,000. Located on the 4 floor, the flat comprises 3 bathrooms, 4 balcony, and has a covered area of 1530 sqft. This building features 13 floor and provides Kids play area, Kids Club facilities. This flat is fitted with power back up, reserved parking, security, service/goods lift, visitor parking. Visit the flat at Chandigarh Ambala highway, opposite Mc. Donalds Zirakpur..",21000,,,14,3,,Yes,No,No,"Service/Goods Lift, Laundry Service, Jogging and Strolling Track, Outdoor Tennis Courts",True,True,Agent,56,Immediately,2026-04-18T23:45:33.000Z,Today,True
UlhXktmRJzpzpSvf+uAgZw==,Magicbricks,https://www.magicbricks.com/property-details/3-BHK-2250-Sq-ft-Multistorey-Apartment-FOR-Rent-Zirakpur-in-Chandigarh&id=4d423833343635383539,2026-04-19 13:51:15,30.656788,76.82119203,,Zirakpur,"Zirakpur,Chandigarh","19201|Mk Technology Park, 19202|V.B. International Senior Secondary School, 19202|Atticus International School, 19206|Chandigarh Citi Centre, 19206|Tricity Square",,,Apartment,Semi-Furnished,4,4,North - East,2250,Sq-ft,New Construction,"3 Bedroom with Servent room For Rent in Sushma Valencia Located On PR 7, Airport Road 3 Green Parks In this Society Maximum Open Area With All Amenities .. Grab the chance to own this affordable 3 BHK flat for rent in the Zirakpur area. You can get this flat at monthly rent of ₹25,000. If you rent the flat, you will have access to facilities like 3 Wardrobe. Located on the 4 floor, the flat comprises 4 bathrooms, 3 balcony, and has a carpet area of 1450 sqft. There is also facility of 1 Covered parking. This residential building features 4 floor and ensures Kids Club comfort. This home provides power back up, reserved parking, security. The address is SUSHMA Valencia, Sushma Downtown, PR 7, Airport Ring Road, Zirakpur, Punjab.",25000,25000,0,11,4,1 Covered,Yes,No,No,Jogging and Strolling Track,True,True,Agent,100,Immediately,2026-02-20T06:17:34.000Z,"Feb 20, '26",True
eAhParB9OjJzpSvf+uAgZw==,Magicbricks,https://www.magicbricks.com/property-details/3-BHK-1760-Sq-ft-Multistorey-Apartment-FOR-Rent-Zirakpur-in-Chandigarh&id=4d423832353531383535,2026-04-19 13:51:15,30.656788,76.82119203,,Zirakpur,"Zirakpur,Chandigarh","19201|Mk Technology Park, 19202|Maya International School, 19202|Atticus International School, 19206|Tricity Square, 19206|Chandigarh Citi Centre",,,Apartment,Unfurnished,5,6,North - West,1760,Sq-ft,10 to 15 years,"3 bhk semi furnished flat available for rent. You can avail the 3 BHK flat for rent in the well-known location of Zirakpur. The Rent amount of this 3 BHK apartment is set at an attractive price of ₹23,000. The flat is on the 5 floor and includes 3 bathrooms, 3 balcony with a carpet area of 1600 sqft. 1 Covered parking space is also available. This property offers reserved parking, security.",23000,23000,2000,13,3,1 Covered,No,No,No,,True,True,Agent,80,Immediately,2026-02-28T09:21:03.000Z,"Feb 28, '26",True
hI9ioj6RARpzpSvf+uAgZw==,Magicbricks,https://www.magicbricks.com/property-details/3-BHK-1560-Sq-ft-Multistorey-Apartment-FOR-Rent-in-Chandigarh&id=4d423833373637353031,2026-04-19 13:51:15,30.656788,76.82119203,,Sunrise Property,"Chandigarh, Chandigarh",,,,Apartment,Semi-Furnished,6,14,,1560,Sq-ft,5 to 10 years,"Grab the chance to own this affordable 3 BHK flat for rent in the Zirakpur area. The flat is available for rent at a competitive amount of ₹22,000. The flat is on the 6 floor and includes 3 bathrooms, 3 balcony with a covered area of 1560 sqft. The building has 14 floor and offers Kids Play Pool With Water Slides amenities. Find this apartment at Flat Number 903, tower F, HERMITAGE PARK, The, Guru Gobind Singh Nagar, Dhakoli, Zirakpur, Punjab .",22000,22000,2500,14,3,,No,No,No,,True,True,Agent,40,Immediately,2026-03-13T11:04:48.000Z,"Mar 13, '26",True
CCFQTBzzC+dzpSvf+uAgZw==,Magicbricks,https://www.magicbricks.com/property-details/3-BHK-1600-Sq-ft-Multistorey-Apartment-FOR-Rent-Sector-49-in-Chandigarh&id=4d423834313530323333,2026-04-19 13:51:15,30.6929607,76.7524087,,Sector-49,"Chandigarh, Chandigarh",,,,Apartment,Semi-Furnished,1,2,East,1600,Sq-ft,5 to 10 years,"You can explore this 3 BHK flat on rent in Sector 49 Chandigarh. This 3 BHK flat can be availed at the rental price of ₹42,000. The flat is located on the 1 floor which includes 3 bathrooms, 2 balcony, and covers a carpet area of 1500 sqft. Visit the flat at Sector 49 D, Sector 49, Chandigarh, Punjab.",42000,,,26,3,,No,No,No,,True,True,Agent,38,Immediately,2026-04-16T23:45:21.000Z,"Apr 17, '26",True
vULky8j9jzJzpSvf+uAgZw==,Magicbricks,https://www.magicbricks.com/property-details/3-BHK-1850-Sq-ft-Multistorey-Apartment-FOR-Rent-Zirakpur-in-Chandigarh&id=4d423832333035353939,2026-04-19 13:51:15,30.656788,76.82119203,,Zirakpur,OnZirakpur Ambala Highway,"19201|Mk Technology Park, 19202|Maya International School, 19202|V.B. International Senior Secondary School, 19206|Chandigarh Citi Centre, 19206|Tricity Square",,,Apartment,Furnished,14,18,East,1850,Sq-ft,5 to 10 years,"3 BHK flat is available for rent in Zirakpur immediately. You can get this flat at monthly rent of ₹45,000. The flat is on the 14 floor and includes 3 bathrooms, 3 balcony with a covered area of 1850 sqft. 1 Covered parking facility are also available. The apartment comes furnished with power back up, reserved parking, security, service/goods lift, visitor parking. The full address of the apartment is Village Bishangarh - Bishanpura , Zirakpur Dera Bassi , Sahibzada Ajit Singh Nagar (Mohali) , Punjab.",45000,45000,0,24,3,1 Covered,Yes,No,No,"Service/Goods Lift, Visitor Parking, Jogging and Strolling Track",False,True,Agent,100,Immediately,2026-04-16T23:45:22.000Z,"Apr 17, '26",True
DdTysfkKkXFzpSvf+uAgZw==,Magicbricks,https://www.magicbricks.com/property-details/3-BHK-1906-Sq-ft-Multistorey-Apartment-FOR-Rent-in-Chandigarh&id=4d423732383833323333,2026-04-19 13:51:15,30.656788,76.82119203,,Madaan Property Consultant,00.,,,,Apartment,Unfurnished,10,13,North - East,1906,Sq-ft,New Construction,"3bhk Fully furnished flat for rent lotus green saksham Patiala road 4dplit ac 3bed refrigerator sofa set dining table 3 BHK flat is available for rent in Zirakpur immediately. The rent of the 3 BHK flat is ₹50,000. The flat is located on the 10 floor which includes 3 bathrooms, 4 balcony, and covers a carpet area of 1890 sqft. There is also facility of 2 Covered, 1 Open parking. The apartment is equipped with power back up, reserved parking, security, service/goods lift, air conditioned, visitor parking, intercom facility, ro water system. Find this apartment at 00., Zirakpur, Chandigarh, Chandigarh.",50000,50000,0,26,3,"2 Covered, 1 Open",No,No,No,"Air Conditioned, Banquet Hall, Bar/Lounge, Jogging and Strolling Track",False,True,Agent,100,Immediately,2026-02-20T17:09:37.000Z,"Feb 20, '26",True
PAsXq+gjVe5zpSvf+uAgZw==,Magicbricks,https://www.magicbricks.com/property-details/3-BHK-2100-Sq-ft-Multistorey-Apartment-FOR-Rent-Zirakpur-in-Chandigarh&id=4d423834303830373633,2026-04-19 13:51:15,30.656788,76.82119203,,Zirakpur,PR-7 Airport Road Zirakpur,"19201|Mk Technology Park, 19202|Atticus International School, 19202|St. Xaviers International School, 19206|Chandigarh Citi Centre, 19206|Tricity Square",,,Apartment,Semi-Furnished,8,13,North - East,2100,Sq-ft,2015,"This is Brand new Ultra Luxury 3bhk For Rent in Luxury Society Green Lotus Utsav Fitted with 4AC, Geysers, Chimney, RO, Refrigerator, Fans, Microwave, Dishwasher . lights , Rods Etc.. 3 BHK apartment is available on rent in Zirakpur Chandigarh right away. Available at a rental price of ₹45,000, this 3 BHK flat is worth considering. Here you can enjoy world class facilities like 4 Wardrobe, Microwave, 4 AC and Fridge. Located on the 8 floor, the flat has 3 bathrooms, 4 balcony in carpet area of 1200 sqft. There is also facility of 1 Covered parking. This flat is fitted with power back up, reserved parking, security. Visit the apartment at PR-7 Airport Road Zirakpur.",45000,45000,0,21,3,1 Covered,Yes,No,No,Jogging and Strolling Track,True,True,Agent,78,Immediately,2026-04-05T03:17:47.000Z,"Apr 05, '26",True
eomenLm5NJlzpSvf+uAgZw==,Magicbricks,https://www.magicbricks.com/property-details/3-BHK-1800-Sq-ft-Builder-Floor-Apartment-FOR-Rent-Sector-23-in-Chandigarh&id=4d423832383738313731,2026-04-19 13:51:15,30.7396066,76.766835,,Sector 23,"Chandigarh, Chandigarh",,,,Builder Floor Apartment,Furnished,2,3,North - East,1800,Sq-ft,New Construction,"Fully Furnished 3BHK attached bath facing park beautiful location, newly built Fully Furnished for working professionals, doctors contact The Tricity Properties consultants, Chandigarh You can explore this 3 BHK flat on rent in Sector 23 Chandigarh. The Rent amount of this 3 BHK apartment is set at an attractive price of ₹49,000. The flat is on the 2 floor and includes 2 bathrooms, 2 balcony with a carpet area of 1600 sqft. The apartment is equipped with power back up, reserved parking, security, visitor parking. The full address of the apartment is Sector 23, Chandigarh, Chandigarh.",49000,,,27,2,,No,No,No,"Visitor Parking, Laundry Service, Jogging and Strolling Track, Outdoor Tennis Courts",False,True,Agent,78,Immediately,2026-04-09T05:09:54.000Z,"Apr 09, '26",True
tNMZIjt0zipzpSvf+uAgZw==,Magicbricks,https://www.magicbricks.com/property-details/3-BHK-2000-Sq-ft-Builder-Floor-Apartment-FOR-Rent-Sector-38-in-Chandigarh&id=4d423833343234343337,2026-04-19 13:51:15,30.7456844,76.7437522,,Sector-38,newly built,,,,Builder Floor Apartment,Semi-Furnished,1,2,North - East,2000,Sq-ft,New Construction,"Newly built 3bhk semi furnished preference for Service class Family only Grab the chance to own this affordable 3 BHK flat for rent in the Sector 38 area. The apartment is available at an affordable rental price of ₹42,000. Located on the 1 floor, the flat comprises 3 bathrooms, 2 balcony, and has a carpet area of 1900 sqft. This home provides power back up, reserved parking, security, service/goods lift, air conditioned, intercom facility, ro water system. The full address of the apartment is newly built, Sector 38, Chandigarh, Chandigarh.",42000,42000,0,21,3,,No,No,No,"Air Conditioned, Laundry Service, Internet/Wi-Fi Connectivity, Jogging and Strolling Track",True,True,Agent,80,Immediately,2026-04-19T05:32:52.000Z,Today,True
4vdu2AtUr+RzpSvf+uAgZw==,Magicbricks,https://www.magicbricks.com/property-details/3-BHK-2335-Sq-ft-Multistorey-Apartment-FOR-Rent-Zirakpur-in-Chandigarh&id=4d423834313435323537,2026-04-19 13:51:15,30.656788,76.82119203,,Zirakpur,Zirakpur,"19201|Mk Technology Park, 19202|Maya International School, 19202|V.B. International Senior Secondary School, 19206|Tricity Square, 19206|Chandigarh Citi Centre",,,Apartment,Semi-Furnished,9,13,East,2335,Sq-ft,Less than 5 years,"3 BHK flat is available for rent in Zirakpur immediately. The multistorey apartment is available at rent of ₹45,000. Some premium add-on facilities bundled with the flat are 4 Wardrobe, 4 AC and Gas Connection. The flat is on the 9 floor and includes 4 bathrooms, 3 balcony with a carpet area of 1400 sqft. 1 Covered parking space is also available. This flat is fitted with power back up, reserved parking, security. The flat can be visited at Patiala Road, Zirakpur, Punjab.",45000,45000,0,19,4,1 Covered,Yes,No,No,Jogging and Strolling Track,True,True,Agent,80,Immediately,2026-04-08T11:28:17.000Z,"Apr 08, '26",True
FJER30jVO1FzpSvf+uAgZw==,Magicbricks,https://www.magicbricks.com/property-details/3-BHK-2168-Sq-ft-Builder-Floor-Apartment-FOR-Rent-Sector-33-in-Chandigarh&id=4d423834313834383437,2026-04-19 13:51:15,30.7137743,76.769673,,Sector-33,"Chandigarh, Chandigarh","19201|Graycell Technologies, 19202|Paragon Convent School, 19202|Kendriya Vidyalya Sangathan, 19203|Landmark Hospital, 19203|Ayu Health Hospital",,,Builder Floor Apartment,Unfurnished,1,3,,2168,Sq-ft,New Construction,"newly built 10 marla 3bhk facing park is available for rent at a very prime locality in sector 33 chandigarh. FOR MORE DETAILS OR TO SCHEDULE A VISIT PLEASE CONTACT US. Find this 3 BHK rental flat in Sector 33 Chandigarh. The multistorey apartment is available at rent of ₹46,000. The apartment is on the 1 floor, has a carpet area of 2772 sqft with 2 bathrooms and 3 balcony. You can visit the flat at Sector 33, Chandigarh, Chandigarh.",46000,,,21,2,,No,No,No,,False,True,Agent,60,Immediately,2026-04-10T12:16:31.000Z,"Apr 10, '26",True
Ka7KOIAUmKxzpSvf+uAgZw==,Magicbricks,https://www.magicbricks.com/property-details/3-BHK-2100-Sq-ft-Builder-Floor-Apartment-FOR-Rent-Sector-20-in-Chandigarh&id=4d423632323935333333,2026-04-19 13:51:15,30.7213417,76.7812596,,Sector 20,2799.,,,,Builder Floor Apartment,Semi-Furnished,2,2,South -West,2100,Sq-ft,New Construction,"Newly built ten marla top floor which has three bedrooms drawing dinning with three attached baths, modular kitchen and a store. Fitted with ACs. 3 BHK flat is available for rent in Sector 20 immediately. This 3 BHK flat is available at the reasonable rent amount of ₹45,000. Live in this lovely flat and get access to various useful facilities such as 4 AC and 3 Wardrobe. Located on the 2 floor, the flat comprises 3 bathrooms, 2 balcony, and has a carpet area of 2100 sqft. There is also facility of 1 Open parking. The apartment is equipped with security. The apartment is located at 2799., Sector 20, Chandigarh, Chandigarh.",45000,90000,0,21,3,1 Open,Yes,No,Yes,Jogging and Strolling Track,True,True,Agent,98,Immediately,2026-04-03T03:55:48.000Z,"Apr 03, '26",True
Ymn2x0VPs7JzpSvf+uAgZw==,Magicbricks,https://www.magicbricks.com/property-details/3-BHK-1800-Sq-ft-Builder-Floor-Apartment-FOR-Rent-Sector-11-in-Chandigarh&id=4d423736343134313135,2026-04-19 13:51:15,30.7583236,76.7841443,,Sector-11,Sector 11,"19202|D.A.V. Model School, 19202|Sanawar Montessori School",,,Builder Floor Apartment,Furnished,2,3,North,1800,Sq-ft,Less than 5 years,"sector 11 3bhk 2 bathrooms fully furnished Find this 3 BHK rental flat in Sector 11 Chandigarh. The apartment is available at an affordable rental price of ₹45,000. Located on the 2 floor, the flat comprises 2 bathrooms, 2 balcony, and has a carpet area of 2500 sqft. There is also facility of 1 Open parking. This home provides reserved parking. The full address of the apartment is Sector 11, Sector 11, Chandigarh, Chandigarh.",45000,45000,0,25,2,1 Open,No,No,No,,True,True,Agent,100,Immediately,2026-02-20T06:30:43.000Z,"Feb 20, '26",True
MmF6aUNQlVlzpSvf+uAgZw==,Magicbricks,https://www.magicbricks.com/property-details/3-BHK-1850-Sq-ft-Builder-Floor-Apartment-FOR-Rent-Sector-20-in-Chandigarh&id=4d423834313532333239,2026-04-19 13:51:15,30.7213417,76.7812596,,Sector 20,house no.9999,,,,Builder Floor Apartment,Semi-Furnished,2,2,North - West,1850,Sq-ft,New Construction,"location of Property is too good Nicely Built Semi furnished floor near to park n main market call for details You can explore this 3 BHK flat on rent in Sector 20 Chandigarh. The multistorey apartment is available at rent of ₹50,000. The flat is located on the 2 floor which includes 3 bathrooms, 2 balcony, and covers a carpet area of 1650 sqft. This property offers power back up, security, visitor parking. Find this apartment at house no.9999, Sector 20, Chandigarh, Chandigarh.",50000,,,27,3,,No,No,Yes,Visitor Parking,True,True,Agent,56,Immediately,2026-04-09T03:39:39.000Z,"Apr 09, '26",True
7flRsSlc4sJzpSvf+uAgZw==,Magicbricks,https://www.magicbricks.com/property-details/3-BHK-1985-Sq-ft-Builder-Floor-Apartment-FOR-Rent-Sector-27-in-Chandigarh&id=4d423832363738303031,2026-04-19 13:51:15,30.7231259,76.7985669,,Sector 27,Sector 27 A,"19202|Sri Aurobindo School Of Integral Education, 19202|Moti Ram Arya School",,,Builder Floor Apartment,Semi-Furnished,Ground,3,North - East,1985,Sq-ft,Less than 5 years,"10 marla, Second floor Available for rent in Sector 27A, Chandigarh, Ownerfree,Semi furnished,Newly builtup,Beautiful constructed,Peaceful Location,Spacious room,wide balconies,Huge parking,best Location with affordable rent,Surrounded by Best Commercial hubs and educational hubs,Contact us for more details",50000,50000,0,25,3,"3 Covered, 3 Open",No,No,No,,True,True,Agent,100,Immediately,2026-03-26T10:44:05.000Z,"Mar 26, '26",True
yRCW/SUp1vhzpSvf+uAgZw==,Magicbricks,https://www.magicbricks.com/property-details/3-BHK-5000-Sq-ft-Builder-Floor-Apartment-FOR-Rent-Sector-38-in-Chandigarh&id=4d423833383130343939,2026-04-19 13:51:15,30.7456844,76.7437522,,Sector-38,Sector 38,,,,Builder Floor Apartment,Semi-Furnished,1,2,East,5000,Sq-ft,10 to 15 years,"1kanal independent first floor 3bedroom attached bath drawing dinning kitchen airy sunny rooms Walking distance for daily needs Near to school hospital market etc If you are planning to rent a flat, you can consider this 3 BHK flat situated in the prime location of Sector 38. The multistorey apartment is available at rent of ₹45,000. The flat is located on the 1 floor which includes 3 bathrooms, 2 balcony, and covers a carpet area of 2500 sqft. 1 Open parking facility are also available. This home provides reserved parking. Visit the flat at Sector 38, Sector 38, Chandigarh, Chandigarh.",45000,45000,0,9,3,1 Open,No,No,No,,True,True,Agent,95,Immediately,2026-03-16T16:04:44.000Z,"Mar 16, '26",True
JyObFQOe1WdzpSvf+uAgZw==,Magicbricks,https://www.magicbricks.com/property-details/3-BHK-2100-Sq-ft-Multistorey-Apartment-FOR-Rent-in-Chandigarh&id=4d423833343836333439,2026-04-19 13:51:15,30.656788,76.82119203,,Wisdom Properties,"Chandigarh, Chandigarh",,,,Apartment,Semi-Furnished,5,14,North - East,2100,Sq-ft,,"It is a BHK 2100 SQ ft Brand new flat with 4 no. of Daikin brand new AC , Geyser in every washroom complete Kitchen with hob , chimney , microwave Complete washroom . This flat is located on 5th Floor. society has complete power back up , 2 Lifts in each Tower Clubhouse operational and all Sports amenities",43000,43000,,20,3,,No,No,No,"Air Conditioned, Banquet Hall, Bar/Lounge, Jogging and Strolling Track",True,True,Agent,53,Immediately,2026-02-20T08:34:55.000Z,"Feb 20, '26",True
gmT0+FP9Jd5zpSvf+uAgZw==,Magicbricks,https://www.magicbricks.com/property-details/3-BHK-2000-Sq-ft-Builder-Floor-Apartment-FOR-Rent-Sector-20-in-Chandigarh&id=4d423832393134353931,2026-04-19 13:51:15,30.7213417,76.7812596,,Sector 20,"Chandigarh, Chandigarh",,,,Builder Floor Apartment,Semi-Furnished,1,2,,2000,Sq-ft,Less than 5 years,"owner free 2 bhk 2 bath first floor sector 44 for family If you are planning to rent a flat, you can consider this 3 BHK flat situated in the prime location of Sector 20. The 3 BHK apartment is available at a reasonable rent of ₹52,000. Located on the 1 floor, the flat comprises 3 bathrooms, 2 balcony, and has a carpet area of 1500 sqft. The apartment comes furnished with reserved parking, intercom facility, ro water system. The apartment is located at Sector 20, Chandigarh, Chandigarh.",52000,110000,100,26,3,,No,No,No,"Intercom Facility, RO Water System, Banquet Hall",True,True,Agent,51,Immediately,2026-03-13T06:56:40.000Z,"Mar 13, '26",True
nfPCxOplUzNzpSvf+uAgZw==,Magicbricks,https://www.magicbricks.com/property-details/3-BHK-2200-Sq-ft-Builder-Floor-Apartment-FOR-Rent-Sector-37-in-Chandigarh&id=4d423832333235343731,2026-04-19 13:51:15,30.7378169,76.7495233,,Sector-37,"Chandigarh, Chandigarh",,,,Builder Floor Apartment,Unfurnished,2,3,North,2200,Sq-ft,2013,"14 Marka first floor Check out this newly constructed 3 BHK flat on rent in the prime location of Sector 37 Chandigarh. The rent of the 3 BHK flat is ₹45,035. The flat is located on the 2 floor which includes 3 bathrooms, 2 balcony, and covers a carpet area of 1500 sqft. The address is Sector 37, Chandigarh, Chandigarh.",45035,45000,,20,3,,No,No,No,,True,True,Agent,42,Immediately,2026-04-04T08:17:46.000Z,"Apr 04, '26",True
7SD3CD7PCJpzpSvf+uAgZw==,Magicbricks,https://www.magicbricks.com/property-details/3-BHK-1420-Sq-ft-Multistorey-Apartment-FOR-Rent-in-Chandigarh&id=4d423834303931303333,2026-04-19 13:51:15,30.656788,76.82119203,,Manzil Real Estate,"PR-7 Airport road,Zirakpur",,,,Apartment,Furnished,9,13,North - West,1420,Sq-ft,New Construction,"Its a Mivan construction If you are searching a 3 BHK apartment for rent in Zirakpur, check out this amazing rental flat. The 3 BHK apartment is available at a reasonable rent of ₹45,000. The apartment is on the 9 floor, has a covered area of 1420 sqft with 3 bathrooms and 2 balcony. This property features 13 floor and offers a range of Kids play area, Kids Play Pool With Water Slides facilities. This unit features power back up, reserved parking, security, service/goods lift, air conditioned. This flat is located at PR7, 200 ft International Airport Road, Zirakpur, Chandigarh, Punjab.",45000,45000,,32,3,,No,No,No,"Air Conditioned, Banquet Hall, Bar/Lounge, Jogging and Strolling Track",False,True,Agent,73,Immediately,2026-04-16T23:45:22.000Z,"Apr 17, '26",True
eFPKUWbzYjxzpSvf+uAgZw==,Magicbricks,https://www.magicbricks.com/property-details/3-BHK-1600-Sq-ft-Builder-Floor-Apartment-FOR-Rent-Sector-23-in-Chandigarh&id=4d423830333532343339,2026-04-19 13:51:15,30.7396066,76.766835,,Sector 23,"Chandigarh, Chandigarh",,,,Builder Floor Apartment,Unfurnished,Ground,3,North - West,1600,Sq-ft,Less than 5 years,"newly built eight, Marla Ground Floor ample car parking beautiful location, Northwest facing sector 23, three bedroom, attach washroom, beautiful location, B Road, contact the Tri-City property consultant, Chandigarh",50000,,,31,3,,No,No,No,"Visitor Parking, Laundry Service, Jogging and Strolling Track, Outdoor Tennis Courts",False,True,Agent,78,Immediately,2026-04-09T05:12:40.000Z,"Apr 09, '26",True
vSbp5CYJQ5hzpSvf+uAgZw==,Magicbricks,https://www.magicbricks.com/property-details/3-BHK-2400-Sq-ft-Builder-Floor-Apartment-FOR-Rent-Sector-15-in-Chandigarh&id=4d423736343733303931,2026-04-19 13:51:15,30.7514892,76.772605,,Sector-15,Ownerfree House Newly built Ten Marla,"19201|Rajiv Gandhi Chandigarh It Park, 19202|Government Model Senior Secondary School, 19202|Crb Public School, 19203|Dharam Hospital",,,Builder Floor Apartment,Unfurnished,2,2,North - East,2400,Sq-ft,New Construction,"Newly built 3bhk ten Marla House ownerfree House semi furnished preference for Doctor Family, MNc, Bankar only 3 BHK apartment is available on rent in Sector 15 Chandigarh right away. The apartment is available at an affordable rental price of ₹46,000. Located on the 2 floor, the flat comprises 3 bathrooms, 2 balcony, and has a carpet area of 2300 sqft. This unit features power back up, reserved parking, security, service/goods lift, air conditioned, visitor parking, intercom facility, ro water system. You can visit the flat at Ownerfree House Newly built Ten Marla, Sector 15, Chandigarh, Chandigarh.",46000,46000,0,19,3,,No,No,No,"Air Conditioned, Laundry Service, Jogging and Strolling Track, Outdoor Tennis Courts",True,True,Agent,83,Immediately,2026-04-17T05:46:11.000Z,"Apr 17, '26",True
SA3EN2H8BstzpSvf+uAgZw==,Magicbricks,https://www.magicbricks.com/property-details/3-BHK-1638-Sq-ft-Multistorey-Apartment-FOR-Rent-Zirakpur-in-Chandigarh&id=4d423833393533373535,2026-04-19 13:51:15,30.656788,76.82119203,,Zirakpur,"PR7, Airport Road, near MAYA GARDEN CITY, Zirakpur, Nagla, Punjab 140603","19201|Mk Technology Park, 19202|Maya International School, 19202|Atticus International School, 19206|Tricity Square, 19206|Chandigarh Citi Centre",140603,,Apartment,Furnished,9,13,East,1638,Sq-ft,New Construction,"Its a 3bhk fully furnished flat with modular kitchen, power backup with all amenities near to the market el spazia society prime location pr 7 airport road, near maya garden city zirakpur Check out this newly constructed 3 BHK flat on rent in the prime location of Zirakpur Chandigarh. The apartment is available at an affordable rental price of ₹45,000. 3 Wardrobe, 3 Bed, 1 TV, Fridge, Microwave, 4 AC, Sofa, Washing Machine, Dining Table and Gas Connection are some of the additional amenities available with the apartment. Located on the 9 floor, the flat has 3 bathrooms, 3 balcony in carpet area of 1195 sqft. 1 Covered parking facility are also available. The flat comes with power back up, reserved parking, security. Visit the flat at PR7, Airport Road, near MAYA GARDEN CITY, Zirakpur, Nagla, Punjab 140603.",45000,45000,0,27,3,1 Covered,Yes,No,No,Jogging and Strolling Track,True,True,Agent,80,Immediately,2026-03-26T12:21:26.000Z,"Mar 26, '26",True
ih80jgwX6uJzpSvf+uAgZw==,Magicbricks,https://www.magicbricks.com/property-details/3-BHK-2156-Sq-ft-Builder-Floor-Apartment-FOR-Rent-Sector-44-in-Chandigarh&id=4d423834313733363533,2026-04-19 13:51:15,30.7127179,76.7524087,,Sector-44,"Chandigarh, Chandigarh",,,,Builder Floor Apartment,Semi-Furnished,2,3,,2156,Sq-ft,New Construction,"brand new 3bhk is available for rent at a very prime locality in sector 44 chandigarh. FOR MORE DETAILS or TO SCHEDULE A VISIT PLEASE CONTACT US. You can explore this 3 BHK flat on rent in Sector 44 Chandigarh. You can get this flat at monthly rent of ₹42,500. The flat is on the 2 floor and includes 2 bathrooms, 3 balcony with a carpet area of 2560 sqft. Find this apartment at Sector 44, Chandigarh, Chandigarh.",42500,,,20,2,,No,No,No,,False,True,Agent,58,Immediately,2026-04-10T06:12:00.000Z,"Apr 10, '26",True
xoCNQhJBZ+tzpSvf+uAgZw==,Magicbricks,https://www.magicbricks.com/property-details/3-BHK-2100-Sq-ft-Builder-Floor-Apartment-FOR-Rent-Sector-16-in-Chandigarh&id=4d423739373137323733,2026-04-19 13:51:15,30.7464418,76.7783748,,Sector 16,2799.,,,,Builder Floor Apartment,Unfurnished,2,2,North - West,2100,Sq-ft,New Construction,"This is newly built top floor of one kanal house which has three bedrooms drawing dinning and three attached baths located in a very posh area and suitable for family. You can explore this 3 BHK flat on rent in Sector 16 Chandigarh. The Rent amount of this 3 BHK apartment is set at an attractive price of ₹50,000. Located on the 2 floor, the flat comprises 3 bathrooms, 2 balcony, and has a carpet area of 1800 sqft. There is also facility of 3 Open parking. This flat is fitted with security. Visit the flat at 2799., Sector 16, Chandigarh, Chandigarh.",50000,50000,0,24,3,3 Open,No,No,Yes,Jogging and Strolling Track,True,True,Agent,95,Immediately,2026-04-03T03:51:22.000Z,"Apr 03, '26",True
H5BdJ/mUO9lzpSvf+uAgZw==,Magicbricks,https://www.magicbricks.com/property-details/3-BHK-1800-Sq-ft-Builder-Floor-Apartment-FOR-Rent-Sector-37-in-Chandigarh&id=4d423832343631303133,2026-04-19 13:51:15,30.7378169,76.7495233,,Sector-37,sector 37,,,,Builder Floor Apartment,Furnished,Ground,3,North,1800,Sq-ft,5 to 10 years,"Sector 37, 3BHK 2 Bathrooms, Ground floor, Fully furnished 3 BHK flat is available for rent in Sector 37 immediately. This 3 BHK flat is available at the reasonable rent amount of ₹55,000. The property includes 1 Covered, 1 Open parking. This unit is designed with reserved parking. The address is sector 37, Sector 37, Chandigarh, Chandigarh.",55000,55000,0,31,2,"1 Covered, 1 Open",No,No,No,,True,True,Agent,100,Immediately,2026-02-20T06:41:54.000Z,"Feb 20, '26",True
Q0yQRJIfROxzpSvf+uAgZw==,Magicbricks,https://www.magicbricks.com/property-details/3-BHK-10-Marla-Builder-Floor-Apartment-FOR-Rent-Sector-18-in-Chandigarh&id=4d423834303932303737,2026-04-19 13:51:15,30.7347851,76.7884713,,Sector 18,house no.9999,"19202|Saint Thomas - Cni School, 19202|B M Schools Private Limited",,,Builder Floor Apartment,Semi-Furnished,1,2,North - East,10,Marla,New Construction,"Beautiful Prime Location facing park available 3bhk 3bath first floor newly built park facing ,call for more details 3 BHK flat is available for rent in Sector 18 immediately. This 3 BHK flat is available at the reasonable rent amount of ₹50,000. The apartment is on the 1 floor, has a carpet area of 2000 sqft with 3 bathrooms and 2 balcony. This unit features power back up. The address is house no.9999, Sector 18, Chandigarh, Chandigarh.",50000,,,18,3,,No,No,No,,True,True,Agent,53,Immediately,2026-04-06T03:35:03.000Z,"Apr 06, '26",True
b0XfeoRiyOBzpSvf+uAgZw==,Magicbricks,https://www.magicbricks.com/property-details/3-BHK-3700-Sq-ft-Builder-Floor-Apartment-FOR-Rent-Sector-35-in-Chandigarh&id=4d423833353338363339,2026-04-19 13:51:15,30.7261629,76.7596221,,Sector-35,sector 35,"19202|Shivalik Public School, 19202|St Peters Senior Secondary School, 19206|Piccadily Square Mall",,,Builder Floor Apartment,Semi-Furnished,1,3,North - East,3700,Sq-ft,Less than 5 years,"3 BHK AVAILABLE FOR RENT IN Sector 35C , Chandigarh1 kanal,first floor,Semi furnishedSpacious room,Wide balconies,Huge parking,beautiful built up,Peaceful location,Surrounded by best commercial and Residential hubs,contact us for more details.",50000,50000,0,14,2,"1 Covered, 1 Open",No,No,No,,True,True,Agent,100,Immediately,2026-02-24T12:12:45.000Z,"Feb 24, '26",True
99B+bVIKzJZzpSvf+uAgZw==,Magicbricks,https://www.magicbricks.com/property-details/3-BHK-1800-Sq-ft-Builder-Floor-Apartment-FOR-Rent-Sector-33-in-Chandigarh&id=4d423833393733323133,2026-04-19 13:51:15,30.7137743,76.769673,,Sector-33,Sector 33,"19201|Graycell Technologies, 19202|Paragon Convent School, 19202|Kendriya Vidyalya Sangathan, 19203|Landmark Hospital, 19203|Ayu Health Hospital",,,Builder Floor Apartment,Semi-Furnished,1,3,North - East,1800,Sq-ft,5 to 10 years,"10 Marla semi furnished independent first floor 3bedroom attached bath drawing dinning kitchen airy sunny rooms walking distance for daily needs If you are planning to rent a flat, you can consider this 3 BHK flat situated in the prime location of Sector 33. The flat is available for rent at a competitive amount of ₹44,000. Located on the 1 floor, the flat comprises 3 bathrooms, 2 balcony, and has a carpet area of 2500 sqft. 1 Open parking facility are also available. This unit is designed with reserved parking. Visit the flat at Sector 33, Sector 33, Chandigarh, Chandigarh.",44000,44000,0,24,3,1 Open,No,No,No,,True,True,Agent,100,Immediately,2026-04-04T17:24:56.000Z,"Apr 04, '26",True
E+B4t9pnbXdzpSvf+uAgZw==,Magicbricks,https://www.magicbricks.com/property-details/3-BHK-1800-Sq-ft-Builder-Floor-Apartment-FOR-Rent-Sector-21-in-Chandigarh&id=4d423832353739323733,2026-04-19 13:51:15,30.7263907,76.77549,,Sector 21,"Chandigarh, Chandigarh",19202|Manav Mangal High School,,,Builder Floor Apartment,Unfurnished,2,3,East,1800,Sq-ft,Less than 5 years,"10 Marla first floor 70 percent covered area 3 BHK flat is available for rent in Sector 21 immediately. The multistorey apartment is available at rent of ₹45,021. Located on the 2 floor, the flat comprises 3 bathrooms, 2 balcony, and has a carpet area of 1400 sqft. The apartment is located at Sector 21, Chandigarh, Chandigarh.",45021,45000,,25,3,,No,No,No,,True,True,Agent,45,Immediately,2026-04-04T08:16:59.000Z,"Apr 04, '26",True
7+iCw7gIaQhzpSvf+uAgZw==,Magicbricks,https://www.magicbricks.com/property-details/3-BHK-8-Marla-Builder-Floor-Apartment-FOR-Rent-Sector-23-in-Chandigarh&id=4d423833363933323339,2026-04-19 13:51:15,30.7396066,76.766835,,Sector 23,"Chandigarh, Chandigarh",,,,Builder Floor Apartment,Furnished,2,3,North - East,8,Marla,Less than 5 years,"newly built 3bhk 2bath second floor, Furnished facing Park, beautiful location nearby market banks, ATMs contact, The Tricity Properties Chd Find 3 BHK flat for rent in Sector 23 Chandigarh. You can get this flat at monthly rent of ₹50,000. The apartment is on the 2 floor, has a carpet area of 1500 sqft with 2 bathrooms and 2 balcony. This property offers power back up, reserved parking, security, visitor parking. You can visit the flat at Sector 23, Chandigarh, Chandigarh.",50000,,,23,2,,No,No,No,"Visitor Parking, Laundry Service, Jogging and Strolling Track, Outdoor Tennis Courts",False,True,Agent,73,Immediately,2026-03-08T09:10:40.000Z,"Mar 08, '26",True
+8ttcPHQixZzpSvf+uAgZw==,Magicbricks,https://www.magicbricks.com/property-details/3-BHK-1700-Sq-ft-Builder-Floor-Apartment-FOR-Rent-Sector-38-in-Chandigarh&id=4d423733303239303537,2026-04-19 13:51:15,30.7456844,76.7437522,,Sector-38,Sector 38,,,,Builder Floor Apartment,Furnished,1,2,North - West,1700,Sq-ft,New Construction,"Sector 38 3bhk 2bathrooms NEW CONSTRUCTION Find 3 BHK flat for rent in Sector 38 Chandigarh. The rent of the 3 BHK flat is ₹38,000. The apartment is on the 1 floor, has a carpet area of 2400 sqft with 2 bathrooms and 2 balcony. The property includes 1 Open parking. This home provides reserved parking. The apartment is located at Sector 38, Sector 38, Chandigarh, Chandigarh.",38000,38000,0,22,2,1 Open,No,No,No,,True,True,Agent,100,Immediately,2026-02-20T06:40:36.000Z,"Feb 20, '26",True
8op4Hu8hfjBzpSvf+uAgZw==,Magicbricks,https://www.magicbricks.com/property-details/3-BHK-1505-Sq-ft-Multistorey-Apartment-FOR-Rent-in-Chandigarh&id=4d423833383339323133,2026-04-19 13:51:15,30.656788,76.82119203,,Wisdom Properties,"Chandigarh, Chandigarh",,,,Apartment,Furnished,5,14,East,1505,Sq-ft,New Construction,"Available for Rent 3 bhk Full furnish in Uptown Skylla Society Grab the chance to own this affordable 3 BHK flat for rent in the Zirakpur area. The rent of the 3 BHK flat is ₹32,000. Located on the 5 floor, the flat has 3 bathrooms, 3 balcony in covered area of 1505 sqft. The building comprises 14 floor and includes Kids play area, Kids Play Pool With Water Slides features. This flat is fitted with power back up, security, service/goods lift, air conditioned. Visit the flat at PR7, 200 ft International Airport Road, Zirakpur, Chandigarh, Punjab.",32000,32000,,21,3,,Yes,No,No,"Service/Goods Lift, Air Conditioned, Bar/Lounge, Jogging and Strolling Track",False,True,Agent,71,Immediately,2026-03-18T11:40:31.000Z,"Mar 18, '26",True
QlgmHHhRyaBzpSvf+uAgZw==,Magicbricks,https://www.magicbricks.com/property-details/3-BHK-2335-Sq-ft-Multistorey-Apartment-FOR-Rent-Zirakpur-in-Chandigarh&id=4d423833393732363133,2026-04-19 13:51:15,30.656788,76.82119203,,Zirakpur,"Zirakpur,Chandigarh","19201|Mk Technology Park, 19202|St. Xaviers International School, 19202|V.B. International Senior Secondary School, 19206|Tricity Square, 19206|Chandigarh Citi Centre",,,Apartment,Semi-Furnished,3,11,East,2335,Sq-ft,Less than 5 years,"Find this 3 BHK rental flat in Zirakpur Chandigarh. The multistorey apartment is available at rent of ₹35,000. Some added-on facilities available with the flat are 3 Bed, 3 AC and Fridge. Located on the 3 floor, the flat comprises 3 bathrooms, 3 balcony, and has a covered area of 2335 sqft. 1 Covered, 1 Open parking space is also available. The apartment is equipped with reserved parking, security. Visit the flat at Patiala Road, Zirakpur, Punjab.",35000,35000,0,15,3,"1 Covered, 1 Open",No,No,No,,False,True,Agent,84,Immediately,2026-03-28T06:39:17.000Z,"Mar 28, '26",True
44s1HesOP2lzpSvf+uAgZw==,Magicbricks,https://www.magicbricks.com/property-details/3-BHK-2500-Sq-ft-Builder-Floor-Apartment-FOR-Rent-Sector-20-in-Chandigarh&id=4d423833393432343831,2026-04-19 13:51:15,30.7213417,76.7812596,,Sector 20,"Chandigarh, Chandigarh",,,,Builder Floor Apartment,Furnished,2,2,East,2500,Sq-ft,New Construction,"Newly built 3 bhk 3 bath top floor facing park nice location near market 3 BHK apartment is available on rent in Sector 20 Chandigarh right away. This 3 BHK flat can be availed at the rental price of ₹40,000. The flat is located on the 2 floor which includes 3 bathrooms, 2 balcony, and covers a carpet area of 1200 sqft. The flat comes with reserved parking, air conditioned, intercom facility, ro water system. Find this apartment at Sector 20, Chandigarh, Chandigarh.",40000,40000,100,16,3,,No,No,No,"Air Conditioned, Intercom Facility, Internet/Wi-Fi Connectivity, RO Water System",False,True,Agent,68,Immediately,2026-03-25T16:54:04.000Z,"Mar 25, '26",True
I6cNDLMowslzpSvf+uAgZw==,Magicbricks,https://www.magicbricks.com/property-details/3-BHK-1638-Sq-ft-Multistorey-Apartment-FOR-Rent-Zirakpur-in-Chandigarh&id=4d423735393034303237,2026-04-19 13:51:15,30.656788,76.82119203,,Zirakpur,"Opposite MC Donalds,PR-7, Airport Road, Zirakpur","19201|Mk Technology Park, 19202|Atticus International School, 19202|V.B. International Senior Secondary School, 19206|Tricity Square, 19206|Chandigarh Citi Centre",140603,,Apartment,Semi-Furnished,6,12,East,1638,Sq-ft,New Construction,"East facing, semi furnished flat with modular kitchen and more come to check this. If you are planning to rent a flat, you can consider this 3 BHK flat situated in the prime location of Zirakpur. Available at a rental price of ₹30,000, this 3 BHK flat is worth considering. Get access to smart facilities such as 3 Wardrobe simply by choosing this flat for rent. The flat is located on the 6 floor which includes 3 bathrooms, 4 balcony, and covers a covered area of 1638 sqft. You will also find 1 Covered parking facility. The apartment comes furnished with power back up, reserved parking, security. The apartment is located at PR7, Airport Road, near MAYA GARDEN CITY, Zirakpur, Nagla, Punjab 140603.",30000,27000,,18,3,1 Covered,Yes,No,No,Jogging and Strolling Track,True,True,Agent,73,Immediately,2026-02-28T11:31:34.000Z,"Feb 28, '26",True
JvlrOyU3t/RzpSvf+uAgZw==,Magicbricks,https://www.magicbricks.com/property-details/3-BHK-1700-Sq-ft-Multistorey-Apartment-FOR-Rent-in-Chandigarh&id=4d423833353934323639,2026-04-19 13:51:15,,,,Sidhidatri Corporate,"Chandigarh, Chandigarh",,,,Apartment,Furnished,3,3,East,1700,Sq-ft,New Construction,"ownerfree. furnished. 3 BHK apartment is available on rent in Indian express Chandigarh right away. The flat is available for rent at a competitive amount of ₹40,000. The flat is located on the 3 floor which includes 2 bathrooms, 2 balcony, and covers a carpet area of 1600 sqft. This flat is fitted with power back up, reserved parking, security, service/goods lift, air conditioned, intercom facility, ro water system.",40000,40000,0,24,2,,No,No,No,"Air Conditioned, Banquet Hall, Bar/Lounge, Jogging and Strolling Track",True,True,Agent,58,Immediately,2026-02-28T09:19:03.000Z,"Feb 28, '26",True
oQmDgO+wYgNzpSvf+uAgZw==,Magicbricks,https://www.magicbricks.com/property-details/3-BHK-2060-Sq-ft-Multistorey-Apartment-FOR-Rent-in-Chandigarh&id=4d423638393930303639,2026-04-19 13:51:15,,,,Praveen Rao,Crpc 523n1  523m1.,,,,Apartment,Unfurnished,3,4,South,2060,Sq-ft,New Construction,"Check out this newly constructed 3 BHK flat on rent in the prime location of Celestia Royal Premier Chandigarh. The multistorey apartment is available at rent of ₹35,000. The apartment is on the 3 floor, has a carpet area of 1380 sqft with 3 bathrooms and 2 balcony. This home provides power back up, reserved parking, security, service/goods lift, air conditioned, visitor parking, ro water system. This 3 BHK rental flat comes with no brokerage fees.",35000,70000,3700,17,3,,No,No,No,"Air Conditioned, Banquet Hall, Jogging and Strolling Track, Outdoor Tennis Courts",False,False,Owner,84,Immediately,2026-03-15T22:30:38.000Z,"Mar 16, '26",True
r5+4s4/Ve91zpSvf+uAgZw==,Magicbricks,https://www.magicbricks.com/property-details/3-BHK-1080-Sq-ft-Multistorey-Apartment-FOR-Rent-Sector-38-West-in-Chandigarh&id=4d423834323931393837,2026-04-19 13:51:15,30.7456844,76.7437522,,Sector 38 West,"Chandigarh, Chandigarh",,,,Apartment,Semi-Furnished,1,2,,1080,Sq-ft,,"3 BHK flat is available for rent in Sector 38 West immediately. You can get this flat at monthly rent of ₹35,000. Visit the flat at 817, Sector 41 Market Rd, Sector 41, Chandigarh. This 3 BHK rental flat comes with no brokerage fees.",35000,,,32,2,,No,No,No,,False,False,Owner,48,Select Date,2026-04-18T04:31:03.000Z,Yesterday,True
8CH9ONrzNvhzpSvf+uAgZw==,Magicbricks,https://www.magicbricks.com/property-details/3-BHK-1500-Sq-ft-Builder-Floor-Apartment-FOR-Rent-in-Chandigarh&id=4d423832393831303337,2026-04-19 13:51:15,,,,manjul,Kharar-Landran Road,,,,Builder Floor Apartment,Furnished,1,1,,1500,Sq-ft,New Construction,"Builder floor apartment is available for rent. It is a good location property. Please contact for more details. Find 3 BHK flat for rent in pride city kharar near shivjot flats Chandigarh. You can get this flat at monthly rent of ₹35,000. The apartment is on the 1 floor, has a covered area of 1500 sqft with 3 bathrooms and 2 balcony. The residence includes reserved parking, security, visitor parking. This is a no-brokerage flat, as the owner is offering this 3 BHK flat on rent.",35000,,,23,3,,No,No,Yes,Visitor Parking,False,False,Owner,70,Immediately,2026-04-12T21:31:51.000Z,"Apr 13, '26",True
y5VEcJ5zC8FzpSvf+uAgZw==,Magicbricks,https://www.magicbricks.com/property-details/3-BHK-1885-Sq-ft-Multistorey-Apartment-FOR-Rent-Zirakpur-in-Chandigarh&id=4d423730393036373233,2026-04-19 13:51:15,30.656788,76.82119203,,Zirakpur,"Chandigarh, Chandigarh","19201|Mk Technology Park, 19202|St. Xaviers International School, 19202|Maya International School, 19206|Chandigarh Citi Centre, 19206|Tricity Square",,,Apartment,Semi-Furnished,9,15,,1885,Sq-ft,,"3 BHK flat is available for rent in Zirakpur immediately. ₹35,000 is the monthly rent of this 3 BHK flat. Find this apartment at Zirakpur, Chandigarh, Chandigarh. The owner has posted this 3 BHK flat for rent, so the brokerage fees is zero on this multistorey apartment.",35000,,,19,3,,No,No,No,,False,False,Owner,0,Immediately,2026-02-27T02:39:22.000Z,"Feb 27, '26",True
coqJMP16xV5zpSvf+uAgZw==,Magicbricks,https://www.magicbricks.com/property-details/3-BHK-183-Sq-yrd-Multistorey-Apartment-FOR-Rent-in-Chandigarh&id=4d423833363938353031,2026-04-19 13:51:15,30.656788,76.82119203,,Sunpreet Singh,"Chandigarh, Chandigarh",,,,Apartment,Furnished,2,4,,183,Sq-yrd,,"Find this 3 BHK rental flat in Zirakpur Chandigarh. The flat is available for rent at a competitive amount of ₹40,000. You can visit the flat at Zirakpur, Chandigarh, Chandigarh. This is a no-brokerage flat, as the owner is offering this 3 BHK flat on rent.",40000,,,24,3,,No,No,No,,False,False,Owner,0,Immediately,2026-03-09T04:09:32.000Z,"Mar 09, '26",True
60AOWD04zbFzpSvf+uAgZw==,Magicbricks,https://www.magicbricks.com/property-details/3-BHK-3060-Sq-ft-Penthouse-FOR-Rent-Zirakpur-in-Chandigarh&id=4d423832393535363837,2026-04-19 13:51:15,30.656788,76.82119203,,Zirakpur,Chandigarh ambala Highway Zirakpur,"19201|Mk Technology Park, 19202|St. Xaviers International School, 19202|Maya International School, 19206|Tricity Square, 19206|Chandigarh Citi Centre",,,Penthouse,Furnished,9,9,East,3060,Sq-ft,5 to 10 years,"moulder kitchen room wardrobe complete ac 4 washroom gyiser 3 Celling fan 5 refrigerator fridge kitchen micro oven Dinning table sofa sett room double bed 3 sett Find 3 BHK flat for rent in Zirakpur Chandigarh. The 3 BHK apartment is available at a reasonable rent of ₹38,000. The apartment is on the 9 floor, has a covered area of 3060 sqft with 3 bathrooms and 4 balcony. This property includes 9 floor and provides Kids play area, Kids Club benefits. The apartment comes furnished with power back up, reserved parking, security, service/goods lift, visitor parking. Visit the apartment at Chandigarh Ambala highway, opposite Mc. Donalds Zirakpur..",38000,,,12,3,,Yes,No,No,"Service/Goods Lift, Laundry Service, Jogging and Strolling Track, Outdoor Tennis Courts",True,True,Agent,55,Immediately,2026-04-18T23:45:33.000Z,Today,True
By01XZZpJ2pzpSvf+uAgZw==,Magicbricks,https://www.magicbricks.com/property-details/3-BHK-1600-Sq-ft-Builder-Floor-Apartment-FOR-Rent-Sector-37-in-Chandigarh&id=4d423832333235343939,2026-04-19 13:51:15,30.7378169,76.7495233,,Sector-37,"Chandigarh, Chandigarh",,,,Builder Floor Apartment,Semi-Furnished,2,3,East,1600,Sq-ft,15 to 20 years,"duplex first and wnd floor in 37 for service class small family Find 3 BHK flat for rent in Sector 37 Chandigarh. This 3 BHK flat is available at the reasonable rent amount of ₹32,037. The flat is on the 2 floor and includes 3 bathrooms, 2 balcony with a carpet area of 1000 sqft. The property features air conditioned. Visit the apartment at Sector 37, Chandigarh, Chandigarh.",32037,32000,,20,3,,No,No,No,Air Conditioned,True,True,Agent,51,Immediately,2026-04-04T08:17:45.000Z,"Apr 04, '26",True
drRzGGNiMFNzpSvf+uAgZw==,Magicbricks,https://www.magicbricks.com/property-details/3-BHK-2500-Sq-ft-Builder-Floor-Apartment-FOR-Rent-Sector-37-in-Chandigarh&id=4d423735373639373137,2026-04-19 13:51:15,30.7378169,76.7495233,,Sector-37,"Chandigarh, Chandigarh",,,,Builder Floor Apartment,Furnished,2,2,North - East,2500,Sq-ft,2016,"Newly built owner free house in good location with car parking You can avail the 3 BHK flat for rent in the well-known location of Sector 37. Available at a rental price of ₹38,000, this 3 BHK flat is worth considering. Located on the 2 floor, the flat has 3 bathrooms, 3 balcony in carpet area of 2100 sqft. The residence includes air conditioned. Find this apartment at Sector 37, Chandigarh, Chandigarh.",38000,38000,,15,3,,No,No,No,Air Conditioned,True,True,Agent,66,Immediately,2026-03-19T05:33:11.000Z,"Mar 19, '26",True
lC8+IPihOe5zpSvf+uAgZw==,Magicbricks,https://www.magicbricks.com/property-details/3-BHK-1450-Sq-ft-Multistorey-Apartment-FOR-Rent-Sector-51-in-Chandigarh&id=4d423833333430393337,2026-04-19 13:51:15,30.7061782,76.7437522,,Sector 51,ground floor,"19202|Yadavindra Public School, 19206|North County Mall",,,Apartment,Unfurnished,Ground,3,,1450,Sq-ft,10 to 15 years,"3 BHK flat is available for rent in Sector 51 immediately. The 3 BHK apartment is available at a reasonable rent of ₹40,000. Located on the Ground floor, the flat comprises 3 bathrooms, 3 balcony, and has a carpet area of 1100 sqft. The apartment is located at Sector 51, Chandigarh. Do not pay any brokerage fee for this 3 BHK rental flat since the property ad is posted by the flat owner.",40000,40000,1000,28,3,,No,No,No,,False,False,Owner,40,Immediately,2026-02-10T07:09:13.000Z,"Feb 31, '26",True
xPuvDrCye+dzpSvf+uAgZw==,Magicbricks,https://www.magicbricks.com/property-details/3-BHK-1000-Sq-ft-Builder-Floor-Apartment-FOR-Rent-Sector-33A-in-Chandigarh&id=4d423739343838363733,2026-04-19 13:51:15,30.716988,76.770346,,maninder singh,151 Sector 33A Chandigarh,19203|Ayu Health Hospital,,,Builder Floor Apartment,Unfurnished,2,3,,1000,Sq-ft,5 to 10 years,"You can avail the 3 BHK flat for rent in the well-known location of Sector 33A. ₹26,000 is the monthly rent of this 3 BHK flat. The flat is located on the 2 floor which includes 1 bathrooms, 1 balcony, and covers a covered area of 1000 sqft. Visit the flat at 151 Sector 33A Chandigarh, Sector 33A, Chandigarh, Chandigarh. This is a no-brokerage flat, as the owner is offering this 3 BHK flat on rent.",26000,,,26,1,,No,No,No,,False,True,Owner,36,Immediately,2026-02-24T23:31:31.000Z,"Feb 25, '26",True
Tte9yD+jLIxzpSvf+uAgZw==,Magicbricks,https://www.magicbricks.com/property-details/3-BHK-2000-Sq-ft-Builder-Floor-Apartment-FOR-Rent-Sector-63-in-Chandigarh&id=4d423734383737353335,2026-04-19 13:51:15,30.6921903,76.7274147,,Sector 63,"Chandigarh, Chandigarh",,,,Builder Floor Apartment,Semi-Furnished,2,6,East,2000,Sq-ft,5 to 10 years,"Check out this newly constructed 3 BHK flat on rent in the prime location of Sector 63 Chandigarh. This 3 BHK flat can be availed at the rental price of ₹36,000. Located on the 2 floor, the flat comprises 3 bathrooms, 3 balcony, and has a covered area of 2000 sqft. There is also facility of 1 Open parking. The apartment is equipped with reserved parking, security. The apartment is located at Sector 63, Chandigarh, Chandigarh. This is a no-brokerage flat because the owner has posted the ad on this 3 BHK apartment.",36000,,,18,3,1 Open,Yes,No,Yes,Jogging and Strolling Track,False,False,Owner,67,Immediately,2026-02-21T21:31:42.000Z,"Feb 22, '26",True
exQJ/Wtx8mBzpSvf+uAgZw==,Magicbricks,https://www.magicbricks.com/property-details/3-BHK-2000-Sq-ft-Builder-Floor-Apartment-FOR-Rent-in-Chandigarh&id=4d423739363937383539,2026-04-19 13:51:15,30.656788,76.82119203,,Samanyu,"Chandigarh, Chandigarh",,,,Builder Floor Apartment,Furnished,2,5,,2000,Sq-ft,,"Find 3 BHK flat for rent in Zirakpur Chandigarh. The rent of the 3 BHK flat is ₹28,000. Find this apartment at Zirakpur, Chandigarh, Chandigarh. There are no brokerage fees on this 3 BHK multistorey apartment.",28000,,,14,2,,No,No,No,,False,False,Owner,0,Immediately,2026-03-22T17:07:16.000Z,"Mar 22, '26",True
L3QvQOvlbyVzpSvf+uAgZw==,Magicbricks,https://www.magicbricks.com/property-details/3-BHK-1670-Sq-ft-Multistorey-Apartment-FOR-Rent-Zirakpur-in-Chandigarh&id=4d423833353037353031,2026-04-19 13:51:15,30.656788,76.82119203,,Zirakpur,"Chandigarh, Chandigarh","19201|Mk Technology Park, 19202|Maya International School, 19202|V.B. International Senior Secondary School, 19206|Chandigarh Citi Centre, 19206|Tricity Square",,,Apartment,Furnished,5,6,,1670,Sq-ft,,"You can explore this 3 BHK flat on rent in Zirakpur Chandigarh. ₹28,000 is the monthly rent of this 3 BHK flat. You can find the 3 BHK flat without any brokerage.",28000,,,17,3,,No,No,No,,False,False,Owner,26,Immediately,2026-02-21T23:55:13.000Z,"Feb 22, '26",True
db/ad/6txLtzpSvf+uAgZw==,Magicbricks,https://www.magicbricks.com/property-details/3-BHK-1695-Sq-ft-Multistorey-Apartment-FOR-Rent-Zirakpur-in-Chandigarh&id=4d423832393630383231,2026-04-19 13:51:15,30.656788,76.82119203,,Zirakpur,"Chandigarh, Chandigarh","19201|Mk Technology Park, 19202|St. Xaviers International School, 19202|V.B. International Senior Secondary School, 19206|Chandigarh Citi Centre, 19206|Tricity Square",,,Apartment,Semi-Furnished,14,14,East,1695,Sq-ft,New Construction,"This property is very dear to our hearts. The balconies offer picturesque views of the Himalayan mountains, creating a serene and deeply enjoyable experience. The society is newly constructed and provides access to excellent club amenities, including a swimming pool, home theatre, and party hall. It is also conveniently located close to the airport, making commuting easy.",30000,75000,,18,2,1 Covered,Yes,No,No,Jogging and Strolling Track,False,False,Owner,82,Immediately,2026-03-05T04:16:20.000Z,"Mar 05, '26",True
ML5xGaObsCxzpSvf+uAgZw==,Magicbricks,https://www.magicbricks.com/property-details/3-BHK-1500-Sq-ft-Multistorey-Apartment-FOR-Rent-Sector-50-in-Chandigarh&id=4d423237343930303533,2026-04-19 13:51:15,30.7008319,76.7466378,,Sector 50,"Chandigarh, Chandigarh",19202|Government College Of Commerce And Business Administration,,,Apartment,Semi-Furnished,2,2,,1500,Sq-ft,,"This 3 BHK Unit lies on second floor and it has spacious 3 bathroom You get this spacious Unit on a monthly rent of 25000. 3 BHK flat is available for rent in Sector 50 immediately. Available at a rental price of ₹30,000, this 3 BHK flat is worth considering. Located on the 2 floor, the flat has 3 bathrooms, 2 balcony in covered area of 1500 sqft. There is also facility of 1 Covered parking. Find this apartment at Sector 50, Chandigarh, Chandigarh. This 3 BHK rental flat comes with no brokerage fees.",30000,,,20,3,1 Covered,No,No,No,,False,False,Owner,35,Immediately,2026-02-07T21:33:05.000Z,"Feb 08, '26",True
K7xP+owqWU5zpSvf+uAgZw==,Magicbricks,https://www.magicbricks.com/property-details/3-BHK-1690-Sq-ft-Multistorey-Apartment-FOR-Rent-in-Chandigarh&id=4d423833333036373435,2026-04-19 13:51:15,30.656788,76.82119203,,Love,"Chandigarh, Chandigarh",,,,Apartment,Furnished,4,12,,1690,Sq-ft,5 to 10 years,"3 BHK flat is available for rent in Zirakpur immediately. The rent of the 3 BHK flat is ₹35,000. The apartment is on the 4 floor, has a covered area of 1690 sqft with 3 bathrooms and 3 balcony. This property features 12 floor and offers a range of Kids Club, Kids Play Pool With Water Slides facilities. The property features power back up, reserved parking, security, intercom facility. You can visit the flat at VIP Road, Zirakpur. This 3 BHK apartment ad is listed by the owner, so there is no brokerage fee.",35000,35000,1500,21,3,,No,No,No,"Intercom Facility, Internet/Wi-Fi Connectivity, Jogging and Strolling Track",False,False,Owner,71,Immediately,2026-04-07T22:30:49.000Z,"Apr 08, '26",True
I6YTjOhI3XJzpSvf+uAgZw==,Magicbricks,https://www.magicbricks.com/property-details/3-BHK-2250-Sq-ft-Multistorey-Apartment-FOR-Rent-Zirakpur-in-Chandigarh&id=4d423739363935383131,2026-04-19 13:51:15,30.656788,76.82119203,,Zirakpur,zirakpur,"19201|Mk Technology Park, 19202|Maya International School, 19202|Atticus International School, 19206|Tricity Square, 19206|Chandigarh Citi Centre",,,Apartment,Furnished,4,14,North - East,2250,Sq-ft,New Construction,"3bhk fully furnished luxury flat If you are searching a 3 BHK apartment for rent in Zirakpur, check out this amazing rental flat. The multistorey apartment is available at rent of ₹40,000. The apartment is on the 4 floor, has a carpet area of 1950 sqft with 3 bathrooms and 3 balcony. 1 Covered parking space is also available. The property has 14 floor and is equipped with Kids play area, Kids Play Pool With Water Slides facilities. The flat comes with power back up, security, visitor parking. Visit the flat at PR7, 200 ft International Airport Road, Zirakpur, Chandigarh, Punjab.",40000,40000,,18,3,1 Covered,Yes,No,No,Visitor Parking,False,True,Agent,95,Immediately,2026-04-18T23:45:33.000Z,Today,True
z6Ib+YdiPOlzpSvf+uAgZw==,Magicbricks,https://www.magicbricks.com/property-details/3-BHK-1700-Sq-ft-Multistorey-Apartment-FOR-Rent-in-Chandigarh&id=4d423834303437303431,2026-04-19 13:51:15,30.656788,76.82119203,,Manzil Real Estate,"PR-7 Airport road,zirakpur",,,,Apartment,Semi-Furnished,11,14,North - West,1700,Sq-ft,New Construction,"Its a Mivan construction You can avail the 3 BHK flat for rent in the well-known location of Zirakpur. The rent of the 3 BHK flat is ₹35,000. The flat is located on the 11 floor which includes 3 bathrooms, 3 balcony, and covers a covered area of 1700 sqft. The apartment comes furnished with power back up, reserved parking, security, service/goods lift, air conditioned.",35000,35000,,21,3,,No,No,No,"Air Conditioned, Banquet Hall, Bar/Lounge, Jogging and Strolling Track",False,True,Agent,78,Immediately,2026-04-16T23:45:22.000Z,"Apr 17, '26",True
5cMQVEqGK/BzpSvf+uAgZw==,Magicbricks,https://www.magicbricks.com/property-details/3-BHK-1500-Sq-ft-Multistorey-Apartment-FOR-Rent-Sector-48-in-Chandigarh&id=4d423832343432303133,2026-04-19 13:51:15,30.6879114,76.7581794,,Sector 48,"Chandigarh, Chandigarh",19202|Banyan Tree School,,,Apartment,Semi-Furnished,1,3,North - East,1500,Sq-ft,15 to 20 years,"Grab the chance to own this affordable 3 BHK flat for rent in the Sector 48 area. The apartment is available at an affordable rental price of ₹35,000. The flat is on the 1 floor and includes 2 bathrooms, 2 balcony with a covered area of 1500 sqft. This unit features power back up, reserved parking, security, air conditioned, ro water system. The flat can be visited at Mayur Vihar, Sector 48A, Sector 48, Chandigarh, Punjab.",35000,35000,,23,2,,No,No,No,"Air Conditioned, RO Water System",False,True,Agent,66,Immediately,2026-04-18T23:45:33.000Z,Today,True
ePOEuXtjjL1zpSvf+uAgZw==,Magicbricks,https://www.magicbricks.com/property-details/3-BHK-1885-Sq-ft-Multistorey-Apartment-FOR-Rent-Zirakpur-in-Chandigarh&id=4d423730353435383633,2026-04-19 13:51:15,30.656788,76.82119203,,Zirakpur,"Zirakpur, Chandigarh","19201|Mk Technology Park, 19202|Maya International School, 19202|Atticus International School, 19206|Chandigarh Citi Centre, 19206|Tricity Square",,,Apartment,Unfurnished,5,15,North - East,1885,Sq-ft,New Construction,"You can avail the 3 BHK flat for rent in the well-known location of Zirakpur. The flat is available for rent at a competitive amount of ₹28,000. The flat is located on the 5 floor which includes 3 bathrooms, 3 balcony, and covers a covered area of 1885 sqft. There is also facility of 1 Covered, 1 Open parking. The flat comes with power back up, reserved parking, security, service/goods lift, air conditioned, visitor parking, intercom facility, ro water system. The full address of the apartment is Bishangarh - Bishanpura, Gazipur, Zirakpur, Chandigarh.",28000,28000,0,15,3,"1 Covered, 1 Open",No,No,No,"Air Conditioned, Banquet Hall, Bar/Lounge, Jogging and Strolling Track",True,True,Agent,98,Immediately,2026-04-16T23:45:21.000Z,"Apr 17, '26",True
SIjAwq9JOA9zpSvf+uAgZw==,Magicbricks,https://www.magicbricks.com/property-details/3-BHK-1710-Sq-ft-Multistorey-Apartment-FOR-Rent-Zirakpur-in-Chandigarh&id=4d423833383333303939,2026-04-19 13:51:15,30.656788,76.82119203,,Zirakpur,F block,"19201|Mk Technology Park, 19202|V.B. International Senior Secondary School, 19202|St. Xaviers International School, 19206|Chandigarh Citi Centre, 19206|Tricity Square",,,Apartment,Semi-Furnished,6,13,North - East,1710,Sq-ft,5 to 10 years,"Grab the chance to own this affordable 3 BHK flat for rent in the Zirakpur area. ₹30,000 is the monthly rent of this 3 BHK flat. Located on the 6 floor, the flat has 3 bathrooms, 3 balcony in covered area of 1710 sqft. There is also facility of 1 Covered parking. This home provides power back up, reserved parking, security, service/goods lift, visitor parking. The apartment is located at NH-22 Chandigarh-Ambala, Highway, Nagla Rd, Zirakpur, Chandigarh.",30000,30000,0,18,3,1 Covered,Yes,No,No,"Service/Goods Lift, Visitor Parking",False,True,Agent,100,Immediately,2026-04-16T23:45:22.000Z,"Apr 17, '26",True
tN2Se0ASh15zpSvf+uAgZw==,Magicbricks,https://www.magicbricks.com/property-details/3-BHK-2020-Sq-ft-Multistorey-Apartment-FOR-Rent-Zirakpur-in-Chandigarh&id=4d423730353138313037,2026-04-19 13:51:15,30.656788,76.82119203,,Zirakpur,patiala road zirakpur,"19201|Mk Technology Park, 19202|V.B. International Senior Secondary School, 19202|Atticus International School, 19206|Tricity Square, 19206|Chandigarh Citi Centre",,,Apartment,Furnished,8,13,North - East,2020,Sq-ft,New Construction,"Zirakpur, Chandigarh, IndiaThis flat is in trishla city zirakpur, very reputed society and a green society with every amenities like pool, club house, shops at doorstep Find 3 BHK flat for rent in Zirakpur Chandigarh. The flat is available for rent at a competitive amount of ₹40,000. Some added-on facilities available with the flat are 3 Wardrobe, 3 Bed, 1 TV, Fridge, Microwave, 3 AC, Sofa, Washing Machine, Dining Table and Gas Connection. The flat is on the 8 floor and includes 3 bathrooms, 4 balcony with a carpet area of 1750 sqft. There is also facility of 1 Covered, 1 Open parking. This home provides power back up, reserved parking, security. The full address of the apartment is High Ground Road, Chandigarh-Patiala Highway, Zirakpur, Punjab, India..",40000,40000,0,20,3,"1 Covered, 1 Open",Yes,No,No,Jogging and Strolling Track,False,True,Agent,100,Immediately,2026-04-18T23:45:33.000Z,Today,True
yATyLJZgGfJzpSvf+uAgZw==,Magicbricks,https://www.magicbricks.com/property-details/3-BHK-1100-Sq-ft-Multistorey-Apartment-FOR-Rent-Sector-48-in-Chandigarh&id=4d423832393037343035,2026-04-19 13:51:15,30.6879114,76.7581794,,Sector 48,"Chandigarh, Chandigarh",19202|Banyan Tree School,,,Apartment,Semi-Furnished,1,3,East,1100,Sq-ft,5 to 10 years,"You can explore this 3 BHK flat on rent in Sector 48 Chandigarh. The rent of the 3 BHK flat is ₹40,000. The flat is located on the 1 floor which includes 2 bathrooms, 3 balcony, and covers a covered area of 1100 sqft. The apartment is located at 1432 Sector 49 b pushpac Complex, Chandigarh.",40000,,,36,2,,No,No,No,,True,True,Agent,38,Immediately,2026-04-17T23:45:20.000Z,Yesterday,True
FMy3r71e3udzpSvf+uAgZw==,Magicbricks,https://www.magicbricks.com/property-details/3-BHK-1906-Sq-ft-Multistorey-Apartment-FOR-Rent-Zirakpur-in-Chandigarh&id=4d423730323739343933,2026-04-19 13:51:15,30.656788,76.82119203,,Zirakpur,"Zirakpur, Chandigarh","19201|Mk Technology Park, 19202|V.B. International Senior Secondary School, 19202|St. Xaviers International School, 19206|Tricity Square, 19206|Chandigarh Citi Centre",,,Apartment,Unfurnished,3,13,North - East,1906,Sq-ft,New Construction,"If you are searching a 3 BHK apartment for rent in Zirakpur, check out this amazing rental flat. The Rent amount of this 3 BHK apartment is set at an attractive price of ₹35,000. The flat is located on the 3 floor which includes 3 bathrooms, 4 balcony, and covers a carpet area of 1900 sqft. There is also facility of 1 Covered, 1 Open parking. The property features power back up, reserved parking, security, service/goods lift, air conditioned, visitor parking, intercom facility, ro water system. The flat can be visited at Patiala Road, Zirakpur, Punjab.",35000,35000,0,18,3,"1 Covered, 1 Open",No,No,No,"Air Conditioned, Banquet Hall, Bar/Lounge, Jogging and Strolling Track",False,True,Agent,95,Immediately,2026-03-13T17:10:19.000Z,"Mar 13, '26",True
XuZyVe8Dmn5zpSvf+uAgZw==,Magicbricks,https://www.magicbricks.com/property-details/3-BHK-2800-Sq-ft-Builder-Floor-Apartment-FOR-Rent-Sector-16-in-Chandigarh&id=4d423833383432323435,2026-04-19 13:51:15,30.7464418,76.7783748,,Sector 16,Marla house,,,,Builder Floor Apartment,Semi-Furnished,1,2,North - East,2800,Sq-ft,New Construction,"Fourteen Marla house first floor 3bhk modern kitchen Semi furnished preference for Service class Family Doctor A beautiful 3 BHK flat is available for rent in Sector 16. This 3 BHK flat is available at the reasonable rent amount of ₹65,000. The flat is on the 1 floor and includes 3 bathrooms, 2 balcony with a carpet area of 2600 sqft. This property offers power back up, reserved parking, security, service/goods lift, ro water system. You can visit the flat at Marla house, Sector 16, Chandigarh, Chandigarh.",65000,65000,0,23,3,,Yes,No,No,"Service/Goods Lift, Laundry Service, RO Water System, Outdoor Tennis Courts",True,True,Agent,78,Immediately,2026-03-18T15:27:37.000Z,"Mar 18, '26",True
P5mMQVM5FiZzpSvf+uAgZw==,Magicbricks,https://www.magicbricks.com/property-details/3-BHK-1800-Sq-ft-Builder-Floor-Apartment-FOR-Rent-Sector-21D-in-Chandigarh&id=4d423833373839303535,2026-04-19 13:51:15,30.728203,76.773511,,OM Properties,sector 21,,,,Builder Floor Apartment,Unfurnished,Ground,3,North - East,1800,Sq-ft,New Construction,"sector 21, unfurnished, 3bhk 3 bathrooms You can explore this 3 BHK flat on rent in Sector 21D Chandigarh. The flat is available for rent at a competitive amount of ₹65,000. 1 Covered, 1 Open parking space is also available. The apartment is equipped with reserved parking. The address is sector 21, Sector 21D, Chandigarh, Chandigarh.",65000,65000,0,36,2,"1 Covered, 1 Open",No,No,No,,True,True,Agent,100,Immediately,2026-03-15T07:15:05.000Z,"Mar 15, '26",True
f/es88E+06lzpSvf+uAgZw==,Magicbricks,https://www.magicbricks.com/property-details/3-BHK-3000-Sq-ft-Builder-Floor-Apartment-FOR-Rent-Sector-37-in-Chandigarh&id=4d423833343636383637,2026-04-19 13:51:15,30.7378169,76.7495233,,Sector-37,"Chandigarh, Chandigarh",,,,Builder Floor Apartment,Semi-Furnished,1,2,North - West,3000,Sq-ft,5 to 10 years,Newly built 14 marla independent semi furnished first floor 3bedroom attached bath drawing dinning modular kitchen airy sunny rooms Walking distance for daily needs Near to school hospital market etc,70000,70000,,23,3,,No,Yes,No,Air Conditioned,True,True,Agent,71,Immediately,2026-02-19T05:40:30.000Z,"Feb 19, '26",True
x9NF4tclLJZzpSvf+uAgZw==,Magicbricks,https://www.magicbricks.com/property-details/3-BHK-3000-Sq-ft-Builder-Floor-Apartment-FOR-Rent-Sector-33-in-Chandigarh&id=4d423833313736383035,2026-04-19 13:51:15,30.7137743,76.769673,,Sector-33,"Chandigarh, Chandigarh","19201|Graycell Technologies, 19202|Paragon Convent School, 19202|Kendriya Vidyalya Sangathan, 19203|Ayu Health Hospital, 19203|Landmark Hospital",,,Builder Floor Apartment,Semi-Furnished,1,2,North,3000,Sq-ft,New Construction,"Newly built 10 marla house 3 BHK, 3 bathroom, semi furnished first floor in a posh location. Find 3 BHK flat for rent in Sector 33 Chandigarh. This 3 BHK flat is available at the reasonable rent amount of ₹65,000. Located on the 1 floor, the flat comprises 3 bathrooms, 2 balcony, and has a carpet area of 1500 sqft. The residence includes reserved parking, air conditioned, intercom facility, ro water system. The address is Sector 33, Chandigarh, Chandigarh.",65000,130000,100,22,3,,No,No,No,"Air Conditioned, Internet/Wi-Fi Connectivity, RO Water System, Banquet Hall",True,True,Agent,71,Immediately,2026-04-07T05:44:06.000Z,"Apr 07, '26",True
Dd1e8H61bNBzpSvf+uAgZw==,Magicbricks,https://www.magicbricks.com/property-details/3-BHK-2000-Sq-ft-Builder-Floor-Apartment-FOR-Rent-Sector-15-in-Chandigarh&id=4d423833323130303835,2026-04-19 13:51:15,30.7514892,76.772605,,Sector-15,newly built,"19201|Rajiv Gandhi Chandigarh It Park, 19202|Government Model Senior Secondary School, 19202|Crb Public School, 19203|Dharam Hospital",,,Builder Floor Apartment,Furnished,1,2,North - East,2000,Sq-ft,New Construction,"Newly built 3bhk first floor fully furnished preference Doctors only You can explore this 3 BHK flat on rent in Sector 15 Chandigarh. The Rent amount of this 3 BHK apartment is set at an attractive price of ₹65,000. The apartment is on the 1 floor, has a carpet area of 1800 sqft with 3 bathrooms and 3 balcony. The residence includes power back up, reserved parking, security, service/goods lift, air conditioned, intercom facility, ro water system. Visit the flat at newly built, Sector 15, Chandigarh, Chandigarh.",65000,65000,0,32,3,,No,No,No,"Air Conditioned, Laundry Service, Internet/Wi-Fi Connectivity, Jogging and Strolling Track",True,True,Agent,78,Immediately,2026-04-04T11:22:24.000Z,"Apr 04, '26",True
mM6J92zaE7pzpSvf+uAgZw==,Magicbricks,https://www.magicbricks.com/property-details/3-BHK-1800-Sq-ft-Builder-Floor-Apartment-FOR-Rent-Sector-37-in-Chandigarh&id=4d423833373838393031,2026-04-19 13:51:15,30.7378169,76.7495233,,Sector-37,sector 37,,,,Builder Floor Apartment,Unfurnished,1,3,North - East,1800,Sq-ft,Less than 5 years,"sector 37, unfurnished, 3bhk 3 bathrooms Find this 3 BHK rental flat in Sector 37 Chandigarh. This 3 BHK flat is available at the reasonable rent amount of ₹65,000. Located on the 1 floor, the flat has 3 bathrooms, 2 balcony in carpet area of 2500 sqft. 1 Covered, 1 Open parking space is also available. This home provides reserved parking. The flat can be visited at sector 37, Sector 37, Chandigarh, Chandigarh.",65000,65000,0,36,3,"1 Covered, 1 Open",No,No,No,,True,True,Agent,100,Immediately,2026-03-15T07:05:54.000Z,"Mar 15, '26",True
ldjGYgcnl8JzpSvf+uAgZw==,Magicbricks,https://www.magicbricks.com/property-details/3-BHK-5000-Sq-ft-Builder-Floor-Apartment-FOR-Rent-Sector-35-in-Chandigarh&id=4d423833343636393837,2026-04-19 13:51:15,30.7261629,76.7596221,,Sector-35,"Chandigarh, Chandigarh","19202|St Peters Senior Secondary School, 19202|Sri Guru Gobind Singh Senior Secondary School, 19206|Piccadily Square Mall",,,Builder Floor Apartment,Semi-Furnished,1,2,North - West,5000,Sq-ft,5 to 10 years,"1kanal independent semi furnished first floor 3bedroom attached bath drawing dinning kitchen s room airy sunny rooms Walking distance for daily needs Near to school hospital market etc If you are planning to rent a flat, you can consider this 3 BHK flat situated in the prime location of Sector 35. The rent of the 3 BHK flat is ₹60,000. The apartment is on the 1 floor, has a carpet area of 3000 sqft with 3 bathrooms and 2 balcony. The apartment comes furnished with power back up, reserved parking, air conditioned, ro water system. You can visit the flat at Sector 35, Chandigarh, Chandigarh.",60000,60000,,12,3,,No,No,No,"Air Conditioned, RO Water System",True,True,Agent,71,Immediately,2026-02-19T05:45:01.000Z,"Feb 19, '26",True
2Zoinmg/9gpzpSvf+uAgZw==,Magicbricks,https://www.magicbricks.com/property-details/3-BHK-2500-Sq-ft-Builder-Floor-Apartment-FOR-Rent-Sector-33-in-Chandigarh&id=4d423833323437393433,2026-04-19 13:51:15,30.7137743,76.769673,,Sector-33,"Chandigarh, Chandigarh","19201|Graycell Technologies, 19202|Kendriya Vidyalya Sangathan, 19202|Paragon Convent School, 19203|Ayu Health Hospital, 19203|Landmark Hospital",,,Builder Floor Apartment,Semi-Furnished,1,2,North,2500,Sq-ft,New Construction,"Newly built 10 marla 3 bhk first floor nice location near market Find 3 BHK flat for rent in Sector 33 Chandigarh. The flat is available for rent at a competitive amount of ₹65,000. The apartment is on the 1 floor, has a carpet area of 1500 sqft with 3 bathrooms and 2 balcony. This flat is fitted with reserved parking, air conditioned, intercom facility. The flat can be visited at Sector 33, Chandigarh, Chandigarh.",65000,130000,100,26,3,,No,No,No,"Air Conditioned, Intercom Facility, Laundry Service, Banquet Hall",True,True,Agent,71,Immediately,2026-04-07T05:43:23.000Z,"Apr 07, '26",True
3vmyF/9zcC1zpSvf+uAgZw==,Magicbricks,https://www.magicbricks.com/property-details/3-BHK-2000-Sq-ft-Builder-Floor-Apartment-FOR-Rent-Sector-21-in-Chandigarh&id=4d423738393935383337,2026-04-19 13:51:15,30.7263907,76.77549,,Sector 21,marla house,19202|Manav Mangal High School,,,Builder Floor Apartment,Unfurnished,Ground,2,North - East,2000,Sq-ft,New Construction,"Newly built 3bhk semi furnished preference for Working family only 3 BHK apartment is available on rent in Sector 21 Chandigarh right away. You can get this flat at monthly rent of ₹70,000. Located on the Ground floor, the flat comprises 3 bathrooms, 2 balcony, and has a carpet area of 1900 sqft. The apartment is equipped with power back up, reserved parking, security, service/goods lift, air conditioned, ro water system. The apartment is located at marla house, Sector 21, Chandigarh, Chandigarh.",70000,70000,0,35,3,,Yes,No,No,"Service/Goods Lift, Air Conditioned, RO Water System",True,True,Agent,78,Immediately,2026-04-04T11:23:55.000Z,"Apr 04, '26",True
KXpLojRT0KBzpSvf+uAgZw==,Magicbricks,https://www.magicbricks.com/property-details/3-BHK-1800-Sq-ft-Builder-Floor-Apartment-FOR-Rent-Sector-7-in-Chandigarh&id=4d423831303437333737,2026-04-19 13:51:15,30.7350091,76.8043355,,Sector 7,sector 7,,,,Builder Floor Apartment,Furnished,1,3,North,1800,Sq-ft,Less than 5 years,"sector 7fully furnished3bhk 3 bathrooms Find 3 BHK flat for rent in Sector 7 Chandigarh. This 3 BHK flat can be availed at the rental price of ₹65,000. Located on the 1 floor, the flat comprises 3 bathrooms, 2 balcony, and has a carpet area of 2500 sqft. 2 Open parking space is also available. This flat is fitted with reserved parking. Find this apartment at sector 7, Sector 7, Chandigarh, Chandigarh.",65000,65000,0,36,3,2 Open,No,No,No,,True,True,Agent,98,Immediately,2026-02-20T06:56:33.000Z,"Feb 20, '26",True
LzhiWSffhcNzpSvf+uAgZw==,Magicbricks,https://www.magicbricks.com/property-details/3-BHK-2300-Sq-ft-Builder-Floor-Apartment-FOR-Rent-Sector-46-in-Chandigarh&id=4d423833353833333237,2026-04-19 13:51:15,30.7026207,76.7639499,,Sector 46,Newly built,,,,Builder Floor Apartment,Furnished,1,2,North - East,2300,Sq-ft,New Construction,"Newly built 3bhk fully furnished first floor ten Marla house B Road house. car parking available immediately available preference Service class Family Grab the chance to own this affordable 3 BHK flat for rent in the Sector 46 area. The apartment is available at an affordable rental price of ₹60,000. The flat is on the 1 floor and includes 3 bathrooms, 2 balcony with a carpet area of 1900 sqft. This flat is fitted with power back up, reserved parking, security, service/goods lift, air conditioned, ro water system. The apartment is located at Newly built, Sector 46, Chandigarh, Chandigarh.",60000,60000,0,26,3,,Yes,No,No,"Service/Goods Lift, Air Conditioned, RO Water System, Outdoor Tennis Courts",True,True,Agent,83,Immediately,2026-02-27T11:30:18.000Z,"Feb 27, '26",True
xryGpQ4l8KRzpSvf+uAgZw==,Magicbricks,https://www.magicbricks.com/property-details/3-BHK-1800-Sq-ft-Builder-Floor-Apartment-FOR-Rent-Sector-15-in-Chandigarh&id=4d423739353739323139,2026-04-19 13:51:15,30.7514892,76.772605,,Sector-15,sector 15,"19201|Rajiv Gandhi Chandigarh It Park, 19202|Crb Public School, 19202|Government Model Senior Secondary School, 19203|Dharam Hospital",,,Builder Floor Apartment,Semi-Furnished,Ground,3,North,1800,Sq-ft,Less than 5 years,"sector 15 3bhk 3 bathrooms semi furnished If you are searching a 3 BHK apartment for rent in Sector 15, check out this amazing rental flat. This 3 BHK flat can be availed at the rental price of ₹65,000. You will also find 1 Open parking facility. The apartment is equipped with reserved parking. Find this apartment at sector 15, Sector 15, Chandigarh, Chandigarh.",65000,65000,0,36,3,1 Open,No,No,No,,True,True,Agent,100,Immediately,2026-02-20T06:35:11.000Z,"Feb 20, '26",True
QhrkhgAPW0VzpSvf+uAgZw==,Magicbricks,https://www.magicbricks.com/property-details/3-BHK-2200-Sq-ft-Builder-Floor-Apartment-FOR-Rent-Sector-43-in-Chandigarh&id=4d423833353833323437,2026-04-19 13:51:15,30.7193257,76.7480805,,Sector 43,fourteen Marla newly built,,,,Builder Floor Apartment,Furnished,1,2,North - East,2200,Sq-ft,New Construction,"Newly built 3bhk fourteen Marla house corner plot car parking available fully furnished immediately shifting preference for Service class Family Grab the chance to own this affordable 3 BHK flat for rent in the Sector 43 area. ₹65,000 is the monthly rent of this 3 BHK flat. Located on the 1 floor, the flat comprises 3 bathrooms, 2 balcony, and has a carpet area of 1900 sqft. The apartment comes furnished with power back up, reserved parking, security, air conditioned, ro water system. The apartment is located at fourteen Marla newly built, Sector 43, Chandigarh, Chandigarh.",65000,65000,0,30,3,,No,No,No,"Air Conditioned, RO Water System",True,True,Agent,83,Immediately,2026-02-27T11:26:49.000Z,"Feb 27, '26",True
hOkWW+V6DSxzpSvf+uAgZw==,Magicbricks,https://www.magicbricks.com/property-details/3-BHK-1800-Sq-ft-Builder-Floor-Apartment-FOR-Rent-Sector-15-in-Chandigarh&id=4d423730363834333735,2026-04-19 13:51:15,30.7514892,76.772605,,Sector-15,sector 15,"19201|Rajiv Gandhi Chandigarh It Park, 19202|Government Model Senior Secondary School, 19202|Crb Public School, 19203|Dharam Hospital",,,Builder Floor Apartment,Furnished,1,3,South,1800,Sq-ft,Less than 5 years,"sector 15 , 3bhk , 3 bathroom. If you are planning to rent a flat, you can consider this 3 BHK flat situated in the prime location of Sector 15. The apartment is available at an affordable rental price of ₹60,000. If you rent the flat, you will have access to facilities like 2 Wardrobe, 3 Bed, 2 TV, 2 AC and Gas Connection. The apartment is on the 1 floor, has a carpet area of 2500 sqft with 3 bathrooms and 1 balcony. 1 Open parking facility are also available. This unit is designed with reserved parking. The address is sector 15, Sector 15, Chandigarh, Chandigarh.",60000,60000,0,33,3,1 Open,No,No,No,,True,True,Agent,100,Immediately,2026-02-20T06:47:11.000Z,"Feb 20, '26",True
wXWY5UWjgl5zpSvf+uAgZw==,Magicbricks,https://www.magicbricks.com/property-details/3-BHK-1900-Sq-ft-Builder-Floor-Apartment-FOR-Rent-Sector-33-in-Chandigarh&id=4d423833353030313035,2026-04-19 13:51:15,30.7137743,76.769673,,Sector-33,ten Marla house,"19201|Graycell Technologies, 19202|Paragon Convent School, 19202|Kendriya Vidyalya Sangathan, 19203|Ayu Health Hospital, 19203|Landmark Hospital",,,Builder Floor Apartment,Furnished,1,2,North - East,1900,Sq-ft,Less than 5 years,"3bhk fully furnished ten Marla house preference family or decent working executive only Grab the chance to own this affordable 3 BHK flat for rent in the Sector 33 area. The Rent amount of this 3 BHK apartment is set at an attractive price of ₹60,000. Located on the 1 floor, the flat has 3 bathrooms, 2 balcony in carpet area of 1800 sqft. This unit features power back up, reserved parking, security, air conditioned, intercom facility, ro water system. The address is ten Marla house, Sector 33, Chandigarh, Chandigarh.",60000,60000,,32,3,,No,No,No,"Air Conditioned, Intercom Facility, Internet/Wi-Fi Connectivity, RO Water System",True,True,Agent,76,Immediately,2026-02-21T07:31:38.000Z,"Feb 21, '26",True
eA238L664tBzpSvf+uAgZw==,Magicbricks,https://www.magicbricks.com/property-details/2-BHK-1600-Sq-ft-Builder-Floor-Apartment-FOR-Rent-Sector-33A-in-Chandigarh&id=4d423831323137373139,2026-04-19 13:51:15,30.716988,76.770346,,OM Properties,sector 33,19203|Ayu Health Hospital,,,Builder Floor Apartment,Furnished,2,3,North,1600,Sq-ft,Less than 5 years,"Sector 332bhk 1bath2nd floorfurnished You can explore this 2 BHK flat on rent in Sector 33A Chandigarh. This 2 BHK flat can be availed at the rental price of ₹35,000. The flat is on the 2 floor and includes 1 bathrooms, 2 balcony with a carpet area of 2400 sqft. The property includes 1 Covered, 1 Open parking. The apartment is equipped with reserved parking. Visit the flat at sector 33, Sector 33A, Chandigarh, Chandigarh.",35000,35000,0,22,1,"1 Covered, 1 Open",No,No,No,,True,True,Agent,100,Immediately,2026-02-20T06:53:49.000Z,"Feb 20, '26",True
eS5UCsxUm2NzpSvf+uAgZw==,Magicbricks,https://www.magicbricks.com/property-details/2-BHK-1500-Sq-ft-Builder-Floor-Apartment-FOR-Rent-Sector-15-in-Chandigarh&id=4d423632323934353437,2026-04-19 13:51:15,30.7514892,76.772605,,Sector-15,2799.,"19201|Rajiv Gandhi Chandigarh It Park, 19202|Crb Public School, 19202|Government Model Senior Secondary School, 19203|Dharam Hospital",,,Builder Floor Apartment,Semi-Furnished,1,2,North - West,1500,Sq-ft,New Construction,"This is newly built one bedroom drawing dinning and one attached bath on the first floor of ten marla house. Find 2 BHK flat for rent in Sector 15 Chandigarh. This 2 BHK flat is available at the reasonable rent amount of ₹21,000. If you rent the flat, you will have access to facilities like 3 AC and 2 Wardrobe. The apartment is on the 1 floor, has a carpet area of 1500 sqft with 1 bathrooms and 2 balcony. 1 Open parking facility are also available. The apartment comes furnished with reserved parking, security. The flat can be visited at 2799., Sector 15, Chandigarh, Chandigarh.",21000,21000,0,14,1,1 Open,No,No,Yes,Jogging and Strolling Track,True,True,Agent,95,Immediately,2026-04-03T03:55:48.000Z,"Apr 03, '26",True
8UnFSt3qNG5zpSvf+uAgZw==,Magicbricks,https://www.magicbricks.com/property-details/2-BHK-550-Sq-ft-Builder-Floor-Apartment-FOR-Rent-Sector-37C-in-Chandigarh&id=4d423832303732343133,2026-04-19 13:51:15,30.73527063,76.7483101,,DK Estates,"Chandigarh, Chandigarh",,,,Builder Floor Apartment,Unfurnished,3,3,East,550,Sq-ft,2013,"2 room set independent floor Find this 2 BHK rental flat in Sector 37C Chandigarh. The rent of the 2 BHK flat is ₹16,037. Located on the 3 floor, the flat comprises 1 bathrooms, 2 balcony, and has a carpet area of 350 sqft. The full address of the apartment is Sector 37C, Chandigarh, Chandigarh.",16037,16000,,29,1,,No,No,No,,True,True,Agent,44,Immediately,2026-04-04T08:19:06.000Z,"Apr 04, '26",True
0WY4IyUM43dzpSvf+uAgZw==,Magicbricks,https://www.magicbricks.com/property-details/2-BHK-1500-Sq-ft-Builder-Floor-Apartment-FOR-Rent-Sector-35-in-Chandigarh&id=4d423531313635383536,2026-04-19 13:51:15,30.7261629,76.7596221,,Sector-35,Sector-45,"19202|St Peters Senior Secondary School, 19202|Sri Guru Gobind Singh Senior Secondary School, 19206|Piccadily Square Mall",,,Builder Floor Apartment,Furnished,1,1,North - East,,,2016,"Newly built fully furnished house in ideal location Find this 2 BHK rental flat in Sector 35 Chandigarh. The flat is available for rent at a competitive amount of ₹23,000. Located on the 1 floor, the flat comprises 2 bathrooms, 2 balcony, and has a carpet area of 1500 sqft. This property offers air conditioned. The flat can be visited at Sector-45, Sector 35, Chandigarh, Chandigarh.",23000,23000,,,2,,No,No,No,Air Conditioned,True,True,Agent,66,Immediately,2026-03-02T07:09:59.000Z,"Mar 02, '26",True
wNGZDDZhnstzpSvf+uAgZw==,Magicbricks,https://www.magicbricks.com/property-details/2-BHK-780-Sq-ft-Builder-Floor-Apartment-FOR-Rent-Sector-38-in-Chandigarh&id=4d423739303136313435,2026-04-19 13:51:15,30.7456844,76.7437522,,Sector-38,marla house,,,,Builder Floor Apartment,Furnished,1,2,North,780,Sq-ft,5 to 10 years,"Two bedroom attached bathroom kitchen fully furnished preference working family or decent two girls A beautiful 2 BHK flat is available for rent in Sector 38. The apartment is available at an affordable rental price of ₹25,000. The apartment is on the 1 floor, has a carpet area of 690 sqft with 1 bathrooms and 2 balcony. This flat is fitted with power back up, reserved parking, security, service/goods lift, air conditioned, ro water system. The address is marla house, Sector 38, Chandigarh, Chandigarh.",25000,25000,0,32,1,,Yes,No,No,"Service/Goods Lift, Air Conditioned, RO Water System",True,True,Agent,78,Immediately,2026-03-26T07:20:58.000Z,"Mar 26, '26",True
eW4PTHhHe7tzpSvf+uAgZw==,Magicbricks,https://www.magicbricks.com/property-details/2-BHK-1900-Sq-ft-Builder-Floor-Apartment-FOR-Rent-Sector-43-in-Chandigarh&id=4d423439333738383331,2026-04-19 13:51:15,30.7193257,76.7480805,,Sector 43,"Chandigarh, Chandigarh",,,,Builder Floor Apartment,Semi-Furnished,1,1,North - East,1900,Sq-ft,5 to 10 years,"Builder floor apartment is available for rent. It covered area of 1900 sq-ft, it is a good location property. Please contact for more details. Find 2 BHK flat for rent in Sector 43 Chandigarh. The Rent amount of this 2 BHK apartment is set at an attractive price of ₹20,000. Located on the 1 floor, the flat has 2 bathrooms, 2 balcony in carpet area of 1850 sqft. Visit the apartment at Sector 43, Chandigarh, Chandigarh.",20000,20000,100,11,2,,No,No,No,,True,True,Agent,58,Immediately,2026-04-11T09:05:19.000Z,"Apr 11, '26",True
BrZbDNekRHdzpSvf+uAgZw==,Magicbricks,https://www.magicbricks.com/property-details/2-BHK-900-Sq-ft-Builder-Floor-Apartment-FOR-Rent-Sector-37-in-Chandigarh&id=4d423639343939323333,2026-04-19 13:51:15,30.7378169,76.7495233,,Sector-37,2799.,,,,Builder Floor Apartment,Furnished,Ground,2,South - East,900,Sq-ft,5 to 10 years,"These are two rooms kitchen bath on the ground floor to be leased out only to vegetarian family. Check out this newly constructed 2 BHK flat on rent in the prime location of Sector 37 Chandigarh. This 2 BHK flat is available at the reasonable rent amount of ₹15,000. Live in this lovely flat and get access to various useful facilities such as 2 Bed, 2 AC and 2 Wardrobe. Located on the Ground floor, the flat has 1 bathrooms, 2 balcony in carpet area of 900 sqft. The property includes 1 Open parking. This flat is fitted with security. Visit the flat at 2799., Sector 37, Chandigarh, Chandigarh.",15000,15000,0,17,1,1 Open,No,No,Yes,Jogging and Strolling Track,True,True,Agent,78,Immediately,2026-04-03T03:54:08.000Z,"Apr 03, '26",True
9UrbpAyI2vlzpSvf+uAgZw==,Magicbricks,https://www.magicbricks.com/property-details/2-BHK-700-Sq-ft-Builder-Floor-Apartment-FOR-Rent-Sector-37C-in-Chandigarh&id=4d423832303732343131,2026-04-19 13:51:15,30.73527063,76.7483101,,DK Estates,"Chandigarh, Chandigarh",,,,Builder Floor Apartment,Unfurnished,2,3,East,700,Sq-ft,2013,"1 bedroom hall kitchen Check out this newly constructed 2 BHK flat on rent in the prime location of Sector 37C Chandigarh. The rent of the 2 BHK flat is ₹18,037. The flat is located on the 2 floor which includes 1 bathrooms, 2 balcony, and covers a carpet area of 450 sqft. The full address of the apartment is Sector 37C, Chandigarh, Chandigarh.",18037,18000,,26,1,,No,No,No,,True,True,Agent,44,Immediately,2026-04-04T08:19:06.000Z,"Apr 04, '26",True
8PeOLNw+149zpSvf+uAgZw==,Magicbricks,https://www.magicbricks.com/property-details/2-BHK-1600-Sq-ft-Builder-Floor-Apartment-FOR-Rent-Sector-27-in-Chandigarh&id=4d423535303739353633,2026-04-19 13:51:15,30.7231259,76.7985669,,Sector 27,Chandigarh,"19202|Sri Aurobindo School Of Integral Education, 19202|New Public Schools",,,Builder Floor Apartment,Furnished,1,2,North - East,,,2016,"Newly renovated house in ideal location with park facing Grab the chance to own this affordable 2 BHK flat for rent in the Sector 27 area. The rent of the 2 BHK flat is ₹20,000. The flat is on the 1 floor and includes 1 bathrooms, 2 balcony with a carpet area of 1600 sqft. The apartment comes furnished with air conditioned. The address is Chandigarh, Sector 27, Chandigarh, Chandigarh.",20000,20000,,,1,,No,No,No,Air Conditioned,True,True,Agent,66,Immediately,2026-03-02T07:10:37.000Z,"Mar 02, '26",True
7wm29RAX7DZzpSvf+uAgZw==,Magicbricks,https://www.magicbricks.com/property-details/2-BHK-1000-Sq-ft-Builder-Floor-Apartment-FOR-Rent-Sector-11-in-Chandigarh&id=4d423739303034363537,2026-04-19 13:51:15,30.7583236,76.7841443,,Sector-11,two bedroom attached bathroom kitchen fully furnished,"19202|Government Model Sr. Sec. School, 19202|Sanawar Montessori School",,,Builder Floor Apartment,Furnished,1,2,North,1000,Sq-ft,5 to 10 years,"Two bedroom attached bathroom kitchen fully furnished preference two doctors girls or nursing officer Check out this newly constructed 2 BHK flat on rent in the prime location of Sector 11 Chandigarh. The flat is available for rent at a competitive amount of ₹25,000. Located on the 1 floor, the flat has 1 bathrooms, 1 balcony in carpet area of 680 sqft. The flat comes with power back up, reserved parking, security, service/goods lift, air conditioned, intercom facility, ro water system. Visit the apartment at two bedroom attached bathroom kitchen fully furnished, Sector 11, Chandigarh, Chandigarh.",25000,25000,0,25,1,,Yes,No,No,"Service/Goods Lift, Air Conditioned, Laundry Service, RO Water System",True,True,Agent,78,Immediately,2026-03-06T10:31:09.000Z,"Mar 06, '26",True
8nK5VKIOVP5zpSvf+uAgZw==,Magicbricks,https://www.magicbricks.com/property-details/2-BHK-650-Sq-ft-Builder-Floor-Apartment-FOR-Rent-Sector-21-in-Chandigarh&id=4d423436333532393639,2026-04-19 13:51:15,30.7263907,76.77549,,Sector 21,"Chandigarh, Chandigarh",19202|Manav Mangal High School,,,Builder Floor Apartment,Semi-Furnished,1,3,North - East,650,Sq-ft,5 to 10 years,"Check out this newly constructed 2 BHK flat on rent in the prime location of Sector 21 Chandigarh. You can get this flat at monthly rent of ₹15,000. Located on the 1 floor, the flat comprises 1 bathrooms, 1 balcony, and has a carpet area of 600 sqft. The apartment is located at Sector 21, Chandigarh, Chandigarh.",15000,,,23,1,,No,No,No,,True,True,Agent,69,Immediately,2026-04-11T09:07:37.000Z,"Apr 11, '26",True
5DFVn1IMqE5zpSvf+uAgZw==,Magicbricks,https://www.magicbricks.com/property-details/2-BHK-650-Sq-ft-Builder-Floor-Apartment-FOR-Rent-Sector-22-in-Chandigarh&id=4d423832303732343039,2026-04-19 13:51:15,30.732999,76.7711626,,Sector-22,"Chandigarh, Chandigarh","19202|Shishu Niketan Model Senior Secondary School, 19203|Civil Hospital, 19206|Shastri Market",,,Builder Floor Apartment,Unfurnished,2,3,North,650,Sq-ft,2013,"First floor 2 rooms kitchen store washroom Check out this newly constructed 2 BHK flat on rent in the prime location of Sector 22 Chandigarh. The multistorey apartment is available at rent of ₹18,022. The apartment is on the 2 floor, has a carpet area of 400 sqft with 1 bathrooms and 2 balcony. Visit the apartment at Sector 22, Chandigarh, Chandigarh.",18022,18000,,28,1,,No,No,No,,True,True,Agent,44,Immediately,2026-04-04T08:19:07.000Z,"Apr 04, '26",True
2s7AEJY4yA5zpSvf+uAgZw==,Magicbricks,https://www.magicbricks.com/property-details/2-BHK-1700-Sq-ft-Builder-Floor-Apartment-FOR-Rent-Sector-23-in-Chandigarh&id=4d423535313439353435,2026-04-19 13:51:15,30.7396066,76.766835,,Sector 23,Chandigarh,,,,Builder Floor Apartment,Furnished,2,2,North - East,,,2016,"Newly Built house in ideal location with park facing Grab the chance to own this affordable 2 BHK flat for rent in the Sector 23 area. The apartment is available at an affordable rental price of ₹18,000. The apartment is on the 2 floor, has a carpet area of 1700 sqft with 1 bathrooms and 2 balcony. The residence includes air conditioned. Visit the apartment at Chandigarh, Sector 23, Chandigarh, Chandigarh.",18000,18000,,,1,,No,No,No,Air Conditioned,True,True,Agent,66,Immediately,2026-03-02T07:09:36.000Z,"Mar 02, '26",True
C+HsTUG4A29zpSvf+uAgZw==,Magicbricks,https://www.magicbricks.com/property-details/2-BHK-1080-Sq-ft-Builder-Floor-Apartment-FOR-Rent-Sector-34-in-Chandigarh&id=4d423739303037303437,2026-04-19 13:51:15,30.7195549,76.7639499,,Sector-34,two bedroom attached bathroom kitchen fully furnished,"19202|Kundan International School, 19202|Aanchal International School, 19203|Mukat Hospital And Heart Institute, 19206|Piccadilly Square Mall",,,Builder Floor Apartment,Furnished,1,2,North - East,1080,Sq-ft,Less than 5 years,"Two bedroom attached bathroom kitchen fully furnished preference working family or girls Check out this newly constructed 2 BHK flat on rent in the prime location of Sector 34 Chandigarh. ₹25,000 is the monthly rent of this 2 BHK flat. The apartment is on the 1 floor, has a carpet area of 690 sqft with 1 bathrooms and 2 balcony. The flat comes with power back up, reserved parking, security, air conditioned, ro water system. Visit the apartment at two bedroom attached bathroom kitchen fully furnished, Sector 34, Chandigarh, Chandigarh.",25000,25000,0,23,1,,No,No,No,"Air Conditioned, RO Water System",True,True,Agent,78,Immediately,2026-03-06T10:30:37.000Z,"Mar 06, '26",True
P2Og+z3GL99zpSvf+uAgZw==,Magicbricks,https://www.magicbricks.com/property-details/2-BHK-700-Sq-ft-Builder-Floor-Apartment-FOR-Rent-Sector-35-in-Chandigarh&id=4d423530313330373536,2026-04-19 13:51:15,30.7261629,76.7596221,,Sector-35,"Chandigarh, Chandigarh","19202|St Peters Senior Secondary School, 19202|Shivalik Public School, 19206|Piccadily Square Mall",,,Builder Floor Apartment,Semi-Furnished,1,2,North - East,700,Sq-ft,5 to 10 years,"2 bhk independent on first floor in sector 35 chandigarh on a very good location You can avail the 2 BHK flat for rent in the well-known location of Sector 35. The apartment is available at an affordable rental price of ₹20,000. The flat is located on the 1 floor which includes 2 bathrooms, 1 balcony, and covers a carpet area of 650 sqft. The address is Sector 35, Chandigarh, Chandigarh.",20000,20000,100,29,2,,No,No,No,,True,True,Agent,61,Immediately,2026-03-10T05:31:25.000Z,"Mar 10, '26",True
Rrc/0ECaR9BzpSvf+uAgZw==,Magicbricks,https://www.magicbricks.com/property-details/3-BHK-2150-Sq-ft-Builder-Floor-Apartment-FOR-Rent-Sector-35-in-Chandigarh&id=4d423834313531303831,2026-04-19 13:51:15,30.7261629,76.7596221,,Sector-35,"Chandigarh, Chandigarh","19202|Shivalik Public School, 19202|Sri Guru Gobind Singh Senior Secondary School, 19206|Piccadily Square Mall",,,Builder Floor Apartment,Semi-Furnished,Ground,3,,2150,Sq-ft,New Construction,"brand new 10 marla 3bhk is available for rent at a very prime locality in sector 35 chandigarh. FOR MORE DETAILS OR TO SCHEDULE A VISIT PLEASE CONTACT US. Find 3 BHK flat for rent in Sector 35 Chandigarh. The 3 BHK apartment is available at a reasonable rent of ₹72,000. The apartment is on the Ground floor, has a carpet area of 2772 sqft with 3 bathrooms and 3 balcony. The flat can be visited at Sector 35, Chandigarh, Chandigarh.",72000,,,33,3,,No,No,No,,False,True,Agent,60,Immediately,2026-04-08T16:46:38.000Z,"Apr 08, '26",True
IjhIBNQmMJ9zpSvf+uAgZw==,Magicbricks,https://www.magicbricks.com/property-details/3-BHK-1800-Sq-ft-Builder-Floor-Apartment-FOR-Rent-Sector-40-in-Chandigarh&id=4d423834303534383833,2026-04-19 13:51:15,30.7363236,76.7350951,,Sector 40,sector40,,,,Builder Floor Apartment,Furnished,1,3,,1800,Sq-ft,5 to 10 years,"Find 3 BHK flat for rent in Sector 40 Chandigarh. The 3 BHK apartment is available at a reasonable rent of ₹80,000. The apartment is on the 1 floor, has a carpet area of 2000 sqft with 3 bathrooms and 1 balcony. Visit the flat at sector40, Sector 40, Chandigarh, Chandigarh.",80000,80000,0,44,3,,No,No,No,,True,True,Agent,60,Immediately,2026-04-03T08:10:31.000Z,"Apr 03, '26",True
ONtUZAAg6G9zpSvf+uAgZw==,Magicbricks,https://www.magicbricks.com/property-details/3-BHK-1-Kanal-Builder-Floor-Apartment-FOR-Rent-Sector-18-in-Chandigarh&id=4d423834313532323933,2026-04-19 13:51:15,30.7347851,76.7884713,,Sector 18,house no.9999,"19202|Saint Thomas - Cni School, 19202|B M Schools Private Limited",,,Builder Floor Apartment,Semi-Furnished,1,2,,1,Kanal,5 to 10 years,"Prime location 1 kanal first floor semi furnished beautiful location posh area call for more details 3 BHK flat is available for rent in Sector 18 immediately. The 3 BHK apartment is available at a reasonable rent of ₹1 Lac. The apartment is on the 1 floor, has a carpet area of 2200 sqft with 4 bathrooms and 3 balcony. This property offers power back up, security, visitor parking. The address is house no.9999, Sector 18, Chandigarh, Chandigarh.",100000,,,18,4,,No,No,Yes,Visitor Parking,True,True,Agent,56,Immediately,2026-04-09T03:29:04.000Z,"Apr 09, '26",True
f7rOy3PxeepzpSvf+uAgZw==,Magicbricks,https://www.magicbricks.com/property-details/3-BHK-5000-Sq-ft-Builder-Floor-Apartment-FOR-Rent-Sector-33-in-Chandigarh&id=4d423833363533363131,2026-04-19 13:51:15,30.7137743,76.769673,,Sector-33,"Chandigarh, Chandigarh","19201|Graycell Technologies, 19202|Kendriya Vidyalya Sangathan, 19202|Paragon Convent School, 19203|Ayu Health Hospital, 19203|Landmark Hospital",,,Builder Floor Apartment,Semi-Furnished,1,2,East,5000,Sq-ft,10 to 15 years,"1kanal independent semi furnished First floor 3bedroom attached bath drawing dinning modular kitchen airy sunny rooms Walking distance for daily needs Near to school hospital market etc Grab the chance to own this affordable 3 BHK flat for rent in the Sector 33 area. The flat is available for rent at a competitive amount of ₹90,000. The flat is on the 1 floor and includes 3 bathrooms, 3 balcony with a carpet area of 3500 sqft. The flat comes with air conditioned, ro water system. Visit the apartment at Sector 33, Chandigarh, Chandigarh.",90000,90000,,18,3,,No,No,No,"Air Conditioned, RO Water System",True,True,Agent,68,Immediately,2026-03-05T14:39:27.000Z,"Mar 05, '26",True
WLY+VoI2J1xzpSvf+uAgZw==,Magicbricks,https://www.magicbricks.com/property-details/3-BHK-2500-Sq-ft-Builder-Floor-Apartment-FOR-Rent-Sector-34-in-Chandigarh&id=4d423832393337333533,2026-04-19 13:51:15,30.7195549,76.7639499,,Sector-34,"Chandigarh, Chandigarh","19202|Northridge International School, 19202|Aanchal International School, 19203|Mukat Hospital And Heart Institute, 19206|Piccadilly Square Mall",,,Builder Floor Apartment,Semi-Furnished,Ground,2,North,2500,Sq-ft,New Construction,"Newly built 10 marla 3 bhk 3 bath posh locality ample parking space near market. If you are planning to rent a flat, you can consider this 3 BHK flat situated in the prime location of Sector 34. This 3 BHK flat is available at the reasonable rent amount of ₹90,000. Located on the Ground floor, the flat has 3 bathrooms, 2 balcony in carpet area of 1800 sqft. This unit features reserved parking, air conditioned, intercom facility, ro water system. The apartment is located at Sector 34, Chandigarh, Chandigarh.",90000,180000,1000,36,3,,No,No,No,"Air Conditioned, Laundry Service, Internet/Wi-Fi Connectivity, Banquet Hall",False,True,Agent,71,Immediately,2026-03-18T05:44:06.000Z,"Mar 18, '26",True
sTNN81upG5BzpSvf+uAgZw==,Magicbricks,https://www.magicbricks.com/property-details/3-BHK-3700-Sq-ft-Builder-Floor-Apartment-FOR-Rent-Sector-11-in-Chandigarh&id=4d423832353637393033,2026-04-19 13:51:15,30.7583236,76.7841443,,Sector-11,Sector 11,"19202|Sanawar Montessori School, 19202|Government Model Sr. Sec. School",,,Builder Floor Apartment,Semi-Furnished,1,3,North - East,3700,Sq-ft,5 to 10 years,"1 kanal Residential house, First floor, Available for rent in Sector 11A, Chandigarh.3bhk with Servant room also with Children room,Beautiful builtup,Semi furnished,Peaceful Location,Spacious room,Wide balcony,Huge parking,surrounded by best commercial hubs and educational hubs,Contact us for more details",85000,85000,0,23,5,"2 Covered, 3 Open",No,No,No,,True,True,Agent,95,Immediately,2026-02-19T11:58:01.000Z,"Feb 19, '26",True
lTXmJwazCndzpSvf+uAgZw==,Magicbricks,https://www.magicbricks.com/property-details/3-BHK-2500-Sq-ft-Builder-Floor-Apartment-FOR-Rent-Sector-33-in-Chandigarh&id=4d423832323232333835,2026-04-19 13:51:15,30.7137743,76.769673,,Sector-33,"Chandigarh, Chandigarh","19201|Graycell Technologies, 19202|Paragon Convent School, 19202|Kendriya Vidyalya Sangathan, 19203|Landmark Hospital, 19203|Ayu Health Hospital",,,Builder Floor Apartment,Unfurnished,3,3,North,2500,Sq-ft,2013,"3 bhk 4 washrooms with servant room You can explore this 3 BHK flat on rent in Sector 33 Chandigarh. This 3 BHK flat is available at the reasonable rent amount of ₹70,033. The flat is on the 3 floor and includes 4 bathrooms, 2 balcony with a carpet area of 1600 sqft. Visit the flat at Sector 33, Chandigarh, Chandigarh.",70033,70000,,28,4,,No,No,No,,True,True,Agent,46,Immediately,2026-04-04T08:18:22.000Z,"Apr 04, '26",True
ywKjajnJuaxzpSvf+uAgZw==,Magicbricks,https://www.magicbricks.com/property-details/3-BHK-3000-Sq-ft-Builder-Floor-Apartment-FOR-Rent-Sector-34-in-Chandigarh&id=4d423832343936303835,2026-04-19 13:51:15,30.7195549,76.7639499,,Sector-34,fourteen Marla,"19202|Aanchal International School, 19202|Northridge International School, 19203|Mukat Hospital And Heart Institute, 19206|Piccadilly Square Mall",,,Builder Floor Apartment,Semi-Furnished,1,2,North - East,3000,Sq-ft,New Construction,"Newly built fourteen Marla house first floor lift available semi furnished ac.gyser.fans , chimney Broad preference family You can avail the 3 BHK flat for rent in the well-known location of Sector 34. The flat is available for rent at a competitive amount of ₹1 Lac. The flat is on the 1 floor and includes 3 bathrooms, 2 balcony with a carpet area of 2500 sqft. This home provides power back up, reserved parking, security, service/goods lift, air conditioned, intercom facility, ro water system. Find this apartment at fourteen Marla, Sector 34, Chandigarh, Chandigarh.",100000,10000,0,33,3,,No,No,No,"Air Conditioned, Laundry Service, Jogging and Strolling Track, Outdoor Tennis Courts",True,True,Agent,73,Immediately,2026-04-15T02:10:53.000Z,"Apr 15, '26",True
9QpSl10+mDdzpSvf+uAgZw==,Magicbricks,https://www.magicbricks.com/property-details/3-BHK-1800-Sq-ft-Builder-Floor-Apartment-FOR-Rent-Sector-40-in-Chandigarh&id=4d423833393135343939,2026-04-19 13:51:15,30.7363236,76.7350951,,Sector 40,Sector 40,,,,Builder Floor Apartment,Furnished,1,3,North,1800,Sq-ft,Less than 5 years,"sector 40 3bhk 3 bathrooms, fully furnished If you are planning to rent a flat, you can consider this 3 BHK flat situated in the prime location of Sector 40. ₹80,000 is the monthly rent of this 3 BHK flat. The apartment is on the 1 floor, has a carpet area of 2500 sqft with 3 bathrooms and 2 balcony. The property includes 1 Covered, 1 Open parking. The residence includes reserved parking. The apartment is located at Sector 40, Sector 40, Chandigarh, Chandigarh.",80000,80000,0,44,3,"1 Covered, 1 Open",No,No,No,,True,True,Agent,95,Immediately,2026-03-23T17:08:51.000Z,"Mar 23, '26",True
RMYP6a8sAFJzpSvf+uAgZw==,Magicbricks,https://www.magicbricks.com/property-details/3-BHK-3500-Sq-ft-Builder-Floor-Apartment-FOR-Rent-Sector-36-in-Chandigarh&id=4d423834323933323633,2026-04-19 13:51:15,30.7327703,76.7552941,,Sector 36,"Chandigarh, Chandigarh",,,,Builder Floor Apartment,Semi-Furnished,1,2,East,3500,Sq-ft,10 to 15 years,"Check out this newly constructed 3 BHK flat on rent in the prime location of Sector 36 Chandigarh. The apartment is available at an affordable rental price of ₹85,000. The flat is on the 1 floor and includes 3 bathrooms, 2 balcony with a carpet area of 5000 sqft. The flat can be visited at Sector 36, Chandigarh, Chandigarh.",85000,,,24,3,,No,No,No,,True,True,Agent,34,Immediately,2026-04-18T05:50:17.000Z,Yesterday,True
x31+u6cF4wdzpSvf+uAgZw==,Magicbricks,https://www.magicbricks.com/property-details/3-BHK-3500-Sq-ft-Builder-Floor-Apartment-FOR-Rent-Sector-27-in-Chandigarh&id=4d423833383331313535,2026-04-19 13:51:15,30.7231259,76.7985669,,Sector 27,"Chandigarh, Chandigarh","19202|Bhavan Vidyalaya, 19202|Sri Aurobindo School Of Integral Education",,,Builder Floor Apartment,Semi-Furnished,1,2,South - East,3500,Sq-ft,Less than 5 years,"Builder-floor apartment is available for rent. It is a good location property. Please contact for more details. Find this 3 BHK rental flat in Sector 27 Chandigarh. The multistorey apartment is available at rent of ₹75,000. The flat is on the 1 floor and includes 3 bathrooms, 2 balcony with a carpet area of 2000 sqft. This home provides reserved parking, air conditioned, intercom facility, ro water system. You can visit the flat at Sector 27, Chandigarh, Chandigarh.",75000,150000,1000,21,3,,No,No,No,"Air Conditioned, Laundry Service, Internet/Wi-Fi Connectivity, Banquet Hall",False,True,Agent,68,Immediately,2026-03-18T06:04:59.000Z,"Mar 18, '26",True
fRImKnrL50lzpSvf+uAgZw==,Magicbricks,https://www.magicbricks.com/property-details/3-BHK-3000-Sq-ft-Builder-Floor-Apartment-FOR-Rent-Sector-21-in-Chandigarh&id=4d423832353739323737,2026-04-19 13:51:15,30.7263907,76.77549,,Sector 21,"Chandigarh, Chandigarh",19202|Manav Mangal High School,,,Builder Floor Apartment,Furnished,2,3,East,3000,Sq-ft,Less than 5 years,"1 kanal first floor fully furnished Find this 3 BHK rental flat in Sector 21 Chandigarh. The rent of the 3 BHK flat is ₹90,021. Located on the 2 floor, the flat has 3 bathrooms, 2 balcony in carpet area of 2000 sqft. The residence includes power back up, reserved parking, security, air conditioned, ro water system. The flat can be visited at Sector 21, Chandigarh, Chandigarh.",90021,90000,,30,3,,No,No,No,"Air Conditioned, RO Water System",True,True,Agent,50,Immediately,2026-04-04T08:16:59.000Z,"Apr 04, '26",True
CldB+9iyvsJzpSvf+uAgZw==,Magicbricks,https://www.magicbricks.com/property-details/3-BHK-2000-Sq-ft-Builder-Floor-Apartment-FOR-Rent-Sector-34-in-Chandigarh&id=4d423833353431363539,2026-04-19 13:51:15,30.7195549,76.7639499,,Sector-34,Newly built,"19202|Kundan International School, 19202|Northridge International School, 19203|Mukat Hospital And Heart Institute, 19206|Piccadilly Square Mall",,,Builder Floor Apartment,Semi-Furnished,Ground,2,North - East,2000,Sq-ft,New Construction,"Newly built ground floor first time Entry 3bhk modern kitchen facing park two car parking available preference decent working family Grab the chance to own this affordable 3 BHK flat for rent in the Sector 34 area. Available at a rental price of ₹80,000, this 3 BHK flat is worth considering. The apartment is on the Ground floor, has a carpet area of 1800 sqft with 3 bathrooms and 2 balcony. The apartment comes furnished with power back up, reserved parking, security, service/goods lift, air conditioned, ro water system. Visit the flat at Newly built, Sector 34, Chandigarh, Chandigarh.",80000,80000,0,40,3,,Yes,No,No,"Service/Goods Lift, Air Conditioned, RO Water System",True,True,Agent,73,Immediately,2026-02-24T18:19:24.000Z,"Feb 24, '26",True
/p0x0q9qJj1zpSvf+uAgZw==,Magicbricks,https://www.magicbricks.com/property-details/3-BHK-1800-Sq-ft-Builder-Floor-Apartment-FOR-Rent-Sector-10-in-Chandigarh&id=4d423738343634343533,2026-04-19 13:51:15,30.7532757,76.7899135,,Sector 10,sector 10,,,,Builder Floor Apartment,Unfurnished,Ground,3,North - East,1800,Sq-ft,Less than 5 years,"sector 10 3 bhk 3 bathroomsunfurnished 3 BHK flat is available for rent in Sector 10 immediately. The flat is available for rent at a competitive amount of ₹80,000. 1 Open parking space is also available. The flat comes with reserved parking. You can visit the flat at sector 10, Sector 10, Chandigarh, Chandigarh.",80000,80000,0,44,3,1 Open,No,No,No,,True,True,Agent,100,Immediately,2026-02-20T06:48:51.000Z,"Feb 20, '26",True
bIF7DmHH+CRzpSvf+uAgZw==,Magicbricks,https://www.magicbricks.com/property-details/3-BHK-2500-Sq-ft-Builder-Floor-Apartment-FOR-Rent-Sector-21-in-Chandigarh&id=4d423833393536373037,2026-04-19 13:51:15,30.7263907,76.77549,,Sector 21,"Chandigarh, Chandigarh",19202|Manav Mangal High School,,,Builder Floor Apartment,Semi-Furnished,1,3,East,2500,Sq-ft,New Construction,"10 marla newly built independent semifurnished first floor 3bedroom attached bath drawing dinning modular kitchen airy sunny rooms Walking distance for daily needs Near to school hospital market etc Find this 3 BHK rental flat in Sector 21 Chandigarh. The rent of the 3 BHK flat is ₹75,000. The flat is located on the 1 floor which includes 3 bathrooms, 2 balcony, and covers a carpet area of 1800 sqft. This unit features reserved parking. The apartment is located at Sector 21, Chandigarh, Chandigarh.",75000,75000,,30,3,,No,No,No,,True,True,Agent,53,Immediately,2026-03-27T03:14:59.000Z,"Mar 27, '26",True
EjKF7L1bVG9zpSvf+uAgZw==,Magicbricks,https://www.magicbricks.com/property-details/3-BHK-4000-Sq-ft-Builder-Floor-Apartment-FOR-Rent-Sector-8-in-Chandigarh&id=4d423832393236383133,2026-04-19 13:51:15,30.7416185,76.8000091,,Sector 8,"Chandigarh, Chandigarh","19202|C L Aggarwal D.A.V Model School, 19202|Swami Vivekananada Institute Of Engineering",,,Builder Floor Apartment,Semi-Furnished,2,2,North,4000,Sq-ft,Less than 5 years,"Kanal newly renovated 3 BHK, 3 bathroom, semi furnished top floor in a posh location. 3 BHK apartment is available on rent in Sector 8 Chandigarh right away. The multistorey apartment is available at rent of ₹1 Lac. The apartment is on the 2 floor, has a carpet area of 2500 sqft with 3 bathrooms and 2 balcony. This flat is fitted with reserved parking, service/goods lift, air conditioned, intercom facility. Visit the apartment at Sector 8, Chandigarh, Chandigarh.",100000,200000,1000,25,3,,Yes,No,No,"Service/Goods Lift, Air Conditioned, Laundry Service, Banquet Hall",False,True,Agent,68,Immediately,2026-03-13T06:53:47.000Z,"Mar 13, '26",True
o7nI/q9AiqJzpSvf+uAgZw==,Magicbricks,https://www.magicbricks.com/property-details/3-BHK-2400-Sq-ft-Builder-Floor-Apartment-FOR-Rent-Sector-21-in-Chandigarh&id=4d423832333734383235,2026-04-19 13:51:15,30.7263907,76.77549,,Sector 21,"Chandigarh, Chandigarh",19202|Manav Mangal High School,,,Builder Floor Apartment,Furnished,2,3,East,2400,Sq-ft,New Construction,"Kanal first floor 3 bedrooms drawing dining attached 3 washrooms modullar kitchen If you are searching a 3 BHK apartment for rent in Sector 21, check out this amazing rental flat. The Rent amount of this 3 BHK apartment is set at an attractive price of ₹95,021. The flat is on the 2 floor and includes 3 bathrooms, 2 balcony with a carpet area of 1500 sqft. The property features power back up, reserved parking, air conditioned, ro water system. Visit the apartment at Sector 21, Chandigarh, Chandigarh.",95021,95000,,40,3,,No,No,No,"Air Conditioned, RO Water System",True,True,Agent,50,Immediately,2026-04-04T08:17:45.000Z,"Apr 04, '26",True
IpHxb8esxytzpSvf+uAgZw==,Magicbricks,https://www.magicbricks.com/property-details/3-BHK-1700-Sq-ft-Builder-Floor-Apartment-FOR-Rent-Sector-10-in-Chandigarh&id=4d423737333031383131,2026-04-19 13:51:15,30.7532757,76.7899135,,Sector 10,"Chandigarh, Chandigarh",,,,Builder Floor Apartment,Semi-Furnished,Ground,1,North - East,1700,Sq-ft,Less than 5 years,"sector 103bhk 3 bathroomsincludes servant room Check out this newly constructed 3 BHK flat on rent in the prime location of Sector 10 Chandigarh. The rent of the 3 BHK flat is ₹80,000. There is also facility of 2 Open parking. This unit features reserved parking. The apartment is located at Sector 10, Chandigarh, Chandigarh.",80000,100000,0,47,3,2 Open,No,No,No,,True,True,Agent,95,Immediately,2026-02-20T06:35:29.000Z,"Feb 20, '26",True
0uuIZZ+/RjJzpSvf+uAgZw==,Magicbricks,https://www.magicbricks.com/property-details/3-BHK-1655-Sq-ft-Multistorey-Apartment-FOR-Rent-in-Chandigarh&id=4d423833373638313533,2026-04-19 13:51:15,30.656788,76.82119203,,Sunrise Property,"Chandigarh, Chandigarh",,,,Apartment,Semi-Furnished,6,12,,1655,Sq-ft,Less than 5 years,"Grab the chance to own this affordable 3 BHK flat for rent in the Zirakpur area. The Rent amount of this 3 BHK apartment is set at an attractive price of ₹22,000. Located on the 6 floor, the flat has 2 bathrooms, 3 balcony in carpet area of 1382 sqft.",22000,,,13,2,,No,No,No,,True,True,Agent,35,Immediately,2026-03-13T11:25:27.000Z,"Mar 13, '26",True
WTjWal04Fy9zpSvf+uAgZw==,Magicbricks,https://www.magicbricks.com/property-details/3-BHK-1885-Sq-ft-Multistorey-Apartment-FOR-Rent-Zirakpur-in-Chandigarh&id=4d423834313330393135,2026-04-19 13:51:15,30.656788,76.82119203,,Zirakpur,"Zirakpur,Chandigarh","19201|Mk Technology Park, 19202|Atticus International School, 19202|St. Xaviers International School, 19206|Tricity Square, 19206|Chandigarh Citi Centre",,,Apartment,Semi-Furnished,9,15,North,1885,Sq-ft,Less than 5 years,"3bhk Spacious 1885 sq ft.. For Rent in one of the beautiful Society Sushma Grande With All Amenities like Gym, Club House, Pool, Basket Ball court, Tennis Area, Bedminton Court, Kids Play Area.. etc.. 3 BHK apartment is available on rent in Zirakpur Chandigarh right away. Available at a rental price of ₹31,500, this 3 BHK flat is worth considering. Live in this lovely flat and get access to various useful facilities such as 3 Wardrobe. The apartment is on the 9 floor, has a carpet area of 1250 sqft with 3 bathrooms and 4 balcony. The property includes 1 Covered parking. The apartment comes furnished with power back up, reserved parking, security. The full address of the apartment is Village Bishangarh - Bishanpura , Zirakpur Dera Bassi , Sahibzada Ajit Singh Nagar (Mohali) , Punjab.",31500,31500,0,17,3,1 Covered,Yes,No,No,Jogging and Strolling Track,True,True,Agent,80,Immediately,2026-04-08T04:10:19.000Z,"Apr 08, '26",True
wJxj+mawDyJzpSvf+uAgZw==,Magicbricks,https://www.magicbricks.com/property-details/3-BHK-1505-Sq-ft-Multistorey-Apartment-FOR-Rent-Zirakpur-in-Chandigarh&id=4d423834303637333631,2026-04-19 13:51:15,30.656788,76.82119203,,Zirakpur,"PR7, 200 ft International Airport Road, Zirakpur, Chandigarh, Punjab","19201|Mk Technology Park, 19202|Atticus International School, 19202|Maya International School, 19206|Tricity Square, 19206|Chandigarh Citi Centre",,,Apartment,Semi-Furnished,9,13,East,1505,Sq-ft,New Construction,"Luxury Living at Uptown Skylla IGBC Gold Certified Green Building with organic waste composting Earthquakeresistant structure IIT Roorkee approved Rooftop pool, gazebos leisure zone Prime location on 200 ft PR7 Airport Road Commercial plaza daily needs market Club Skylla Gym amphitheater 100 power backup Fully loaded homes with 4 ACs, 3 geysers remote fans Address Makers",35000,35000,0,23,3,1 Covered,Yes,No,No,Jogging and Strolling Track,True,True,Agent,100,Immediately,2026-04-05T08:28:20.000Z,"Apr 05, '26",True
cPYURR9JT25zpSvf+uAgZw==,Magicbricks,https://www.magicbricks.com/property-details/3-BHK-1700-Sq-ft-Multistorey-Apartment-FOR-Rent-Zirakpur-in-Chandigarh&id=4d423830343430383539,2026-04-19 13:51:15,30.656788,76.82119203,,Zirakpur,"VIP Road, Zirakpur, Mohali","19201|Mk Technology Park, 19202|V.B. International Senior Secondary School, 19202|Maya International School, 19206|Tricity Square, 19206|Chandigarh Citi Centre",,,Apartment,Semi-Furnished,5,9,East,1700,Sq-ft,New Construction,"3bhk semi furnished luxury flat available for rent in ZirakpurIf you are planning to rent a flat, you can consider this 3 BHK flat situated in the prime location of Zirakpur. Available at a rental price of 29,000, this 3 BHK flat is worth considering. The nearby landmarks are market.",30500,29000,0,18,3,"1 Covered, 1 Open",Yes,No,No,Jogging and Strolling Track,False,True,Agent,93,Immediately,2026-02-19T05:34:30.000Z,"Feb 19, '26",True
qYgL1z56HzRzpSvf+uAgZw==,Magicbricks,https://www.magicbricks.com/property-details/3-BHK-2000-Sq-ft-Multistorey-Apartment-FOR-Rent-Sector-50-in-Chandigarh&id=4d423834323335343439,2026-04-19 13:51:15,30.7008319,76.7466378,,Sector 50,Society Flat,19202|Government College Of Commerce And Business Administration,,,Apartment,Semi-Furnished,1,2,North - East,2000,Sq-ft,Less than 5 years,"3bhk first floor semi furnished preference for Service class Family only You can avail the 3 BHK flat for rent in the well-known location of Sector 50. The flat is available for rent at a competitive amount of ₹36,000. Located on the 1 floor, the flat comprises 2 bathrooms, 2 balcony, and has a carpet area of 1900 sqft. The apartment comes furnished with power back up, reserved parking, security, service/goods lift, air conditioned, intercom facility, ro water system. Visit the flat at Phase 9, Chandigarh, Punjab.",36000,36000,0,18,2,,Yes,No,No,"Service/Goods Lift, Air Conditioned, Intercom Facility, RO Water System",True,True,Agent,80,Immediately,2026-04-14T12:21:04.000Z,"Apr 14, '26",True
vvSQPIBhAHdzpSvf+uAgZw==,Magicbricks,https://www.magicbricks.com/property-details/3-BHK-1910-Sq-ft-Multistorey-Apartment-FOR-Rent-Zirakpur-in-Chandigarh&id=4d423834313535353035,2026-04-19 13:51:15,30.656788,76.82119203,,Zirakpur,Zirakpur,"19201|Mk Technology Park, 19202|V.B. International Senior Secondary School, 19202|St. Xaviers International School, 19206|Chandigarh Citi Centre, 19206|Tricity Square",,,Apartment,Unfurnished,6,13,East,1910,Sq-ft,5 to 10 years,"You can explore this 3 BHK flat on rent in Zirakpur Chandigarh. You can get this flat at monthly rent of ₹26,000. Located on the 6 floor, the flat has 3 bathrooms, 3 balcony in carpet area of 1145 sqft. There is also facility of 1 Covered parking. The apartment is equipped with power back up, reserved parking, security.",26000,26000,0,14,3,1 Covered,No,No,No,,True,True,Agent,80,Immediately,2026-04-09T06:32:39.000Z,"Apr 09, '26",True
NoBCStcNuyFzpSvf+uAgZw==,Magicbricks,https://www.magicbricks.com/property-details/3-BHK-1690-Sq-ft-Multistorey-Apartment-FOR-Rent-Zirakpur-in-Chandigarh&id=4d423533363936353439,2026-04-19 13:51:15,30.656788,76.82119203,,Zirakpur,Vip road zirakpur.,"19201|Mk Technology Park, 19202|V.B. International Senior Secondary School, 19202|Atticus International School, 19206|Tricity Square, 19206|Chandigarh Citi Centre",,,Apartment,Furnished,11,12,North,1690,Sq-ft,Less than 5 years,"NK Savitry Greens 1 offers facilities such as Lift.It also has amenities like Jogging track and Swimming pool.::::It also offers Car parking.::::::::It is a ready to move project. If you are searching a 3 BHK apartment for rent in Zirakpur, check out this amazing rental flat. The 3 BHK apartment is available at a reasonable rent of ₹33,000. Some attractive additional facilities available with the flat are 3 Wardrobe, 3 Bed, 1 TV, Fridge, 3 AC and Sofa. The apartment is on the 11 floor, has a carpet area of 1550 sqft with 3 bathrooms and 4 balcony. You will also find 1 Covered, 1 Open parking facility. The building comprises 12 floor and includes Kids Club, Kids Play Pool With Water Slides features. This unit is designed with power back up, reserved parking, security. Visit the flat at VIP Road, Zirakpur.",33000,33000,2000,20,3,"1 Covered, 1 Open",Yes,No,No,Jogging and Strolling Track,True,True,Agent,80,Immediately,2026-02-28T09:18:14.000Z,"Feb 28, '26",True
CMR84o7MmMRzpSvf+uAgZw==,Magicbricks,https://www.magicbricks.com/property-details/3-BHK-1200-Sq-ft-Builder-Floor-Apartment-FOR-Rent-Sector-20A-in-Chandigarh&id=4d423834303738333331,2026-04-19 13:51:15,30.723663,76.781827,,sandeep,Sector 20A,,,,Builder Floor Apartment,Semi-Furnished,1,3,East,1200,Sq-ft,Less than 5 years,"3 BHK flat for rent in sector 20A Find this 3 BHK rental flat in Sector 20A Chandigarh. ₹35,000 is the monthly rent of this 3 BHK flat. Located on the 1 floor, the flat comprises 2 bathrooms, 2 balcony, and has a carpet area of 1800 sqft. There is also facility of 1 Open parking. The apartment comes furnished with reserved parking. You can visit the flat at Sector 20A, Sector 20A, Chandigarh, Chandigarh.",35000,35000,0,29,2,1 Open,No,No,No,,True,True,Agent,95,Immediately,2026-04-04T13:43:30.000Z,"Apr 04, '26",True
RkTYCpK4h21zpSvf+uAgZw==,Magicbricks,https://www.magicbricks.com/property-details/3-BHK-1675-Sq-ft-Multistorey-Apartment-FOR-Rent-Zirakpur-in-Chandigarh&id=4d423833383734383635,2026-04-19 13:51:15,30.656788,76.82119203,,Zirakpur,"Chandigarh, Chandigarh","19201|Mk Technology Park, 19202|Atticus International School, 19202|V.B. International Senior Secondary School, 19206|Tricity Square, 19206|Chandigarh Citi Centre",,,Apartment,Semi-Furnished,5,10,,1675,Sq-ft,New Construction,"Check out this newly constructed 3 BHK flat on rent in the prime location of Zirakpur Chandigarh. This 3 BHK flat can be availed at the rental price of ₹30,000. The apartment is on the 5 floor, has a carpet area of 1550 sqft with 3 bathrooms and 3 balcony. This residential building features 10 floor and ensures Kids play area, Sand pit, Kids Splash Pool comfort. This unit is designed with power back up, security. You can visit the flat at High Ground Road, Village Nabha , M.C. ZirakpurDera Bassi , Sahibzada Ajit Singh Nagar (Mohali) , Punjab.",30000,,,18,3,,No,No,No,,True,True,Agent,39,Immediately,2026-03-20T09:08:32.000Z,"Mar 20, '26",True
UfYY/MIIwURzpSvf+uAgZw==,Magicbricks,https://www.magicbricks.com/property-details/3-BHK-1555-Sq-ft-Multistorey-Apartment-FOR-Rent-Zirakpur-in-Chandigarh&id=4d423738383836323637,2026-04-19 13:51:15,30.656788,76.82119203,,Zirakpur,"3 BHK , 2 Floor , Adjoining Shemrock School, PR-7, Airport Road, Zirakpur, Chandigarh","19201|Mk Technology Park, 19202|Atticus International School, 19202|St. Xaviers International School, 19206|Chandigarh Citi Centre, 19206|Tricity Square",,,Apartment,Semi-Furnished,2,4,North - East,1555,Sq-ft,New Construction,"3 BHK is available in Maxxus Elanza , a beautiful society.FeaturesGated SocietyAiry and well lit flatGardenLiftsGymClub House If you are planning to rent a flat, you can consider this 3 BHK flat situated in the prime location of Zirakpur. This 3 BHK flat can be availed at the rental price of ₹28,000. The flat comes with some add-on facilities such as 2 Wardrobe. The apartment is on the 2 floor, has a carpet area of 1000 sqft with 3 bathrooms and 2 balcony. The property includes 1 Covered parking. The property has 4 floor and is equipped with Kids play area facilities. This property offers power back up, reserved parking, security. Find this apartment at Village- Singhpura and Nagla, Tehsil- Zirakpur ,Mohali , Sahibzada Ajit Singh Nagar (Mohali) , Punjab.",28000,28000,1,18,3,1 Covered,Yes,No,No,Jogging and Strolling Track,True,True,Agent,95,Immediately,2026-03-18T19:20:32.000Z,"Mar 19, '26",True
YI4937rsEF5zpSvf+uAgZw==,Magicbricks,https://www.magicbricks.com/property-details/3-BHK-1-Kanal-Builder-Floor-Apartment-FOR-Rent-Sector-18-in-Chandigarh&id=4d423435393838313837,2026-04-19 13:51:15,30.7347851,76.7884713,,Sector 18,Sector-18.,"19202|Stepping Stones Sr. Sec. School, 19202|Saint Thomas - Cni School",,,Builder Floor Apartment,Furnished,1,3,North - East,1,Kanal,5 to 10 years,"Builder floor apartment is available for rent. It is a 3 BHK floor having proper ventilation and natural light with separate entry. You can avail the 3 BHK flat for rent in the well-known location of Sector 18. The flat is available for rent at a competitive amount of ₹26,000. The flat comes with some add-on facilities such as 2 Wardrobe, 3 Bed, 1 TV, Fridge, Microwave, 2 AC, Sofa, Washing Machine, Dining Table and Gas Connection. The apartment is on the 1 floor, has a carpet area of 1000 sqft with 2 bathrooms and 1 balcony. There is also facility of 1 Open parking. This flat is fitted with reserved parking. The flat can be visited at Sector-18., Sector 18, Chandigarh, Chandigarh.",26000,26000,200,5,2,1 Open,No,No,No,,True,True,Agent,86,Immediately,2026-03-12T09:22:06.000Z,"Mar 12, '26",True
FeLsQWFbKtJzpSvf+uAgZw==,Magicbricks,https://www.magicbricks.com/property-details/3-BHK-2400-Sq-ft-Builder-Floor-Apartment-FOR-Rent-Sector-37-in-Chandigarh&id=4d423636333238363439,2026-04-19 13:51:15,30.7378169,76.7495233,,Sector-37,2799.,,,,Builder Floor Apartment,Semi-Furnished,1,3,South - East,2400,Sq-ft,New Construction,"Newly built first floor of fifteen marla house which has three bedrooms drawing dinning and two attached baths only for family. A beautiful 3 BHK flat is available for rent in Sector 37. ₹35,000 is the monthly rent of this 3 BHK flat. Some premium add-on facilities bundled with the flat are 3 Wardrobe. Located on the 1 floor, the flat comprises 2 bathrooms, 2 balcony, and has a carpet area of 2400 sqft. 1 Open parking facility are also available. The flat comes with reserved parking. Visit the flat at 2799., Sector 37, Chandigarh, Chandigarh.",35000,35000,0,15,2,1 Open,No,No,No,,True,True,Agent,98,Immediately,2026-04-03T03:55:47.000Z,"Apr 03, '26",True
SnV+fq8WgetzpSvf+uAgZw==,Magicbricks,https://www.magicbricks.com/property-details/3-BHK-1650-Sq-ft-Multistorey-Apartment-FOR-Rent-Sector-48-in-Chandigarh&id=4d423832363537303337,2026-04-19 13:51:15,30.6879114,76.7581794,,Sector 48,10000.,19202|Banyan Tree School,,,Apartment,Unfurnished,3,3,North - West,1650,Sq-ft,15 to 20 years,"3 bedrooms attached bathrooms drawing dining kitchen top location for more details If you are planning to rent a flat, you can consider this 3 BHK flat situated in the prime location of Sector 48. ₹35,000 is the monthly rent of this 3 BHK flat. The apartment is on the 3 floor, has a carpet area of 1340 sqft with 3 bathrooms and 2 balcony. Visit the flat at 10000., Sector 48, Chandigarh, Chandigarh.",35000,,,21,3,,No,No,No,,False,True,Agent,68,Immediately,2026-03-04T10:03:05.000Z,"Mar 04, '26",True
1u/kgCjDGrJzpSvf+uAgZw==,Magicbricks,https://www.magicbricks.com/property-details/3-BHK-1600-Sq-ft-Multistorey-Apartment-FOR-Rent-Zirakpur-in-Chandigarh&id=4d423832373836393037,2026-04-19 13:51:15,30.656788,76.82119203,,Zirakpur,patiala road zirakpur,"19201|Mk Technology Park, 19202|Atticus International School, 19202|St. Xaviers International School, 19206|Tricity Square, 19206|Chandigarh Citi Centre",,,Apartment,Semi-Furnished,1,6,,1600,Sq-ft,5 to 10 years,"3 bhk semi furnished flat available in trishla city zirakpur 3 BHK flat is available for rent in Zirakpur immediately. This 3 BHK flat is available at the reasonable rent amount of ₹26,000. The flat is on the 1 floor and includes 3 bathrooms, 3 balcony with a carpet area of 1450 sqft. The residence includes power back up, reserved parking, security, service/goods lift, visitor parking. Find this apartment at High Ground Road, Chandigarh-Patiala Highway, Zirakpur, Punjab, India..",26000,,,16,3,,Yes,No,No,"Service/Goods Lift, Banquet Hall, Jogging and Strolling Track, Outdoor Tennis Courts",True,True,Agent,59,Immediately,2026-03-07T06:40:02.000Z,"Mar 07, '26",True
oDBGCdWUJolzpSvf+uAgZw==,Magicbricks,https://www.magicbricks.com/property-details/3-BHK-1700-Sq-ft-Builder-Floor-Apartment-FOR-Rent-Sector-37-in-Chandigarh&id=4d423736303634353633,2026-04-19 13:51:15,30.7378169,76.7495233,,Sector-37,Sector 37,,,,Builder Floor Apartment,Unfurnished,1,3,North,1700,Sq-ft,Less than 5 years,"Sector 373bhk 2 bathroomfirst floor If you are planning to rent a flat, you can consider this 3 BHK flat situated in the prime location of Sector 37. The Rent amount of this 3 BHK apartment is set at an attractive price of ₹35,000. Located on the 1 floor, the flat comprises 2 bathrooms, 1 balcony, and has a carpet area of 2400 sqft. There is also facility of 1 Open parking. The property features reserved parking. The address is Sector 37, Sector 37, Chandigarh, Chandigarh.",35000,35000,0,21,2,1 Open,No,No,No,,True,True,Agent,100,Immediately,2026-02-20T06:35:48.000Z,"Feb 20, '26",True
L5lLvb1BFeJzpSvf+uAgZw==,Magicbricks,https://www.magicbricks.com/property-details/3-BHK-1845-Sq-ft-Multistorey-Apartment-FOR-Rent-in-Chandigarh&id=4d423834303538363037,2026-04-19 13:51:15,30.656788,76.82119203,,Wisdom Properties,"Chandigarh, Chandigarh",,,,Apartment,Furnished,5,12,East,1845,Sq-ft,,"3 bhk fully furnished with 3 AC and 3 geyser in Gated society with Clubhouse , power Backup and 24X7 Security. major schools like Manav mangal ,St Xavior all nearby You can explore this 3 BHK flat on rent in Zirakpur Chandigarh. You can get this flat at monthly rent of ₹38,000. Located on the 5 floor, the flat has 3 bathrooms, 3 balcony in covered area of 1845 sqft. This unit features power back up, reserved parking, security, service/goods lift, air conditioned, intercom facility.",38000,38000,,21,3,,No,No,No,"Air Conditioned, Internet/Wi-Fi Connectivity, Banquet Hall, Bar/Lounge",False,True,Agent,73,Immediately,2026-04-03T10:15:30.000Z,"Apr 03, '26",True
oxvxxI7nI0ZzpSvf+uAgZw==,Magicbricks,https://www.magicbricks.com/property-details/3-BHK-2020-Sq-ft-Multistorey-Apartment-FOR-Rent-Zirakpur-in-Chandigarh&id=4d423834303038393333,2026-04-19 13:51:15,30.656788,76.82119203,,Zirakpur,"PR7, 200 ft International Airport Road, Zirakpur, Chandigarh, Punjab","19201|Mk Technology Park, 19202|Atticus International School, 19202|V.B. International Senior Secondary School, 19206|Tricity Square, 19206|Chandigarh Citi Centre",,,Apartment,Semi-Furnished,3,13,East,2020,Sq-ft,Less than 5 years,"If you are searching a 3 BHK apartment for rent in Zirakpur, check out this amazing rental flat. This 3 BHK flat can be availed at the rental price of ₹40,000. Here you can enjoy world class facilities like 1 Wardrobe, 1 Bed, 3 AC and Fridge. The flat is on the 3 floor and includes 4 bathrooms, 3 balcony with a covered area of 2020 sqft. This residential building features 13 floor and ensures Kids play area, Kids Play Pool With Water Slides comfort. The apartment is equipped with power back up, security. You can visit the flat at PR7, 200 ft International Airport Road, Zirakpur, Chandigarh, Punjab.",40000,40000,0,20,4,,No,No,No,,False,True,Agent,87,Immediately,2026-03-31T10:04:45.000Z,"Mar 31, '26",True
gsnzWjaVWJNzpSvf+uAgZw==,Magicbricks,https://www.magicbricks.com/property-details/3-BHK-1700-Sq-ft-Multistorey-Apartment-FOR-Rent-in-Chandigarh&id=4d423833373535363131,2026-04-19 13:51:15,,,,Sidhidatri Corporate,"Chandigarh, Chandigarh",,,,Apartment,Semi-Furnished,2,2,East,1700,Sq-ft,New Construction,"vip area. near park 3 BHK apartment is available on rent in sector 40 area Chandigarh right away. The apartment is available at an affordable rental price of ₹32,000. Located on the 2 floor, the flat comprises 3 bathrooms, 2 balcony, and has a carpet area of 1600 sqft. The apartment comes furnished with power back up, ro water system.",32000,32000,0,19,3,,No,No,No,"RO Water System, Bar/Lounge, Outdoor Tennis Courts",True,True,Agent,58,Immediately,2026-03-12T13:20:43.000Z,"Mar 12, '26",True
gBH5fvAHpchzpSvf+uAgZw==,Magicbricks,https://www.magicbricks.com/property-details/3-BHK-1500-Sq-ft-Builder-Floor-Apartment-FOR-Rent-Sector-37-in-Chandigarh&id=4d423832323237373237,2026-04-19 13:51:15,30.7378169,76.7495233,,Sector-37,"Chandigarh, Chandigarh",,,,Builder Floor Apartment,Unfurnished,2,3,East,1500,Sq-ft,2013,"1 double bed and sofa 3 bhk double storey tastefully built Check out this newly constructed 3 BHK flat on rent in the prime location of Sector 37 Chandigarh. The 3 BHK apartment is available at a reasonable rent of ₹30,037. The flat is on the 2 floor and includes 3 bathrooms, 4 balcony with a carpet area of 1000 sqft. You can visit the flat at Sector 37, Chandigarh, Chandigarh.",30037,30000,,20,3,,No,No,No,,True,True,Agent,46,Immediately,2026-04-04T08:18:22.000Z,"Apr 04, '26",True
BDk/N48zv25zpSvf+uAgZw==,Magicbricks,https://www.magicbricks.com/property-details/3-BHK-2600-Sq-ft-Builder-Floor-Apartment-FOR-Rent-Sector-20-in-Chandigarh&id=4d423731363737303435,2026-04-19 13:51:15,30.7213417,76.7812596,,Sector 20,Chandigarh,,,,Builder Floor Apartment,Unfurnished,2,2,North - East,2600,Sq-ft,2016,"Newly Built Kothi in gud location Check out this newly constructed 3 BHK flat on rent in the prime location of Sector 20 Chandigarh. The rent of the 3 BHK flat is ₹40,000. Located on the 2 floor, the flat comprises 3 bathrooms, 4 balcony, and has a carpet area of 2200 sqft. This home provides air conditioned. The address is Chandigarh, Sector 20, Chandigarh, Chandigarh.",40000,40000,,15,3,,No,No,No,Air Conditioned,True,True,Agent,63,Immediately,2026-03-19T05:33:29.000Z,"Mar 19, '26",True
2yjusvnWv9pzpSvf+uAgZw==,Magicbricks,https://www.magicbricks.com/property-details/3-BHK-2150-Sq-ft-Multistorey-Apartment-FOR-Rent-Zirakpur-in-Chandigarh&id=4d423739363935383637,2026-04-19 13:51:15,30.656788,76.82119203,,Zirakpur,zirakpur,"19201|Mk Technology Park, 19202|V.B. International Senior Secondary School, 19202|Maya International School, 19206|Tricity Square, 19206|Chandigarh Citi Centre",,,Apartment,Furnished,10,14,North - East,2150,Sq-ft,New Construction,"3bhk semi furnished luxury flat available for rent in Zirakpur at very reasonable price If you are planning to rent a flat, you can consider this 3 BHK flat situated in the prime location of Zirakpur. The rent of the 3 BHK flat is ₹38,000. Located on the 10 floor, the flat has 3 bathrooms, 3 balcony in carpet area of 2050 sqft. 1 Covered parking facility are also available. The residence includes power back up, reserved parking, security. The apartment is located at High Ground Road, Chandigarh-Patiala Highway, Zirakpur, Punjab, India..",38000,38000,,18,3,1 Covered,Yes,No,No,Banquet Hall,False,True,Agent,95,Immediately,2026-04-18T23:45:33.000Z,Today,True
1J89jWYPm/VzpSvf+uAgZw==,Magicbricks,https://www.magicbricks.com/property-details/3-BHK-1600-Sq-ft-Multistorey-Apartment-FOR-Rent-Sector-44-in-Chandigarh&id=4d423832343137323231,2026-04-19 13:51:15,30.7127179,76.7524087,,Sector-44,sector 44 chandigarh,,,,Apartment,Semi-Furnished,1,3,North - East,1600,Sq-ft,Above 20 years,"3bhk flat available for rent on a very prime location of chandigarh in the market You can explore this 3 BHK flat on rent in Sector 44 Chandigarh. ₹35,000 is the monthly rent of this 3 BHK flat. The apartment is on the 1 floor, has a covered area of 1600 sqft with 2 bathrooms and 2 balcony. 1 Covered parking facility are also available. The apartment comes furnished with power back up, reserved parking, security, service/goods lift, air conditioned, ro water system. You can visit the flat at Sector 44, Chandigarh, Punjab .",35000,39500,,22,2,1 Covered,Yes,No,No,"Service/Goods Lift, Air Conditioned, RO Water System",False,True,Agent,92,Immediately,2026-04-16T23:45:21.000Z,"Apr 17, '26",True
kAORv8sE7R1zpSvf+uAgZw==,Magicbricks,https://www.magicbricks.com/property-details/3-BHK-1870-Sq-ft-Multistorey-Apartment-FOR-Rent-Zirakpur-in-Chandigarh&id=4d423832303836383033,2026-04-19 13:51:15,30.656788,76.82119203,,Zirakpur,Highground Road Patiala Highway,"19201|Mk Technology Park, 19202|St. Xaviers International School, 19202|V.B. International Senior Secondary School, 19206|Tricity Square, 19206|Chandigarh Citi Centre",,,Apartment,Unfurnished,7,14,East,1870,Sq-ft,Less than 5 years,"Check out this newly constructed 3 BHK flat on rent in the prime location of Zirakpur Chandigarh. ₹33,000 is the monthly rent of this 3 BHK flat. Located on the 7 floor, the flat comprises 3 bathrooms, 3 balcony, and has a carpet area of 1022 sqft. There is also facility of 1 Covered parking. The apartment is equipped with power back up, reserved parking, security, service/goods lift, visitor parking.",33000,33000,0,18,3,1 Covered,Yes,No,No,"Service/Goods Lift, Visitor Parking",False,True,Agent,100,Immediately,2026-04-16T23:45:22.000Z,"Apr 17, '26",True
HWcVsW0Y6ARzpSvf+uAgZw==,Magicbricks,https://www.magicbricks.com/property-details/3-BHK-4000-Sq-ft-Builder-Floor-Apartment-FOR-Rent-Sector-21D-in-Chandigarh&id=4d423833333935303135,2026-04-19 13:51:15,30.728203,76.773511,,Ritesh Dhamija,Sector 21 D Chandigarh,,,,Builder Floor Apartment,Furnished,1,2,North - East,4000,Sq-ft,Less than 5 years,"Its a Three Bedrooms Drawing Dining Room Kitchen and two Bathrooms on First floor in 1 Kanal House in Sector 21 D, Chandigarh. The House is fully furnished and at a Prime location very near to Market. IDeal For Companies and Family. Call Now DHAMIJA PROPERTIES",115000,115000,2000,29,2,"1 Covered, 2 Open",No,No,No,,True,True,Agent,100,Immediately,2026-02-17T06:08:28.000Z,"Feb 17, '26",True
xW96YxHxFdNzpSvf+uAgZw==,Magicbricks,https://www.magicbricks.com/property-details/3-BHK-2000-Sq-ft-Builder-Floor-Apartment-FOR-Rent-Sector-11-in-Chandigarh&id=4d423732323234323435,2026-04-19 13:51:15,30.7583236,76.7841443,,Sector-11,"Chandigarh, Chandigarh","19202|Sanawar Montessori School, 19202|Government Model Sr. Sec. School",,,Builder Floor Apartment,Unfurnished,1,2,North - West,,,10 to 15 years,"In VIP Sector fully furnished 3bhk floor available for lease. Rare Availability You can avail the 3 BHK flat for rent in the well-known location of Sector 11. The flat is available for rent at a competitive amount of ₹1.5 Lac. The flat is on the 1 floor and includes 3 bathrooms, 3 balcony with a carpet area of 2000 sqft. The residence includes reserved parking, air conditioned, intercom facility, ro water system. The apartment is located at Sector 11, Chandigarh, Chandigarh.",150000,,,,3,,No,No,No,"Air Conditioned, Intercom Facility, Internet/Wi-Fi Connectivity, RO Water System",False,True,Agent,68,Immediately,2026-02-24T05:27:10.000Z,"Feb 24, '26",True
DNXlj47monRzpSvf+uAgZw==,Magicbricks,https://www.magicbricks.com/property-details/3-BHK-3260-Sq-ft-Builder-Floor-Apartment-FOR-Rent-Sector-34-in-Chandigarh&id=4d423833353038353037,2026-04-19 13:51:15,30.7195549,76.7639499,,Sector-34,"Chandigarh, Chandigarh","19202|Kundan International School, 19202|Northridge International School, 19203|Mukat Hospital And Heart Institute, 19206|Piccadilly Square Mall",,,Builder Floor Apartment,Furnished,2,3,North,3260,Sq-ft,New Construction,"brand new 3 1bhk with lift Is available for rent at a very prime locality in sector 34 chandigarh.FOR MORE DETAILS OR TO SCHEDULE A VISIT PLEASE CONTACT US. Find this 3 BHK rental flat in Sector 34 Chandigarh. The flat is available for rent at a competitive amount of ₹1.4 Lac. Located on the 2 floor, the flat comprises 3 bathrooms, 3 balcony, and has a carpet area of 3850 sqft. You can visit the flat at Sector 34, Chandigarh, Chandigarh.",140000,,,43,3,,No,No,No,,False,True,Agent,63,Immediately,2026-02-22T05:39:36.000Z,"Feb 22, '26",True
5FBsmRYlBDFzpSvf+uAgZw==,Magicbricks,https://www.magicbricks.com/property-details/3-BHK-3000-Sq-ft-Builder-Floor-Apartment-FOR-Rent-Sector-27-in-Chandigarh&id=4d423833393431313633,2026-04-19 13:51:15,30.7231259,76.7985669,,Sector 27,"Chandigarh, Chandigarh","19202|Moti Ram Arya School, 19202|New Public Schools",,,Builder Floor Apartment,Furnished,1,3,East,3000,Sq-ft,New Construction,12 marla Newly built fully furnished independent First floor with lift 3bedrooms attached bath drawing dinning modular kitchen airy sunny rooms Walking distance for daily needs Near to school hospital market etc,110000,110000,,37,3,,Yes,No,No,"Service/Goods Lift, Air Conditioned, RO Water System",True,True,Agent,68,Immediately,2026-03-25T13:48:03.000Z,"Mar 25, '26",True
X0gmQa6x2y5zpSvf+uAgZw==,Magicbricks,https://www.magicbricks.com/property-details/3-BHK-2500-Sq-ft-Builder-Floor-Apartment-FOR-Rent-Sector-34-in-Chandigarh&id=4d423832393231383935,2026-04-19 13:51:15,30.7195549,76.7639499,,Sector-34,"Chandigarh, Chandigarh","19202|Aanchal International School, 19202|Kundan International School, 19203|Mukat Hospital And Heart Institute, 19206|Piccadilly Square Mall",,,Builder Floor Apartment,Furnished,2,2,North,2500,Sq-ft,New Construction,"Newly fully furnished 3 bhk Attached 3 bath second floor near market posh location. If you are searching a 3 BHK apartment for rent in Sector 34, check out this amazing rental flat. Available at a rental price of ₹1.5 Lac, this 3 BHK flat is worth considering. The apartment is on the 2 floor, has a carpet area of 1800 sqft with 3 bathrooms and 2 balcony. This unit is designed with power back up, reserved parking, air conditioned, intercom facility, ro water system. The full address of the apartment is Sector 34, Chandigarh, Chandigarh.",150000,300000,1000,60,3,,No,No,No,"Air Conditioned, Laundry Service, Internet/Wi-Fi Connectivity, Banquet Hall",False,True,Agent,71,Immediately,2026-03-18T05:45:01.000Z,"Mar 18, '26",True
KiI7oOvnUDpzpSvf+uAgZw==,Magicbricks,https://www.magicbricks.com/property-details/3-BHK-4200-Sq-ft-Builder-Floor-Apartment-FOR-Rent-Sector-21-in-Chandigarh&id=4d423832313834303531,2026-04-19 13:51:15,30.7263907,76.77549,,Sector 21,"Chandigarh, Chandigarh",19202|Manav Mangal High School,,,Builder Floor Apartment,Furnished,1,2,North - East,4200,Sq-ft,New Construction,"1 kanal, House Floor available for rent in Sector 21, Chandigarh at 1st floor. Fully Furnished, Newly built up Spacious room, Wide Balcony, Peaceful Location, Beautiful Built up. Contact us for More Details",150000,150000,0,36,3,"1 Covered, 2 Open",No,No,No,,True,True,Agent,93,Immediately,2026-03-27T11:04:52.000Z,"Mar 27, '26",True
nrg9aAD33LdzpSvf+uAgZw==,Magicbricks,https://www.magicbricks.com/property-details/3-BHK-2200-Sq-ft-Builder-Floor-Apartment-FOR-Rent-Sector-34-in-Chandigarh&id=4d423833323932363333,2026-04-19 13:51:15,30.7195549,76.7639499,,Sector-34,near main market n main park,"19202|Aanchal International School, 19202|Northridge International School, 19203|Mukat Hospital And Heart Institute, 19206|Piccadilly Square Mall",,,Builder Floor Apartment,Unfurnished,1,2,North - East,2200,Sq-ft,Less than 5 years,"Beautiful location Prime Sector Newly Built first floor 3bhk 3 bath n lift with Servant Room facing Park available in Reasonable Price You can avail the 3 BHK flat for rent in the well-known location of Sector 34. Available at a rental price of ₹1.5 Lac, this 3 BHK flat is worth considering. The apartment is on the 1 floor, has a carpet area of 2150 sqft with 3 bathrooms and 2 balcony. This property offers power back up, reserved parking, security, visitor parking. The apartment is located at near main market n main park, Sector 34, Chandigarh, Chandigarh.",150000,,,68,3,,No,No,Yes,Visitor Parking,True,True,Agent,73,Immediately,2026-03-24T09:48:46.000Z,"Mar 24, '26",True
Z5Y0kGyJirJzpSvf+uAgZw==,Magicbricks,https://www.magicbricks.com/property-details/3-BHK-4500-Sq-ft-Builder-Floor-Apartment-FOR-Rent-Sector-11-in-Chandigarh&id=4d423832313630363533,2026-04-19 13:51:15,30.7583236,76.7841443,,Sector-11,"Chandigarh, Chandigarh","19202|Government Model Sr. Sec. School, 19202|D.A.V. Model School",,,Builder Floor Apartment,Unfurnished,Ground,2,East,4500,Sq-ft,2013,"Builder floor apartment is available for rent. Kanal Ground floor with servant Quarter. Grab the chance to own this affordable 3 BHK flat for rent in the Sector 11 area. The Rent amount of this 3 BHK apartment is set at an attractive price of ₹1 Lac. The apartment is on the Ground floor, has a carpet area of 2500 sqft with 3 bathrooms and 2 balcony. This unit features air conditioned, ro water system. The full address of the apartment is Sector 11, Chandigarh, Chandigarh.",100011,200000,,22,3,,No,No,No,"Air Conditioned, RO Water System",True,True,Agent,45,Immediately,2026-04-04T08:19:05.000Z,"Apr 04, '26",True
CacmYOdM6lRzpSvf+uAgZw==,Magicbricks,https://www.magicbricks.com/property-details/3-BHK-2400-Sq-yrd-Builder-Floor-Apartment-FOR-Rent-Sector-19-in-Chandigarh&id=4d423830323439313433,2026-04-19 13:51:15,30.7304019,76.795998,,Sector 19,"Chandigarh, Chandigarh",19209|Zirakpur Airport,,,Builder Floor Apartment,Semi-Furnished,1,2,East,2400,Sq-yrd,New Construction,"Sunfacung, spacious, have 2 bedrooms with attached bathrooms You can explore this 3 BHK flat on rent in Sector 19 Chandigarh. The apartment is available at an affordable rental price of ₹1.2 Lac. Located on the 1 floor, the flat has 3 bathrooms, 4 balcony in carpet area of 2400 sqft. This property offers reserved parking, security, service/goods lift, air conditioned, ro water system. Visit the flat at Sector 19, Chandigarh, Chandigarh. This is a no-brokerage flat, as the owner is offering this 3 BHK flat on rent.",120000,240000,,6,3,,Yes,No,No,"Service/Goods Lift, Air Conditioned, RO Water System",False,False,Owner,81,Immediately,2026-03-13T03:35:07.000Z,"Mar 13, '26",True
CbTvfxE3v19zpSvf+uAgZw==,Magicbricks,https://www.magicbricks.com/property-details/3-BHK-2250-Sq-ft-Builder-Floor-Apartment-FOR-Rent-Sector-8-in-Chandigarh&id=4d423736363637303939,2026-04-19 13:51:15,30.7416185,76.8000091,,Sector 8,"Chandigarh, Chandigarh","19202|C L Aggarwal D.A.V Model School, 19202|New Pragati Sen Sec School",,,Builder Floor Apartment,Unfurnished,2,3,North - West,,,Less than 5 years,"Brand New Luxurious Built Triple Storey with Lift. Grab the chance to own this affordable 3 BHK flat for rent in the Sector 8 area. Available at a rental price of ₹1.5 Lac, this 3 BHK flat is worth considering. The apartment is on the 2 floor, has a carpet area of 2250 sqft with 3 bathrooms and 2 balcony. The apartment is equipped with reserved parking, air conditioned, ro water system. Visit the apartment at Sector 8, Chandigarh, Chandigarh.",150000,,,,3,,Yes,No,No,"Air Conditioned, RO Water System",False,True,Agent,63,Immediately,2026-03-08T08:21:03.000Z,"Mar 08, '26",True
R0S+XrNGlbxzpSvf+uAgZw==,Magicbricks,https://www.magicbricks.com/property-details/3-BHK-3500-Sq-ft-Builder-Floor-Apartment-FOR-Rent-Sector-33-in-Chandigarh&id=4d423834303738383235,2026-04-19 13:51:15,30.7137743,76.769673,,Sector-33,Sector 33,"19201|Graycell Technologies, 19202|Paragon Convent School, 19202|Kendriya Vidyalya Sangathan, 19203|Landmark Hospital, 19203|Ayu Health Hospital",,,Builder Floor Apartment,Semi-Furnished,1,3,East,3500,Sq-ft,Less than 5 years,"3 BHK for rent in very good location Find this 3 BHK rental flat in Sector 33 Chandigarh. Available at a rental price of ₹1.5 Lac, this 3 BHK flat is worth considering. The flat is located on the 1 floor which includes 4 bathrooms, 2 balcony, and covers a carpet area of 5000 sqft. 1 Open parking space is also available. This unit features reserved parking. This flat is located at Sector 33, Sector 33, Chandigarh, Chandigarh.",150000,150000,0,43,4,1 Open,No,No,No,,True,True,Agent,100,Immediately,2026-04-04T14:38:39.000Z,"Apr 04, '26",True
df9WW4HgLjJzpSvf+uAgZw==,Magicbricks,https://www.magicbricks.com/property-details/3-BHK-5000-Sq-ft-Builder-Floor-Apartment-FOR-Rent-Sector-21-in-Chandigarh&id=4d423832393232383431,2026-04-19 13:51:15,30.7263907,76.77549,,Sector 21,"Chandigarh, Chandigarh",19202|Manav Mangal High School,,,Builder Floor Apartment,Furnished,1,3,North,5000,Sq-ft,New Construction,"Builder floor apartment is available for rent. It has a covered area of 5000 sq-ft, it is 3 BHK apartment. Please contact for more details. Check out this newly constructed 3 BHK flat on rent in the prime location of Sector 21 Chandigarh. This 3 BHK flat can be availed at the rental price of ₹1.5 Lac. The flat is on the 1 floor and includes 3 bathrooms, 2 balcony with a carpet area of 3000 sqft. The flat comes with reserved parking, air conditioned, intercom facility, ro water system. The full address of the apartment is Sector 21, Chandigarh, Chandigarh.",150000,300000,1000,30,3,,No,No,No,"Air Conditioned, Laundry Service, Internet/Wi-Fi Connectivity, Banquet Hall",False,True,Agent,68,Immediately,2026-03-18T05:46:49.000Z,"Mar 18, '26",True
Z22tHkQj5sJzpSvf+uAgZw==,Magicbricks,https://www.magicbricks.com/property-details/3-BHK-4200-Sq-ft-Builder-Floor-Apartment-FOR-Rent-Sector-21-in-Chandigarh&id=4d423832343032373037,2026-04-19 13:51:15,30.7263907,76.77549,,Sector 21,"Chandigarh, Chandigarh",19202|Manav Mangal High School,,,Builder Floor Apartment,Furnished,1,2,North - East,4200,Sq-ft,New Construction,"1 kanal, House Floor available for rent in Sector 21, Chandigarh at 1st floor. Fully Furnished, Newly built up Spacious room, Wide Balcony, Peaceful Location, Beautiful Built up. Contact us for More Details.",150000,150000,0,36,3,"1 Covered, 2 Open",No,No,No,,True,True,Agent,73,Immediately,2026-02-17T10:53:50.000Z,"Feb 17, '26",True
2gX9Oy9sE25zpSvf+uAgZw==,Magicbricks,https://www.magicbricks.com/property-details/3-BHK-2000-Sq-ft-Builder-Floor-Apartment-FOR-Rent-Sector-34-in-Chandigarh&id=4d423833393437393139,2026-04-19 13:51:15,30.7195549,76.7639499,,Sector-34,house no. 8888,"19202|Kundan International School, 19202|Northridge International School, 19203|Mukat Hospital And Heart Institute, 19206|Piccadilly Square Mall",,,Builder Floor Apartment,Semi-Furnished,1,2,North - West,2000,Sq-ft,Less than 5 years,"Prime Location Posh area 1 kanal 3bhk with lift first floor call for more details Check out this newly constructed 3 BHK flat on rent in the prime location of Sector 34 Chandigarh. The flat is available for rent at a competitive amount of ₹1.2 Lac. The flat is located on the 1 floor which includes 4 bathrooms, 2 balcony, and covers a carpet area of 1950 sqft. The residence includes power back up, reserved parking, security, visitor parking. Visit the flat at house no. 8888, Sector 34, Chandigarh, Chandigarh.",115000,,,58,4,,Yes,No,No,Visitor Parking,True,True,Agent,53,Immediately,2026-03-26T07:41:04.000Z,"Mar 26, '26",True
hCGLqMgz62BzpSvf+uAgZw==,Magicbricks,https://www.magicbricks.com/property-details/3-BHK-2500-Sq-ft-Builder-Floor-Apartment-FOR-Rent-Sector-21-in-Chandigarh&id=4d423832373439373033,2026-04-19 13:51:15,30.7263907,76.77549,,Sector 21,Dk Estates,19202|Manav Mangal High School,,,Builder Floor Apartment,Furnished,3,3,East,2500,Sq-ft,5 to 10 years,"First floor 1 kanal 3 BHK apartment is available on rent in Sector 21 Chandigarh right away. The 3 BHK apartment is available at a reasonable rent of ₹1 Lac. The apartment is on the 3 floor, has a carpet area of 1800 sqft with 3 bathrooms and 2 balcony. This property offers power back up, reserved parking, security, air conditioned, ro water system. Visit the flat at Dk Estates, Sector 21, Chandigarh, Chandigarh.",100021,100000,,40,3,,No,No,No,"Air Conditioned, RO Water System",True,True,Agent,54,Immediately,2026-04-04T08:15:59.000Z,"Apr 04, '26",True
uIQbcoXT2AhzpSvf+uAgZw==,Magicbricks,https://www.magicbricks.com/property-details/3-BHK-5000-Sq-ft-Builder-Floor-Apartment-FOR-Rent-Sector-10-in-Chandigarh&id=4d423833383133303837,2026-04-19 13:51:15,30.7532757,76.7899135,,Sector 10,"Chandigarh, Chandigarh",,,,Builder Floor Apartment,Semi-Furnished,1,2,East,5000,Sq-ft,10 to 15 years,"1 kanal independent semi furnished first floor has 3 bedroom attached bathroom, drawing, dinning, modular kitchen, airy sunny rooms. A beautiful 3 BHK flat is available for rent in Sector 10. ₹1.3 Lac is the monthly rent of this 3 BHK flat. The flat is located on the 1 floor which includes 3 bathrooms, 2 balcony, and covers a carpet area of 3200 sqft. There is also facility of 1 Open parking. The apartment comes furnished with reserved parking, air conditioned, ro water system. The apartment is located at Sector 10, Chandigarh, Chandigarh.",125000,125000,0,25,3,1 Open,No,No,No,"Air Conditioned, RO Water System",True,True,Agent,75,Immediately,2026-03-17T03:17:23.000Z,"Mar 17, '26",True
WbWfcCju+CBzpSvf+uAgZw==,Magicbricks,https://www.magicbricks.com/property-details/3-BHK-5000-Sq-ft-Builder-Floor-Apartment-FOR-Rent-Sector-34-in-Chandigarh&id=4d423833383331313931,2026-04-19 13:51:15,30.7195549,76.7639499,,Sector-34,"Chandigarh, Chandigarh","19202|Aanchal International School, 19202|Kundan International School, 19203|Mukat Hospital And Heart Institute, 19206|Piccadilly Square Mall",,,Builder Floor Apartment,Semi-Furnished,1,2,North,5000,Sq-ft,New Construction,"Builder-floor apartment is available for rent. It is a good location property. Please contact for more details. If you are searching a 3 BHK apartment for rent in Sector 34, check out this amazing rental flat. The flat is available for rent at a competitive amount of ₹1.3 Lac. The flat is located on the 1 floor which includes 3 bathrooms, 2 balcony, and covers a carpet area of 2500 sqft. This home provides reserved parking, air conditioned, intercom facility, ro water system. The apartment is located at Sector 34, Chandigarh, Chandigarh.",125000,250000,1000,25,3,,No,No,No,"Air Conditioned, Laundry Service, Internet/Wi-Fi Connectivity, Banquet Hall",False,True,Agent,68,Immediately,2026-03-18T06:07:28.000Z,"Mar 18, '26",True
C62P2xs8fJJzpSvf+uAgZw==,Magicbricks,https://www.magicbricks.com/property-details/3-BHK-2000-Sq-ft-Builder-Floor-Apartment-FOR-Rent-Sector-33-in-Chandigarh&id=4d423833393437383035,2026-04-19 13:51:15,30.7137743,76.769673,,Sector-33,house no 8888,"19201|Graycell Technologies, 19202|Kendriya Vidyalya Sangathan, 19202|Paragon Convent School, 19203|Ayu Health Hospital, 19203|Landmark Hospital",,,Builder Floor Apartment,Semi-Furnished,Ground,2,,2000,Sq-ft,10 to 15 years,"Posh Locality Ground Floor very spacious 1 Kanal with Servant Room beautiful location call for more details You can explore this 3 BHK flat on rent in Sector 33 Chandigarh. ₹1.1 Lac is the monthly rent of this 3 BHK flat. The flat is located on the Ground floor which includes 3 bathrooms, 2 balcony, and covers a carpet area of 1950 sqft. This flat is fitted with reserved parking, visitor parking. The address is house no 8888, Sector 33, Chandigarh, Chandigarh.",110000,,,55,3,,No,No,No,Visitor Parking,True,True,Agent,51,Immediately,2026-03-26T07:34:57.000Z,"Mar 26, '26",True
I5zy9AgCvwhzpSvf+uAgZw==,Magicbricks,https://www.magicbricks.com/property-details/3-BHK-2000-Sq-ft-Builder-Floor-Apartment-FOR-Rent-Sector-38-in-Chandigarh&id=4d423833393437363735,2026-04-19 13:51:15,30.7456844,76.7437522,,Sector-38,house no 8888,,,,Builder Floor Apartment,Semi-Furnished,2,2,,2000,Sq-ft,New Construction,"Prime Location Beautifully Built Newly Built 1 kanal 2nd floor with roof right n Lift call for more details If you are searching a 3 BHK apartment for rent in Sector 38, check out this amazing rental flat. The Rent amount of this 3 BHK apartment is set at an attractive price of ₹1.3 Lac. The flat is on the 2 floor and includes 3 bathrooms, 2 balcony with a carpet area of 1950 sqft. This property offers power back up, reserved parking, visitor parking. The apartment is located at house no 8888, Sector 38, Chandigarh, Chandigarh.",125000,,,62,3,,Yes,No,No,Visitor Parking,True,True,Agent,51,Immediately,2026-03-26T07:29:59.000Z,"Mar 26, '26",True
nJWq1aRR/0tzpSvf+uAgZw==,Magicbricks,https://www.magicbricks.com/property-details/3-BHK-2600-Sq-ft-Builder-Floor-Apartment-FOR-Rent-Sector-33-in-Chandigarh&id=4d423833363132383433,2026-04-19 13:51:15,30.7137743,76.769673,,Sector-33,house no.00,"19201|Graycell Technologies, 19202|Paragon Convent School, 19202|Kendriya Vidyalya Sangathan, 19203|Landmark Hospital, 19203|Ayu Health Hospital",,,Builder Floor Apartment,Semi-Furnished,1,2,North - West,2600,Sq-ft,New Construction,"Prime Location facing park Newly Built with lift beautifully built No parking issue Check out this newly constructed 3 BHK flat on rent in the prime location of Sector 33 Chandigarh. You can get this flat at monthly rent of ₹1.5 Lac. The flat is on the 1 floor and includes 3 bathrooms, 2 balcony with a carpet area of 2450 sqft. The flat comes with power back up, reserved parking, security, visitor parking. This flat is located at house no.00, Sector 33, Chandigarh, Chandigarh.",145000,,,56,3,,Yes,No,No,Visitor Parking,True,True,Agent,58,Immediately,2026-03-02T07:06:24.000Z,"Mar 02, '26",True
MUks8fS5xj9zpSvf+uAgZw==,Magicbricks,https://www.magicbricks.com/property-details/3-BHK-1-Kanal-Builder-Floor-Apartment-FOR-Rent-Sector-21-in-Chandigarh&id=4d423833313338323239,2026-04-19 13:51:15,30.7263907,76.77549,,Sector 21,"Chandigarh, Chandigarh",19202|Manav Mangal High School,,,Builder Floor Apartment,Semi-Furnished,1,3,East,1,Kanal,New Construction,"1kanal independent 1st floor 3 BHK 3 Bath Modular kitchen with Servent Room Lift All AC Fans cupboards lights, LED lights, wooden flooring, beautiful location, Sector 21, Chandigarh contact The Tricity Properties",165000,,,30,3,,No,No,No,"Visitor Parking, Laundry Service, Jogging and Strolling Track, Outdoor Tennis Courts",False,True,Agent,73,Immediately,2026-04-11T11:36:37.000Z,"Apr 11, '26",True
CtUYd1y9reBzpSvf+uAgZw==,Magicbricks,https://www.magicbricks.com/property-details/3-BHK-3180-Sq-ft-Builder-Floor-Apartment-FOR-Rent-Sector-11-in-Chandigarh&id=4d423833313839363837,2026-04-19 13:51:15,30.7583236,76.7841443,,Sector-11,"Chandigarh, Chandigarh","19202|Government Model Sr. Sec. School, 19202|Sanawar Montessori School",,,Builder Floor Apartment,Semi-Furnished,1,2,North - East,3180,Sq-ft,New Construction,"Newly built first floor 3 bedrooms attached bathrooms drawing dining modular kitchen with lift. Check out this newly constructed 3 BHK flat on rent in the prime location of Sector 11 Chandigarh. You can get this flat at monthly rent of ₹1.8 Lac. The apartment is on the 1 floor, has a carpet area of 2450 sqft with 3 bathrooms and 2 balcony. The apartment comes furnished with visitor parking. The address is Sector 11, Chandigarh, Chandigarh.",175000,,,55,3,,Yes,No,No,Visitor Parking,False,True,Agent,76,Immediately,2026-04-08T05:28:51.000Z,"Apr 08, '26",True
+kXt9wtCcfVzpSvf+uAgZw==,Magicbricks,https://www.magicbricks.com/property-details/3-BHK-3568-Sq-ft-Builder-Floor-Apartment-FOR-Rent-Sector-21-in-Chandigarh&id=4d423834313532353039,2026-04-19 13:51:15,30.7263907,76.77549,,Sector 21,"Chandigarh, Chandigarh",19202|Manav Mangal High School,,,Builder Floor Apartment,Semi-Furnished,2,3,,3568,Sq-ft,New Construction,brand new 1 kanal corner and facing park 3bhk plus servant room with lift facility is available for rent at a very prime locality in sector 21 chandigarh. FOR MORE DETAILS OR TO SCHEDULE A VISIT PLEASE CONTACT US,175000,,,49,3,,No,No,No,,False,True,Agent,62,Immediately,2026-04-09T04:16:33.000Z,"Apr 09, '26",True
dqEmGI5Pb1JzpSvf+uAgZw==,Magicbricks,https://www.magicbricks.com/property-details/3-BHK-2450-Sq-ft-Builder-Floor-Apartment-FOR-Rent-Sector-21D-in-Chandigarh&id=4d423832313532373633,2026-04-19 13:51:15,30.728203,76.773511,,Vasudeva Properties,"Chandigarh, Chandigarh",,,,Builder Floor Apartment,Furnished,1,3,South - East,2450,Sq-ft,New Construction,"independent brand new builder floor in Sector 21 Find 3 BHK flat for rent in Sector 21D Chandigarh. This 3 BHK flat is available at the reasonable rent amount of ₹1.6 Lac. Located on the 1 floor, the flat has 4 bathrooms, 2 balcony in carpet area of 2250 sqft. This flat is fitted with power back up, reserved parking, security, service/goods lift, air conditioned, intercom facility, ro water system. Visit the apartment at Sector 21D, Chandigarh, Chandigarh.",160000,320000,,65,4,,No,No,No,"Air Conditioned, Laundry Service, Jogging and Strolling Track, Outdoor Tennis Courts",False,True,Agent,73,Immediately,2026-03-17T19:02:27.000Z,"Mar 18, '26",True
tu7aOVDT+vNzpSvf+uAgZw==,Magicbricks,https://www.magicbricks.com/property-details/3-BHK-5445-Sq-ft-Builder-Floor-Apartment-FOR-Rent-Sector-21-in-Chandigarh&id=4d423834313730383631,2026-04-19 13:51:15,30.7263907,76.77549,,Sector 21,house no.9999,19202|Manav Mangal High School,,,Builder Floor Apartment,Semi-Furnished,2,2,North - East,5445,Sq-ft,New Construction,"Premium floor Newly built Second Floor in the heart of the city corner Property excellent view ,ventilated and Modern living Experience ,facing park ,roof rights with Lift Call for more details If you are searching a 3 BHK apartment for rent in Sector 21, check out this amazing rental flat. This 3 BHK flat can be availed at the rental price of ₹1.8 Lac. The flat is on the 2 floor and includes 3 bathrooms, 4 balcony with a carpet area of 4500 sqft. The property features power back up, reserved parking, security, visitor parking. Visit the flat at house no.9999, Sector 21, Chandigarh, Chandigarh.",175000,,,32,3,,Yes,No,No,Visitor Parking,True,True,Agent,78,Immediately,2026-04-10T02:34:02.000Z,"Apr 10, '26",True
eUTlRjEKkRRzpSvf+uAgZw==,Magicbricks,https://www.magicbricks.com/property-details/3-BHK-3200-Sq-ft-Builder-Floor-Apartment-FOR-Rent-Sector-33-in-Chandigarh&id=4d423833383637303731,2026-04-19 13:51:15,30.7137743,76.769673,,Sector-33,"Chandigarh, Chandigarh","19201|Graycell Technologies, 19202|Paragon Convent School, 19202|Kendriya Vidyalya Sangathan, 19203|Landmark Hospital, 19203|Ayu Health Hospital",,,Builder Floor Apartment,Semi-Furnished,1,3,South - East,3200,Sq-ft,New Construction,"one kanal first floor three bedroom drawing dinning attached washroom with servant room inside car parking sector 33 chandigarh 3 BHK apartment is available on rent in Sector 33 Chandigarh right away. The apartment is available at an affordable rental price of ₹1.7 Lac. The flat is on the 1 floor and includes 3 bathrooms, 3 balcony with a carpet area of 2800 sqft. The apartment is equipped with power back up, reserved parking, security, air conditioned, ro water system. Find this apartment at Sector 33, Chandigarh, Chandigarh.",170000,340000,0,53,3,,Yes,No,No,"Air Conditioned, RO Water System",False,True,Agent,76,Immediately,2026-03-19T13:15:46.000Z,"Mar 19, '26",True
DrsXDn1JX+5zpSvf+uAgZw==,Magicbricks,https://www.magicbricks.com/property-details/3-BHK-4500-Sq-ft-Builder-Floor-Apartment-FOR-Rent-Sector-21D-in-Chandigarh&id=4d423832313632343133,2026-04-19 13:51:15,30.728203,76.773511,,Sachdeva Real Estate,"Chandigarh, Chandigarh",,,,Builder Floor Apartment,Furnished,1,2,North - East,4500,Sq-ft,Less than 5 years,"3 BHK with Servant room, 1 kanal Independent floor available for rent in Sector 21 D, Chandigarh. Fully Furnished Beautiful Built up, Peaceful Location, Best Location. For More details contact us. You can avail the 3 BHK flat for rent in the well-known location of Sector 21D. The Rent amount of this 3 BHK apartment is set at an attractive price of ₹1.6 Lac. Get access to smart facilities such as 4 Wardrobe, 4 Bed, Fridge, 4 AC, Sofa and Dining Table simply by choosing this flat for rent. The flat is on the 1 floor and includes 3 bathrooms, 2 balcony with a carpet area of 4100 sqft. There is also facility of 1 Covered, 1 Open parking. The residence includes reserved parking. The full address of the apartment is Sector 21D, Chandigarh, Chandigarh.",155000,155000,0,34,3,"1 Covered, 1 Open",No,No,No,,True,True,Agent,90,Immediately,2026-04-07T10:59:15.000Z,"Apr 07, '26",True
gLKmkkCOe+5zpSvf+uAgZw==,Magicbricks,https://www.magicbricks.com/property-details/3-BHK-1800-Sq-ft-Builder-Floor-Apartment-FOR-Rent-Sector-36-in-Chandigarh&id=4d423832363437313231,2026-04-19 13:51:15,30.7327703,76.7552941,,Sector 36,Sector 36,,,,Builder Floor Apartment,Semi-Furnished,Ground,3,North - East,1800,Sq-ft,Less than 5 years,"sector 363bhk 3 bathroomssemi furnished 3 BHK apartment is available on rent in Sector 36 Chandigarh right away. The rent of the 3 BHK flat is ₹2.5 Lac. There is also facility of 1 Covered, 2 Open parking. This home provides reserved parking. Visit the flat at Sector 36, Sector 36, Chandigarh, Chandigarh.",250000,250000,0,139,3,"1 Covered, 2 Open",No,No,No,,True,True,Agent,100,Immediately,2026-02-20T06:29:23.000Z,"Feb 20, '26",True
8UY/B8jW+21zpSvf+uAgZw==,Magicbricks,https://www.magicbricks.com/property-details/3-BHK-6000-Sq-ft-Builder-Floor-Apartment-FOR-Rent-Sector-18-in-Chandigarh&id=4d423832393231383633,2026-04-19 13:51:15,30.7347851,76.7884713,,Sector 18,"Chandigarh, Chandigarh","19202|Saint Thomas - Cni School, 19202|Stepping Stones Sr. Sec. School",,,Builder Floor Apartment,Furnished,2,2,North,6000,Sq-ft,New Construction,"Newly 2 Kanal fully furnished 3 BHK attached 3 bathroom at second floor in posh location. Check out this newly constructed 3 BHK flat on rent in the prime location of Sector 18 Chandigarh. ₹2 Lac is the monthly rent of this 3 BHK flat. The apartment is on the 2 floor, has a carpet area of 3500 sqft with 3 bathrooms and 2 balcony. This property offers power back up, reserved parking, air conditioned, intercom facility. The apartment is located at Sector 18, Chandigarh, Chandigarh.",200000,400000,1000,33,3,,No,No,No,"Air Conditioned, Laundry Service, Internet/Wi-Fi Connectivity, Banquet Hall",False,True,Agent,68,Immediately,2026-03-13T06:57:02.000Z,"Mar 13, '26",True
OphcgwOjVbhzpSvf+uAgZw==,Magicbricks,https://www.magicbricks.com/property-details/3-BHK-5000-Sq-ft-Builder-Floor-Apartment-FOR-Rent-Sector-18-in-Chandigarh&id=4d423833343639373737,2026-04-19 13:51:15,30.7347851,76.7884713,,Sector 18,"Chandigarh, Chandigarh","19202|B M Schools Private Limited, 19202|Saint Thomas - Cni School",,,Builder Floor Apartment,Furnished,3,3,East,5000,Sq-ft,Less than 5 years,"2.5 kanal 2nd floor fully furnished 3 bhk servant room If you are searching a 3 BHK apartment for rent in Sector 18, check out this amazing rental flat. The rent of the 3 BHK flat is ₹1.8 Lac. The flat is on the 3 floor and includes 3 bathrooms, 3 balcony with a carpet area of 3000 sqft. This home provides power back up, reserved parking, security, air conditioned, ro water system. The address is Sector 18, Chandigarh, Chandigarh.",175018,350000,,35,3,,No,No,No,"Air Conditioned, RO Water System, Bar/Lounge",True,True,Agent,53,Immediately,2026-02-19T07:15:16.000Z,"Feb 19, '26",True
ckwU6afbyMNzpSvf+uAgZw==,Magicbricks,https://www.magicbricks.com/property-details/3-BHK-5000-Sq-ft-Builder-Floor-Apartment-FOR-Rent-Sector-21-in-Chandigarh&id=4d423834313039313333,2026-04-19 13:51:15,30.7263907,76.77549,,Sector 21,"Chandigarh, Chandigarh",19202|Manav Mangal High School,,,Builder Floor Apartment,Semi-Furnished,2,3,East,5000,Sq-ft,Less than 5 years,"1 kanal newly built independent semi furnished second floor has bedroom, attached bath, drawing, dinning, modular kitchen, servant room, attached bath, lift, facing park. 3 BHK apartment is available on rent in Sector 21 Chandigarh right away. The multistorey apartment is available at rent of ₹1.7 Lac. Located on the 2 floor, the flat has 3 bathrooms, 2 balcony in carpet area of 3500 sqft. 1 Open parking space is also available. This unit is designed with power back up, reserved parking, security, air conditioned, ro water system. The apartment is located at Sector 21, Chandigarh, Chandigarh.",170000,170000,0,34,3,1 Open,Yes,No,No,"Air Conditioned, RO Water System",True,True,Agent,75,Immediately,2026-04-06T14:34:49.000Z,"Apr 06, '26",True
knqQ2YCpvZJzpSvf+uAgZw==,Magicbricks,https://www.magicbricks.com/property-details/3-BHK-1-Kanal-Builder-Floor-Apartment-FOR-Rent-Sector-36-in-Chandigarh&id=4d423832363633333735,2026-04-19 13:51:15,30.7327703,76.7552941,,Sector 36,"Chandigarh, Chandigarh",,,,Builder Floor Apartment,Semi-Furnished,Ground,3,North - West,1,Kanal,New Construction,"1 Kanal Independent Ground ground floor 3BHK 4 Bath modular Kitchen newly built first time entry Sector 36 facing Park B Road, beautiful location car parking inside house Owner Free property contact the Tri-City Property Consultents Chandigarh",250000,,,46,4,,No,No,No,"Visitor Parking, Laundry Service, Jogging and Strolling Track, Outdoor Tennis Courts",False,True,Agent,73,Immediately,2026-02-24T06:15:40.000Z,"Feb 24, '26",True
gjRg1u9342lzpSvf+uAgZw==,Magicbricks,https://www.magicbricks.com/property-details/3-BHK-3200-Sq-ft-Builder-Floor-Apartment-FOR-Rent-Sector-11-in-Chandigarh&id=4d423831313738343335,2026-04-19 13:51:15,30.7583236,76.7841443,,Sector-11,"Chandigarh, Chandigarh","19202|Sanawar Montessori School, 19202|D.A.V. Model School",,,Builder Floor Apartment,Semi-Furnished,Ground,3,North - East,3200,Sq-ft,New Construction,"One kanal ground floor, three bedroom, drawing, dinning attached washroom with servant room, inside car parking, independent Gate, owner free at Sector 11, Chandigarh. Find 3 BHK flat for rent in Sector 11 Chandigarh. This 3 BHK flat can be availed at the rental price of ₹2.3 Lac. The flat is located on the Ground floor which includes 3 bathrooms, 2 balcony, and covers a carpet area of 2850 sqft. The flat comes with reserved parking, security, air conditioned. The full address of the apartment is Sector 11, Chandigarh, Chandigarh.",225000,500000,0,70,3,,No,No,Yes,Air Conditioned,False,True,Agent,71,Immediately,2026-03-20T02:10:02.000Z,"Mar 20, '26",True
4dseQj/GrWNzpSvf+uAgZw==,Magicbricks,https://www.magicbricks.com/property-details/3-BHK-4500-Sq-ft-Builder-Floor-Apartment-FOR-Rent-Sector-11-in-Chandigarh&id=4d423832313632363733,2026-04-19 13:51:15,30.7583236,76.7841443,,Sector-11,Sector 11,"19202|Sanawar Montessori School, 19202|D.A.V. Model School",,,Builder Floor Apartment,Semi-Furnished,Ground,2,North - East,4500,Sq-ft,Less than 5 years,"3 BHK with Servant room 1 kanal Independent floor available for rent in sector 11, Chandigarh.with Beautiful LawnSemi Furnished Beautiful Builtup ,Peaceful Location ,Best Location , surrounded by best Commercial hubs ,And also with Best Educational hubs,For More details contact us.",220000,220000,0,49,3,"2 Covered, 2 Open",No,No,No,,True,True,Agent,100,Immediately,2026-03-27T11:04:33.000Z,"Mar 27, '26",True
NfOV8hRgdxdzpSvf+uAgZw==,Magicbricks,https://www.magicbricks.com/property-details/3-BHK-2000-Sq-ft-Builder-Floor-Apartment-FOR-Rent-Sector-34-in-Chandigarh&id=4d423830333530373537,2026-04-19 13:51:15,30.7195549,76.7639499,,Sector-34,sector 34,"19202|Aanchal International School, 19202|Kundan International School, 19203|Mukat Hospital And Heart Institute, 19206|Piccadilly Square Mall",,,Builder Floor Apartment,Furnished,Ground,1,,2000,Sq-ft,Less than 5 years,"3 BHK flat is available for rent in Sector 34 immediately. This 3 BHK flat is available at the reasonable rent amount of ₹1.6 Lac. The flat can be visited at sector 34, Sector 34, Chandigarh, Chandigarh.",160000,160000,0,80,3,,No,No,No,,True,True,Agent,65,Immediately,2026-02-20T06:33:44.000Z,"Feb 20, '26",True
GzfmtZ2TvrBzpSvf+uAgZw==,Magicbricks,https://www.magicbricks.com/property-details/3-BHK-3500-Sq-ft-Builder-Floor-Apartment-FOR-Rent-Sector-33-in-Chandigarh&id=4d423834303638323839,2026-04-19 13:51:15,30.7137743,76.769673,,Sector-33,"Chandigarh, Chandigarh","19201|Graycell Technologies, 19202|Kendriya Vidyalya Sangathan, 19202|Paragon Convent School, 19203|Landmark Hospital, 19203|Ayu Health Hospital",,,Builder Floor Apartment,Semi-Furnished,1,3,,3500,Sq-ft,New Construction,"3 BHK flat is available for rent in Sector 33 immediately. The flat is available for rent at a competitive amount of ₹1.6 Lac. Located on the 1 floor, the flat has 3 bathrooms, 2 balcony in carpet area of 5000 sqft. Find this apartment at Sector 33, Chandigarh, Chandigarh.",160000,,,46,3,,No,No,No,,True,True,Agent,39,Immediately,2026-04-04T05:59:31.000Z,"Apr 04, '26",True
lWeN8hYE3epzpSvf+uAgZw==,Magicbricks,https://www.magicbricks.com/property-details/3-BHK-2-Kanal-Builder-Floor-Apartment-FOR-Rent-Sector-18-in-Chandigarh&id=4d423833373633303737,2026-04-19 13:51:15,30.7347851,76.7884713,,Sector 18,"Chandigarh, Chandigarh","19202|B M Schools Private Limited, 19202|Saint Thomas - Cni School",,,Builder Floor Apartment,Furnished,2,3,East,2,Kanal,5 to 10 years,"2 Kanal independence, second floor with lift with servant room, one car parking inside house, modular kitchen 3 bedroom 3 washroom servant room, big size, balcony, beautiful location, Fully Furnished, contact, The Tricity Properties, Chandigarh",160000,,,15,3,,No,No,No,"Visitor Parking, Laundry Service, Jogging and Strolling Track, Outdoor Tennis Courts",False,True,Agent,73,Immediately,2026-03-13T07:49:47.000Z,"Mar 13, '26",True
iapA3Uuw3thzpSvf+uAgZw==,Magicbricks,https://www.magicbricks.com/property-details/3-BHK-3500-Sq-ft-Builder-Floor-Apartment-FOR-Rent-Sector-11-in-Chandigarh&id=4d423833303434363139,2026-04-19 13:51:15,30.7583236,76.7841443,,Sector-11,"Chandigarh, Chandigarh","19202|Sanawar Montessori School, 19202|D.A.V. Model School",,,Builder Floor Apartment,Semi-Furnished,Ground,2,South -West,3500,Sq-ft,New Construction,"More than one kanal Ground floor three bedroom drawing dinning attached washroom with servant room inside car parking owner free prime location semi furnished house sector 11 chandigarh. Check out this newly constructed 3 BHK flat on rent in the prime location of Sector 11 Chandigarh. This 3 BHK flat can be availed at the rental price of ₹2.5 Lac. Located on the Ground floor, the flat comprises 3 bathrooms, 3 balcony, and has a carpet area of 2800 sqft. The property features reserved parking, security, air conditioned. Visit the apartment at Sector 11, Chandigarh, Chandigarh.",250000,600000,0,71,3,,No,No,No,Air Conditioned,False,True,Agent,76,Immediately,2026-03-27T02:10:06.000Z,"Mar 27, '26",True
RtYrGm59EN1zpSvf+uAgZw==,Magicbricks,https://www.magicbricks.com/property-details/3-BHK-5000-Sq-ft-Builder-Floor-Apartment-FOR-Rent-Sector-46-in-Chandigarh&id=4d423833353636393537,2026-04-19 13:51:15,30.7026207,76.7639499,,Sector 46,Sector 46,,,,Builder Floor Apartment,Semi-Furnished,Ground,3,North - East,5000,Sq-ft,Less than 5 years,"1.5 kanal ground floor available for rent in Sector 46, Chandigarh.3bhk with Servant room,semi Furnsihed,Spacious room,Wide balconies,huge parking,inside lawn,Beautiful built up,Peaceful Location,Surrounded by best Commercial and Residential hubs,Contact us for more details.",200000,200000,0,40,3,"1 Covered, 3 Open",No,No,No,,True,True,Agent,100,Immediately,2026-02-26T11:12:45.000Z,"Feb 26, '26",True
BlPTYv5cXUhzpSvf+uAgZw==,Magicbricks,https://www.magicbricks.com/property-details/3-BHK-3500-Sq-ft-Builder-Floor-Apartment-FOR-Rent-Sector-11-in-Chandigarh&id=4d423832333333343637,2026-04-19 13:51:15,30.7583236,76.7841443,,Sector-11,"Chandigarh, Chandigarh","19202|Sanawar Montessori School, 19202|Government Model Sr. Sec. School",,,Builder Floor Apartment,Semi-Furnished,Ground,2,South -West,3500,Sq-ft,New Construction,"More than one kanal ground floor three bedroom drawing dinning attached washroom with servant room inside car parking owner free house sector 11 chandigarh. 3 BHK apartment is available on rent in Sector 11 Chandigarh right away. The 3 BHK apartment is available at a reasonable rent of ₹2.3 Lac. The apartment is on the Ground floor, has a carpet area of 2500 sqft with 3 bathrooms and 3 balcony. The property features power back up, reserved parking, security, air conditioned, ro water system. Visit the flat at Sector 11, Chandigarh, Chandigarh.",225000,500000,0,64,3,,Yes,No,No,"Air Conditioned, RO Water System",False,True,Agent,76,Immediately,2026-02-17T03:00:53.000Z,"Feb 17, '26",True
BbH70xDLswBzpSvf+uAgZw==,Magicbricks,https://www.magicbricks.com/property-details/3-BHK-3700-Sq-ft-Builder-Floor-Apartment-FOR-Rent-Sector-8-in-Chandigarh&id=4d423832373433343531,2026-04-19 13:51:15,30.7416185,76.8000091,,Sector 8,sector 8,"19202|C L Aggarwal D.A.V Model School, 19202|Swami Vivekananada Institute Of Engineering",,,Builder Floor Apartment,Semi-Furnished,Ground,3,North - East,3700,Sq-ft,Less than 5 years,"Independent, 1 kanal, ground floor available for rent. Sector 8, Chandigarh, 3bhk peaceful Location, beautiful builtup, semi furnished, spacious room,wide balconies, huge parking, surrounded by best commercial and educational hubs, contact us for more details.",225000,225000,0,61,3,,No,No,No,,True,True,Agent,100,Immediately,2026-03-06T11:41:15.000Z,"Mar 06, '26",True
NFRwsEY9OtdzpSvf+uAgZw==,Magicbricks,https://www.magicbricks.com/property-details/3-BHK-3500-Sq-ft-Builder-Floor-Apartment-FOR-Rent-Sector-10-in-Chandigarh&id=4d423833373838383539,2026-04-19 13:51:15,30.7532757,76.7899135,,Sector 10,"Chandigarh, Chandigarh",,,,Builder Floor Apartment,Furnished,2,3,East,3500,Sq-ft,New Construction,"1 Kanal independent second floor with Lift luxury Furnished, three bedroom, three bathroom, modular kitchen servant room servant, washroom, prime location, excellent furnishing, sector 10, Chandigarh, contact, The Tricity Properties",290000,,,83,3,,No,No,No,"Visitor Parking, Laundry Service, Jogging and Strolling Track, Outdoor Tennis Courts",False,True,Agent,78,Immediately,2026-03-15T07:01:53.000Z,"Mar 15, '26",True
mgn61ezbgdJzpSvf+uAgZw==,Magicbricks,https://www.magicbricks.com/property-details/3-BHK-3000-Sq-ft-Builder-Floor-Apartment-FOR-Rent-Sector-10-in-Chandigarh&id=4d423833373838363939,2026-04-19 13:51:15,30.7532757,76.7899135,,Sector 10,"Chandigarh, Chandigarh",,,,Builder Floor Apartment,Furnished,2,3,East,3000,Sq-ft,New Construction,"Newly built fully furnished If you are searching a 3 BHK apartment for rent in Sector 10, check out this amazing rental flat. The apartment is available at an affordable rental price of ₹3 Lac. The apartment is on the 2 floor, has a carpet area of 1800 sqft with 3 bathrooms and 3 balcony. This unit features power back up, reserved parking, security, air conditioned, ro water system. Find this apartment at Sector 10, Chandigarh, Chandigarh.",300010,600000,,100,3,,No,No,No,"Air Conditioned, RO Water System, Bar/Lounge",True,True,Agent,53,Immediately,2026-03-15T06:49:39.000Z,"Mar 15, '26",True
WkhRxWGkBulzpSvf+uAgZw==,Magicbricks,https://www.magicbricks.com/property-details/4-BHK-2450-Sq-ft-Multistorey-Apartment-FOR-Rent-Zirakpur-in-Chandigarh&id=4d423833383336363231,2026-04-19 13:51:15,30.656788,76.82119203,,Zirakpur,"Zirakpur,Chandigarh","19201|Mk Technology Park, 19202|Maya International School, 19202|Atticus International School, 19206|Chandigarh Citi Centre, 19206|Tricity Square",,,Apartment,Semi-Furnished,2,9,East,2450,Sq-ft,Less than 5 years,"A rare and very spacious 4BHK apartment available for rent in a prime society on VIP Road. Perfect for large families looking for comfort, space, and peaceful living. The flat offers big bedrooms, attached washrooms, Puja Room, Store Room and multiple balconies for fresh air and natural sunlight.",25000,25000,0,10,4,"1 Covered, 1 Open",Yes,Yes,No,Jogging and Strolling Track,True,True,Agent,100,Immediately,2026-03-21T08:17:43.000Z,"Mar 21, '26",True
R8GkXRFlzNQ=,Magicbricks,https://www.magicbricks.com/property-details/4-BHK-3000-Sq-ft-Builder-Floor-Apartment-FOR-Rent-Sector-51-in-Chandigarh&id=4d4238373335383135,2026-04-19 13:51:15,30.7061782,76.7437522,,Sector 51,H.No. 3229 Sec. 51-D,"19202|Yadavindra Public School, 19206|North County Mall",,,Builder Floor Apartment,Furnished,2,3,,3000,Sq-ft,Less than 5 years,"Large 4 bedrooms with laquer polished almirahs and complete woodwork. Modular kitchen and 3 large modern bathrooms. Corner flat with garden view. Please contact for more details . If you are searching a 4 BHK apartment for rent in Sector 51, check out this amazing rental flat. The 4 BHK apartment is available at a reasonable rent of ₹25,000. The flat is on the 2 floor and includes 3 bathrooms, 2 balcony with a covered area of 3000 sqft. The apartment is equipped with security. Find this apartment at H.No. 3229 Sec. 51-D, Sector 51, Chandigarh, Chandigarh. This 4 BHK apartment ad is listed by the owner, so there is no brokerage fee.",25000,,,8,3,,No,No,No,,False,False,Owner,0,Immediately,2026-02-18T13:19:50.000Z,"Feb 18, '26",True
AM2qXBil55RzpSvf+uAgZw==,Magicbricks,https://www.magicbricks.com/property-details/4-BHK-2292-Sq-ft-Multistorey-Apartment-FOR-Rent-Zirakpur-in-Chandigarh&id=4d423437383433333135,2026-04-19 13:51:15,30.656788,76.82119203,,Zirakpur,"Chandigarh, Chandigarh","19201|Mk Technology Park, 19202|Maya International School, 19202|St. Xaviers International School, 19206|Tricity Square, 19206|Chandigarh Citi Centre",,,Apartment,Semi-Furnished,13,14,,2292,Sq-ft,,"Find this 4 BHK rental flat in Zirakpur Chandigarh. You can get this flat at monthly rent of ₹22,000. The flat can be visited at Zirakpur, Chandigarh, Chandigarh. This 4 BHK flat is directly posted by the owner, so you don't need to pay any brokerage on this property.",22000,,,10,4,,No,No,No,,False,False,Owner,0,Immediately,2026-04-09T21:30:39.000Z,"Apr 10, '26",True
Rw21vA8gDvlzpSvf+uAgZw==,Magicbricks,https://www.magicbricks.com/property-details/4-BHK-2285-Sq-ft-Multistorey-Apartment-FOR-Rent-Zirakpur-in-Chandigarh&id=4d423638393633363931,2026-04-19 13:51:15,30.656788,76.82119203,,Zirakpur,"Zirakpur,Chandigarh","19201|Mk Technology Park, 19202|Atticus International School, 19202|V.B. International Senior Secondary School, 19206|Tricity Square, 19206|Chandigarh Citi Centre",,,Apartment,Semi-Furnished,5,14,North - East,2285,Sq-ft,New Construction,"4 BHK apartment is available on rent in Zirakpur Chandigarh right away. Available at a rental price of ₹35,000, this 4 BHK flat is worth considering. The flat comes with some add-on facilities such as 4 Wardrobe and Gas Connection. The apartment is on the 5 floor, has a carpet area of 1970 sqft with 4 bathrooms and 4 balcony. The property includes 1 Covered, 1 Open parking. The residence includes power back up, reserved parking, security. This flat is located at Bishangarh - Bishanpura, Gazipur, Zirakpur, Chandigarh.",35000,35000,0,15,4,"1 Covered, 1 Open",Yes,No,No,Jogging and Strolling Track,True,True,Agent,98,Immediately,2026-04-16T23:45:21.000Z,"Apr 17, '26",True
1tRYyeoB3vRzpSvf+uAgZw==,Magicbricks,https://www.magicbricks.com/property-details/4-BHK-2335-Sq-ft-Multistorey-Apartment-FOR-Rent-Zirakpur-in-Chandigarh&id=4d423732303136313235,2026-04-19 13:51:15,30.656788,76.82119203,,Zirakpur,"Zirakpur, Chandigarh","19201|Mk Technology Park, 19202|Maya International School, 19202|Atticus International School, 19206|Tricity Square, 19206|Chandigarh Citi Centre",,,Apartment,Unfurnished,12,13,North,2335,Sq-ft,New Construction,"3 1 semi fur flat for 4split ac 4geyser ro chiemny power back up swimming pool club If you are planning to rent a flat, you can consider this 4 BHK flat situated in the prime location of Zirakpur. The multistorey apartment is available at rent of ₹40,000. The apartment is on the 12 floor, has a covered area of 2335 sqft with 4 bathrooms and 4 balcony. The property features power back up, reserved parking, security, service/goods lift, air conditioned, visitor parking, intercom facility, ro water system. The full address of the apartment is Patiala Road, Zirakpur, Punjab.",40000,40000,,17,4,,No,No,No,"Air Conditioned, Banquet Hall, Bar/Lounge, Jogging and Strolling Track",False,True,Agent,78,Immediately,2026-03-13T17:09:51.000Z,"Mar 13, '26",True
/jHbQ6O6cUhzpSvf+uAgZw==,Magicbricks,https://www.magicbricks.com/property-details/4-BHK-2500-Sq-ft-Multistorey-Apartment-FOR-Rent-Zirakpur-in-Chandigarh&id=4d423636303130373539,2026-04-19 13:51:15,30.656788,76.82119203,,Zirakpur,sushma grande ambala chandigarh highway zirakpur,"19201|Mk Technology Park, 19202|St. Xaviers International School, 19202|Atticus International School, 19206|Tricity Square, 19206|Chandigarh Citi Centre",,,Apartment,Semi-Furnished,5,15,North - East,2500,Sq-ft,Less than 5 years,"A beautiful 4 BHK flat is available for rent in Zirakpur. The 4 BHK apartment is available at a reasonable rent of ₹27,000. If you rent the flat, you will have access to facilities like 4 Wardrobe. The flat is on the 5 floor and includes 4 bathrooms, 4 balcony with a carpet area of 2000 sqft. You will also find 1 Covered parking facility. The residence includes power back up, reserved parking, security. Visit the apartment at Village Bishangarh - Bishanpura , Zirakpur Dera Bassi , Sahibzada Ajit Singh Nagar (Mohali) , Punjab.",27000,32000,5000,11,4,1 Covered,No,No,No,,True,True,Agent,80,Immediately,2026-04-01T06:18:19.000Z,"Apr 01, '26",True
TLuGYz8085RzpSvf+uAgZw==,Magicbricks,https://www.magicbricks.com/property-details/4-BHK-1050-Sq-ft-Multistorey-Apartment-FOR-Rent-Sector-49-in-Chandigarh&id=4d423435393937333637,2026-04-19 13:51:15,30.6929607,76.7524087,,Sector-49,"Chandigarh, Chandigarh",,,,Apartment,Semi-Furnished,1,3,,1050,Sq-ft,Less than 5 years,"brand new flat on first floor You can explore this 4 BHK flat on rent in Sector 49 Chandigarh. This 4 BHK flat can be availed at the rental price of ₹40,000. Located on the 1 floor, the flat comprises 3 bathrooms, 2 balcony, and has a carpet area of 1000 sqft. You can visit the flat at Sector 49, Chandigarh, Chandigarh.",40000,,,38,3,,No,No,No,,True,True,Agent,56,Immediately,2026-03-12T09:22:05.000Z,"Mar 12, '26",True
mTxClSlS6VFzpSvf+uAgZw==,Magicbricks,https://www.magicbricks.com/property-details/4-BHK-1250-Sq-ft-Multistorey-Apartment-FOR-Rent-Sector-47-in-Chandigarh&id=4d423134303931373835,2026-04-19 13:51:15,30.6947484,76.7697201,,Sector 47,"2509A, Sector 47C, Chandigarh",,,,Apartment,Furnished,1,2,East,1250,Sq-ft,Above 20 years,"East facing, Park Facing, Corner Fully Furnished, Ready to live in flat with another park to one side in Army Welfare Housing Organization, Sector 47C, Chandigarh. A beautiful 4 BHK flat is available for rent in Sector 47. The flat is available for rent at a competitive amount of ₹30,000. Located on the 1 floor, the flat has 3 bathrooms, 2 balcony in carpet area of 1250 sqft. This flat is fitted with power back up, security, air conditioned, visitor parking. Visit the flat at 2509A, Sector 47C, Chandigarh, Sector 47, Chandigarh, Chandigarh. This is a no-brokerage flat, as the owner is offering this 4 BHK flat on rent.",30000,,,24,3,,No,No,No,"Air Conditioned, Visitor Parking, Laundry Service",False,False,Owner,51,Immediately,2026-04-06T16:42:54.000Z,"Apr 06, '26",True
zeb2/sgWlCNzpSvf+uAgZw==,Magicbricks,https://www.magicbricks.com/property-details/4-BHK-2420-Sq-ft-Multistorey-Apartment-FOR-Rent-Zirakpur-in-Chandigarh&id=4d423834303638343135,2026-04-19 13:51:15,30.656788,76.82119203,,Zirakpur,chandigarh ambala Highway Zirakpur,"19201|Mk Technology Park, 19202|V.B. International Senior Secondary School, 19202|Maya International School, 19206|Tricity Square, 19206|Chandigarh Citi Centre",,,Apartment,Semi-Furnished,5,12,East,2420,Sq-ft,5 to 10 years,"moulder kitchen room wardrobe complete ac 5 washroom gyiser 4 Celling fan 7 kitchen chimney led light complete Check out this newly constructed 4 BHK flat on rent in the prime location of Zirakpur Chandigarh. You can get this flat at monthly rent of ₹28,500. The apartment is on the 5 floor, has a covered area of 2420 sqft with 4 bathrooms and 5 balcony. The building includes 12 floor and supports Kids play area, Kids Club living. This unit is designed with power back up, reserved parking, security, service/goods lift, visitor parking. Find this apartment at Chandigarh Ambala highway, opposite Mc. Donalds Zirakpur..",28500,,,12,4,,Yes,No,No,"Service/Goods Lift, Laundry Service, Jogging and Strolling Track, Outdoor Tennis Courts",True,True,Agent,61,Immediately,2026-04-18T23:45:33.000Z,Today,True
tO6XhWxetalzpSvf+uAgZw==,Magicbricks,https://www.magicbricks.com/property-details/4-BHK-1800-Sq-ft-Multistorey-Apartment-FOR-Rent-Sector-48-in-Chandigarh&id=4d423832323638323437,2026-04-19 13:51:15,30.6879114,76.7581794,,Sector 48,"Chandigarh, Chandigarh",19202|Banyan Tree School,,,Apartment,Semi-Furnished,2,2,East,1800,Sq-ft,5 to 10 years,"4 BHK apartment is available on rent in Sector 48 Chandigarh right away. The Rent amount of this 4 BHK apartment is set at an attractive price of ₹40,000. Located on the 2 floor, the flat comprises 3 bathrooms, 2 balcony, and has a carpet area of 1500 sqft. Visit the flat at Sector 48, Chandigarh.",40000,,,22,3,,No,No,No,,True,True,Agent,38,Immediately,2026-04-17T23:45:20.000Z,Yesterday,True
Bl8dOZn9oehzpSvf+uAgZw==,Magicbricks,https://www.magicbricks.com/property-details/4-BHK-2111-Sq-ft-Multistorey-Apartment-FOR-Rent-in-Chandigarh&id=4d423833373638313835,2026-04-19 13:51:15,30.656788,76.82119203,,Sunrise Property,"Chandigarh, Chandigarh",,,,Apartment,Semi-Furnished,7,12,,2111,Sq-ft,5 to 10 years,"Check out this newly constructed 4 BHK flat on rent in the prime location of Zirakpur Chandigarh. The Rent amount of this 4 BHK apartment is set at an attractive price of ₹28,000. The flat is on the 7 floor and includes 3 bathrooms, 4 balcony with a carpet area of 1883 sqft.",28000,,,13,3,,No,No,No,,True,True,Agent,35,Immediately,2026-03-13T11:26:19.000Z,"Mar 13, '26",True
xPlFfPpsVW5zpSvf+uAgZw==,Magicbricks,https://www.magicbricks.com/property-details/4-BHK-1200-Sq-ft-Builder-Floor-Apartment-FOR-Rent-Sector-20-in-Chandigarh&id=4d423833373538333933,2026-04-19 13:51:15,30.7213417,76.7812596,,Sector 20,"Chandigarh, Chandigarh",,,,Builder Floor Apartment,Unfurnished,2,3,East,1200,Sq-ft,2013,"Builder floor apartment is available for rent. It has a covered area of 1200 sq-ft, it is 4 BHK apartment. Please contact for more details. Find 4 BHK flat for rent in Sector 20 Chandigarh. The flat is available for rent at a competitive amount of ₹25,020. The apartment is on the 2 floor, has a carpet area of 700 sqft with 1 bathrooms and 2 balcony. The flat comes with power back up, security, air conditioned, ro water system. The full address of the apartment is Sector 20, Chandigarh, Chandigarh.",25020,25000,,21,1,,No,No,Yes,"Air Conditioned, RO Water System",True,True,Agent,48,Immediately,2026-03-13T01:00:37.000Z,"Mar 13, '26",True
X1/+L9PV3oBzpSvf+uAgZw==,Magicbricks,https://www.magicbricks.com/property-details/4-BHK-1800-Sq-ft-Builder-Floor-Apartment-FOR-Rent-Sector-35D-in-Chandigarh&id=4d423833373838373131,2026-04-19 13:51:15,30.7258052,76.7513296,,OM Properties,sector 35,"19202|St Peters Senior Secondary School, 19202|Shivalik Public School",,,Builder Floor Apartment,Semi-Furnished,Ground,3,North - East,1800,Sq-ft,Less than 5 years,"sector 35, 4bhk 3 bathrooms, semi furnished 4 BHK apartment is available on rent in Sector 35D Chandigarh right away. Available at a rental price of ₹40,000, this 4 BHK flat is worth considering. 1 Covered, 1 Open parking space is also available. The apartment comes furnished with reserved parking. The apartment is located at sector 35, Sector 35D, Chandigarh, Chandigarh.",40000,40000,0,22,3,"1 Covered, 1 Open",No,No,No,,True,True,Agent,80,Immediately,2026-03-15T06:50:47.000Z,"Mar 15, '26",True
RgioQgl72ylzpSvf+uAgZw==,Magicbricks,https://www.magicbricks.com/property-details/4-BHK-2950-Sq-ft-Multistorey-Apartment-FOR-Rent-Dera-Bassi-in-Chandigarh&id=4d423832383238363739,2026-04-19 13:51:15,30.5872,76.8428,,Dera Bassi,"Chandigarh, Chandigarh",19202|Longowal Polytechnic College,,,Apartment,Semi-Furnished,18,19,,,,Less than 5 years,"Multistorey apartment is available for rent. It has a carpet area of 2950 sq-ft, it is 4 BHK apartment. Please contact for more details. Find this 4 BHK rental flat in Dera Bassi Chandigarh. This 4 BHK flat can be availed at the rental price of ₹30,000. The flat is located on the 18 floor which includes 4 bathrooms, 4 balcony, and covers a carpet area of 2950 sqft. This flat is located at Sada Shiv Complex, Ambala Chandigarh Expy, Opp, Ashiana Colony, Dera Bassi, Punjab. You can find the 4 BHK flat without any brokerage.",30000,,7554,,4,,No,No,No,,False,False,Owner,56,Immediately,2026-02-24T05:46:10.000Z,"Feb 24, '26",True
7PT9TejFWI5zpSvf+uAgZw==,Magicbricks,https://www.magicbricks.com/property-details/4-BHK-2525-Sq-ft-Multistorey-Apartment-FOR-Rent-in-Chandigarh&id=4d423734323438323637,2026-04-19 13:51:15,30.656788,76.82119203,,Sunny Property,airport road zirakpur,,,,Apartment,Semi-Furnished,8,13,North - East,2525,Sq-ft,New Construction,"4bhk semi furnished or fully furnished flat available for rent near to the market excellent connectivity If you are planning to rent a flat, you can consider this 4 BHK flat situated in the prime location of Zirakpur. The multistorey apartment is available at rent of ₹50,000. Located on the 8 floor, the flat has 4 bathrooms, 5 balcony in covered area of 2525 sqft. 1 Covered, 1 Open parking facility are also available. The building includes 13 floor and supports Kids play area, Kids Play Pool With Water Slides living. The property features power back up, reserved parking, security, service/goods lift, air conditioned, ro water system. Visit the flat at PR7, 200 ft International Airport Road, Zirakpur, Chandigarh, Punjab.",50000,100000,,20,4,"1 Covered, 1 Open",No,No,No,"Air Conditioned, Banquet Hall, Jogging and Strolling Track, Outdoor Tennis Courts",False,True,Agent,90,Immediately,2026-04-17T23:45:20.000Z,Yesterday,True
LwmVGGBhYp1zpSvf+uAgZw==,Magicbricks,https://www.magicbricks.com/property-details/4-BHK-1650-Sq-ft-Multistorey-Apartment-FOR-Rent-Sector-50-in-Chandigarh&id=4d423832363037303035,2026-04-19 13:51:15,30.7008319,76.7466378,,Sector 50,"Chandigarh, Chandigarh",19202|Government College Of Commerce And Business Administration,,,Apartment,Semi-Furnished,3,3,North - East,1650,Sq-ft,15 to 20 years,"You can explore this 4 BHK flat on rent in Sector 50 Chandigarh. This 4 BHK flat is available at the reasonable rent amount of ₹53,000. The apartment is on the 3 floor, has a covered area of 1650 sqft with 3 bathrooms and 3 balcony. The apartment comes furnished with power back up, reserved parking, security, service/goods lift, ro water system. The address is Sukhna Path, Sector 50-C, Sector 50, Chandigarh, Punjab.",53000,53000,1500,32,3,,Yes,No,No,"Service/Goods Lift, RO Water System",False,True,Agent,73,Immediately,2026-04-17T23:45:20.000Z,Yesterday,True
53cf72ZbIIdzpSvf+uAgZw==,Magicbricks,https://www.magicbricks.com/property-details/4-BHK-2250-Sq-ft-Multistorey-Apartment-FOR-Rent-Zirakpur-in-Chandigarh&id=4d423730353032373835,2026-04-19 13:51:15,30.656788,76.82119203,,Zirakpur,zirakpur,"19201|Mk Technology Park, 19202|Maya International School, 19202|V.B. International Senior Secondary School, 19206|Chandigarh Citi Centre, 19206|Tricity Square",,,Apartment,Unfurnished,4,15,North - East,2250,Sq-ft,New Construction,"Sushma Grande in zirakpur Chandigarh to ambala highway main road 4 BHK flat is available for rent in Zirakpur immediately. The multistorey apartment is available at rent of ₹42,000. The apartment is on the 4 floor, has a covered area of 2250 sqft with 4 bathrooms and 4 balcony. The property includes 1 Covered, 1 Open parking. This unit features power back up, reserved parking, security, service/goods lift, air conditioned, visitor parking, intercom facility, ro water system. The address is Bishangarh - Bishanpura, Gazipur, Zirakpur, Chandigarh.",42000,55000,0,19,4,"1 Covered, 1 Open",No,No,No,"Air Conditioned, Banquet Hall, Bar/Lounge, Jogging and Strolling Track",True,True,Agent,98,Immediately,2026-04-16T23:45:21.000Z,"Apr 17, '26",True
FE0ox7xuuGxzpSvf+uAgZw==,Magicbricks,https://www.magicbricks.com/property-details/4-BHK-1670-Sq-ft-Multistorey-Apartment-FOR-Rent-Sector-47-in-Chandigarh&id=4d423833303130323237,2026-04-19 13:51:15,30.6947484,76.7697201,,Sector 47,"Rajeev Vihar, Manimajra, Chandigarh",,,,Apartment,Furnished,2,2,,1670,Sq-ft,Above 20 years,"If you are planning to rent a flat, you can consider this 4 BHK flat situated in the prime location of Sector 47. The flat is available for rent at a competitive amount of ₹55,000. The flat is on the 2 floor and includes 3 bathrooms, 2 balcony with a carpet area of 1548 sqft. The flat comes with security. The address is Rajeev Vihar, Manimajra, Chandigarh. The owner has posted this 4 BHK flat for rent, so the brokerage fees is zero on this multistorey apartment.",55000,55000,35000,33,3,,No,No,Yes,Island Kitchen Layout,False,True,Owner,60,Immediately,2026-04-05T23:31:43.000Z,"Apr 06, '26",True
8OygEgyoDq5zpSvf+uAgZw==,Magicbricks,https://www.magicbricks.com/property-details/4-BHK-3130-Sq-ft-Multistorey-Apartment-FOR-Rent-in-Chandigarh&id=4d423833303637343835,2026-04-19 13:51:15,30.656788,76.82119203,,Madaan Property Consultant,Madaan Properties,,,,Apartment,Semi-Furnished,4,13,North - East,3130,Sq-ft,New Construction,"new property If you are searching a 4 BHK apartment for rent in Zirakpur, check out this amazing rental flat. This 4 BHK flat can be availed at the rental price of ₹52,000. The apartment is on the 4 floor, has a covered area of 3130 sqft with 4 bathrooms and 4 balcony. This flat is fitted with power back up, reserved parking, security, service/goods lift, air conditioned, intercom facility, ro water system. Visit the flat at PR-7 Airport Road Zirakpur.",52000,52000,,17,4,,No,No,No,"Air Conditioned, Banquet Hall, Bar/Lounge, Jogging and Strolling Track",False,True,Agent,78,Immediately,2026-03-31T07:59:57.000Z,"Mar 31, '26",True
aEuZTtv7S8JzpSvf+uAgZw==,Magicbricks,https://www.magicbricks.com/property-details/4-BHK-1850-Sq-ft-Multistorey-Apartment-FOR-Rent-Sector-47-in-Chandigarh&id=4d423833373731393635,2026-04-19 13:51:15,30.6947484,76.7697201,,Sector 47,10000.,,,,Apartment,Furnished,2,2,North - West,1850,Sq-ft,5 to 10 years,"newly renovated fully furnished 4 bedrooms attached bathrooms drawing dining modular kitchen Find this 4 BHK rental flat in Sector 47 Chandigarh. This 4 BHK flat can be availed at the rental price of ₹53,000. The flat is located on the 2 floor which includes 3 bathrooms, 2 balcony, and covers a carpet area of 1580 sqft. This home provides security, visitor parking. This flat is located at 10000., Sector 47, Chandigarh, Chandigarh.",53000,,,29,3,,No,No,Yes,Visitor Parking,False,True,Agent,78,Immediately,2026-03-13T15:07:02.000Z,"Mar 13, '26",True
9ay3auXMrhVzpSvf+uAgZw==,Magicbricks,https://www.magicbricks.com/property-details/4-BHK-2300-Sq-ft-Multistorey-Apartment-FOR-Rent-Sector-49-in-Chandigarh&id=4d423831363434323037,2026-04-19 13:51:15,30.6929607,76.7524087,,Sector-49,"Chandigarh, Chandigarh",,,,Apartment,Furnished,2,4,North - East,2300,Sq-ft,10 to 15 years,"Advocate Society is the most safe and posh society of Sector 49 Chandigarh 4 BHK flat is available for rent in Sector 49 immediately. The rent of the 4 BHK flat is ₹50,000. Located on the 2 floor, the flat has 3 bathrooms, 2 balcony in carpet area of 1750 sqft. This unit is designed with power back up, reserved parking, security, service/goods lift, air conditioned, ro water system. This flat is located at Block A, Sector 49, Chandigarh.",50000,50000,,22,3,,No,No,No,"Air Conditioned, Laundry Service, Internet/Wi-Fi Connectivity, Jogging and Strolling Track",False,True,Agent,76,Immediately,2026-04-03T17:51:43.000Z,"Apr 03, '26",True
lVicJm3jRk9zpSvf+uAgZw==,Magicbricks,https://www.magicbricks.com/property-details/4-BHK-2455-Sq-ft-Multistorey-Apartment-FOR-Rent-Zirakpur-in-Chandigarh&id=4d423735303337323333,2026-04-19 13:51:15,30.656788,76.82119203,,Zirakpur,"PR7, 200 ft International Airport Road, Zirakpur, Chandigarh, Punjab","19201|Mk Technology Park, 19202|Atticus International School, 19202|Maya International School, 19206|Chandigarh Citi Centre, 19206|Tricity Square",,,Apartment,Semi-Furnished,4,14,East,2455,Sq-ft,5 to 10 years,"East facing, gymnasium, jogging and strolling track, lifts, piped gas, power backup, reserved parking, security, swimming pool, semi furnished flat with modular kitchen and many more. Find 4 BHK flat for rent in Zirakpur Chandigarh. The 4 BHK apartment is available at a reasonable rent of ₹55,000. Some added-on facilities available with the flat are 4 Wardrobe. Located on the 4 floor, the flat comprises 4 bathrooms, 4 balcony, and has a covered area of 2455 sqft. You will also find 1 Covered parking facility. The building has 14 floor and offers Kids play area, Kids Play Pool With Water Slides amenities. This unit is designed with power back up, reserved parking, security. The address is PR7, 200 ft International Airport Road, Zirakpur, Chandigarh, Punjab.",55000,55000,,22,4,1 Covered,Yes,No,No,Jogging and Strolling Track,True,True,Agent,70,Immediately,2026-02-28T11:31:34.000Z,"Feb 28, '26",True
iyflcJZlm8FzpSvf+uAgZw==,Magicbricks,https://www.magicbricks.com/property-details/4-BHK-1790-Sq-ft-Multistorey-Apartment-FOR-Rent-Sector-47-in-Chandigarh&id=4d423833353338343539,2026-04-19 13:51:15,30.6947484,76.7697201,,Sector 47,"Chandigarh, Chandigarh",,,,Apartment,Semi-Furnished,2,3,North - East,1790,Sq-ft,Less than 5 years,"4BHK FLAT AVAILABLE FOR RENT IN Sector 47C , ChandigarhSpacious room,Wide balconies,Huge parking,beautiful built up,Peaceful location,Surrounded by best commercial and Residential hubs,contact us for more details.",42000,42000,0,23,3,"1 Covered, 2 Open",No,No,No,,True,True,Agent,95,Immediately,2026-02-24T12:01:17.000Z,"Feb 24, '26",True
+K9YeCIsvbFzpSvf+uAgZw==,Magicbricks,https://www.magicbricks.com/property-details/4-BHK-2000-Sq-ft-Multistorey-Apartment-FOR-Rent-Sector-51-in-Chandigarh&id=4d423834303933313631,2026-04-19 13:51:15,30.7061782,76.7437522,,Sector 51,"Chandigarh, Chandigarh","19202|Yadavindra Public School, 19206|North County Mall",,,Apartment,Furnished,2,2,East,2000,Sq-ft,New Construction,"4 bhk attached washrooms.ownerfree 4 BHK apartment is available on rent in Sector 51 Chandigarh right away. This 4 BHK flat can be availed at the rental price of ₹46,000. The apartment is on the 2 floor, has a carpet area of 1800 sqft with 4 bathrooms and 2 balcony. The apartment comes furnished with reserved parking, security, service/goods lift, air conditioned. The flat can be visited at Police Colony Sector 51, Chandigarh, Punjab.",46000,46000,,23,4,,No,No,No,"Air Conditioned, Laundry Service, Internet/Wi-Fi Connectivity, Jogging and Strolling Track",True,True,Agent,56,Immediately,2026-04-06T05:27:03.000Z,"Apr 06, '26",True
CQtdtvdte/FzpSvf+uAgZw==,Magicbricks,https://www.magicbricks.com/property-details/4-BHK-1800-Sq-ft-Multistorey-Apartment-FOR-Rent-Sector-49-in-Chandigarh&id=4d423832323638323735,2026-04-19 13:51:15,30.6929607,76.7524087,,Sector-49,"Chandigarh, Chandigarh",,,,Apartment,Furnished,2,3,East,1800,Sq-ft,5 to 10 years,"4 BHK apartment is available on rent in Sector 49 Chandigarh right away. This 4 BHK flat can be availed at the rental price of ₹55,000. The apartment is on the 2 floor, has a carpet area of 1500 sqft with 3 bathrooms and 3 balcony. The flat can be visited at Block A, Sector 49, Chandigarh.",55000,,,31,3,,No,No,No,,True,True,Agent,38,Immediately,2026-04-17T23:45:20.000Z,Yesterday,True
zrYCvfEBbmJzpSvf+uAgZw==,Magicbricks,https://www.magicbricks.com/property-details/4-BHK-1670-Sq-ft-Multistorey-Apartment-FOR-Rent-Sector-47-in-Chandigarh&id=4d423833303631393737,2026-04-19 13:51:15,30.6947484,76.7697201,,Sector 47,pradeep vihar sector 47 C Chandigarh AWHO complex,,,,Apartment,Furnished,2,2,,,,Above 20 years,"Check out this newly constructed 4 BHK flat on rent in the prime location of Sector 47 Chandigarh. The 4 BHK apartment is available at a reasonable rent of ₹55,000. The apartment is on the 2 floor, has a carpet area of 1670 sqft with 3 bathrooms and 2 balcony. The property includes 1 Covered, 1 Open parking. This flat is fitted with reserved parking. The address is Rajeev Vihar, Manimajra, Chandigarh. The owner has posted this 4 BHK flat for rent, so the brokerage fees is zero on this multistorey apartment.",55000,55000,3500,,3,"1 Covered, 1 Open",No,No,No,,False,True,Owner,65,Immediately,2026-02-18T23:46:58.000Z,"Feb 19, '26",True
a8s/FhLMYQdzpSvf+uAgZw==,Magicbricks,https://www.magicbricks.com/property-details/4-BHK-2525-Sq-ft-Multistorey-Apartment-FOR-Rent-in-Chandigarh&id=4d423833303537353031,2026-04-19 13:51:15,30.656788,76.82119203,,Madaan Property Consultant,Madaan Properties,,,,Apartment,Semi-Furnished,5,13,East,2525,Sq-ft,New Construction,"3bhk with servant room luxury flat on airport road Find 4 BHK flat for rent in Zirakpur Chandigarh. This 4 BHK flat can be availed at the rental price of ₹48,000. The flat is located on the 5 floor which includes 4 bathrooms, 3 balcony, and covers a covered area of 2525 sqft. This flat is fitted with power back up, reserved parking, security, service/goods lift, air conditioned, intercom facility, ro water system. The address is PR-7 Airport Road Zirakpur.",48000,48000,,19,4,,No,No,No,"Air Conditioned, Banquet Hall, Bar/Lounge, Jogging and Strolling Track",False,True,Agent,78,Immediately,2026-03-31T08:00:20.000Z,"Mar 31, '26",True
Mq7J2rtJFIpzpSvf+uAgZw==,Magicbricks,https://www.magicbricks.com/property-details/4-BHK-1950-Sq-ft-Multistorey-Apartment-FOR-Rent-Sector-48-in-Chandigarh&id=4d423431373532373537,2026-04-19 13:51:15,30.6879114,76.7581794,,Sector 48,48.,19202|Banyan Tree School,,,Apartment,Unfurnished,1,3,North - East,1950,Sq-ft,5 to 10 years,"Independent Society Flat Consists of Four Bedrooms, Three Bathrooms, Drawing, Dining, Modular Kitchen for Families If you are searching a 4 BHK apartment for rent in Sector 48, check out this amazing rental flat. The multistorey apartment is available at rent of ₹53,000. Here you can enjoy world class facilities like 4 Wardrobe. Located on the 1 floor, the flat has 3 bathrooms, 3 balcony in carpet area of 1800 sqft. The residence includes reserved parking. The full address of the apartment is 48., Sector 48, Chandigarh, Chandigarh.",53000,90000,0,27,3,,No,No,No,,True,True,Agent,72,Immediately,2026-04-04T04:51:22.000Z,"Apr 04, '26",True
I96KvAfk9D5zpSvf+uAgZw==,Magicbricks,https://www.magicbricks.com/property-details/4-BHK-2000-Sq-ft-Builder-Floor-Apartment-FOR-Rent-Sector-50-in-Chandigarh&id=4d423832383735353937,2026-04-19 13:51:15,30.7008319,76.7466378,,Sector 50,Sector 50D,19202|Government College Of Commerce And Business Administration,,,Builder Floor Apartment,Semi-Furnished,1,3,North - East,2000,Sq-ft,5 to 10 years,"4BHK Available for rent in Sector 50, Chandigarh.park facing,Semi furnished,First floor, beautiful builtup,Peaceful Location,In gated Society,2 covered ParkingSpacious room, Wide balconies,Huge parking,Surrounded by best commercial hubs and educational hubs, contact us for more detail",55000,55000,0,28,3,"2 Covered, 1 Open",No,No,No,,True,True,Agent,100,Immediately,2026-03-13T11:34:45.000Z,"Mar 13, '26",True
gRLb0ufDGdpzpSvf+uAgZw==,Magicbricks,https://www.magicbricks.com/property-details/4-BHK-2809-Sq-ft-Multistorey-Apartment-FOR-Rent-in-Chandigarh&id=4d423739373239343939,2026-04-19 13:51:15,30.656788,76.82119203,,Madaan Property Consultant,"Chandigarh, Chandigarh",,,,Apartment,Semi-Furnished,9,13,North - East,2809,Sq-ft,2015,"4bhk Semi furnished flat for rent 6 split ac 5 geyser ro chiemny fans tubes lights Power back up swimming pool club 4 BHK flat is available for rent in Zirakpur immediately. This 4 BHK flat is available at the reasonable rent amount of ₹42,000. The apartment is on the 9 floor, has a covered area of 2809 sqft with 4 bathrooms and 4 balcony. The flat comes with power back up, reserved parking, security, service/goods lift, air conditioned, visitor parking, intercom facility, ro water system. Visit the flat at Zirakpur, Chandigarh, Chandigarh.",42000,42000,,15,4,,No,No,No,"Air Conditioned, Banquet Hall, Bar/Lounge, Jogging and Strolling Track",False,True,Agent,71,Immediately,2026-03-13T17:05:39.000Z,"Mar 13, '26",True
8wAhLmGKNeNzpSvf+uAgZw==,Magicbricks,https://www.magicbricks.com/property-details/4-BHK-1850-Sq-ft-Multistorey-Apartment-FOR-Rent-Sector-49-in-Chandigarh&id=4d423732383931383239,2026-04-19 13:51:15,30.6929607,76.7524087,,Sector-49,"Chandigarh, Chandigarh",,,,Apartment,Unfurnished,2,4,South - East,1850,Sq-ft,10 to 15 years,"Independent 4bhk Fully Furnished Flat in Gated Community. 24 hours Security. 4 BHK flat is available for rent in Sector 49 immediately. You can get this flat at monthly rent of ₹45,000. Located on the 2 floor, the flat has 3 bathrooms, 2 balcony in covered area of 1850 sqft. The flat comes with reserved parking, air conditioned, intercom facility, ro water system. Visit the apartment at Block A, Sector 49, Chandigarh.",45000,,,24,3,,No,No,No,"Air Conditioned, Intercom Facility, Internet/Wi-Fi Connectivity, RO Water System",True,True,Agent,53,Immediately,2026-02-23T06:37:26.000Z,"Feb 23, '26",True
EhvfKBx5wsJzpSvf+uAgZw==,Magicbricks,https://www.magicbricks.com/property-details/4-BHK-2809-Sq-ft-Multistorey-Apartment-FOR-Rent-Zirakpur-in-Chandigarh&id=4d423731343833383531,2026-04-19 13:51:15,30.656788,76.82119203,,Zirakpur,"Zirakpur, Chandigarh","19201|Mk Technology Park, 19202|Atticus International School, 19202|St. Xaviers International School, 19206|Chandigarh Citi Centre, 19206|Tricity Square",,,Apartment,Unfurnished,10,13,East,2809,Sq-ft,New Construction,"well maintained society 4bhk semi fur 6 ac 5 geyer ro chiemny fans tubes lights wall paper gas chulla power back up swimming pool club house gym You can explore this 4 BHK flat on rent in Zirakpur Chandigarh. The apartment is available at an affordable rental price of ₹42,000. The flat is located on the 10 floor which includes 4 bathrooms, 5 balcony, and covers a covered area of 2809 sqft. The apartment is equipped with power back up, reserved parking, security, service/goods lift, air conditioned, visitor parking, intercom facility, ro water system. Visit the flat at Patiala Road, Zirakpur, Punjab.",42000,84000,,15,4,,No,No,No,"Air Conditioned, Banquet Hall, Bar/Lounge, Jogging and Strolling Track",False,True,Agent,78,Immediately,2026-03-02T17:33:46.000Z,"Mar 02, '26",True
YEKeGhyLFhBzpSvf+uAgZw==,Magicbricks,https://www.magicbricks.com/property-details/4-BHK-2335-Sq-ft-Multistorey-Apartment-FOR-Rent-Zirakpur-in-Chandigarh&id=4d423731323233353533,2026-04-19 13:51:15,30.656788,76.82119203,,Zirakpur,"Zirakpur, Chandigarh","19201|Mk Technology Park, 19202|Maya International School, 19202|Atticus International School, 19206|Tricity Square, 19206|Chandigarh Citi Centre",,,Apartment,Unfurnished,7,13,North - East,2335,Sq-ft,New Construction,"4 BHK flat is available for rent in Zirakpur immediately. You can get this flat at monthly rent of ₹45,000. Located on the 7 floor, the flat comprises 4 bathrooms, 4 balcony, and has a carpet area of 2200 sqft. The property includes 1 Covered, 1 Open parking. The property features power back up, reserved parking, security, service/goods lift, air conditioned, visitor parking, intercom facility, ro water system. The address is Patiala Road, Zirakpur, Punjab.",45000,90000,0,19,4,"1 Covered, 1 Open",No,No,No,"Air Conditioned, Banquet Hall, Bar/Lounge, Jogging and Strolling Track",False,True,Agent,95,Immediately,2026-02-20T17:10:07.000Z,"Feb 20, '26",True
KPcY9H9jymFzpSvf+uAgZw==,Magicbricks,https://www.magicbricks.com/property-details/4-BHK-2525-Sq-ft-Multistorey-Apartment-FOR-Rent-in-Chandigarh&id=4d423834313838383035,2026-04-19 13:51:15,30.656788,76.82119203,,Madaan Property Consultant,Madaan Properties,,,,Apartment,Furnished,1,13,North - East,2525,Sq-ft,New Construction,"3bhk fully furnished flat with servant room is available for rent in green lotus Utsav If you are searching a 4 BHK apartment for rent in Zirakpur, check out this amazing rental flat. ₹70,000 is the monthly rent of this 4 BHK flat. Located on the 1 floor, the flat has 4 bathrooms, 4 balcony in covered area of 2525 sqft. The flat comes with power back up, reserved parking, security, service/goods lift, air conditioned, intercom facility, ro water system. This flat is located at PR-7 Airport Road Zirakpur.",70000,140000,,28,4,,No,No,No,"Air Conditioned, Banquet Hall, Bar/Lounge, Jogging and Strolling Track",False,True,Agent,78,Immediately,2026-04-10T16:38:57.000Z,"Apr 10, '26",True
kSGZx0xkTd1zpSvf+uAgZw==,Magicbricks,https://www.magicbricks.com/property-details/4-BHK-2500-Sq-ft-Multistorey-Apartment-FOR-Rent-Zirakpur-in-Chandigarh&id=4d423732313435333031,2026-04-19 13:51:15,30.656788,76.82119203,,Zirakpur,"Chandigarh, Chandigarh","19201|Mk Technology Park, 19202|St. Xaviers International School, 19202|Atticus International School, 19206|Chandigarh Citi Centre, 19206|Tricity Square",,,Apartment,Semi-Furnished,12,14,,2500,Sq-ft,5 to 10 years,"4 BHK flat is available for rent in Zirakpur immediately. ₹60,000 is the monthly rent of this 4 BHK flat. Get access to smart facilities such as 4 AC and 4 Wardrobe simply by choosing this flat for rent. The flat is located on the 12 floor which includes 4 bathrooms, 3 balcony, and covers a covered area of 2500 sqft. This property includes 14 floor and provides Kids Play Pool With Water Slides benefits. This unit features service/goods lift, visitor parking. Visit the apartment at Mohali,Sahibzada Ajit Singh Nagar (Mohali) , Punjab, Sector 19, Zirakpur . This 4 BHK flat is directly posted by the owner, so you don't need to pay any brokerage on this property.",60000,90000,10000,24,4,,Yes,No,No,"Service/Goods Lift, Visitor Parking",False,False,Owner,58,Immediately,2026-03-11T10:52:50.000Z,"Mar 11, '26",True
NbDmOhs5mAtzpSvf+uAgZw==,Magicbricks,https://www.magicbricks.com/property-details/4-BHK-3130-Sq-ft-Multistorey-Apartment-FOR-Rent-Zirakpur-in-Chandigarh&id=4d423834313431383737,2026-04-19 13:51:15,30.656788,76.82119203,,Zirakpur,PR-7 Airport Road Zirakpur,"19201|Mk Technology Park, 19202|Atticus International School, 19202|V.B. International Senior Secondary School, 19206|Chandigarh Citi Centre, 19206|Tricity Square",,,Apartment,Semi-Furnished,8,13,East,3130,Sq-ft,New Construction,"The beautifully designed 4 bhk comes with 4 bedrooms with attached washroom, a large drawing dinning area, modular kitchen. Residents enjoy world class amenities including clubhouse, swimming pool, gym, indoor games, badminton squash courts, lawn tennis, cafe lounge, library, and landscaped green ares, creating a complete lifestyle experience with the society.",60000,60000,0,19,4,1 Covered,No,No,No,"Air Conditioned, Banquet Hall, Bar/Lounge, Jogging and Strolling Track",False,True,Agent,100,Immediately,2026-04-08T09:46:04.000Z,"Apr 08, '26",True
gwL8oeEIhN9zpSvf+uAgZw==,Magicbricks,https://www.magicbricks.com/property-details/4-BHK-2000-Sq-ft-Multistorey-Apartment-FOR-Rent-in-Chandigarh&id=4d423833363330373539,2026-04-19 13:51:15,,,,S P Singh,"Chandigarh, Chandigarh",,,,Apartment,Furnished,1,3,,2000,Sq-ft,,"Multistorey apartment is available for rent. It is a good location property. Please contact for more details. Grab the chance to own this affordable 4 BHK flat for rent in the Chandigarh Housing board flat in Sector 39 area. This 4 BHK flat is available at the reasonable rent amount of ₹62,000. This is a no-brokerage flat because the owner has posted the ad on this 4 BHK apartment.",62000,,,31,2,,No,No,No,,False,False,Owner,53,Immediately,2026-04-12T22:30:30.000Z,"Apr 13, '26",True
TRxx1N8mvlpzpSvf+uAgZw==,Magicbricks,https://www.magicbricks.com/property-details/4-BHK-2000-Sq-ft-Multistorey-Apartment-FOR-Rent-in-Chandigarh&id=4d423833343738303733,2026-04-19 13:51:15,,,,DK Estates,"Chandigarh, Chandigarh",,,,Apartment,Furnished,3,3,East,2000,Sq-ft,2013,"1 or 2 boys 1 room lobby set with Ac geyser double bed A beautiful 4 BHK flat is available for rent in CHB. The multistorey apartment is available at rent of ₹55,047. The flat is located on the 3 floor which includes 3 bathrooms, 2 balcony, and covers a carpet area of 1500 sqft. The residence includes air conditioned.",55047,110000,,28,3,,No,No,No,Air Conditioned,True,True,Agent,53,Immediately,2026-02-19T13:41:14.000Z,"Feb 19, '26",True
yB0spLQ9HzhzpSvf+uAgZw==,Magicbricks,https://www.magicbricks.com/property-details/4-BHK-3130-Sq-ft-Multistorey-Apartment-FOR-Rent-in-Chandigarh&id=4d423834303036323031,2026-04-19 13:51:15,30.656788,76.82119203,,Madaan Property Consultant,Madaan Properties,,,,Apartment,Semi-Furnished,6,13,North,3130,Sq-ft,New Construction,"3bhk luxurious property Find this 4 BHK rental flat in Zirakpur Chandigarh. The flat is available for rent at a competitive amount of ₹60,000. The flat is on the 6 floor and includes 4 bathrooms, 4 balcony with a covered area of 3130 sqft. This home provides power back up, reserved parking, security, service/goods lift, air conditioned, intercom facility, ro water system. The full address of the apartment is PR-7 Airport Road Zirakpur.",60000,60008,,19,4,,No,No,No,"Air Conditioned, Banquet Hall, Bar/Lounge, Jogging and Strolling Track",False,True,Agent,78,Immediately,2026-03-31T07:54:17.000Z,"Mar 31, '26",True
XlhmZJYJ23tzpSvf+uAgZw==,Magicbricks,https://www.magicbricks.com/property-details/4-BHK-2250-Sq-ft-Multistorey-Apartment-FOR-Rent-Zirakpur-in-Chandigarh&id=4d423833393835303431,2026-04-19 13:51:15,30.656788,76.82119203,,Zirakpur,"Zirakpur,Chandigarh","19201|Mk Technology Park, 19202|Maya International School, 19202|St. Xaviers International School, 19206|Tricity Square, 19206|Chandigarh Citi Centre",,,Apartment,Furnished,8,15,North - East,2250,Sq-ft,Less than 5 years,"Its a Sushma Grende 4 bhk apartment a good society prime location Ambala Highway Zirakpur Chandighar. A beautiful 4 BHK flat is available for rent in Zirakpur. The apartment is available at an affordable rental price of ₹58,000. Get access to smart facilities such as 4 Wardrobe, 4 Bed, 2 TV, Fridge, Microwave, 4 AC, Sofa, Washing Machine, Dining Table and Gas Connection simply by choosing this flat for rent. The apartment is on the 8 floor, has a carpet area of 1625 sqft with 4 bathrooms and 4 balcony. 1 Covered parking space is also available. This unit features power back up, reserved parking, security. Visit the flat at Bishangarh - Bishanpura, Gazipur, Zirakpur, Chandigarh.",58000,58000,0,26,4,1 Covered,Yes,No,No,Jogging and Strolling Track,True,True,Agent,80,Immediately,2026-03-29T08:38:23.000Z,"Mar 29, '26",True
1dHQdHKN5FNzpSvf+uAgZw==,Magicbricks,https://www.magicbricks.com/property-details/4-BHK-3130-Sq-ft-Multistorey-Apartment-FOR-Rent-in-Chandigarh&id=4d423833343934383833,2026-04-19 13:51:15,30.656788,76.82119203,,Madaan Property Consultant,Madaan Properties,,,,Apartment,Semi-Furnished,4,13,North - East,3130,Sq-ft,New Construction,"4bhk fresh flat for rent with lots of amenities in green lotus Utsav You can explore this 4 BHK flat on rent in Zirakpur Chandigarh. The 4 BHK apartment is available at a reasonable rent of ₹58,000. The apartment is on the 4 floor, has a covered area of 3130 sqft with 4 bathrooms and 4 balcony. This unit features power back up, reserved parking, security, service/goods lift, air conditioned, intercom facility, ro water system. The full address of the apartment is PR-7 Airport Road Zirakpur.",58000,58000,,19,4,,No,No,No,"Air Conditioned, Banquet Hall, Bar/Lounge, Jogging and Strolling Track",False,True,Agent,78,Immediately,2026-02-20T16:52:12.000Z,"Feb 20, '26",True
9R0R+PBZNkxzpSvf+uAgZw==,Magicbricks,https://www.magicbricks.com/property-details/4-BHK-3130-Sq-ft-Multistorey-Apartment-FOR-Rent-in-Chandigarh&id=4d423833343934383637,2026-04-19 13:51:15,30.656788,76.82119203,,Madaan Property Consultant,Madaan Properties,,,,Apartment,Semi-Furnished,3,13,North - East,3130,Sq-ft,New Construction,"3bhk well furnished flat for rent in green lotus Utsav 4 BHK flat is available for rent in Zirakpur immediately. This 4 BHK flat can be availed at the rental price of ₹60,000. The flat is on the 3 floor and includes 4 bathrooms, 4 balcony with a covered area of 3130 sqft. The flat comes with power back up, reserved parking, security, service/goods lift, air conditioned, intercom facility, ro water system. The address is PR-7 Airport Road Zirakpur.",60000,60000,,19,4,,No,No,No,"Air Conditioned, Banquet Hall, Bar/Lounge, Jogging and Strolling Track",False,True,Agent,78,Immediately,2026-02-20T16:47:59.000Z,"Feb 20, '26",True
PyCZYHaJHLxzpSvf+uAgZw==,Magicbricks,https://www.magicbricks.com/property-details/4-BHK-3600-Sq-ft-Builder-Floor-Apartment-FOR-Rent-Sector-35-in-Chandigarh&id=4d423539373535363631,2026-04-19 13:51:15,30.7261629,76.7596221,,Sector-35,2799.,"19202|Sri Guru Gobind Singh Senior Secondary School, 19202|Shivalik Public School, 19206|Piccadily Square Mall",,,Builder Floor Apartment,Furnished,1,2,South - East,3600,Sq-ft,New Construction,"This is first floor of one kanal house which is newly built and is fully furnished. Check out this newly constructed 4 BHK flat on rent in the prime location of Sector 35 Chandigarh. ₹85,000 is the monthly rent of this 4 BHK flat. Additional amenities available with the flat are 4 Wardrobe, 4 Bed, Fridge, 4 AC, Sofa and Dining Table. The apartment is on the 1 floor, has a carpet area of 3600 sqft with 4 bathrooms and 2 balcony. There is also facility of 3 Open parking. This flat is fitted with security. The address is 2799., Sector 35, Chandigarh, Chandigarh.",85000,85000,0,24,4,3 Open,No,No,Yes,Jogging and Strolling Track,True,True,Agent,90,Immediately,2026-04-03T03:59:25.000Z,"Apr 03, '26",True
I109jtaajstzpSvf+uAgZw==,Magicbricks,https://www.magicbricks.com/property-details/4-BHK-1900-Sq-ft-Builder-Floor-Apartment-FOR-Rent-Sector-34-in-Chandigarh&id=4d423834323130383137,2026-04-19 13:51:15,30.7195549,76.7639499,,Sector-34,sector 34,"19202|Kundan International School, 19202|Aanchal International School, 19203|Mukat Hospital And Heart Institute, 19206|Piccadilly Square Mall",,,Builder Floor Apartment,Furnished,2,3,North - East,1900,Sq-ft,Less than 5 years,"sector 34, 2nd floor, fully furnished 4 BHK apartment is available on rent in Sector 34 Chandigarh right away. The multistorey apartment is available at rent of ₹80,000. The flat is located on the 2 floor which includes 2 bathrooms, 2 balcony, and covers a carpet area of 2600 sqft. There is also facility of 1 Covered, 1 Open parking. This unit is designed with reserved parking. The apartment is located at sector 34, Sector 34, Chandigarh, Chandigarh.",80000,80000,0,42,2,"1 Covered, 1 Open",No,No,No,,True,True,Agent,100,Immediately,2026-04-12T17:43:30.000Z,"Apr 12, '26",True
7XIBu0kHnUNzpSvf+uAgZw==,Magicbricks,https://www.magicbricks.com/property-details/4-BHK-3890-Sq-ft-Builder-Floor-Apartment-FOR-Rent-Sector-35-in-Chandigarh&id=4d423832393331313639,2026-04-19 13:51:15,30.7261629,76.7596221,,Sector-35,"Sector 35A, Chandigarh","19202|Shivalik Public School, 19202|Sri Guru Gobind Singh Senior Secondary School, 19206|Piccadily Square Mall",,,Builder Floor Apartment,Semi-Furnished,1,3,North - East,3890,Sq-ft,Less than 5 years,"1 kanal, Residential house available for rent in Sector 35A,ChandiarhFirst floor,4bhkSemi Furnished,Spacious room,Wide balconies,Huge Parking,Peaceful Location,Surrounded by best commercial and educational hubs,Contact us for more details",95000,95000,0,24,4,"1 Covered, 2 Open",No,No,No,,True,True,Agent,100,Immediately,2026-03-27T11:05:28.000Z,"Mar 27, '26",True
RhgOQPfPYXtzpSvf+uAgZw==,Magicbricks,https://www.magicbricks.com/property-details/4-BHK-2500-Sq-ft-Builder-Floor-Apartment-FOR-Rent-Sector-35-in-Chandigarh&id=4d423834313730373537,2026-04-19 13:51:15,30.7261629,76.7596221,,Sector-35,"Chandigarh, Chandigarh","19202|Sri Guru Gobind Singh Senior Secondary School, 19202|St Peters Senior Secondary School, 19206|Piccadily Square Mall",,,Builder Floor Apartment,Unfurnished,2,3,East,2500,Sq-ft,2013,"4 bhk 4 washroom first dloor kanal 4 BHK apartment is available on rent in Sector 35 Chandigarh right away. The flat is available for rent at a competitive amount of ₹80,035. Located on the 2 floor, the flat has 4 bathrooms, 2 balcony in carpet area of 1500 sqft. This unit is designed with power back up, air conditioned, ro water system. The address is Sector 35, Chandigarh, Chandigarh.",80035,80000,,32,4,,No,No,No,"Air Conditioned, RO Water System",True,True,Agent,49,Immediately,2026-04-10T01:23:35.000Z,"Apr 18, '26",True
Oa81vwnpzAtzpSvf+uAgZw==,Magicbricks,https://www.magicbricks.com/property-details/4-BHK-1750-Sq-ft-Builder-Floor-Apartment-FOR-Rent-Sector-35-in-Chandigarh&id=4d423833393636393039,2026-04-19 13:51:15,30.7261629,76.7596221,,Sector-35,house no 8888,"19202|Sri Guru Gobind Singh Senior Secondary School, 19202|St Peters Senior Secondary School, 19206|Piccadily Square Mall",,,Builder Floor Apartment,Semi-Furnished,1,2,,1750,Sq-ft,10 to 15 years,"posh location 4bhk first floor 1 kanal available for rent call for more details If you are planning to rent a flat, you can consider this 4 BHK flat situated in the prime location of Sector 35. This 4 BHK flat is available at the reasonable rent amount of ₹75,000. The flat is located on the 1 floor which includes 4 bathrooms, 2 balcony, and covers a carpet area of 1650 sqft. This property offers power back up, reserved parking, security, visitor parking. This flat is located at house no 8888, Sector 35, Chandigarh, Chandigarh.",75000,,,43,4,,No,No,Yes,Visitor Parking,True,True,Agent,51,Immediately,2026-03-27T12:19:17.000Z,"Mar 27, '26",True
reWd8zk/HDtzpSvf+uAgZw==,Magicbricks,https://www.magicbricks.com/property-details/4-BHK-2800-Sq-ft-Builder-Floor-Apartment-FOR-Rent-Sector-28-in-Chandigarh&id=4d423830383439383239,2026-04-19 13:51:15,30.7180751,76.8043355,,Sector 28,"hno 29, top floor sector 28A , Chandigarh",,,,Builder Floor Apartment,Furnished,2,2,,2800,Sq-ft,Less than 5 years,"A beautiful 4 BHK flat is available for rent in Sector 28. The flat is available for rent at a competitive amount of ₹75,000. 4 Wardrobe, 3 Bed, 4 AC, Sofa and Dining Table are some of the additional amenities available with the apartment. Located on the 2 floor, the flat has 3 bathrooms, 2 balcony in carpet area of 3800 sqft. The property includes 5 Open parking. The residence includes reserved parking. The flat can be visited at hno 29, top floor sector 28A , Chandigarh, Sector 28, Chandigarh, Chandigarh. Do not pay any brokerage fee for this 4 BHK rental flat since the property ad is posted by the flat owner.",75000,225000,,27,3,5 Open,No,No,No,Jogging and Strolling Track,False,True,Owner,80,Immediately,2026-02-06T23:33:35.000Z,"Feb 07, '26",True
c7I6pUIaOL1zpSvf+uAgZw==,Magicbricks,https://www.magicbricks.com/property-details/4-BHK-1800-Sq-ft-Builder-Floor-Apartment-FOR-Rent-Sector-35D-in-Chandigarh&id=4d423738343936363431,2026-04-19 13:51:15,30.7258052,76.7513296,,OM Properties,sector 35,"19202|St Peters Senior Secondary School, 19202|Sri Guru Gobind Singh Senior Secondary School",,,Builder Floor Apartment,Semi-Furnished,2,3,North,1800,Sq-ft,Less than 5 years,"sector 35 4bhk 3 bathrooms second floor A beautiful 4 BHK flat is available for rent in Sector 35D. The flat is available for rent at a competitive amount of ₹80,000. The flat is on the 2 floor and includes 3 bathrooms, 2 balcony with a carpet area of 2500 sqft. 1 Open parking facility are also available. This home provides reserved parking. Visit the flat at Sector 44, Chandigarh, Punjab .",80000,80000,0,44,3,1 Open,No,No,No,,True,True,Agent,100,Immediately,2026-02-20T06:29:49.000Z,"Feb 20, '26",True
SBYFcvM5kJlzpSvf+uAgZw==,Magicbricks,https://www.magicbricks.com/property-details/4-BHK-2500-Sq-ft-Builder-Floor-Apartment-FOR-Rent-Sector-35-in-Chandigarh&id=4d423834303830353539,2026-04-19 13:51:15,30.7261629,76.7596221,,Sector-35,"Chandigarh, Chandigarh","19202|St Peters Senior Secondary School, 19202|Shivalik Public School, 19206|Piccadily Square Mall",,,Builder Floor Apartment,Unfurnished,2,3,East,2500,Sq-ft,2013,"kanal 4 bhk servant room Find this 4 BHK rental flat in Sector 35 Chandigarh. The apartment is available at an affordable rental price of ₹80,035. The apartment is on the 2 floor, has a carpet area of 1500 sqft with 3 bathrooms and 2 balcony. This property offers power back up, security, air conditioned, ro water system. This flat is located at Sector 35, Chandigarh, Chandigarh.",80035,160000,,32,3,,No,No,Yes,"Air Conditioned, RO Water System",True,True,Agent,51,Immediately,2026-04-05T02:09:59.000Z,"Apr 05, '26",True
6m4tAxlaNg5zpSvf+uAgZw==,Magicbricks,https://www.magicbricks.com/property-details/4-BHK-1000-Sq-yrd-Builder-Floor-Apartment-FOR-Rent-Sector-21-in-Chandigarh&id=4d423834313037393931,2026-04-19 13:51:15,30.7263907,76.77549,,Sector 21,"Chandigarh, Chandigarh",19202|Manav Mangal High School,,,Builder Floor Apartment,Unfurnished,1,1,North - East,1000,Sq-yrd,10 to 15 years,"1000 sq yard 4BHK in chandiarh sector 21C Check out this newly constructed 4 BHK flat on rent in the prime location of Sector 21 Chandigarh. The 4 BHK apartment is available at a reasonable rent of ₹1.5 Lac. Located on the 1 floor, the flat has 3 bathrooms, 3 balcony in carpet area of 900 sqyrd. There is also facility of 2 Open parking. The residence includes reserved parking. You can visit the flat at Sector 21, Chandigarh, Chandigarh.",150000,,,17,3,2 Open,No,No,No,,True,True,Agent,82,Immediately,2026-04-06T13:07:41.000Z,"Apr 06, '26",True
oUCtrJXA0xtzpSvf+uAgZw==,Magicbricks,https://www.magicbricks.com/property-details/4-BHK-2400-Sq-ft-Multistorey-Apartment-FOR-Rent-Manimajra-in-Chandigarh&id=4d423733333133363231,2026-04-19 13:51:15,30.7166667,76.8333333,,Manimajra,"Chandigarh, Chandigarh","19210|Housing Board Chowk Bus Stop, 19201|Rajiv Gandhi It Park, 19202|Hansraj Public School, 19202|Rimt World School, 19206|Dlf City Centre Mall",,,Apartment,Unfurnished,1,4,South - East,2400,Sq-ft,10 to 15 years,"Ultra luxurious 3 bedrooms flat in Uppals Marble Arch only for decent families or expats. Businessmen also welcome. Grab the chance to own this affordable 4 BHK flat for rent in the Manimajra area. This 4 BHK flat is available at the reasonable rent amount of ₹1.4 Lac. Located on the 1 floor, the flat comprises 4 bathrooms, 2 balcony, and has a covered area of 2400 sqft. The apartment is equipped with power back up, reserved parking, security, service/goods lift, air conditioned, intercom facility, ro water system.",135000,,9000,56,4,,Yes,No,No,"Service/Goods Lift, Air Conditioned, Internet/Wi-Fi Connectivity, RO Water System",True,True,Agent,56,Immediately,2026-04-04T04:49:06.000Z,"Apr 04, '26",True
9lYVz8if1d1zpSvf+uAgZw==,Magicbricks,https://www.magicbricks.com/property-details/4-BHK-4200-Sq-ft-Builder-Floor-Apartment-FOR-Rent-Sector-35-in-Chandigarh&id=4d423832313832313037,2026-04-19 13:51:15,30.7261629,76.7596221,,Sector-35,Sector 35A,"19202|Shivalik Public School, 19202|Sri Guru Gobind Singh Senior Secondary School, 19206|Piccadily Square Mall",,,Builder Floor Apartment,Semi-Furnished,1,2,North - East,4200,Sq-ft,New Construction,"1 kanal , House Floor available for rent in Sector 21 , Chandigarh1st floor,Park facingFully Furnished,Newly builtupSpacious room,Wide Balcony,Peaceful Location,Beautiful Builtup,Surrounded by Best Commercial hubs and also with Best Educational hubsContact us for More Details",110000,110000,0,26,4,"1 Covered, 2 Open",No,No,No,,True,True,Agent,100,Immediately,2026-03-28T10:01:23.000Z,"Mar 28, '26",True
2P2Ebq/ji6xzpSvf+uAgZw==,Magicbricks,https://www.magicbricks.com/property-details/4-BHK-3500-Sq-ft-Builder-Floor-Apartment-FOR-Rent-Sector-21-in-Chandigarh&id=4d423832393134363333,2026-04-19 13:51:15,30.7263907,76.77549,,Sector 21,"Chandigarh, Chandigarh",19202|Manav Mangal High School,,,Builder Floor Apartment,Semi-Furnished,1,2,North - East,3500,Sq-ft,New Construction,"Kanal first floor nicely built 4 bhk 4 bath prime location near market sector 21 You can avail the 4 BHK flat for rent in the well-known location of Sector 21. The Rent amount of this 4 BHK apartment is set at an attractive price of ₹1.1 Lac. The apartment is on the 1 floor, has a carpet area of 2500 sqft with 4 bathrooms and 2 balcony. The apartment is equipped with reserved parking, air conditioned, intercom facility, ro water system. The flat can be visited at Sector 21, Chandigarh, Chandigarh.",110000,220000,1000,31,4,,No,No,No,"Air Conditioned, Internet/Wi-Fi Connectivity, RO Water System, Banquet Hall",False,True,Agent,69,Immediately,2026-03-13T06:56:20.000Z,"Mar 13, '26",True
hfE7Bwey5GNzpSvf+uAgZw==,Magicbricks,https://www.magicbricks.com/property-details/4-BHK-2700-Sq-ft-Builder-Floor-Apartment-FOR-Rent-Sector-21-in-Chandigarh&id=4d423832393333383233,2026-04-19 13:51:15,30.7263907,76.77549,,Sector 21,"Chandigarh, Chandigarh",19202|Manav Mangal High School,,,Builder Floor Apartment,Semi-Furnished,2,3,East,2700,Sq-ft,5 to 10 years,"2 kanal first floor with lift A beautiful 4 BHK flat is available for rent in Sector 21. The flat is available for rent at a competitive amount of ₹1 Lac. Located on the 2 floor, the flat has 4 bathrooms, 4 balcony in carpet area of 1800 sqft. This home provides air conditioned. The flat can be visited at Sector 21, Chandigarh, Chandigarh.",100021,100000,,37,4,,No,No,No,Air Conditioned,True,True,Agent,51,Immediately,2026-04-04T08:15:59.000Z,"Apr 04, '26",True
X02tMUI3rCBzpSvf+uAgZw==,Magicbricks,https://www.magicbricks.com/property-details/4-BHK-3500-Sq-ft-Builder-Floor-Apartment-FOR-Rent-Sector-21-in-Chandigarh&id=4d423830303238323839,2026-04-19 13:51:15,30.7263907,76.77549,,Sector 21,"Chandigarh, Chandigarh",19202|Manav Mangal High School,,,Builder Floor Apartment,Semi-Furnished,Ground,2,South - East,3500,Sq-ft,Less than 5 years,"kanal ground floor 4 bhk prime location near market sector 21 Check out this newly constructed 4 BHK flat on rent in the prime location of Sector 21 Chandigarh. The Rent amount of this 4 BHK apartment is set at an attractive price of ₹1.5 Lac. Located on the Ground floor, the flat has 4 bathrooms, 2 balcony in carpet area of 3000 sqft. The residence includes reserved parking. This flat is located at Sector 21, Chandigarh, Chandigarh.",150000,300000,,43,4,,No,No,No,"Internet/Wi-Fi Connectivity, Banquet Hall",False,True,Agent,59,Immediately,2026-03-13T07:02:58.000Z,"Mar 13, '26",True
lpwuoCgyrPVzpSvf+uAgZw==,Magicbricks,https://www.magicbricks.com/property-details/4-BHK-9000-Sq-ft-Builder-Floor-Apartment-FOR-Rent-Sector-21-in-Chandigarh&id=4d423833353732333731,2026-04-19 13:51:15,30.7263907,76.77549,,Sector 21,Sector 21,19202|Manav Mangal High School,,,Builder Floor Apartment,Semi-Furnished,1,3,North - East,9000,Sq-ft,New Construction,"First floor 2 kanal spacious 4 bhk plus servant room, pooja room, lift, independent gate, car parking in sector 21 Chandigarh for Rent.Contact for details and free site visit. If you are planning to rent a flat, you can consider this 4 BHK flat situated in the prime location of Sector 21. The Rent amount of this 4 BHK apartment is set at an attractive price of ₹2.2 Lac. The flat is on the 1 floor and includes 5 bathrooms, 4 balcony with a carpet area of 4500 sqft. The flat comes with reserved parking, security, air conditioned, visitor parking, ro water system. The full address of the apartment is Sector 21, Sector 21, Chandigarh, Chandigarh.",222000,222000,,25,5,,No,No,No,"Air Conditioned, Visitor Parking, Internet/Wi-Fi Connectivity, RO Water System",False,True,Agent,76,Immediately,2026-02-27T00:31:23.000Z,"Feb 27, '26",True
sLyTBPEPlXpzpSvf+uAgZw==,Magicbricks,https://www.magicbricks.com/property-details/4-BHK-2850-Sq-ft-Builder-Floor-Apartment-FOR-Rent-Sector-11-in-Chandigarh&id=4d423831363038363433,2026-04-19 13:51:15,30.7583236,76.7841443,,Sector-11,10000.,"19202|D.A.V. Model School, 19202|Government Model Sr. Sec. School",,,Builder Floor Apartment,Furnished,1,2,North - West,2850,Sq-ft,10 to 15 years,"fully furnished 4 bedrooms attached bathrooms drawing dining modular kitchen top location for family only 4 BHK apartment is available on rent in Sector 11 Chandigarh right away. The apartment is available at an affordable rental price of ₹1.7 Lac. The flat is on the 1 floor and includes 4 bathrooms, 2 balcony with a carpet area of 2350 sqft. This unit is designed with reserved parking, visitor parking. The apartment is located at 10000., Sector 11, Chandigarh, Chandigarh.",170000,,,60,4,,Yes,No,No,Visitor Parking,False,True,Agent,78,Immediately,2026-04-08T05:30:36.000Z,"Apr 08, '26",True
sn/iYP1x4MtzpSvf+uAgZw==,Magicbricks,https://www.magicbricks.com/property-details/4-BHK-2-Kanal-Builder-Floor-Apartment-FOR-Rent-Sector-21-in-Chandigarh&id=4d423833353933373939,2026-04-19 13:51:15,30.7263907,76.77549,,Sector 21,"Chandigarh, Chandigarh",19202|Manav Mangal High School,,,Builder Floor Apartment,Semi-Furnished,1,3,East,2,Kanal,Less than 5 years,"2 kanal Independent 1st floor with Lift Independent entry 4 BHk 4 bathroom Servent Room with Washroom Pooja Room inside parking beautiful location contact The TRIcity Property Manager Chandigarh Find this 4 BHK rental flat in Sector 21 Chandigarh. The apartment is available at an affordable rental price of ₹2.3 Lac. The flat is on the 1 floor and includes 4 bathrooms, 3 balcony with a carpet area of 4500 sqft. The property features power back up, reserved parking, security, visitor parking. The flat can be visited at Sector 21, Chandigarh, Chandigarh.",225000,,,21,4,,No,No,No,"Visitor Parking, Laundry Service, Jogging and Strolling Track, Outdoor Tennis Courts",True,True,Agent,78,Immediately,2026-03-08T10:56:06.000Z,"Mar 08, '26",True
PbK60fZWdJNzpSvf+uAgZw==,Magicbricks,https://www.magicbricks.com/property-details/4-BHK-7560-Sq-ft-Builder-Floor-Apartment-FOR-Rent-Sector-21-in-Chandigarh&id=4d423833353038333237,2026-04-19 13:51:15,30.7263907,76.77549,,Sector 21,"Chandigarh, Chandigarh",19202|Manav Mangal High School,,,Builder Floor Apartment,Semi-Furnished,1,3,,7560,Sq-ft,New Construction,"2 kanal ultra modern 4bhk plus servant quarter with lift is available for rent at a very prime locality in sector 21 chandigarh.FOR MORE DETAILS OR TO SCHEDULE A VISIT PLEASE CONTACT US. 4 BHK flat is available for rent in Sector 21 immediately. Available at a rental price of ₹2.3 Lac, this 4 BHK flat is worth considering. Located on the 1 floor, the flat comprises 4 bathrooms, 4 balcony, and has a carpet area of 10800 sqft. Visit the flat at Sector 21, Chandigarh, Chandigarh.",230000,,,30,4,,No,No,No,,False,True,Agent,60,Immediately,2026-02-22T05:09:59.000Z,"Feb 22, '26",True
qI/5sChi/LJzpSvf+uAgZw==,Magicbricks,https://www.magicbricks.com/property-details/4-BHK-3800-Sq-ft-Builder-Floor-Apartment-FOR-Rent-Sector-4-in-Chandigarh&id=4d423833383833383539,2026-04-19 13:51:15,30.7522747,76.8007301,,Sector 4,"Chandigarh, Chandigarh",,,,Builder Floor Apartment,Semi-Furnished,Ground,3,North - West,3800,Sq-ft,Less than 5 years,"its ground floor four bedrooms drawing dining attached washroom with servant room inside car parking sector 4 chandigarh Grab the chance to own this affordable 4 BHK flat for rent in the Sector 4 area. The Rent amount of this 4 BHK apartment is set at an attractive price of ₹1.7 Lac. Located on the Ground floor, the flat has 4 bathrooms, 3 balcony in carpet area of 3500 sqft. This property offers power back up, reserved parking, security, air conditioned, ro water system. The full address of the apartment is Sector 4, Chandigarh, Chandigarh.",170000,300000,0,45,4,,Yes,No,No,"Air Conditioned, RO Water System",False,True,Agent,76,Immediately,2026-03-20T16:48:30.000Z,"Mar 20, '26",True
1wVzJY7q5nJzpSvf+uAgZw==,Magicbricks,https://www.magicbricks.com/property-details/4-BHK-6000-Sq-ft-Builder-Floor-Apartment-FOR-Rent-Sector-21-in-Chandigarh&id=4d423833373838373835,2026-04-19 13:51:15,30.7263907,76.77549,,Sector 21,"Chandigarh, Chandigarh",19202|Manav Mangal High School,,,Builder Floor Apartment,Unfurnished,2,2,East,6000,Sq-ft,Less than 5 years,"Builder floor apartment is available for rent. It has a covered area of 6000 sq-ft, it is 4 BHK apartment. Please contact for more details. 4 BHK apartment is available on rent in Sector 21 Chandigarh right away. Available at a rental price of ₹2.3 Lac, this 4 BHK flat is worth considering. Located on the 2 floor, the flat has 6 bathrooms, 4 balcony in carpet area of 4000 sqft. This property offers power back up, reserved parking, security, air conditioned, ro water system. Find this apartment at Sector 21, Chandigarh, Chandigarh.",225021,450000,,38,6,,No,No,No,"Air Conditioned, RO Water System, Bar/Lounge",True,True,Agent,51,Immediately,2026-03-15T06:56:41.000Z,"Mar 15, '26",True
KEDJJTMBYX1zpSvf+uAgZw==,Magicbricks,https://www.magicbricks.com/property-details/4-BHK-1800-Sq-ft-Builder-Floor-Apartment-FOR-Rent-Sector-36-in-Chandigarh&id=4d423833373838333539,2026-04-19 13:51:15,30.7327703,76.7552941,,Sector 36,sector 36,,,,Builder Floor Apartment,Semi-Furnished,2,2,North - East,1800,Sq-ft,Less than 5 years,"sector 36, 4bhk 3 bathrooms, semi furnished If you are searching a 4 BHK apartment for rent in Sector 36, check out this amazing rental flat. This 4 BHK flat can be availed at the rental price of ₹2.5 Lac. The flat is located on the 2 floor which includes 3 bathrooms, 2 balcony, and covers a carpet area of 2500 sqft. There is also facility of 1 Covered, 1 Open parking. The property features reserved parking. This flat is located at sector 36, Sector 36, Chandigarh, Chandigarh.",250000,250000,0,139,3,"1 Covered, 1 Open",No,No,No,,True,True,Agent,80,Immediately,2026-03-15T06:29:51.000Z,"Mar 15, '26",True
EjvyQ3/JUg9zpSvf+uAgZw==,Magicbricks,https://www.magicbricks.com/property-details/4-BHK-1-Kanal-Builder-Floor-Apartment-FOR-Rent-Sector-10-in-Chandigarh&id=4d423834323939323339,2026-04-19 13:51:15,30.7532757,76.7899135,,Sector 10,"Chandigarh, Chandigarh",,,,Builder Floor Apartment,Furnished,3,3,,,,5 to 10 years,"Grab the chance to own this affordable 4 BHK flat for rent in the Sector 10 area. The Rent amount of this 4 BHK apartment is set at an attractive price of ₹2.8 Lac. The flat is on the 3 floor and includes 4 bathrooms, 2 balcony with a carpet area of 1 kanal. This flat is fitted with power back up, reserved parking, air conditioned. Find this apartment at Sector 10, Chandigarh, Chandigarh.",280000,560000,,,4,,No,No,No,"Air Conditioned, Laundry Service, Banquet Hall, Outdoor Tennis Courts",True,True,Agent,59,Immediately,2026-04-18T09:28:19.000Z,Yesterday,True
XadZAbRZOuxzpSvf+uAgZw==,Magicbricks,https://www.magicbricks.com/property-details/4-BHK-4000-Sq-ft-Builder-Floor-Apartment-FOR-Rent-Sector-15-in-Chandigarh&id=4d423834313236323535,2026-04-19 13:51:15,30.7514892,76.772605,,Sector-15,posh area,"19201|Rajiv Gandhi Chandigarh It Park, 19202|Government Model Senior Secondary School, 19202|Crb Public School, 19203|Dharam Hospital",,,Builder Floor Apartment,Semi-Furnished,1,2,North,4000,Sq-ft,Less than 5 years,"its 4BHK NEW builder floor semi furnished If you are searching a 4 BHK apartment for rent in Sector 15, check out this amazing rental flat. The 4 BHK apartment is available at a reasonable rent of ₹3 Lac. The apartment is on the 1 floor, has a carpet area of 3200 sqft with 4 bathrooms and 4 balcony. The flat comes with reserved parking, security, visitor parking. This flat is located at posh area, Sector 15, Chandigarh, Chandigarh.",300000,,,75,4,,No,No,Yes,Visitor Parking,True,True,Agent,66,Immediately,2026-04-07T12:53:38.000Z,"Apr 07, '26",True
l8/BcwjNipxzpSvf+uAgZw==,Magicbricks,https://www.magicbricks.com/property-details/4-BHK-5500-Sq-ft-Builder-Floor-Apartment-FOR-Rent-Sector-18-in-Chandigarh&id=4d423833383639313437,2026-04-19 13:51:15,30.7347851,76.7884713,,Sector 18,"Chandigarh, Chandigarh","19202|Stepping Stones Sr. Sec. School, 19202|B M Schools Private Limited",,,Builder Floor Apartment,Semi-Furnished,1,3,South - East,5500,Sq-ft,New Construction,"two kanal newly built four bedrooms drawing dinning attached washroom with servant room inside car parking A beautiful 4 BHK flat is available for rent in Sector 18. This 4 BHK flat can be availed at the rental price of ₹3.5 Lac. The apartment is on the 1 floor, has a carpet area of 4500 sqft with 5 bathrooms and 3 balcony. This property offers power back up, reserved parking, security, air conditioned, ro water system. Visit the flat at Sector 18, Chandigarh, Chandigarh.",350000,700000,0,64,5,,Yes,No,No,"Air Conditioned, RO Water System",True,True,Agent,76,Immediately,2026-03-20T02:07:43.000Z,"Mar 20, '26",True
YSCcsf6gzVtzpSvf+uAgZw==,Magicbricks,https://www.magicbricks.com/property-details/5-BHK-3361-Sq-ft-Multistorey-Apartment-FOR-Rent-Zirakpur-in-Chandigarh&id=4d423834313434303239,2026-04-19 13:51:15,30.656788,76.82119203,,Zirakpur,Zirakpur,"19201|Mk Technology Park, 19202|St. Xaviers International School, 19202|Atticus International School, 19206|Tricity Square, 19206|Chandigarh Citi Centre",,,Apartment,Semi-Furnished,4,13,North - East,3361,Sq-ft,Less than 5 years,"You can avail the 5 BHK flat for rent in the well-known location of Zirakpur. This 5 BHK flat can be availed at the rental price of ₹55,000. Here you can enjoy world class facilities like 4 Wardrobe, 4 AC and Gas Connection. Located on the 4 floor, the flat has 5 bathrooms, 3 balcony in carpet area of 1764 sqft. You will also find 1 Covered parking facility. The residence includes power back up, reserved parking, security. The apartment is located at Patiala Road, Zirakpur, Punjab.",55000,55000,0,16,5,1 Covered,No,No,No,,True,True,Agent,80,Immediately,2026-04-08T10:56:24.000Z,"Apr 08, '26",True
4dsOgaXEJjJzpSvf+uAgZw==,Magicbricks,https://www.magicbricks.com/property-details/5-BHK-3361-Sq-ft-Multistorey-Apartment-FOR-Rent-Zirakpur-in-Chandigarh&id=4d423834303234323033,2026-04-19 13:51:15,30.656788,76.82119203,,Zirakpur,"Patiala Road, Zirakpur, Punjab","19201|Mk Technology Park, 19202|St. Xaviers International School, 19202|V.B. International Senior Secondary School, 19206|Tricity Square, 19206|Chandigarh Citi Centre",,,Apartment,Semi-Furnished,4,13,North - East,3361,Sq-ft,5 to 10 years,"5 BHK apartment is available on rent in Zirakpur Chandigarh right away. Available at a rental price of ₹55,000, this 5 BHK flat is worth considering. Some added-on facilities available with the flat are 4 Wardrobe, 4 AC and Gas Connection. The flat is on the 4 floor and includes 5 bathrooms, 3 balcony with a carpet area of 2000 sqft. There is also facility of 1 Covered parking. This unit features power back up, reserved parking, security. The flat can be visited at Patiala Road, Zirakpur, Punjab.",55000,55000,0,16,5,1 Covered,Yes,No,No,Jogging and Strolling Track,True,True,Agent,80,Immediately,2026-04-01T11:09:35.000Z,"Apr 01, '26",True
PB1uYy1nwyVzpSvf+uAgZw==,Magicbricks,https://www.magicbricks.com/property-details/5-BHK-3310-Sq-ft-Multistorey-Apartment-FOR-Rent-in-Chandigarh&id=4d423833313235313233,2026-04-19 13:51:15,30.656788,76.82119203,,Madaan Property Consultant,Madaan Properties,,,,Apartment,Semi-Furnished,4,13,North - East,3310,Sq-ft,New Construction,"5bhk semi furnish flat for rent in green lotus Saksham If you are searching a 5 BHK apartment for rent in Zirakpur, check out this amazing rental flat. ₹55,500 is the monthly rent of this 5 BHK flat. The property features power back up, reserved parking, security, service/goods lift, air conditioned, intercom facility, ro water system. The flat can be visited at Patiala Road, Zirakpur, Punjab.",55500,55500,,17,5,,No,No,No,"Air Conditioned, Banquet Hall, Bar/Lounge, Jogging and Strolling Track",False,True,Agent,76,Immediately,2026-03-31T07:57:17.000Z,"Mar 31, '26",True
J3Yxkr80/LFzpSvf+uAgZw==,Magicbricks,https://www.magicbricks.com/property-details/5-BHK-4500-Sq-ft-Multistorey-Apartment-FOR-Rent-in-Chandigarh&id=4d423834313838383337,2026-04-19 13:51:15,30.656788,76.82119203,,Madaan Property Consultant,Madaan Properties,,,,Apartment,Semi-Furnished,11,13,North - East,4500,Sq-ft,New Construction,"5bhk with servant room semi furnished flat is available for rent in green lotus Utsav If you are planning to rent a flat, you can consider this 5 BHK flat situated in the prime location of Zirakpur. The Rent amount of this 5 BHK apartment is set at an attractive price of ₹75,000. Located on the 11 floor, the flat comprises 5 bathrooms, 4 balcony, and has a covered area of 4500 sqft. This flat is fitted with power back up, reserved parking, security, service/goods lift, air conditioned, intercom facility, ro water system. This flat is located at PR-7 Airport Road Zirakpur.",75000,75000,,17,5,,No,No,No,"Air Conditioned, Banquet Hall, Bar/Lounge, Jogging and Strolling Track",False,True,Agent,78,Immediately,2026-04-10T16:46:57.000Z,"Apr 10, '26",True
5vvzgEQPXY5zpSvf+uAgZw==,Magicbricks,https://www.magicbricks.com/property-details/5-BHK-1500-Sq-ft-Builder-Floor-Apartment-FOR-Rent-Sector-20A-in-Chandigarh&id=4d423533343733303237,2026-04-19 13:51:15,30.723663,76.781827,,Mr pb,house no 132 sector 20A,,,,Builder Floor Apartment,Semi-Furnished,1,2,,1500,Sq-ft,5 to 10 years,"You can explore this 5 BHK flat on rent in Sector 20A Chandigarh. The apartment is available at an affordable rental price of ₹80,000. The flat is located on the 1 floor which includes 3 bathrooms, 2 balcony, and covers a carpet area of 1500 sqft. This flat is located at house no 132 sector 20A, Sector 20A, Chandigarh, Chandigarh. There are no brokerage fees on this 5 BHK multistorey apartment.",80000,100000,1000,53,3,,No,No,No,,False,False,Owner,38,Immediately,2026-03-12T08:03:13.000Z,"Mar 12, '26",True
IpgnH/8I03pzpSvf+uAgZw==,Magicbricks,https://www.magicbricks.com/property-details/5-BHK-9000-Sq-ft-Builder-Floor-Apartment-FOR-Rent-Sector-8-in-Chandigarh&id=4d423833353732333739,2026-04-19 13:51:15,30.7416185,76.8000091,,Sector 8,"Chandigarh, Chandigarh","19202|New Pragati Sen Sec School, 19202|Swami Vivekananada Institute Of Engineering",,,Builder Floor Apartment,Semi-Furnished,1,3,South - East,9000,Sq-ft,New Construction,"2 kanal first floor spacious 5 bhk plus servant room, pooja room, lift, independent gate, car parking in sector 8 Chandigarh for rent 5 BHK apartment is available on rent in Sector 8 Chandigarh right away. The rent of the 5 BHK flat is ₹2.3 Lac. Located on the 1 floor, the flat comprises 6 bathrooms, 4 balcony, and has a carpet area of 4500 sqft. This property offers reserved parking, security, service/goods lift, air conditioned, ro water system. This flat is located at Sector 8, Chandigarh, Chandigarh.",225000,225000,,25,6,,No,No,No,"Air Conditioned, Laundry Service, Internet/Wi-Fi Connectivity, RO Water System",False,True,Agent,73,Immediately,2026-02-27T00:38:23.000Z,"Feb 27, '26",True
Fk4C2vVIvglzpSvf+uAgZw==,Magicbricks,https://www.magicbricks.com/property-details/5-BHK-7580-Sq-ft-Builder-Floor-Apartment-FOR-Rent-Sector-8-in-Chandigarh&id=4d423833353339333431,2026-04-19 13:51:15,30.7416185,76.8000091,,Sector 8,"Chandigarh, Chandigarh","19202|C L Aggarwal D.A.V Model School, 19202|New Pragati Sen Sec School",,,Builder Floor Apartment,Semi-Furnished,1,3,,7580,Sq-ft,New Construction,"2 kanal ultra modern 5bhk plus servant quarter is available for rent at a very prime locality in sector 8 chandigarh.FOR MORE DETAILS OR TO SCHEDULE A VISIT PLEASE CONTACT US. Find 5 BHK flat for rent in Sector 8 Chandigarh. The apartment is available at an affordable rental price of ₹2.2 Lac. The apartment is on the 1 floor, has a carpet area of 10800 sqft with 5 bathrooms and 3 balcony. Visit the flat at Sector 8, Chandigarh, Chandigarh.",220000,,,29,5,,No,No,No,,False,True,Agent,60,Immediately,2026-02-24T13:01:39.000Z,"Feb 24, '26",True
vK3t2WjR7eJzpSvf+uAgZw==,Magicbricks,https://www.magicbricks.com/property-details/5-BHK-2500-Sq-ft-Builder-Floor-Apartment-FOR-Rent-Sector-21-in-Chandigarh&id=4d423833353636333637,2026-04-19 13:51:15,30.7263907,76.77549,,Sector 21,house no.0000,19202|Manav Mangal High School,,,Builder Floor Apartment,Furnished,4,5,North - West,2500,Sq-ft,New Construction,"Prime Location 2 kanal first floor 5bhk with servant room n lift newly built If you are searching a 5 BHK apartment for rent in Sector 21, check out this amazing rental flat. You can get this flat at monthly rent of ₹2 Lac. The flat is on the 4 floor and includes 5 bathrooms, 2 balcony with a carpet area of 2450 sqft. This home provides power back up, reserved parking, visitor parking. The apartment is located at house no.0000, Sector 21, Chandigarh, Chandigarh.",200000,,,80,5,,Yes,No,No,Visitor Parking,True,True,Agent,63,Immediately,2026-02-26T10:50:04.000Z,"Feb 26, '26",True
Oku8AuBrIn9zpSvf+uAgZw==,Magicbricks,https://www.magicbricks.com/property-details/5-BHK-7000-Sq-ft-Builder-Floor-Apartment-FOR-Rent-Sector-8-in-Chandigarh&id=4d423833363133383835,2026-04-19 13:51:15,30.7416185,76.8000091,,Sector 8,sector 8,"19202|C L Aggarwal D.A.V Model School, 19202|Swami Vivekananada Institute Of Engineering",,,Builder Floor Apartment,Semi-Furnished,1,3,North - East,7000,Sq-ft,Less than 5 years,"5bhk with servant room available for rent Sector 8, Chandigarh.2 kanal,First floorSemi furnished,Peaceful location, Beautiful builtup,spacious room,Wide balconies,Huge parking,Surrounded by best commercial and residential hubs,contact us for more details.",200000,200000,0,29,5,"2 Covered, 2 Open",No,No,No,,True,True,Agent,95,Immediately,2026-03-02T07:50:03.000Z,"Mar 02, '26",True
jdJs6mlE5f9zpSvf+uAgZw==,Magicbricks,https://www.magicbricks.com/property-details/1-BHK-100-Sq-yrd-Residential-House-FOR-Rent-Nayagaon-in-Chandigarh&id=4d423636363033333835,2026-04-19 13:51:15,30.777979,76.794314,,Sahil,Chandigarh,,,,Residential House,Unfurnished,1,2,,100,Sq-yrd,New Construction,"Check out this 1 BHK house for rent in locality. The monthly rental of the house is ₹55,000. The house is on the 1st floor, has 1 bathrooms and 1 balcony. This house is situated at Chandigarh, Nayagaon, Chandigarh, Chandigarh.",55000,,,61,1,,No,No,No,,False,False,Owner,54,Immediately,2026-03-31T04:01:45.000Z,"Mar 31, '26",True
3jAdsJQmDRtzpSvf+uAgZw==,Magicbricks,https://www.magicbricks.com/property-details/1-BHK-680-Sq-ft-Residential-House-FOR-Rent-Sector-16-in-Chandigarh&id=4d423739303034333731,2026-04-19 13:51:15,30.7464418,76.7783748,,Sector 16,Studio Apartment,,,,Residential House,Furnished,,,North - East,680,Sq-ft,5 to 10 years,"Sixteen marla house facing park b road 3 bhk semi preference for PGI Doctors You can find this 1 BHK house on rent in a good area of Sector 16. The rent is ₹17,000 per month. This house is equipped with granite, normal tiles/kotah stone, marble, ceramic tiles, wooden, vitrified, mosaic, marbonite flooring. In addition, the house includes Puja Room. Studio Apartment, Sector 16, Chandigarh, Chandigarh is the address of the house.",17000,17000,0,25,1,,No,No,No,"Air Conditioned, Laundry Service, RO Water System",True,True,Agent,83,Immediately,2026-04-18T00:22:48.000Z,Yesterday,True
qIFPwmvm5AFzpSvf+uAgZw==,Magicbricks,https://www.magicbricks.com/property-details/1-BHK-808-Sq-ft-Residential-House-FOR-Rent-Sector-35-in-Chandigarh&id=4d423834323731383635,2026-04-19 13:51:15,30.7261629,76.7596221,,Sector-35,"Chandigarh, Chandigarh","19202|St Peters Senior Secondary School, 19202|Sri Guru Gobind Singh Senior Secondary School, 19206|Piccadily Square Mall",,,Residential House,Furnished,,,,808,Sq-ft,,"Check out this 1 BHK house available for rent in the popular location of Sector 35. The rent is ₹20,000 per month. The address of this house is Sector 35, Chandigarh, Chandigarh.",20000,,,25,1,,No,No,No,,True,True,Agent,41,Immediately,2026-04-16T16:53:14.000Z,"Apr 16, '26",True
pcye+5naTfJzpSvf+uAgZw==,Magicbricks,https://www.magicbricks.com/property-details/1-BHK-1000-Sq-ft-Residential-House-FOR-Rent-Sector-32-in-Chandigarh&id=4d423831393139313937,2026-04-19 13:51:15,30.7094569,76.77549,,Sector 32,"Chandigarh, Chandigarh","19202|Saupin's School, 19202|Tender Heart School, 19206|Vishal Mega Mart",,,Residential House,Furnished,,,East,1000,Sq-ft,New Construction,"ground floor showroom available for rent in sector 29 Chandigarh This 1 BHK house is up for rent in the well-known Sector 32 area. The monthly rent of the independent house is ₹16,000. In addition, the house includes Puja Room, Store, Study and Servant Room. The house is located at Sector 32, Chandigarh, Chandigarh.",16000,16000,,16,1,,No,No,No,,True,True,Agent,63,Immediately,2026-03-12T05:32:41.000Z,"Mar 12, '26",True
dx1Md8RvCJpzpSvf+uAgZw==,Magicbricks,https://www.magicbricks.com/property-details/1-BHK-1100-Sq-ft-Residential-House-FOR-Rent-Sector-33-in-Chandigarh&id=4d423833383237343735,2026-04-19 13:51:15,30.7137743,76.769673,,Sector-33,"Chandigarh, Chandigarh","19201|Graycell Technologies, 19202|Kendriya Vidyalya Sangathan, 19202|Paragon Convent School, 19203|Ayu Health Hospital, 19203|Landmark Hospital",,,Residential House,Semi-Furnished,,,East,1100,Sq-ft,New Construction,"ground floor with huge big park and 3 car parking You can find this 1 BHK rental house in the main area of Sector 33. The rent is ₹23,000 per month. The house also provides Store and Study. Sector 33, Chandigarh, Chandigarh is the address of the house.",23000,23000,0,21,1,,No,No,No,"RO Water System, Banquet Hall, Jogging and Strolling Track, Outdoor Tennis Courts",True,True,Agent,62,Immediately,2026-03-17T15:19:31.000Z,"Mar 17, '26",True
KsDf7ltJpGBzpSvf+uAgZw==,Magicbricks,https://www.magicbricks.com/property-details/1-BHK-900-Sq-ft-Residential-House-FOR-Rent-Manimajra-in-Chandigarh&id=4d423536373337353135,2026-04-19 13:51:15,30.7166667,76.8333333,,Manimajra,It park 4 lane farmhouse road,"19210|Housing Board Chowk Bus Stop, 19201|Rajiv Gandhi It Park, 19202|Rimt World School, 19202|Hansraj Public School, 19206|Dlf City Centre Mall",,,Residential House,Furnished,,,North,900,Sq-ft,New Construction,"it near to IT park chandigarh This 1 BHK independent house for rent is located in Manimajra. The monthly rent is a ₹5,500. This house is situated at It park 4 lane farmhouse road, Manimajra, Chandigarh, Chandigarh.",5500,5500,500,6,1,,No,No,No,Internet/Wi-Fi Connectivity,False,False,Owner,69,Immediately,2026-04-16T17:12:18.000Z,"Apr 16, '26",True
9C2a0gqkK+hzpSvf+uAgZw==,Magicbricks,https://www.magicbricks.com/property-details/1-BHK-300-Sq-ft-Residential-House-FOR-Rent-Sector-42-in-Chandigarh&id=4d423834313934313937,2026-04-19 13:51:15,30.7259328,76.7437522,,Sector 42,"Chandigarh, Chandigarh",,,,Residential House,Furnished,,,,300,Sq-ft,,"This 1 BHK house is up for rent in the well-known Sector 42 area. The house is available at the rent of ₹11,000 per month. The address of the house is Sector 42, Chandigarh, Chandigarh.",11000,,,37,1,,No,No,No,,False,False,Owner,26,Immediately,2026-04-11T07:54:11.000Z,"Apr 11, '26",True
p2MC6vy3/FZzpSvf+uAgZw==,Magicbricks,https://www.magicbricks.com/property-details/1-BHK-300-Sq-ft-Residential-House-FOR-Rent-Sector-38-West-in-Chandigarh&id=4d423730353631393937,2026-04-19 13:51:15,30.7456844,76.7437522,,Sector 38 West,"Chandigarh, Chandigarh",,,,Residential House,Furnished,Ground,3,,300,Sq-ft,,"The beautiful 1 BHK house is now available for rent in the premium location of Sector 38 West. The house is available at a monthly rental price of ₹20,000. This house is situated at Sector 38 West, Chandigarh, Chandigarh.",20000,,,67,1,,No,No,No,,False,False,Owner,45,Immediately,2026-04-14T15:41:15.000Z,"Apr 14, '26",True
+TxNwc87FrVzpSvf+uAgZw==,Magicbricks,https://www.magicbricks.com/property-details/1-BHK-800-Sq-ft-Residential-House-FOR-Rent-Sector-44-in-Chandigarh&id=4d423834313638333231,2026-04-19 13:51:15,30.7127179,76.7524087,,Sector-44,"Chandigarh, Chandigarh",,,,Residential House,Furnished,,,North - East,800,Sq-ft,Less than 5 years,"fully furnished independent one room with attached washroom and kitchen all amenities provided ac , double door fridge , double bed with mattress , geyser , fan etc Located in Sector 44, you can find the 1 BHK house available on rent. You can find this house at rent of ₹19,000 per month. The house is located at Sector 44, Chandigarh, Chandigarh.",19000,19000,,24,1,,No,No,No,Air Conditioned,False,False,Owner,63,Immediately,2026-04-09T13:52:33.000Z,"Apr 09, '26",True
ILp0z0QxVMlzpSvf+uAgZw==,Magicbricks,https://www.magicbricks.com/property-details/1-BHK-180-Sq-ft-Residential-House-FOR-Rent-Kharar-Landran-Road-in-Chandigarh&id=4d423834313130333837,2026-04-19 13:51:15,30.7120469,76.656144,,Kharar-Landran Road,shivalik homes sector 127,"19206|Divine World, 19206|Mechwo Shopping",,,Residential House,Furnished,,,,180,Sq-ft,Less than 5 years,"The 1 BHK house is currently available for rent in Kharar-Landran Road. The house is available at a monthly rental price of ₹9,000. shivalik homes sector 127, Kharar-Landran Road, Chandigarh, Chandigarh is the address of the house.",9000,9000,0,50,1,,No,No,No,,False,False,Owner,38,Immediately,2026-04-06T18:16:07.000Z,"Apr 06, '26",True
nWmISRjMNSRzpSvf+uAgZw==,Magicbricks,https://www.magicbricks.com/property-details/1-BHK-200-Sq-ft-Residential-House-FOR-Rent-Sector-21-in-Chandigarh&id=4d423834323539353439,2026-04-19 13:51:15,30.7263907,76.77549,,Sector 21,"Chandigarh, Chandigarh",19202|Manav Mangal High School,,,Residential House,Furnished,,,,200,Sq-ft,,"You can find this 1 BHK rental house in the main area of Sector 21. The monthly rental of the house is ₹18,000. Sector 21, Chandigarh, Chandigarh is the address of the house.",18000,,,90,1,,No,No,No,,False,False,Owner,0,Select Date,2026-04-16T07:13:33.000Z,"Apr 16, '26",True
Du99X0rarqdzpSvf+uAgZw==,Magicbricks,https://www.magicbricks.com/property-details/1-BHK-700-Sq-ft-Residential-House-FOR-Rent-Dera-Bassi-in-Chandigarh&id=4d423831393135323831,2026-04-19 13:51:15,30.5872,76.8428,,Dera Bassi,"P-43, SBP housing Park, Derabassi",19202|Longowal Polytechnic College,,,Residential House,Furnished,1,1,South - East,700,Sq-ft,New Construction,"Check out this 1 BHK house available for rent in the popular location of Dera Bassi. The monthly rental of the house is ₹15,000. Located on the 1st floor, the house comprises 1 bathrooms and 1 balcony. This house is situated at P-43, SBP housing Park, Derabassi, Dera Bassi, Chandigarh, Chandigarh.",15000,,,21,1,,No,No,No,"Air Conditioned, Banquet Hall, Jogging and Strolling Track, Outdoor Tennis Courts",True,True,Owner,71,Immediately,2026-04-05T23:36:12.000Z,"Apr 06, '26",True
dHQWMVFXd1BzpSvf+uAgZw==,Magicbricks,https://www.magicbricks.com/property-details/1-BHK-500-Sq-ft-Residential-House-FOR-Rent-Sector-15-in-Chandigarh&id=4d423739303839363537,2026-04-19 13:51:15,30.7514892,76.772605,,Sector-15,"Chandigarh, Chandigarh","19201|Rajiv Gandhi Chandigarh It Park, 19202|Crb Public School, 19202|Government Model Senior Secondary School, 19203|Dharam Hospital",,,Residential House,Semi-Furnished,1,3,,500,Sq-ft,,"You can find this 1 BHK rental house in the main area of Sector 15. The rent is ₹25,000 per month. This house is situated at Sector 15, Chandigarh, Chandigarh.",25000,,,50,1,,No,No,No,,False,False,Owner,0,Immediately,2026-04-05T21:32:54.000Z,"Apr 06, '26",True
GXlwQSJxbtVzpSvf+uAgZw==,Magicbricks,https://www.magicbricks.com/property-details/1-BHK-450-Sq-ft-Residential-House-FOR-Rent-in-Chandigarh&id=4d423833393430363739,2026-04-19 13:51:15,,,,someshwer singh,"Chandigarh, Chandigarh",,,,Residential House,Furnished,,,,450,Sq-ft,,"You can find this 1 BHK rental house in the main area of Golden Pam society mubharkapu. The monthly rent of the property is ₹6,500.",6500,,,14,1,,No,No,No,,False,False,Owner,0,Immediately,2026-03-25T13:22:26.000Z,"Mar 25, '26",True
slfvvU0m2GpzpSvf+uAgZw==,Magicbricks,https://www.magicbricks.com/property-details/1-BHK-1700-Sq-ft-Residential-House-FOR-Rent-Sector-21-in-Chandigarh&id=4d423833373235363531,2026-04-19 13:51:15,30.7263907,76.77549,,Sector 21,"Chandigarh, Chandigarh",19202|Manav Mangal High School,,,Residential House,Furnished,,,North,1700,Sq-ft,,"Owner free 1 bhk for single girl in a 3bhk accommodation where hall and kitchen are common room and washroom are personal with balcony in a very prime location full independent and fully furnished. This 1 BHK house is up for rent in the well-known Sector 21 area. The house is available at a monthly rental price of ₹16,000. The address of the house is Sector 21, Chandigarh, Chandigarh.",16000,16000,,9,1,,No,No,No,"Air Conditioned, RO Water System",True,True,Agent,63,Immediately,2026-04-18T23:45:33.000Z,Today,True
tZdpPO4i+YhzpSvf+uAgZw==,Magicbricks,https://www.magicbricks.com/property-details/1-BHK-200-Sq-ft-Residential-House-FOR-Rent-Sector-21-in-Chandigarh&id=4d423831343432343831,2026-04-19 13:51:15,30.7263907,76.77549,,Sector 21,"Chandigarh, Chandigarh",19202|Manav Mangal High School,,,Residential House,Furnished,,,,200,Sq-ft,,"A residential House is available for rent. It Is located In a very good area. Please contact for more details. This 1 BHK rental house is located in a key location of Sector 21 area. The house is available at the rent of ₹75,000 per month. This house is situated at Sector 21, Chandigarh, Chandigarh.",75000,,,375,1,,No,No,No,,False,False,Owner,27,Immediately,2026-02-19T13:39:06.000Z,"Feb 19, '26",True
wslVZV0u5ZZzpSvf+uAgZw==,Magicbricks,https://www.magicbricks.com/property-details/1-BHK-10-Marla-Residential-House-FOR-Rent-Sector-27-in-Chandigarh&id=4d423833373134383831,2026-04-19 13:51:15,30.7231259,76.7985669,,Sector 27,"Chandigarh, Chandigarh","19202|Sri Aurobindo School Of Integral Education, 19202|New Public Schools",,,Residential House,Furnished,,,,10,Marla,New Construction,"This 1 BHK house is up for rent in the well-known Sector 27 area. The monthly rent of the independent house is ₹30,000. The address of the house is Sector 27, Chandigarh, Chandigarh.",30000,,,11,1,,No,No,No,,False,True,Agent,51,Immediately,2026-04-17T23:45:20.000Z,Yesterday,True
ovnIo3KhIllzpSvf+uAgZw==,Magicbricks,https://www.magicbricks.com/property-details/1-BHK-2500-Sq-ft-Residential-House-FOR-Rent-Sector-15-in-Chandigarh&id=4d423739303137343237,2026-04-19 13:51:15,30.7514892,76.772605,,Sector-15,"Chandigarh, Chandigarh","19201|Rajiv Gandhi Chandigarh It Park, 19202|Government Model Senior Secondary School, 19202|Crb Public School, 19203|Dharam Hospital",,,Residential House,Furnished,,,,2500,Sq-ft,10 to 15 years,"Check out this 1 BHK house for rent in locality. The house is avaliable at a monthly rent of ₹28,000. The address of this house is Sector 15, Chandigarh, Chandigarh.",28000,28000,,11,1,,No,No,No,,True,True,Agent,53,Immediately,2026-04-17T00:24:52.000Z,"Apr 17, '26",True
ZMgkdle3VddzpSvf+uAgZw==,Magicbricks,https://www.magicbricks.com/property-details/1-BHK-980-Sq-ft-Residential-House-FOR-Rent-Sector-36-in-Chandigarh&id=4d423830373034373733,2026-04-19 13:51:15,30.7327703,76.7552941,,Sector 36,Fourteen Marla house,,,,Residential House,Furnished,,,North - East,980,Sq-ft,New Construction,"Newly built 1Bhk one bedroom attached bath kitchen drawing dining Furnished ground floor preference working two girls or students girl with mother Located in Sector 36, you can find the 1 BHK house available on rent. The monthly rent is ₹30,000. The house is equipped with granite, normal tiles/kotah stone, marble, ceramic tiles, wooden, vitrified, mosaic, marbonite flooring. The house also provides Store. This house is situated at Fourteen Marla house, Sector 36, Chandigarh, Chandigarh.",30000,30000,0,31,1,,No,No,No,"Air Conditioned, Banquet Hall, Bar/Lounge, Jogging and Strolling Track",True,True,Agent,83,Immediately,2026-03-06T10:30:22.000Z,"Mar 06, '26",True
VSq7lAsxNXFzpSvf+uAgZw==,Magicbricks,https://www.magicbricks.com/property-details/2-BHK-10-Marla-Residential-House-FOR-Rent-Sector-20A-in-Chandigarh&id=4d423833363236343431,2026-04-19 13:51:15,30.723663,76.781827,,Sangari Real Estate,"Chandigarh, Chandigarh",,,,Residential House,Unfurnished,,,,10,Marla,New Construction,"The beautiful 2 BHK house is now available for rent in the premium location of Sector 20A. The house is available at a monthly rental price of ₹35,000. You will also find Puja Room, Store and Servant Room in the house. The house is located at Sector 20A, Chandigarh, Chandigarh.",35000,,,13,2,,No,No,No,,False,True,Agent,55,Immediately,2026-04-16T23:45:22.000Z,"Apr 17, '26",True
ApSd3Uy3/OJzpSvf+uAgZw==,Magicbricks,https://www.magicbricks.com/property-details/2-BHK-1200-Sq-ft-Residential-House-FOR-Rent-Sector-36-in-Chandigarh&id=4d423436303333373535,2026-04-19 13:51:15,30.7327703,76.7552941,,Sector 36,"Chandigarh, Chandigarh",,,,Residential House,Semi-Furnished,1,2,North - East,1200,Sq-ft,5 to 10 years,"this property is located in sector 36 facing park having independent entry having very prime location of sector 36 You can find this 2 BHK house on rent in a good area of Sector 36. The house is available at a monthly rental price of ₹30,000. The independent house is located on the 1st floor which includes 2 bathrooms and 2 balcony. There is also a facility of 1 Open parking. Live in the house and get access to various useful facilities such as 2 AC and Gas Connection. The house flooring is made of marble. In addition, the house includes Store. This house is located at Sector 36, Chandigarh, Chandigarh.",30000,30000,300,25,2,1 Open,No,No,No,,True,True,Agent,90,Immediately,2026-04-11T09:08:35.000Z,"Apr 11, '26",True
sE/j/eHyHYNzpSvf+uAgZw==,Magicbricks,https://www.magicbricks.com/property-details/2-BHK-1600-Sq-ft-Residential-House-FOR-Rent-Sector-33-in-Chandigarh&id=4d423831303836383235,2026-04-19 13:51:15,30.7137743,76.769673,,Sector-33,"Chandigarh, Chandigarh","19201|Graycell Technologies, 19202|Paragon Convent School, 19202|Kendriya Vidyalya Sangathan, 19203|Ayu Health Hospital, 19203|Landmark Hospital",,,Residential House,Furnished,,,,1600,Sq-ft,New Construction,"Check out this 2 BHK house available for rent in the popular location of Sector 33. You can find this house at rent of ₹37,000 per month. The house also provides Puja Room, Store, Study and Servant Room. The house is located at Sector 33, Chandigarh, Chandigarh.",37000,37000,,23,1,,No,No,No,"Air Conditioned, Banquet Hall, Bar/Lounge, Jogging and Strolling Track",True,True,Agent,66,Immediately,2026-03-19T05:12:15.000Z,"Mar 19, '26",True
iwERratfzGpzpSvf+uAgZw==,Magicbricks,https://www.magicbricks.com/property-details/2-BHK-950-Sq-ft-Residential-House-FOR-Rent-Sector-63-in-Chandigarh&id=4d423435383333343237,2026-04-19 13:51:15,30.6921903,76.7274147,,Sector 63,"Chandigarh, Chandigarh",,,,Residential House,Unfurnished,1,5,North - East,950,Sq-ft,New Construction,Newly built 2 bedrooms attached bathrooms drawing dining modular kitchen fully marbled nicely built flat for family only ::::For more details call please ::::Gurnishan singh ::::Ekamjot property consultant,26000,,,27,2,"1 Covered, 1 Open",No,No,No,,False,True,Agent,66,Immediately,2026-03-04T10:03:40.000Z,"Mar 04, '26",True
kl6wZVFsyl1zpSvf+uAgZw==,Magicbricks,https://www.magicbricks.com/property-details/2-BHK-1450-Sq-ft-Residential-House-FOR-Rent-Sector-38A-in-Chandigarh&id=4d423833393631373233,2026-04-19 13:51:15,30.7476756,76.7431336,,Vasudeva Properties,Near Santokh Hospital,,,,Residential House,Semi-Furnished,,,North - East,1450,Sq-ft,2010,"Corner house. Located in Sector 38A, you can find the 2 BHK house available on rent. The house is avaliable at a monthly rent of ₹26,500. The house also has Store. This house is situated at Near Santokh Hospital, Sector 38A, Chandigarh, Chandigarh.",26500,26500,,18,1,,Yes,No,No,"Service/Goods Lift, RO Water System",False,True,Agent,73,Immediately,2026-03-27T08:23:50.000Z,"Mar 27, '26",True
rOxz72MkKr9zpSvf+uAgZw==,Magicbricks,https://www.magicbricks.com/property-details/2-BHK-1800-Sq-ft-Residential-House-FOR-Rent-Sector-44-in-Chandigarh&id=4d423832393231393039,2026-04-19 13:51:15,30.7127179,76.7524087,,Sector-44,"Chandigarh, Chandigarh",,,,Residential House,Unfurnished,,,North,1800,Sq-ft,10 to 15 years,"10 marla 2 bhk Attached 2 bath ground floor near market posh location. The beautiful 2 BHK house is now available for rent in the premium location of Sector 44. The monthly rent is a ₹40,000. There is also Store in the house. This house is situated at Sector 44, Chandigarh, Chandigarh.",40000,40000,200,22,2,,No,No,No,"Air Conditioned, Laundry Service, Internet/Wi-Fi Connectivity, Banquet Hall",False,True,Agent,78,Immediately,2026-03-13T06:54:28.000Z,"Mar 13, '26",True
7fyNoN/JyrFzpSvf+uAgZw==,Magicbricks,https://www.magicbricks.com/property-details/2-BHK-8-Marla-Residential-House-FOR-Rent-Sector-40-in-Chandigarh&id=4d423834303336343533,2026-04-19 13:51:15,30.7363236,76.7350951,,Sector 40,"Chandigarh, Chandigarh",,,,Residential House,Semi-Furnished,,,,8,Marla,,"The beautiful 2 BHK house is now available for rent in the premium location of Sector 40. You will also have to pay a monthly rent of ₹32,000. Sector 40, Chandigarh, Chandigarh is the address of the house.",32000,,,15,2,,No,No,No,,False,False,Owner,39,Immediately,2026-04-02T07:47:46.000Z,"Apr 02, '26",True
1Nh1Lhe4PiZzpSvf+uAgZw==,Magicbricks,https://www.magicbricks.com/property-details/2-BHK-450-Sq-ft-Residential-House-FOR-Rent-Sector-38-in-Chandigarh&id=4d423834303636313737,2026-04-19 13:51:15,30.7456844,76.7437522,,Sector-38,"Chandigarh, Chandigarh",,,,Residential House,Furnished,,,,450,Sq-ft,New Construction,"Check out this 2 BHK house for rent in locality. The house is available at a monthly rental price of ₹30,000. The address of this house is Sector 38, Chandigarh, Chandigarh.",30000,30000,,67,1,,No,No,No,,False,False,Owner,33,Immediately,2026-04-03T17:58:57.000Z,"Apr 03, '26",True
Ko0G6om5dzJzpSvf+uAgZw==,Magicbricks,https://www.magicbricks.com/property-details/2-BHK-1400-Sq-ft-Residential-House-FOR-Rent-Sector-40-in-Chandigarh&id=4d423834333031393435,2026-04-19 13:51:15,30.7363236,76.7350951,,Sector 40,"Chandigarh, Chandigarh",,,,Residential House,Furnished,,,,1400,Sq-ft,,"This 2 BHK independent house for rent is located in Sector 40. The monthly rent is ₹40,000. The house is located at Sector 40, Chandigarh, Chandigarh.",40000,,,29,2,,No,No,No,,False,False,Owner,26,Immediately,2026-04-18T11:18:30.000Z,Yesterday,True
oShgST05NQ1zpSvf+uAgZw==,Magicbricks,https://www.magicbricks.com/property-details/2-BHK-1100-Sq-ft-Residential-House-FOR-Rent-in-Chandigarh&id=4d423834323431383331,2026-04-19 13:51:15,,,,Sandeep Garg,"house no 3079, Sector 38D, Chandigarh",,,,Residential House,Semi-Furnished,,,,1100,Sq-ft,5 to 10 years,"This 2 BHK house is up for rent in the well-known Sector 38D chandigarh area. The monthly rent is ₹30,000. Get access to facilities such as 3 Wardrobe, 1 Bed, Fridge and Gas Connection simply by choosing this house for rent.",30000,60000,,27,2,,No,No,No,,False,False,Owner,36,Select Date,2026-04-15T06:31:50.000Z,"Apr 15, '26",True
kWU89Z7UpEpzpSvf+uAgZw==,Magicbricks,https://www.magicbricks.com/property-details/2-BHK-808-Sq-ft-Residential-House-FOR-Rent-Sector-38-in-Chandigarh&id=4d423834323131363139,2026-04-19 13:51:15,30.7456844,76.7437522,,Sector-38,"Chandigarh, Chandigarh",,,,Residential House,Furnished,,,,808,Sq-ft,,"This 2 BHK independent house for rent is located in Sector 38. The monthly rent of the independent house is ₹28,000. This house is situated at Sector 38, Chandigarh, Chandigarh.",28000,,,35,2,,No,No,No,,True,True,Agent,26,Immediately,2026-04-13T03:11:01.000Z,"Apr 13, '26",True
aFAn7SqaJelzpSvf+uAgZw==,Magicbricks,https://www.magicbricks.com/property-details/2-BHK-1800-Sq-ft-Residential-House-FOR-Rent-Sector-42-in-Chandigarh&id=4d423833353831303037,2026-04-19 13:51:15,30.7259328,76.7437522,,Sector 42,"Chandigarh, Chandigarh",,,,Residential House,Semi-Furnished,,,,1800,Sq-ft,10 to 15 years,"This 2 BHK independent house for rent is located in Sector 42. The house is available at a monthly rental price of ₹23,000. The house also provides Servant Room. The address of the house is Sector 42, Chandigarh, Chandigarh.",23000,,,13,1,,No,No,No,Visitor Parking,False,False,Owner,60,Immediately,2026-02-27T09:55:28.000Z,"Feb 27, '26",True
ppENCyXiDtVzpSvf+uAgZw==,Magicbricks,https://www.magicbricks.com/property-details/2-BHK-850-Sq-ft-Residential-House-FOR-Rent-Sector-37-in-Chandigarh&id=4d423436303335323637,2026-04-19 13:51:15,30.7378169,76.7495233,,Sector-37,sector 37,,,,Residential House,Semi-Furnished,1,3,North - East,850,Sq-ft,5 to 10 years,"This Residential House of total 3 floors faces North - East & overlooks Garden/Park, Main Road offering a beautiful view from the house, with airy interiors. Additional space for Store Room is available. Unmatched corner Residential House. The age of construction for this apartment Residential House is between 5 to 10 years.",20000,,,24,2,,No,No,No,,True,True,Agent,68,Immediately,2026-04-11T09:08:34.000Z,"Apr 11, '26",True
eyaTCHODAg5zpSvf+uAgZw==,Magicbricks,https://www.magicbricks.com/property-details/2-BHK-900-Sq-ft-Residential-House-FOR-Rent-Sector-33-in-Chandigarh&id=4d423737393433353539,2026-04-19 13:51:15,30.7137743,76.769673,,Sector-33,"Chandigarh, Chandigarh","19201|Graycell Technologies, 19202|Kendriya Vidyalya Sangathan, 19202|Paragon Convent School, 19203|Landmark Hospital, 19203|Ayu Health Hospital",,,Residential House,Furnished,,,North - East,900,Sq-ft,New Construction,"located on madhya marg in center of city. which is also posh locality. Situated in Sector 33, this 2 BHK individual house is currently available for rent out. The monthly rent is a ₹22,000. There is also Puja Room in the house. The address of the house is Sector 33, Chandigarh, Chandigarh.",22000,22000,,24,1,,No,No,No,"Air Conditioned, RO Water System",True,True,Agent,68,Immediately,2026-03-21T06:18:10.000Z,"Mar 21, '26",True
2JqqllCOSmBzpSvf+uAgZw==,Magicbricks,https://www.magicbricks.com/property-details/2-BHK-125-Sq-yrd-Residential-House-FOR-Rent-Sector-22-in-Chandigarh&id=4d423531383836333039,2026-04-19 13:51:15,30.732999,76.7711626,,Sector-22,"Chandigarh, Chandigarh","19202|Shishu Niketan Model Senior Secondary School, 19203|Civil Hospital, 19206|Shastri Market",,,Residential House,Furnished,2,3,,125,Sq-yrd,,"The 2 BHK house is currently available for rent in Sector 22. You will also have to pay a monthly rent of ₹20,000. Sector 22, Chandigarh, Chandigarh is the address of the house.",20000,,,18,1,,No,No,No,,False,False,Owner,40,Immediately,2026-04-13T12:13:01.000Z,"Apr 13, '26",True
CBUNpzz/K49zpSvf+uAgZw==,Magicbricks,https://www.magicbricks.com/property-details/2-BHK-5-Marla-Residential-House-FOR-Rent-Sunny-Enclave-in-Chandigarh&id=4d423834323534333333,2026-04-19 13:51:15,30.6613938,76.8210988,,Sunny Enclave,"Chandigarh, Chandigarh",,,,Residential House,Semi-Furnished,,,East,5,Marla,5 to 10 years,"spacious 2bhk Check out this 2 BHK house available for rent in the popular location of Sunny Enclave. The house is available at the rent of ₹14,000 per month. The address of the house is Sunny Enclave, Chandigarh, Chandigarh.",14000,14000,14000,10,2,,No,No,No,"Air Conditioned, RO Water System",False,False,Owner,73,Immediately,2026-04-15T17:02:35.000Z,"Apr 15, '26",True
MUK135LKTp5zpSvf+uAgZw==,Magicbricks,https://www.magicbricks.com/property-details/2-BHK-910-Sq-ft-Villa-FOR-Rent-Khara-Mohali-in-Chandigarh&id=4d423532333937393235,2026-04-19 13:51:15,30.7488819,76.6413581,,Khara Mohali,Plot no. 1834,"19202|Bsm Sikh Girls High School, 19202|Henderson Jubilee Senior Secondary School, 19206|EasyDay Club",,,Villa,Unfurnished,,,North - West,910,Sq-ft,New Construction,Independent villa for rent from villa Chandigarh sector 35 10 mins away . well educated pepole around .,15000,30000,,16,2,2 Open,No,No,No,,False,False,Owner,91,Immediately,2026-03-09T21:33:31.000Z,"Mar 10, '26",True
oattS7d8uHtzpSvf+uAgZw==,Magicbricks,https://www.magicbricks.com/property-details/2-BHK-882-Sq-ft-Residential-House-FOR-Rent-Dera-Bassi-in-Chandigarh&id=4d423736383734323631,2026-04-19 13:51:15,30.5872,76.8428,,Dera Bassi,"Chandigarh, Chandigarh",19202|Longowal Polytechnic College,,,Residential House,Semi-Furnished,,,,882,Sq-ft,,"You can find this 2 BHK rental house in the main area of Dera Bassi. The rent is ₹12,000 per month. Haibatpur Rd, Sector-5, Focal Point, Dera Bassi, Punjab is the address of the house.",12000,,,14,2,,No,No,No,,False,False,Owner,23,Immediately,2026-04-11T21:32:05.000Z,"Apr 12, '26",True
irOLr6Z4nCdzpSvf+uAgZw==,Magicbricks,https://www.magicbricks.com/property-details/2-BHK-1500-Sq-ft-Residential-House-FOR-Rent-in-Chandigarh&id=4d423831383131383931,2026-04-19 13:51:15,,,,SP Singh,"Chandigarh, Chandigarh",,,,Residential House,Furnished,,,,1500,Sq-ft,Above 20 years,"park facing The 2 BHK house is currently available for rent in Hou. The monthly rent of the independent house is ₹25,000.",25000,25000,,17,1,,No,No,No,Air Conditioned,False,False,Owner,68,Immediately,2026-03-27T21:32:35.000Z,"Mar 28, '26",True
rDg9SXBTrsJzpSvf+uAgZw==,Magicbricks,https://www.magicbricks.com/property-details/2-BHK-900-Sq-ft-Residential-House-FOR-Rent-Sector-33-in-Chandigarh&id=4d423834303131303337,2026-04-19 13:51:15,30.7137743,76.769673,,Sector-33,"Chandigarh, Chandigarh","19201|Graycell Technologies, 19202|Kendriya Vidyalya Sangathan, 19202|Paragon Convent School, 19203|Ayu Health Hospital, 19203|Landmark Hospital",,,Residential House,Unfurnished,,,,900,Sq-ft,Above 20 years,"Located in Sector 33, you can find the 2 BHK house available on rent. The rent is ₹25,000 per month. The address of this house is Sector 33, Chandigarh, Chandigarh.",25000,,,28,1,,No,No,No,,False,False,Owner,30,Immediately,2026-03-31T12:07:22.000Z,"Mar 31, '26",True
cOAfAvaSH4ZzpSvf+uAgZw==,Magicbricks,https://www.magicbricks.com/property-details/2-BHK-1000-Sq-ft-Residential-House-FOR-Rent-Sector-38-in-Chandigarh&id=4d423630313830383037,2026-04-19 13:51:15,30.7456844,76.7437522,,Sector-38,"Chandigarh, Chandigarh",,,,Residential House,Unfurnished,1,3,,1000,Sq-ft,,"Check out this 2 BHK house available for rent in the popular location of Sector 38. The monthly rent is ₹25,000. This house is situated at Sector 38, Chandigarh, Chandigarh.",25000,,,25,1,,No,No,No,,False,False,Owner,0,Immediately,2026-04-09T07:42:40.000Z,"Apr 09, '26",True
GcICpZVcTGBzpSvf+uAgZw==,Magicbricks,https://www.magicbricks.com/property-details/2-BHK-1800-Sq-ft-Residential-House-FOR-Rent-Sector-37-in-Chandigarh&id=4d423832383837383733,2026-04-19 13:51:15,30.7378169,76.7495233,,Sector-37,"Chandigarh, Chandigarh",,,,Residential House,Furnished,,,,1800,Sq-ft,Less than 5 years,"Owner Free Furnished 2 rooms on Ground Floor for Working Girls Or Doctors or Family Check out this 2 BHK house for rent in locality. The monthly rental of the house is ₹25,000. Sector 37, Chandigarh, Chandigarh is the address of the house.",25000,25000,,14,1,,No,No,No,,True,True,Agent,58,Immediately,2026-04-16T23:45:22.000Z,"Apr 17, '26",True
lxUNuJZUm1xzpSvf+uAgZw==,Magicbricks,https://www.magicbricks.com/property-details/2-BHK-2800-Sq-ft-Residential-House-FOR-Rent-Sector-36-in-Chandigarh&id=4d423832343436333639,2026-04-19 13:51:15,30.7327703,76.7552941,,Sector 36,sector 36 chandigarh,,,,Residential House,Semi-Furnished,,,North - East,2800,Sq-ft,10 to 15 years,"Available 2 BHK attached bathroom, very tastefully built up property in Chandigarh, only for family or executives. The beautiful 2 BHK house is now available for rent in the premium location of Sector 36. The monthly rent of the independent house is ₹42,000. The house is fitted with ceramic tiles flooring. The house also has Store. This house is situated at sector 36 chandigarh, Sector 36, Chandigarh, Chandigarh.",42000,48000,,15,2,,No,No,No,RO Water System,False,True,Agent,90,Immediately,2026-04-18T23:45:33.000Z,Today,True
48qGS/Kn8xdzpSvf+uAgZw==,Magicbricks,https://www.magicbricks.com/property-details/2-BHK-2450-Sq-ft-Residential-House-FOR-Rent-Sector-16-in-Chandigarh&id=4d423739303036323931,2026-04-19 13:51:15,30.7464418,76.7783748,,Sector 16,"Chandigarh, Chandigarh",,,,Residential House,Furnished,,,,2450,Sq-ft,5 to 10 years,"Situated in Sector 16, this 2 BHK individual house is currently available for rent out. The monthly rent of the independent house is ₹50,000. This house is located at Sector 16, Chandigarh, Chandigarh.",50000,50000,,20,2,,No,No,No,,True,True,Agent,53,Immediately,2026-04-15T16:32:49.000Z,"Apr 15, '26",True
0tfFwlrLz0BzpSvf+uAgZw==,Magicbricks,https://www.magicbricks.com/property-details/2-BHK-1700-Sq-ft-Residential-House-FOR-Rent-Sector-35-in-Chandigarh&id=4d423738363832373631,2026-04-19 13:51:15,30.7261629,76.7596221,,Sector-35,"Chandigarh, Chandigarh","19202|St Peters Senior Secondary School, 19202|Sri Guru Gobind Singh Senior Secondary School, 19206|Piccadily Square Mall",,,Residential House,Furnished,,,,1700,Sq-ft,New Construction,"This 2 BHK independent house for rent is located in Sector 35. The house is available at the rent of ₹52,000 per month. In addition, the house includes Puja Room and Store. This house is situated at Sector 35, Chandigarh, Chandigarh.",52000,52000,,31,2,,No,No,No,Air Conditioned,True,True,Agent,66,Immediately,2026-04-11T13:14:37.000Z,"Apr 11, '26",True
YcU6FM4xmFVzpSvf+uAgZw==,Magicbricks,https://www.magicbricks.com/property-details/2-BHK-2400-Sq-ft-Residential-House-FOR-Rent-Sector-35-in-Chandigarh&id=4d423833343339333137,2026-04-19 13:51:15,30.7261629,76.7596221,,Sector-35,"Chandigarh, Chandigarh","19202|St Peters Senior Secondary School, 19202|Shivalik Public School, 19206|Piccadily Square Mall",,,Residential House,Furnished,,,North - East,2400,Sq-ft,5 to 10 years,"Situated in Sector 35, this 2 BHK individual house is currently available for rent out. The monthly rent of the property is ₹45,000. The house also provides Store. This house is located at Sector 35, Chandigarh, Chandigarh.",45000,45000,,19,2,,No,No,No,Air Conditioned,False,True,Agent,68,Immediately,2026-02-17T06:33:13.000Z,"Feb 17, '26",True
32tzuT0n41RzpSvf+uAgZw==,Magicbricks,https://www.magicbricks.com/property-details/2-BHK-1700-Sq-ft-Residential-House-FOR-Rent-Sector-33-in-Chandigarh&id=4d423833383236333939,2026-04-19 13:51:15,30.7137743,76.769673,,Sector-33,Chandigarh,"19201|Graycell Technologies, 19202|Kendriya Vidyalya Sangathan, 19202|Paragon Convent School, 19203|Landmark Hospital, 19203|Ayu Health Hospital",,,Residential House,Furnished,,,East,1700,Sq-ft,New Construction,"ground floor with huge big park and 3 car parking This 2 BHK house is up for rent in the well-known Sector 33 area. The monthly rent is a ₹50,000. In addition, the house includes Store and Study. This house is situated at Chandigarh, Sector 33, Chandigarh, Chandigarh.",50000,50000,0,29,3,,No,No,No,"Banquet Hall, Bar/Lounge, Jogging and Strolling Track, Outdoor Tennis Courts",True,True,Agent,65,Immediately,2026-03-17T13:02:38.000Z,"Mar 17, '26",True
ZEX6tOwILKpzpSvf+uAgZw==,Magicbricks,https://www.magicbricks.com/property-details/2-BHK-2250-Sq-ft-Residential-House-FOR-Rent-Sector-34-in-Chandigarh&id=4d423831313530383233,2026-04-19 13:51:15,30.7195549,76.7639499,,Sector-34,"Chandigarh, Chandigarh","19202|Aanchal International School, 19202|Northridge International School, 19203|Mukat Hospital And Heart Institute, 19206|Piccadilly Square Mall",,,Residential House,Furnished,,,East,2250,Sq-ft,New Construction,"2bhk fully furnished The beautiful 2 BHK house is now available for rent in the premium location of Sector 34. The monthly rental of the house is ₹50,000. In addition, the house includes Puja Room. This house is situated at Sector 34, Chandigarh, Chandigarh.",50000,50000,,22,2,,No,No,No,"Air Conditioned, RO Water System",True,True,Agent,63,Immediately,2026-02-24T12:19:07.000Z,"Feb 24, '26",True
H7qPjD5+KAJzpSvf+uAgZw==,Magicbricks,https://www.magicbricks.com/property-details/2-BHK-2500-Sq-ft-Residential-House-FOR-Rent-Sector-27-in-Chandigarh&id=4d423833353334323735,2026-04-19 13:51:15,30.7231259,76.7985669,,Sector 27,"Chandigarh, Chandigarh","19202|Sri Aurobindo School Of Integral Education, 19202|Bhavan Vidyalaya",,,Residential House,Semi-Furnished,Ground,1,,2500,Sq-ft,Above 20 years,"Residential house is available for rent. It has a covered area of 2500 sq-ft, it is 2 BHK house, has total 1 floor facing East direction. The 2 BHK house is currently available for rent in Sector 27. You will also have to pay a monthly rent of ₹45,000. The independent house is located on the ground floor which includes 2 bathrooms and 2 balcony. Some add-on facilities bundled with this independent house are 2 Wardrobe, 2 Bed, 2 AC and Dining Table. The house is located at Sector 27, Chandigarh, Chandigarh.",45000,90000,,18,2,,No,No,No,,False,False,Owner,38,Immediately,2026-02-24T08:30:31.000Z,"Feb 24, '26",True
jmaclF0+/45zpSvf+uAgZw==,Magicbricks,https://www.magicbricks.com/property-details/2-BHK-1200-Sq-ft-Residential-House-FOR-Rent-Sector-46-in-Chandigarh&id=4d423739343734313433,2026-04-19 13:51:15,30.7026207,76.7639499,,Sector 46,"Chandigarh, Chandigarh",,,,Residential House,Furnished,,,,1200,Sq-ft,New Construction,"This 2 BHK house is up for rent in the well-known Sector 46 area. You will also have to pay a monthly rent of ₹44,000. In addition, the house includes Puja Room, Store and Study. The house is located at Sector 46, Chandigarh, Chandigarh.",44000,44000,,37,2,,No,No,No,"Air Conditioned, Internet/Wi-Fi Connectivity, RO Water System, Banquet Hall",True,True,Agent,66,Immediately,2026-03-21T06:18:09.000Z,"Mar 21, '26",True
7ug4uYkS8u5zpSvf+uAgZw==,Magicbricks,https://www.magicbricks.com/property-details/2-BHK-1700-Sq-ft-Residential-House-FOR-Rent-Sector-33-in-Chandigarh&id=4d423833393139353731,2026-04-19 13:51:15,30.7137743,76.769673,,Sector-33,"Chandigarh, Chandigarh","19201|Graycell Technologies, 19202|Paragon Convent School, 19202|Kendriya Vidyalya Sangathan, 19203|Landmark Hospital, 19203|Ayu Health Hospital",,,Residential House,Furnished,,,East,1700,Sq-ft,New Construction,"ground floor. fully furnished You can find this 2 BHK rental house in the main area of Sector 33. The monthly rent of the property is ₹45,000. The house also has Study and Servant Room. Sector 33, Chandigarh, Chandigarh is the address of the house.",45000,45000,0,26,3,,No,No,No,"Air Conditioned, Banquet Hall, Bar/Lounge, Outdoor Tennis Courts",True,True,Agent,62,Immediately,2026-03-24T07:14:15.000Z,"Mar 24, '26",True
1IJhMxbJgW9zpSvf+uAgZw==,Magicbricks,https://www.magicbricks.com/property-details/2-BHK-2500-Sq-ft-Residential-House-FOR-Rent-Sector-33-in-Chandigarh&id=4d423834303938303733,2026-04-19 13:51:15,30.7137743,76.769673,,Sector-33,Sector 33,"19201|Graycell Technologies, 19202|Paragon Convent School, 19202|Kendriya Vidyalya Sangathan, 19203|Ayu Health Hospital, 19203|Landmark Hospital",,,Residential House,Furnished,,,North - East,2500,Sq-ft,5 to 10 years,"1 kanal first floor furnished 2bedroom attached bath drawing dinning kitchen terrace airy sunny rooms walking distance for daily needs This 2 BHK rental house is located in a key location of Sector 33 area. The monthly rent is ₹42,000. 1 Open parking space is also available in the house. The flooring in the house is made of vitrified. There is also Puja Room in the house. The house is located at Sector 33, Sector 33, Chandigarh, Chandigarh.",42000,42000,0,17,2,1 Open,No,No,No,,True,True,Agent,80,Immediately,2026-04-06T08:38:29.000Z,"Apr 06, '26",True
IxNAFyR8k75zpSvf+uAgZw==,Magicbricks,https://www.magicbricks.com/property-details/2-BHK-2250-Sq-ft-Residential-House-FOR-Rent-Sector-38-in-Chandigarh&id=4d423832353339333635,2026-04-19 13:51:15,30.7456844,76.7437522,,Sector-38,"Chandigarh, Chandigarh",,,,Residential House,Furnished,Ground,1,North,2250,Sq-ft,,"Residential house is available for rent. It has a covered area of 2250 sq-ft, it is 2 BHK house, has total 1 floor facing North direction. Situated in Sector 38, this 2 BHK individual house is currently available for rent out. The monthly rental of the house is ₹42,000. The house is on the ground floor, includes 2 bathrooms and 2 balcony. The address of the house is Sector 38, Chandigarh, Chandigarh.",42000,42000,,19,2,,No,No,No,Air Conditioned,True,True,Agent,66,Immediately,2026-02-23T11:17:23.000Z,"Feb 23, '26",True
olfCFVj87wtzpSvf+uAgZw==,Magicbricks,https://www.magicbricks.com/property-details/2-BHK-2500-Sq-ft-Residential-House-FOR-Rent-Sector-37-in-Chandigarh&id=4d423739303138313033,2026-04-19 13:51:15,30.7378169,76.7495233,,Sector-37,"Chandigarh, Chandigarh",,,,Residential House,Furnished,,,,2500,Sq-ft,5 to 10 years,"This 2 BHK rental house is located in a key location of Sector 37 area. The monthly rent is a ₹42,000. The address of this house is Sector 37, Chandigarh, Chandigarh.",42000,42000,,17,2,,No,No,No,,True,True,Agent,53,Immediately,2026-04-16T07:06:02.000Z,"Apr 16, '26",True
EIB+7KPTWFpzpSvf+uAgZw==,Magicbricks,https://www.magicbricks.com/property-details/2-BHK-3400-Sq-ft-Residential-House-FOR-Rent-Sector-9-in-Chandigarh&id=4d423739303135343531,2026-04-19 13:51:15,30.7466677,76.7942403,,Sector 9,kanal House,"19202|Chitkara University, 19202|Carmel Convent",,,Residential House,Furnished,,,North - East,3400,Sq-ft,Less than 5 years,"One kanal House two bedroom attached two bathroom drawing dining modern kitchen fully furnished preference working Located in Sector 9, you can find the 2 BHK house available on rent. The monthly rent is a ₹50,000. The house is fitted with granite, normal tiles/kotah stone, marble, ceramic tiles, wooden, vitrified, mosaic, marbonite flooring. In addition, the house includes Puja Room. The address of the house is kanal House, Sector 9, Chandigarh, Chandigarh.",50000,50000,0,15,2,,No,No,No,"Air Conditioned, RO Water System",True,True,Agent,78,Immediately,2026-04-17T05:23:29.000Z,"Apr 17, '26",True
kWGyPYz5o/1zpSvf+uAgZw==,Magicbricks,https://www.magicbricks.com/property-details/2-BHK-3600-Sq-ft-Villa-FOR-Rent-Sector-36-in-Chandigarh&id=4d423833353239373835,2026-04-19 13:51:15,30.7327703,76.7552941,,Sector 36,kanal house,,,,Villa,Furnished,,,North - East,3600,Sq-ft,Less than 5 years,2bhk kanal house fully furnished preference MNC Bank Family.,45000,45000,0,12,2,,No,No,No,"Air Conditioned, Laundry Service, RO Water System",True,True,Agent,83,Immediately,2026-02-24T05:14:41.000Z,"Feb 24, '26",True
bPg0imfuFeZzpSvf+uAgZw==,Magicbricks,https://www.magicbricks.com/property-details/2-BHK-3200-Sq-ft-Residential-House-FOR-Rent-Sector-11-in-Chandigarh&id=4d423833353431373131,2026-04-19 13:51:15,30.7583236,76.7841443,,Sector-11,kanal house,"19202|D.A.V. Model School, 19202|Sanawar Montessori School",,,Residential House,Furnished,,,North - East,3200,Sq-ft,Less than 5 years,"2bhk fully furnished facing park green belt preference doctor family or only service class You can find this 2 BHK rental house in the main area of Sector 11. The monthly rent of the independent house is ₹41,000. In addition, the house includes Study and Store. kanal house, Sector 11, Chandigarh, Chandigarh is the address of the house.",41000,41000,0,13,2,,No,No,No,"Air Conditioned, Visitor Parking, Laundry Service, RO Water System",True,True,Agent,80,Immediately,2026-02-24T18:34:27.000Z,"Feb 25, '26",True
JObXldUY7HZzpSvf+uAgZw==,Magicbricks,https://www.magicbricks.com/property-details/2-BHK-4450-Sq-ft-Residential-House-FOR-Rent-Sector-16-in-Chandigarh&id=4d423739303131323331,2026-04-19 13:51:15,30.7464418,76.7783748,,Sector 16,"Chandigarh, Chandigarh",,,,Residential House,Semi-Furnished,,,,4450,Sq-ft,10 to 15 years,"This 2 BHK house is up for rent in the well-known Sector 16 area. You can find this house at rent of ₹65,000 per month. This house is located at Sector 16, Chandigarh, Chandigarh.",65000,65000,,15,2,,No,No,No,,True,True,Agent,53,Immediately,2026-04-16T06:57:55.000Z,"Apr 16, '26",True
VaTasSOJW2VzpSvf+uAgZw==,Magicbricks,https://www.magicbricks.com/property-details/2-BHK-2450-Sq-ft-Residential-House-FOR-Rent-Sector-21-in-Chandigarh&id=4d423733303930393231,2026-04-19 13:51:15,30.7263907,76.77549,,Sector 21,"Chandigarh, Chandigarh",19202|Manav Mangal High School,,,Residential House,Furnished,2,2,North - East,2450,Sq-ft,New Construction,"newly built 2 bedrooms attached bathrooms drawing dining modular kitchen nicely built top location available for rent only for family The 2 BHK house is currently available for rent in Sector 21. The monthly rent of the property is ₹65,000. The independent house is located on the 2nd floor which includes 2 bathrooms and 2 balcony. The house is equipped with wooden, marble flooring. The address of the house is Sector 21, Chandigarh, Chandigarh.",65000,,,27,2,,No,No,No,,False,True,Agent,71,Immediately,2026-04-08T05:29:29.000Z,"Apr 08, '26",True
HvqqX8R+TPNzpSvf+uAgZw==,Magicbricks,https://www.magicbricks.com/property-details/2-BHK-2250-Sq-ft-Residential-House-FOR-Rent-Sector-34-in-Chandigarh&id=4d423830333337383531,2026-04-19 13:51:15,30.7195549,76.7639499,,Sector-34,"Chandigarh, Chandigarh","19202|Aanchal International School, 19202|Kundan International School, 19203|Mukat Hospital And Heart Institute, 19206|Piccadilly Square Mall",,,Residential House,Furnished,,,,2250,Sq-ft,New Construction,"2bhk house very good condition Check out this 2 BHK house available for rent in the popular location of Sector 34. The house is available at the rent of ₹60,000 per month. In addition, the house includes Store. This house is situated at Sector 34, Chandigarh, Chandigarh.",60000,60000,,27,2,,No,No,No,"Air Conditioned, RO Water System",True,True,Agent,68,Immediately,2026-02-23T11:32:05.000Z,"Feb 23, '26",True
XbVzWdHXrtpzpSvf+uAgZw==,Magicbricks,https://www.magicbricks.com/property-details/2-BHK-2000-Sq-ft-Residential-House-FOR-Rent-Sector-8-in-Chandigarh&id=4d423731363637343637,2026-04-19 13:51:15,30.7416185,76.8000091,,Sector 8,"Chandigarh, Chandigarh","19202|Swami Vivekananada Institute Of Engineering, 19202|C L Aggarwal D.A.V Model School",,,Residential House,Furnished,,,North - West,2000,Sq-ft,Less than 5 years,"VIP Sector of Chandigarh The 2 BHK house is currently available for rent in Sector 8. The monthly rent is ₹95,000. You will also find Study and Servant Room in the house. Sector 8, Chandigarh, Chandigarh is the address of the house.",95000,,,48,3,,No,No,No,"Air Conditioned, RO Water System",True,True,Agent,51,Immediately,2026-02-24T05:26:50.000Z,"Feb 24, '26",True
lamK6dp7C+9zpSvf+uAgZw==,Magicbricks,https://www.magicbricks.com/property-details/2-BHK-5200-Sq-ft-Residential-House-FOR-Rent-Sector-35-in-Chandigarh&id=4d423833303234333839,2026-04-19 13:51:15,30.7261629,76.7596221,,Sector-35,"Chandigarh, Chandigarh","19202|Shivalik Public School, 19202|St Peters Senior Secondary School, 19206|Piccadily Square Mall",,,Residential House,Furnished,,,North,5200,Sq-ft,5 to 10 years,"2bhk second floor This 2 BHK rental house is located in a key location of Sector 35 area. The monthly rent of the property is ₹80,000. The house also has Store. Sector 35, Chandigarh, Chandigarh is the address of the house.",80000,80000,,15,2,,No,No,Yes,Air Conditioned,True,True,Agent,73,Immediately,2026-03-22T06:42:24.000Z,"Mar 22, '26",True
kJz0GLJoIhtzpSvf+uAgZw==,Magicbricks,https://www.magicbricks.com/property-details/2-BHK-3500-Sq-ft-Residential-House-FOR-Rent-Kaimbwala-in-Chandigarh&id=4d423739343138343039,2026-04-19 13:51:15,30.7535652,76.8153558,,Praveen Goswami,1129 Sukhna Enclave Kansal,,,,Residential House,Furnished,Ground,2,North,3500,Sq-ft,10 to 15 years,"Residential house is available for rent. It has covered area 3500 sq-ft, it is 2 BHK house, has total 2 floor facing East direction. The beautiful 2 BHK house is now available for rent in the premium location of Kaimbwala. The monthly rental of the house is ₹1 Lac. Located on the ground floor, the house comprises 2 bathrooms and 2 balcony. The house flooring is made of wooden, marble, granite. This house is situated at 1129 Sukhna Enclave Kansal, Kaimbwala, Chandigarh, Chandigarh.",100000,55000,3000,29,2,,No,No,No,,False,False,Owner,76,Immediately,2026-02-09T04:36:58.000Z,"Feb 09, '26",True
1iG5FBJGGXFzpSvf+uAgZw==,Magicbricks,https://www.magicbricks.com/property-details/1-BHK-650-Sq-ft-Villa-FOR-Rent-Sector-8-in-Chandigarh&id=4d423437393235333331,2026-04-19 13:51:15,30.7416185,76.8000091,,Sector 8,Chandigarh sector 8c,"19202|C L Aggarwal D.A.V Model School, 19202|New Pragati Sen Sec School",,,Villa,Unfurnished,,,North,650,Sq-ft,Less than 5 years,owner free types fully furnished AC one room set in kanal Villa in sector 8c Chandigarh,13000,15000,,20,1,,No,No,No,"Air Conditioned, Banquet Hall, Bar/Lounge, Jogging and Strolling Track",True,True,Agent,63,Immediately,2026-03-27T16:53:03.000Z,"Mar 27, '26",True
pj9jiKDxXgVzpSvf+uAgZw==,Magicbricks,https://www.magicbricks.com/property-details/1-BHK-575-Sq-ft-Residential-House-FOR-Rent-in-Chandigarh&id=4d423832373730363335,2026-04-19 13:51:15,,,,Rohit,sector 20A Chandigarh near jama masjid,,,,Residential House,Semi-Furnished,,,North - East,575,Sq-ft,,"Independent Single Hall Room with in Kitchen For RentA wellmaintained semifurnished independent single hall room with kitchen available on the second floor of a residential house. Rent 15,000 month Security Deposit 1 month Utilities Excluded Preferred TenantSingle working male professionals onlyOnly genuinely interested persons can dm",16000,1,,28,1,,No,No,No,,False,False,Owner,61,Immediately,2026-03-13T12:22:50.000Z,"Mar 13, '26",True
PGOa9il9wthzpSvf+uAgZw==,Magicbricks,https://www.magicbricks.com/property-details/1-BHK-2400-Sq-ft-Residential-House-FOR-Rent-Sector-22B-in-Chandigarh&id=4d423732333638303235,2026-04-19 13:51:15,30.734349,76.775905,,Alka,"Sector-22, chandigarh.",,,,Residential House,Furnished,2,2,,,,10 to 15 years,"You can find this 1 BHK rental house in the main area of Sector 22B. The monthly rental of the house is ₹12,000. The house is on the 2nd floor, includes 1 bathrooms and 2 balcony. If you rent the house, you will have access to facilities like 2 Bed, Fridge, 2 AC, Sofa and Gas Connection. The address of this house is Sector-22, chandigarh., Sector 22B, Chandigarh, Chandigarh.",12000,12000,,,1,,No,No,No,,False,False,Owner,32,Immediately,2026-03-18T16:14:45.000Z,"Mar 18, '26",True
KZ4ULp3/hbZzpSvf+uAgZw==,Magicbricks,https://www.magicbricks.com/property-details/1-BHK-400-Sq-ft-Residential-House-FOR-Rent-Sector-38-in-Chandigarh&id=4d423535323139383335,2026-04-19 13:51:15,30.7456844,76.7437522,,Sector-38,"Chandigarh, Chandigarh",,,,Residential House,Furnished,1,1,,400,Sq-ft,,"You can find this 1 BHK rental house in the main area of Sector 38. You will also have to pay a monthly rent of ₹16,000. The address of this house is Sector 38, Chandigarh, Chandigarh.",16000,,,40,1,,No,No,No,,False,False,Owner,25,Immediately,2026-03-02T13:40:22.000Z,"Mar 02, '26",True
v9fJJeGxdwZzpSvf+uAgZw==,Magicbricks,https://www.magicbricks.com/property-details/1-BHK-400-Sq-ft-Residential-House-FOR-Rent-Sector-18-in-Chandigarh&id=4d423833363630323533,2026-04-19 13:51:15,30.7347851,76.7884713,,Sector 18,"Chandigarh, Chandigarh","19202|Saint Thomas - Cni School, 19202|Stepping Stones Sr. Sec. School",,,Residential House,Unfurnished,,,,400,Sq-ft,,"Check out this 1 BHK house available for rent in the popular location of Sector 18. The monthly rent of the property is ₹25,000. The address of this house is Sector 18, Chandigarh, Chandigarh.",25000,,,62,1,,No,No,No,,False,False,Owner,0,Immediately,2026-03-06T06:46:00.000Z,"Mar 06, '26",True
aHj4PPiEs8xzpSvf+uAgZw==,Magicbricks,https://www.magicbricks.com/property-details/1-BHK-200-Sq-ft-Residential-House-FOR-Rent-Sector-40A-in-Chandigarh&id=4d423833333834343233,2026-04-19 13:51:15,30.7412173,76.7314602,,ashoke kumar,"Chandigarh, Chandigarh",,,,Residential House,Furnished,,,,200,Sq-ft,,"You can find this 1 BHK house on rent in a good area of Sector 40A. The house is avaliable at a monthly rent of ₹9,000. Sector 40A, Chandigarh, Chandigarh is the address of the house.",9000,,,45,1,,No,No,No,,False,False,Owner,0,Immediately,2026-02-13T04:59:25.000Z,"Feb 13, '26",True
hDdjGusYRp9zpSvf+uAgZw==,Magicbricks,https://www.magicbricks.com/property-details/1-BHK-1500-Sq-ft-Residential-House-FOR-Rent-in-Chandigarh&id=4d423833323735383135,2026-04-19 13:51:15,,,,pradeep Pradeep Dhawan,"Chandigarh, Chandigarh",,,,Residential House,Furnished,,,,,,5 to 10 years,"The 1 BHK house is currently available for rent in private property. The monthly rental of the house is ₹18,000.",18000,18000,,,1,,No,No,No,,False,False,Owner,30,Immediately,2026-02-05T11:51:53.000Z,"Feb 05, '26",True
z+pwp/hhLAtzpSvf+uAgZw==,Magicbricks,https://www.magicbricks.com/property-details/1-BHK-400-Sq-ft-Residential-House-FOR-Rent-Manimajra-in-Chandigarh&id=4d423531383535363535,2026-04-19 13:51:15,30.7166667,76.8333333,,Manimajra,"Chandigarh, Chandigarh","19210|Housing Board Chowk Bus Stop, 19201|Rajiv Gandhi It Park, 19202|Hansraj Public School, 19202|Rimt World School, 19206|Dlf City Centre Mall",,,Residential House,Unfurnished,1,3,,400,Sq-ft,,"The beautiful 1 BHK house is now available for rent in the premium location of Manimajra. You can find this house at rent of ₹6,000 per month. The address of this house is Manimajra, Chandigarh, Chandigarh.",6000,,,15,1,,No,No,No,,False,False,Owner,25,Immediately,2026-03-07T07:41:30.000Z,"Mar 07, '26",True
aMovPUO85fhzpSvf+uAgZw==,Magicbricks,https://www.magicbricks.com/property-details/1-BHK-250-Sq-ft-Residential-House-FOR-Rent-Sector-38-in-Chandigarh&id=4d423738353335393039,2026-04-19 13:51:15,30.7456844,76.7437522,,Sector-38,"Chandigarh, Chandigarh",,,,Residential House,Furnished,,,,250,Sq-ft,,"This 1 BHK rental house is located in a key location of Sector 38 area. The rent is ₹7,500 per month. The address of the house is Sector 38, Chandigarh, Chandigarh.",7500,15000,,30,1,,No,No,No,,False,False,Owner,27,Immediately,2026-02-18T21:30:27.000Z,"Feb 19, '26",True
I5AhPa88srJzpSvf+uAgZw==,Magicbricks,https://www.magicbricks.com/property-details/1-BHK-200-Sq-ft-Villa-FOR-Rent-Sector-40-in-Chandigarh&id=4d423136343635393039,2026-04-19 13:51:15,30.7363236,76.7350951,,Sector 40,"Chandigarh, Chandigarh",,,,Villa,Furnished,,,East,200,Sq-ft,10 to 15 years,"Villa has unblocked view on front, facing garden or park and main road. A 3 storied property, it is east facing. Villa is located at unmatched corner position. It has ample space for covered car parking for visitors. Flooring of type marble and covers maximum part of the Villa.",14000,12000,,70,1,10 Open,No,No,No,Visitor Parking,False,False,Owner,78,Immediately,2026-03-13T15:52:39.000Z,"Mar 13, '26",True
u+IRCNqn0UxzpSvf+uAgZw==,Magicbricks,https://www.magicbricks.com/property-details/1-BHK-125-Sq-ft-Residential-House-FOR-Rent-Sector-48-in-Chandigarh&id=4d423831363534323237,2026-04-19 13:51:15,30.6879114,76.7581794,,Sector 48,"Chandigarh, Chandigarh",19202|Banyan Tree School,,,Residential House,Furnished,,,East,125,Sq-ft,,"Check out this 1 BHK house available for rent in the popular location of Sector 48. You can find this house at rent of ₹9,000 per month. This house is situated at Sector 48, Chandigarh, Chandigarh.",9000,,,72,1,,No,No,No,,False,False,Owner,43,Immediately,2026-02-16T21:30:41.000Z,"Feb 17, '26",True
Ml9G2l2SOFJzpSvf+uAgZw==,Magicbricks,https://www.magicbricks.com/property-details/1-BHK-300-Sq-ft-Residential-House-FOR-Rent-Sector-35D-in-Chandigarh&id=4d423339363337383139,2026-04-19 13:51:15,30.7258052,76.7513296,,J S GOGIA,3013 Sector 35 D Chandigarh,"19202|Shivalik Public School, 19202|Sri Guru Gobind Singh Senior Secondary School",,,Residential House,Furnished,1,3,North - East,300,Sq-ft,New Construction,"Meant for only girls . It is high end fully furnished AC accommodation with all facilities of running kitchen, fridge ,gas, RO, internet, TV This 1 BHK independent house for rent is located in Sector 35D. The house is available at a monthly rental price of ₹17,000. The house is on the 1st floor, includes 1 bathrooms and 1 balcony. Get access to facilities such as 2 Wardrobe, 2 Bed, 1 TV, Fridge, 1 AC, Sofa and Gas Connection simply by choosing this house for rent. The house is equipped with vitrified flooring. In addition, the house includes None of these. The address of this house is 3013 Sector 35 D Chandigarh, Sector 35D, Chandigarh, Chandigarh.",17000,17000,700,57,1,,No,No,No,,False,True,Owner,98,Immediately,2026-03-20T23:35:17.000Z,"Mar 21, '26",True
ShwXqk63oDhzpSvf+uAgZw==,Magicbricks,https://www.magicbricks.com/property-details/1-BHK-150-Sq-ft-Residential-House-FOR-Rent-Naya-Gaon-in-Chandigarh&id=4d423833383531353733,2026-04-19 13:51:15,30.7748825,76.7942403,,Naya Gaon,"Chandigarh, Chandigarh","19202|Century Public School, 19202|Himalayan Public Smart School",,,Residential House,Semi-Furnished,,,,,,,"Check out this 1 BHK house for rent in locality. The house is available at a monthly rental price of ₹5,000. This house is situated at Naya Gaon, Chandigarh, Chandigarh.",5000,500,0,,1,,No,No,No,,False,False,Owner,26,Immediately,2026-03-19T08:09:10.000Z,"Mar 19, '26",True
9AgvjM2ycaBzpSvf+uAgZw==,Magicbricks,https://www.magicbricks.com/property-details/1-BHK-112-Sq-yrd-Residential-House-FOR-Rent-Dera-Bassi-in-Chandigarh&id=4d423331303933313131,2026-04-19 13:51:15,30.5872,76.8428,,Dera Bassi,"Chandigarh, Chandigarh",19202|Longowal Polytechnic College,,,Residential House,Furnished,,,,112,Sq-yrd,Less than 5 years,"This spacious Residential House has total 1 floors. Spacious space makes it very suitable for a family with variety of living needs in mind. The space is airy, is well located and can be easily customized as per the needs. Modern construction is done in this newly built Residential House.",10000,10000,,10,1,1 Covered,No,No,No,,False,False,Owner,32,Immediately,2026-02-26T14:04:42.000Z,"Feb 26, '26",True
06NC5E2463RzpSvf+uAgZw==,Magicbricks,https://www.magicbricks.com/property-details/1-BHK-400-Sq-ft-Residential-House-FOR-Rent-Sector-45-in-Chandigarh&id=4d423833323734303539,2026-04-19 13:51:15,30.7076696,76.7581794,,Sector 45,"Chandigarh, Chandigarh",,,,Residential House,Unfurnished,,,,400,Sq-ft,,"Check out this 1 BHK house available for rent in the popular location of Sector 45. The monthly rent of the independent house is ₹5,000. This house is situated at Sector 45, Chandigarh, Chandigarh.",5000,,,12,1,,No,No,No,,False,False,Owner,26,Immediately,2026-02-05T11:12:19.000Z,"Feb 05, '26",True
JHJE/4HzFf5zpSvf+uAgZw==,Magicbricks,https://www.magicbricks.com/property-details/1-BHK-970-Sq-ft-Residential-House-FOR-Rent-Modern-Housing-Complex-in-Chandigarh&id=4d423532313239313931,2026-04-19 13:51:15,30.7150995,76.8302907,,Modern Housing Complex,"Chandigarh, Chandigarh",,,,Residential House,Furnished,2,2,South - East,970,Sq-ft,Less than 5 years,"Corner house, independent with Two fully functional Acs,New top loaded washing machine,New Refrigerator,Geyser,Piped gas and seperate entry,for small family, This 1 BHK independent house for rent is located in Modern Housing Complex. The house is available at a monthly rental price of ₹18,500. Located on the 2nd floor, the house comprises 1 bathrooms and 3 balcony. Some added-on facilities available in the house are 2 Wardrobe, 2 Bed, 1 TV, Fridge, 2 AC, Sofa, Washing Machine, Dining Table and Gas Connection. The flooring in the house is made of vitrified. Modern Housing Complex, Chandigarh, Chandigarh is the address of the house.",18500,,1000,19,1,,No,No,No,,False,False,Owner,71,Immediately,2026-03-04T15:25:21.000Z,"Mar 04, '26",True
0NNuTgfYcwdzpSvf+uAgZw==,Magicbricks,https://www.magicbricks.com/property-details/1-BHK-7-Sq-ft-Residential-House-FOR-Rent-Sector-22-in-Chandigarh&id=4d423831303339333733,2026-04-19 13:51:15,30.732999,76.7711626,,Sector-22,"Chandigarh, Chandigarh","19202|Shishu Niketan Model Senior Secondary School, 19203|Civil Hospital, 19206|Shastri Market",,,Residential House,Semi-Furnished,,,,7,Sq-ft,,"You can find this 1 BHK house on rent in a good area of Sector 22. The rent is ₹14,000 per month. The house is located at Sector 22, Chandigarh, Chandigarh.",14000,,,2000,1,,No,No,No,,False,True,Owner,20,Immediately,2026-03-01T23:32:23.000Z,"Mar 02, '26",True
TooMuYiw1CtzpSvf+uAgZw==,Magicbricks,https://www.magicbricks.com/property-details/1-BHK-1600-Sq-ft-Villa-FOR-Rent-Sector-35D-in-Chandigarh&id=4d423530393437303330,2026-04-19 13:51:15,30.7258052,76.7513296,,Harinder Singh,"Chandigarh, Chandigarh","19202|Sri Guru Gobind Singh Senior Secondary School, 19202|St Peters Senior Secondary School",,,Villa,Furnished,,,,1600,Sq-ft,,"1 BHK, Villa is available for Rent in Sector 35D, Chandigarh for 22,000",22000,,,14,1,,No,No,No,,False,False,Owner,26,Immediately,2026-03-05T06:59:59.000Z,"Mar 05, '26",True
92SySHkC0GdzpSvf+uAgZw==,Magicbricks,https://www.magicbricks.com/property-details/1-BHK-250-Sq-ft-Residential-House-FOR-Rent-in-Chandigarh&id=4d423739393235383137,2026-04-19 13:51:15,,,,Pawan Sharma,"Chandigarh, Chandigarh",,,,Residential House,Furnished,,,,250,Sq-ft,,"You can find this 1 BHK house on rent in a good area of Tribune society Kansal Near Kaimbala. The monthly rent of the independent house is ₹10,000.",10000,,,40,1,,No,No,No,,False,False,Owner,38,Immediately,2026-03-11T17:32:17.000Z,"Mar 11, '26",True
G2beka1gj8dzpSvf+uAgZw==,Magicbricks,https://www.magicbricks.com/property-details/1-BHK-196-Sq-ft-Residential-House-FOR-Rent-Sector-21-in-Chandigarh&id=4d423730303036363233,2026-04-19 13:51:15,30.7263907,76.77549,,Sector 21,"Chandigarh, Chandigarh",19202|Manav Mangal High School,,,Residential House,Furnished,Ground,1,,196,Sq-ft,,"The beautiful 1 BHK house is now available for rent in the premium location of Sector 21. The monthly rent of the property is ₹9,500. This house is situated at Sector 21, Chandigarh, Chandigarh.",9500,,,48,1,,No,No,No,,False,False,Owner,23,Immediately,2026-03-08T16:07:25.000Z,"Mar 08, '26",True
6SThQiQL/S5zpSvf+uAgZw==,Magicbricks,https://www.magicbricks.com/property-details/3-BHK-1-Kanal-Residential-House-FOR-Rent-Sector-21-in-Chandigarh&id=4d423834323939363833,2026-04-19 13:51:15,30.7263907,76.77549,,Sector 21,"Chandigarh, Chandigarh",19202|Manav Mangal High School,,,Residential House,Unfurnished,,,,,,10 to 15 years,"This 3 BHK house is up for rent in the well-known Sector 21 area. The monthly rent of the property is ₹6,000. In addition, the house includes Puja Room, Store and Servant Room. Sector 21, Chandigarh, Chandigarh is the address of the house.",6000,,,1,2,,No,No,No,Air Conditioned,True,True,Agent,58,Immediately,2026-04-18T09:44:23.000Z,Yesterday,True
CeFyoqkbG9xzpSvf+uAgZw==,Magicbricks,https://www.magicbricks.com/property-details/3-BHK-1150-Sq-ft-Residential-House-FOR-Rent-Sector-35-in-Chandigarh&id=4d423436303333363331,2026-04-19 13:51:15,30.7261629,76.7596221,,Sector-35,sector 35,"19202|St Peters Senior Secondary School, 19202|Sri Guru Gobind Singh Senior Secondary School, 19206|Piccadily Square Mall",,,Residential House,Semi-Furnished,1,3,North - East,1150,Sq-ft,5 to 10 years,"this property is located in sector 35 a having 3 bhk on first floor with walking distance to inner market Check out this 3 BHK house available for rent in the popular location of Sector 35. The house is avaliable at a monthly rent of ₹25,000. The independent house is located on the 1st floor which includes 2 bathrooms and 2 balcony. The house includes 1 Open parking. Additional amenities are available with the house like 2 AC and Gas Connection. The flooring in the house is made of marble. The house also has Store. The address of the house is sector 35, Sector 35, Chandigarh, Chandigarh.",25000,25000,500,22,2,1 Open,No,No,No,,True,True,Agent,93,Immediately,2026-04-11T09:09:36.000Z,"Apr 11, '26",True
Km93aAFttX1zpSvf+uAgZw==,Magicbricks,https://www.magicbricks.com/property-details/3-BHK-1500-Sq-ft-Residential-House-FOR-Rent-Sector-35D-in-Chandigarh&id=4d423732363733323133,2026-04-19 13:51:15,30.7258052,76.7513296,,Alka Sharma,"Chandigarh, Chandigarh","19202|Sri Guru Gobind Singh Senior Secondary School, 19202|Shivalik Public School",,,Residential House,Semi-Furnished,,,North - West,1500,Sq-ft,Above 20 years,"It is nearby 43 bus stand, nearby local bus stop near Attwa chowk nearby shishu niketan and Govt school. It is semi furnished 10 marla house. The parking facility is also available. Water is available 24 hours. It has wifi connection also. Itt has bed, matress, table fan, geyser, gas stove. It has scooter and Carparking also it is on Ist Floor..",21000,,,14,1,,No,No,No,"Internet/Wi-Fi Connectivity, Town House",True,True,Owner,75,Immediately,2026-04-04T23:32:22.000Z,"Apr 05, '26",True
1GoLqCh1yX1zpSvf+uAgZw==,Magicbricks,https://www.magicbricks.com/property-details/3-BHK-1100-Sq-ft-Residential-House-FOR-Rent-Manimajra-in-Chandigarh&id=4d423833383436313039,2026-04-19 13:51:15,30.7166667,76.8333333,,Manimajra,"Verma Rental Rooms, Old Darshani Bagh, Near Himachal Stationary Shop","19210|Housing Board Chowk Bus Stop, 19201|Rajiv Gandhi It Park, 19202|Rimt World School, 19202|Hansraj Public School, 19206|Dlf City Centre Mall",,,Residential House,Semi-Furnished,,,South - East,1100,Sq-ft,5 to 10 years,"Verma Rental Rooms places itself in the heart of Manimajra as all essential and necessary points are nearby. Bus Stop, Super Market, Hospital Facilities, clinic, Restaurants, Garden area, daily needs market is all around. The colony directly connects to the main road.",20000,15000,,18,1,,No,No,No,Internet/Wi-Fi Connectivity,False,False,Owner,76,Immediately,2026-03-19T07:14:12.000Z,"Mar 19, '26",True
M4D8mI5+cQtzpSvf+uAgZw==,Magicbricks,https://www.magicbricks.com/property-details/3-BHK-2200-Sq-ft-Residential-House-FOR-Rent-Sector-42-in-Chandigarh&id=4d423832373834333237,2026-04-19 13:51:15,30.7259328,76.7437522,,Sector 42,"Chandigarh, Chandigarh",,,,Residential House,Semi-Furnished,,,North - East,2200,Sq-ft,10 to 15 years,"Situated in Sector 42, this 3 BHK individual house is currently available for rent out. The monthly rent is ₹35,000. The house also provides Store. Sector 42, Chandigarh, Chandigarh is the address of the house.",35000,35000,,16,2,,No,No,No,"Air Conditioned, RO Water System",False,True,Agent,71,Immediately,2026-04-17T23:45:20.000Z,Yesterday,True
z+FQZgFQ3vFzpSvf+uAgZw==,Magicbricks,https://www.magicbricks.com/property-details/3-BHK-1700-Sq-ft-Residential-House-FOR-Rent-Sector-35-in-Chandigarh&id=4d423834303133323031,2026-04-19 13:51:15,30.7261629,76.7596221,,Sector-35,"Chandigarh, Chandigarh","19202|Sri Guru Gobind Singh Senior Secondary School, 19202|Shivalik Public School, 19206|Piccadily Square Mall",,,Residential House,Semi-Furnished,,,East,1700,Sq-ft,New Construction,"ownerfree and near market and park This 3 BHK independent house for rent is located in Sector 35. The monthly rent of the property is ₹40,000. You will also find Study in the house. Sector 35, Chandigarh, Chandigarh is the address of the house.",40000,40000,0,24,3,,No,No,No,"Air Conditioned, Laundry Service, Banquet Hall, Bar/Lounge",True,True,Agent,82,Immediately,2026-03-31T15:58:52.000Z,"Mar 31, '26",True
1OLdz09/CMJzpSvf+uAgZw==,Magicbricks,https://www.magicbricks.com/property-details/3-BHK-950-Sq-ft-Residential-House-FOR-Rent-Sector-35-in-Chandigarh&id=4d423436303333363733,2026-04-19 13:51:15,30.7261629,76.7596221,,Sector-35,"Chandigarh, Chandigarh","19202|Sri Guru Gobind Singh Senior Secondary School, 19202|St Peters Senior Secondary School, 19206|Piccadily Square Mall",,,Residential House,Furnished,2,3,North - East,950,Sq-ft,5 to 10 years,"Residential house is available for rent. It has covered area 950 sq-ft. Please contact for more details. You can find this 3 BHK rental house in the main area of Sector 35. You can find this house at rent of ₹26,000 per month. Located on the 2nd floor, the house comprises 2 bathrooms and 2 balcony. You will also find 1 Open parking facility in the house. Some add-on facilities bundled with this independent house are 2 Wardrobe, 3 Bed, 1 TV, Fridge, Microwave, 2 AC, Sofa, Washing Machine, Dining Table and Gas Connection. The house flooring is made of vitrified. The house also has Store. This house is situated at Sector 35, Chandigarh, Chandigarh.",26000,26000,500,27,2,1 Open,No,No,No,,True,True,Agent,90,Immediately,2026-04-11T09:08:36.000Z,"Apr 11, '26",True
l6mNVDVkWcRzpSvf+uAgZw==,Magicbricks,https://www.magicbricks.com/property-details/3-BHK-2450-Sq-ft-Residential-House-FOR-Rent-Sector-37-in-Chandigarh&id=4d423538363336343331,2026-04-19 13:51:15,30.7378169,76.7495233,,Sector-37,"Chandigarh, Chandigarh",,,,Residential House,Unfurnished,,,South -West,2450,Sq-ft,5 to 10 years,"3 bedrooms attached bathrooms drawing dining modular kitchen with servant quarter nicely built top location available for rent only for family You can find this 3 BHK house on rent in a good area of Sector 37. The monthly rent of the property is ₹35,000. The house is fitted with vitrified, marble flooring. You will also find Servant Room in the house. This house is situated at Sector 37, Chandigarh, Chandigarh.",35000,,,14,3,,No,No,No,,False,True,Agent,73,Immediately,2026-03-20T04:46:38.000Z,"Mar 20, '26",True
ohPDQucOml1zpSvf+uAgZw==,Magicbricks,https://www.magicbricks.com/property-details/3-BHK-2500-Sq-ft-Residential-House-FOR-Rent-Sector-44-in-Chandigarh&id=4d423833363339353731,2026-04-19 13:51:15,30.7127179,76.7524087,,Sector-44,"Chandigarh, Chandigarh",,,,Residential House,Semi-Furnished,,,North - East,2500,Sq-ft,5 to 10 years,"You can find this 3 BHK rental house in the main area of Sector 44. The house is available at a monthly rental price of ₹43,000. You will also find Store and Study in the house. This house is situated at Sector 44, Chandigarh, Chandigarh.",43000,43000,,17,3,,No,No,No,"Air Conditioned, RO Water System",False,True,Agent,73,Immediately,2026-04-17T23:45:20.000Z,Yesterday,True
/YntFwUOwzhzpSvf+uAgZw==,Magicbricks,https://www.magicbricks.com/property-details/3-BHK-10-Marla-Residential-House-FOR-Rent-Sector-15-in-Chandigarh&id=4d423833393835343635,2026-04-19 13:51:15,30.7514892,76.772605,,Sector-15,"Chandigarh, Chandigarh","19201|Rajiv Gandhi Chandigarh It Park, 19202|Government Model Senior Secondary School, 19202|Crb Public School, 19203|Dharam Hospital",,,Residential House,Furnished,,,,10,Marla,New Construction,"The 3 BHK house is currently available for rent in Sector 15. The monthly rent is ₹55,000. You will also find Store in the house. The address of the house is Sector 15, Chandigarh, Chandigarh.",55000,,,20,3,,No,No,No,,False,True,Agent,55,Immediately,2026-04-18T23:45:33.000Z,Today,True
fKt/OdNkQ79zpSvf+uAgZw==,Magicbricks,https://www.magicbricks.com/property-details/3-BHK-808-Sq-ft-Residential-House-FOR-Rent-Sector-40-in-Chandigarh&id=4d423834323731383831,2026-04-19 13:51:15,30.7363236,76.7350951,,Sector 40,"Chandigarh, Chandigarh",,,,Residential House,Furnished,,,,808,Sq-ft,,"You can find this 3 BHK house on rent in a good area of Sector 40. The monthly rent is a ₹50,000. The address of this house is Sector 40, Chandigarh, Chandigarh.",50000,,,62,3,,No,No,No,,True,True,Agent,46,Immediately,2026-04-16T16:56:24.000Z,"Apr 16, '26",True
+UimS1LnoIxzpSvf+uAgZw==,Magicbricks,https://www.magicbricks.com/property-details/3-BHK-1700-Sq-ft-Residential-House-FOR-Rent-Sector-33-in-Chandigarh&id=4d423833363334373633,2026-04-19 13:51:15,30.7137743,76.769673,,Sector-33,"Chandigarh, Chandigarh","19201|Graycell Technologies, 19202|Kendriya Vidyalya Sangathan, 19202|Paragon Convent School, 19203|Ayu Health Hospital, 19203|Landmark Hospital",,,Residential House,Semi-Furnished,,,East,1700,Sq-ft,New Construction,"newly built You can find this 3 BHK house on rent in a good area of Sector 33. The monthly rent of the property is ₹45,000. The house also provides Store. This house is situated at Sector 33, Chandigarh, Chandigarh.",45000,45000,0,26,2,,No,No,No,"Banquet Hall, Bar/Lounge, Jogging and Strolling Track, Outdoor Tennis Courts",True,True,Agent,80,Immediately,2026-03-04T07:55:18.000Z,"Mar 04, '26",True
KY8VLVfWGU9zpSvf+uAgZw==,Magicbricks,https://www.magicbricks.com/property-details/3-BHK-3150-Sq-ft-Residential-House-FOR-Rent-Sector-38C-in-Chandigarh&id=4d423833393637393735,2026-04-19 13:51:15,30.741714,76.743808,,Ritesh Dhamija,"sco 27, swastik vihar, mansa devi complex, panchkula",,,,Residential House,Furnished,,,North - East,3150,Sq-ft,5 to 10 years,"Its a furnished 3bhk for rent with three bedrooms, two bathrooms, drawing dinning room and kitchen on first floor in sector 38c, chandigarh. This house is located at very excellent location and very near to market. For further information call or visit dhamija properties, sco 27, swastik vihar, mansa devi complex, panchkula",42000,42000,1000,13,2,1 Open,No,No,No,,True,True,Agent,100,Immediately,2026-03-27T13:21:30.000Z,"Mar 27, '26",True
VIpSm+S5iYxzpSvf+uAgZw==,Magicbricks,https://www.magicbricks.com/property-details/3-BHK-1850-Sq-ft-Residential-House-FOR-Rent-Sector-20-in-Chandigarh&id=4d423834323039373831,2026-04-19 13:51:15,30.7213417,76.7812596,,Sector 20,"Chandigarh, Chandigarh",,,,Residential House,Semi-Furnished,,,South - East,1850,Sq-ft,Less than 5 years,"Check out this 3 BHK house for rent in locality. The monthly rent is ₹45,000. This house is situated at Sector 20, Chandigarh, Chandigarh.",45000,45000,,24,2,,No,No,No,,False,True,Agent,60,Immediately,2026-04-12T13:52:07.000Z,"Apr 12, '26",True
f0Ik5/UB0BhzpSvf+uAgZw==,Magicbricks,https://www.magicbricks.com/property-details/3-BHK-2450-Sq-ft-Residential-House-FOR-Rent-Sector-32-in-Chandigarh&id=4d423832393033343535,2026-04-19 13:51:15,30.7094569,76.77549,,Sector 32,"Chandigarh, Chandigarh","19202|Saupin's School, 19202|Tender Heart School, 19206|Vishal Mega Mart",,,Residential House,Semi-Furnished,,,,2450,Sq-ft,New Construction,"You can find this 3 BHK house on rent in a good area of Sector 32. The rent is ₹50,000 per month. The house also has Puja Room, Store, Study and Servant Room. This house is situated at Sector 32, Chandigarh, Chandigarh.",50000,50000,,20,3,,No,No,No,"Air Conditioned, Intercom Facility, Conference Room",True,True,Agent,68,Immediately,2026-03-21T06:17:43.000Z,"Mar 21, '26",True
/hZJq+UWWpdzpSvf+uAgZw==,Magicbricks,https://www.magicbricks.com/property-details/3-BHK-4000-Sq-ft-Residential-House-FOR-Rent-Sector-19-in-Chandigarh&id=4d423832393433303839,2026-04-19 13:51:15,30.7304019,76.795998,,Sector 19,"Chandigarh, Chandigarh",19209|Zirakpur Airport,,,Residential House,Unfurnished,,,North,4000,Sq-ft,10 to 15 years,"independent Kanal house first floor 3 bhk 3 bath posh locality ample parking space near market. This 3 BHK house is up for rent in the well-known Sector 19 area. You will also have to pay a monthly rent of ₹52,000. In addition, the house includes Store. The house is located at Sector 19, Chandigarh, Chandigarh.",52000,100000,100,13,3,,No,No,No,"Air Conditioned, Laundry Service, Internet/Wi-Fi Connectivity, Banquet Hall",False,True,Agent,73,Immediately,2026-03-18T05:43:37.000Z,"Mar 18, '26",True
kvjzYc+K+QZzpSvf+uAgZw==,Magicbricks,https://www.magicbricks.com/property-details/3-BHK-6470-Sq-ft-Residential-House-FOR-Rent-Sector-19-in-Chandigarh&id=4d423834313531303435,2026-04-19 13:51:15,30.7304019,76.795998,,Sector 19,Chandigarh,19209|Zirakpur Airport,,,Residential House,Semi-Furnished,,,,,,,"You can find this 3 BHK house on rent in a good area of Sector 19. The rent is ₹45,000 per month. This house is situated at Chandigarh, Sector 19, Chandigarh, Chandigarh.",45000,45000,,,2,,No,No,No,,False,False,Owner,30,Select Date,2026-04-08T16:40:07.000Z,"Apr 08, '26",True
5Q87s3DFqlVzpSvf+uAgZw==,Magicbricks,https://www.magicbricks.com/property-details/2-BHK-1400-Sq-ft-Residential-House-FOR-Rent-Kansal-in-Chandigarh&id=4d423834313432323535,2026-04-19 13:51:15,30.7617848,76.8048509,,Mahaveer Properties,"Chandigarh, Chandigarh",,,,Residential House,Unfurnished,,,,1400,Sq-ft,5 to 10 years,"This 2 BHK house is up for rent in the well-known Kansal area. The monthly rent of the independent house is ₹26,000. The address of this house is Kansal, Chandigarh, Chandigarh.",26000,26000,,19,1,,No,No,No,,True,True,Agent,33,Immediately,2026-04-08T10:03:24.000Z,"Apr 08, '26",True
SdqNdi8zOR1zpSvf+uAgZw==,Magicbricks,https://www.magicbricks.com/property-details/2-BHK-4200-Sq-ft-Residential-House-FOR-Rent-Sector-19-in-Chandigarh&id=4d423834303135333337,2026-04-19 13:51:15,30.7304019,76.795998,,Sector 19,"Chandigarh, Chandigarh",19209|Zirakpur Airport,,,Residential House,Semi-Furnished,,,North - East,4200,Sq-ft,2010,"near school Check out this 2 BHK house available for rent in the popular location of Sector 19. The monthly rent of the independent house is ₹40,000. There is also Store in the house. The address of this house is Sector 19, Chandigarh, Chandigarh.",40000,40000,,10,2,,No,No,No,,True,True,Agent,70,Immediately,2026-04-01T05:20:41.000Z,"Apr 01, '26",True
RVZ2eyKx911zpSvf+uAgZw==,Magicbricks,https://www.magicbricks.com/property-details/2-BHK-2250-Sq-ft-Residential-House-FOR-Rent-Sector-42-in-Chandigarh&id=4d423832373439323335,2026-04-19 13:51:15,30.7259328,76.7437522,,Sector 42,"Chandigarh, Chandigarh",,,,Residential House,Semi-Furnished,Ground,1,North,2250,Sq-ft,Less than 5 years,"Residential house is available for rent. It has a covered area of 2250 sq-ft, it is 2 BHK house, has total 1 floor facing North direction. The beautiful 2 BHK house is now available for rent in the premium location of Sector 42. The house is avaliable at a monthly rent of ₹30,000. The house is on the ground floor, has 2 bathrooms and 1 balcony. You will also find Puja Room in the house. This house is situated at Sector 42, Chandigarh, Chandigarh.",30000,30000,,13,2,,No,No,No,"Air Conditioned, RO Water System",True,True,Agent,71,Immediately,2026-03-01T12:03:18.000Z,"Mar 01, '26",True
bxZAeKyOvOpzpSvf+uAgZw==,Magicbricks,https://www.magicbricks.com/property-details/2-BHK-2000-Sq-ft-Residential-House-FOR-Rent-Sector-38-in-Chandigarh&id=4d423734343530353939,2026-04-19 13:51:15,30.7456844,76.7437522,,Sector-38,"Chandigarh, Chandigarh",,,,Residential House,Furnished,1,3,,2000,Sq-ft,,"You can find this 2 BHK rental house in the main area of Sector 38. The house is avaliable at a monthly rent of ₹30,000. This house is situated at Sector 38, Chandigarh, Chandigarh.",30000,,,15,1,,No,No,No,,False,False,Owner,0,Immediately,2026-02-04T10:37:49.000Z,"Feb 04, '26",True
vT2/cjPlYa1zpSvf+uAgZw==,Magicbricks,https://www.magicbricks.com/property-details/2-BHK-4-Marla-Residential-House-FOR-Rent-Sector-45-in-Chandigarh&id=4d423635323736333731,2026-04-19 13:51:15,30.7076696,76.7581794,,Sector 45,"Sector 45 D, Chandigarh, Behind The Baptist School",,,,Residential House,Furnished,,,,4,Marla,,"You can find this 2 BHK house on rent in a good area of Sector 45. The house is available at the rent of ₹27,000 per month. This house is situated at Sector 45 D, Chandigarh, Behind The Baptist School, Sector 45, Chandigarh, Chandigarh.",27000,25000,,25,2,,No,No,No,,False,False,Owner,32,Immediately,2026-03-06T22:30:36.000Z,"Mar 07, '26",True
14ogA8podQRzpSvf+uAgZw==,Magicbricks,https://www.magicbricks.com/property-details/2-BHK-125-Sq-ft-Residential-House-FOR-Rent-in-Chandigarh&id=4d423833373131353135,2026-04-19 13:51:15,,,,N K Jhingan,"Chandigarh, Chandigarh",,,,Residential House,Furnished,,,,125,Sq-ft,,"Check out this 2 BHK house available for rent in the popular location of CHB HOUSE SECTOR 44. The monthly rent is ₹35,000.",35000,,,280,2,,No,No,No,,False,False,Owner,21,Immediately,2026-03-10T02:55:13.000Z,"Mar 10, '26",True
ne06pWbrc9VzpSvf+uAgZw==,Magicbricks,https://www.magicbricks.com/property-details/2-BHK-1320-Sq-ft-Residential-House-FOR-Rent-Sector-22-in-Chandigarh&id=4d423833383739393331,2026-04-19 13:51:15,30.732999,76.7711626,,Sector-22,"Chandigarh, Chandigarh","19202|Shishu Niketan Model Senior Secondary School, 19203|Civil Hospital, 19206|Shastri Market",,,Residential House,Furnished,,,,1320,Sq-ft,,"You can find this 2 BHK rental house in the main area of Sector 22. The house is available at the rent of ₹40,000 per month. Sector 22, Chandigarh, Chandigarh is the address of the house.",40000,,,30,2,,No,No,No,,False,False,Owner,26,Immediately,2026-03-20T11:59:31.000Z,"Mar 20, '26",True
ToCmPjZox5BzpSvf+uAgZw==,Magicbricks,https://www.magicbricks.com/property-details/2-BHK-846-Sq-ft-Residential-House-FOR-Rent-Sector-38-West-in-Chandigarh&id=4d423733343030323633,2026-04-19 13:51:15,30.7456844,76.7437522,,Sector 38 West,"Chandigarh, Chandigarh",,,,Residential House,Furnished,2,3,,846,Sq-ft,,"The beautiful 2 BHK house is now available for rent in the premium location of Sector 38 West. You will also have to pay a monthly rent of ₹32,000. This house is located at Sector 38 West, Chandigarh, Chandigarh.",32000,,,38,1,,No,No,No,,False,False,Owner,0,Immediately,2026-02-03T03:51:50.000Z,"Feb 03, '26",True
OgQuITZixHJzpSvf+uAgZw==,Magicbricks,https://www.magicbricks.com/property-details/2-BHK-1350-Marla-Residential-House-FOR-Rent-Sector-20A-in-Chandigarh&id=4d423734303235323733,2026-04-19 13:51:15,30.723663,76.781827,,Ashwani Sharma,"Chandigarh, Chandigarh",,,,Residential House,Unfurnished,1,3,,1350,Marla,,"This 2 BHK house is up for rent in the well-known Sector 20A area. The house is avaliable at a monthly rent of ₹30,000. The address of this house is Sector 20A, Chandigarh, Chandigarh.",30000,,,0,1,,No,No,No,,False,False,Owner,45,Immediately,2026-03-09T05:53:58.000Z,"Mar 09, '26",True
Vo78pToheb1zpSvf+uAgZw==,Magicbricks,https://www.magicbricks.com/property-details/2-BHK-1910-Sq-ft-Residential-House-FOR-Rent-Sector-35D-in-Chandigarh&id=4d423832363832383535,2026-04-19 13:51:15,30.7258052,76.7513296,,CJ DHILLON,"Chandigarh, Chandigarh","19202|Sri Guru Gobind Singh Senior Secondary School, 19202|Shivalik Public School",,,Residential House,Furnished,,,,1910,Sq-ft,,"Check out this 2 BHK house for rent in locality. The house is available at a monthly rental price of ₹40,000. The address of this house is Sector 35D, Chandigarh, Chandigarh.",40000,,,21,1,,No,No,No,,False,False,Owner,24,Immediately,2026-03-06T21:30:42.000Z,"Mar 07, '26",True
FrL0zFYwj6dzpSvf+uAgZw==,Magicbricks,https://www.magicbricks.com/property-details/2-BHK-1200-Sq-ft-Residential-House-FOR-Rent-Sector-22-in-Chandigarh&id=4d423831353430313535,2026-04-19 13:51:15,30.732999,76.7711626,,Sector-22,"Chandigarh, Chandigarh","19202|Shishu Niketan Model Senior Secondary School, 19203|Civil Hospital, 19206|Shastri Market",,,Residential House,Semi-Furnished,1,3,,1200,Sq-ft,,"The beautiful 2 BHK house is now available for rent in the premium location of Sector 22. The house is available at a monthly rental price of ₹32,000. The house is located at Sector 22, Chandigarh, Chandigarh.",32000,,,27,2,,No,No,No,,False,False,Owner,40,Immediately,2026-02-23T05:44:46.000Z,"Feb 23, '26",True
hyJSP72wlH9zpSvf+uAgZw==,Magicbricks,https://www.magicbricks.com/property-details/2-BHK-1400-Sq-ft-Residential-House-FOR-Rent-Sector-22B-in-Chandigarh&id=4d423833353538303937,2026-04-19 13:51:15,30.734349,76.775905,,Sagni,"Chandigarh, Chandigarh",,,,Residential House,Semi-Furnished,,,,1400,Sq-ft,Less than 5 years,"This 2 BHK independent house for rent is located in Sector 22B. The monthly rent is ₹32,000. This house is located at Sector 22B, Chandigarh, Chandigarh.",32000,40000,,23,2,,No,No,No,,True,True,Owner,31,Immediately,2026-04-05T23:49:53.000Z,"Apr 06, '26",True
C3J/xdPjgANzpSvf+uAgZw==,Magicbricks,https://www.magicbricks.com/property-details/2-BHK-2722-Sq-ft-Residential-House-FOR-Rent-Sector-15-in-Chandigarh&id=4d423833353930383835,2026-04-19 13:51:15,30.7514892,76.772605,,Sector-15,"Chandigarh, Chandigarh","19201|Rajiv Gandhi Chandigarh It Park, 19202|Crb Public School, 19202|Government Model Senior Secondary School, 19203|Dharam Hospital",,,Residential House,Furnished,Ground,3,,2722,Sq-ft,,"Residential house is available for rent. It has a covered area of 2722 sq-ft, it is 2 BHK house, has total 3 floor facing East direction. The beautiful 2 BHK house is now available for rent in the premium location of Sector 15. The house is available at a monthly rental price of ₹30,000. This house is located at Sector 15, Chandigarh, Chandigarh.",30000,30000,0,11,2,,No,No,No,,False,False,Owner,56,Immediately,2026-02-28T06:45:25.000Z,"Feb 28, '26",True
+9GLwTFyuENzpSvf+uAgZw==,Magicbricks,https://www.magicbricks.com/property-details/2-BHK-2400-Sq-ft-Residential-House-FOR-Rent-Sector-37-in-Chandigarh&id=4d423833353634373135,2026-04-19 13:51:15,30.7378169,76.7495233,,Sector-37,"Chandigarh, Chandigarh",,,,Residential House,Furnished,,,,2400,Sq-ft,Less than 5 years,"A residential house is available for rent. It is a good location. Please contact for more details. The 2 BHK house is currently available for rent in Sector 37. The monthly rent is ₹28,000. The tenants of the house have access to additional facilities such as 4 Wardrobe, 4 Bed, 1 TV, Fridge, 1 AC, Sofa, Dining Table and Gas Connection. Sector 37, Chandigarh, Chandigarh is the address of the house.",28000,28000,0,12,2,,No,No,No,,False,False,Owner,53,Immediately,2026-04-09T16:59:09.000Z,"Apr 09, '26",True
9l5CUdVbfWxzpSvf+uAgZw==,Magicbricks,https://www.magicbricks.com/property-details/2-BHK-1700-Sq-ft-Residential-House-FOR-Rent-Sector-38-in-Chandigarh&id=4d423738373534383939,2026-04-19 13:51:15,30.7456844,76.7437522,,Sector-38,Ground floor Marla house Newly built,,,,Residential House,Unfurnished,1,2,North - East,1700,Sq-ft,New Construction,newly built 2bhk fully furnished ground floor preference doctors. mnc. service class family,37000,37000,0,22,2,,No,No,No,"Air Conditioned, Banquet Hall, Bar/Lounge, Jogging and Strolling Track",True,True,Agent,83,Immediately,2026-04-19T05:52:44.000Z,Today,True
eqsHYk83eRZzpSvf+uAgZw==,Magicbricks,https://www.magicbricks.com/property-details/2-BHK-2850-Sq-ft-Residential-House-FOR-Rent-Sector-44B-in-Chandigarh&id=4d423833393630393533,2026-04-19 13:51:15,30.712873,76.757203,,Ritesh Dhamija,"Chandigarh, Chandigarh",,,,Residential House,Unfurnished,Ground,2,North - East,2850,Sq-ft,5 to 10 years,"It's an unfurnished 2 BHK for rent with two bedrooms, two bathrooms, drawing, dinning room and kitchen on first floor in Sector 44B, Chandigarh. This house is located at very excellent location and very near to market. For further information call or visit.",30000,30000,1000,11,2,1 Open,No,No,No,,True,True,Agent,88,Immediately,2026-03-27T07:41:10.000Z,"Mar 27, '26",True
aeWjAydo07tzpSvf+uAgZw==,Magicbricks,https://www.magicbricks.com/property-details/2-BHK-1500-Sq-ft-Residential-House-FOR-Rent-Sector-35-in-Chandigarh&id=4d423834333035303737,2026-04-19 13:51:15,30.7261629,76.7596221,,Sector-35,"Chandigarh, Chandigarh","19202|Sri Guru Gobind Singh Senior Secondary School, 19202|St Peters Senior Secondary School, 19206|Piccadily Square Mall",,,Residential House,Furnished,,,East,1500,Sq-ft,New Construction,"fully furnished. ownerfree Check out this 2 BHK house for rent in locality. The house is available at the rent of ₹34,000 per month. There is also Study in the house. Sector 35, Chandigarh, Chandigarh is the address of the house.",34000,0,0,23,2,,No,No,No,"Air Conditioned, Bar/Lounge, Jogging and Strolling Track, Outdoor Tennis Courts",True,True,Agent,62,Immediately,2026-04-18T16:53:04.000Z,Yesterday,True
SNpfv0JVWqZzpSvf+uAgZw==,Magicbricks,https://www.magicbricks.com/property-details/2-BHK-1020-Sq-ft-Residential-House-FOR-Rent-Sector-36-in-Chandigarh&id=4d423437313838373331,2026-04-19 13:51:15,30.7327703,76.7552941,,Sector 36,sector 36,,,,Residential House,Semi-Furnished,2,3,North - East,1020,Sq-ft,5 to 10 years,"This 2 BHK independent house for rent is located in Sector 36. The monthly rent is ₹30,000. Located on the 2nd floor, the house has 2 bathrooms and 2 balcony. The house is fitted with marble flooring. There is also Store and Study in the house. The address of the house is sector 36, Sector 36, Chandigarh, Chandigarh.",30000,,,29,2,,No,No,No,,True,True,Agent,61,Immediately,2026-04-11T09:07:37.000Z,"Apr 11, '26",True
F+p10jXs0z9zpSvf+uAgZw==,Magicbricks,https://www.magicbricks.com/property-details/2-BHK-2100-Sq-ft-Residential-House-FOR-Rent-Modern-Housing-Complex-in-Chandigarh&id=4d423537333435303537,2026-04-19 13:51:15,30.7150995,76.8302907,,Modern Housing Complex,Modern housing complex Manimajra,,,,Residential House,Unfurnished,2,2,,2100,Sq-ft,,"You can find this 2 BHK house on rent in a good area of Modern Housing Complex. The monthly rental of the house is ₹20,000. Located on the 2nd floor, the house comprises 1 bathrooms and 1 balcony. The house is located at Modern housing complex Manimajra, Modern Housing Complex, Chandigarh, Chandigarh.",20000,,,10,1,,No,No,No,,False,False,Owner,49,Immediately,2026-03-31T04:03:15.000Z,"Mar 31, '26",True
BK68XGZzuTtzpSvf+uAgZw==,Magicbricks,https://www.magicbricks.com/property-details/2-BHK-2700-Sq-ft-Residential-House-FOR-Rent-Kharhar-in-Chandigarh&id=4d423639383536343333,2026-04-19 13:51:15,30.7488819,76.6413581,,Kharar,GBP Crest Kharar Near Toll Plaza,"19210|Kharar Railway Station, 19206|VR punjab mall",,,Residential House,Furnished,,,East,2700,Sq-ft,New Construction,"Power back up24 hr water supply. You can find this 2 BHK rental house in the main area of Kharhar. The house is available at the rent of ₹20,000 per month. 2 Open parking space is also available in the house. The house is equipped with vitrified, ceramic tiles flooring. In addition, the house includes Puja Room and Store. The house is located at Kharhar, Chandigarh..",20000,15000,0,7,2,2 Open,No,No,No,,False,False,Owner,95,Immediately,2026-03-12T12:46:00.000Z,"Mar 12, '26",True
ObmW4Krh0nVzpSvf+uAgZw==,Magicbricks,https://www.magicbricks.com/property-details/2-BHK-1250-Sq-ft-Residential-House-FOR-Rent-Sector-19-in-Chandigarh&id=4d423833323834363137,2026-04-19 13:51:15,30.7304019,76.795998,,Sector 19,sector 19 Chandigarh,19209|Zirakpur Airport,,,Residential House,Semi-Furnished,,,West,1250,Sq-ft,New Construction,"owner in abroad ground floor sector 19 Chandigarh Two bedroom set The 2 BHK house is currently available for rent in Sector 19. You will also have to pay a monthly rent of ₹15,000. The house also provides Puja Room. The address of this house is sector 19 Chandigarh, Sector 19, Chandigarh, Chandigarh.",15000,15000,,12,2,,No,No,No,"Air Conditioned, Banquet Hall, Bar/Lounge, Jogging and Strolling Track",True,True,Agent,68,Immediately,2026-03-07T05:50:09.000Z,"Mar 07, '26",True
ZGew5u6ux9FzpSvf+uAgZw==,Magicbricks,https://www.magicbricks.com/property-details/2-BHK-808-Sq-ft-Residential-House-FOR-Rent-Sector-19-in-Chandigarh&id=4d423833343935303235,2026-04-19 13:51:15,30.7304019,76.795998,,Sector 19,"Chandigarh, Chandigarh",19209|Zirakpur Airport,,,Residential House,Unfurnished,,,North - East,808,Sq-ft,,"single for only boys in sharing apartment sector 38 Located in Sector 19, you can find the 2 BHK house available on rent. The monthly rent is ₹23,000. This house is located at Sector 19, Chandigarh, Chandigarh.",23000,,,28,2,,No,No,No,"Intercom Facility, Jogging and Strolling Track",True,True,Agent,36,Immediately,2026-02-20T17:23:11.000Z,"Feb 20, '26",True
jGNPPBiQydhzpSvf+uAgZw==,Magicbricks,https://www.magicbricks.com/property-details/2-BHK-1800-Sq-ft-Residential-House-FOR-Rent-Sector-35-in-Chandigarh&id=4d423830313939353431,2026-04-19 13:51:15,30.7261629,76.7596221,,Sector-35,"Chandigarh, Chandigarh","19202|Sri Guru Gobind Singh Senior Secondary School, 19202|Shivalik Public School, 19206|Piccadily Square Mall",,,Residential House,Furnished,,,,1800,Sq-ft,,"2 room set for girl and couple The beautiful 2 BHK house is now available for rent in the premium location of Sector 35. You will also have to pay a monthly rent of ₹24,000. The house is located at Sector 35, Chandigarh, Chandigarh.",24000,24000,,13,1,,No,No,Yes,"Air Conditioned, RO Water System",True,True,Agent,66,Immediately,2026-03-16T16:38:47.000Z,"Mar 16, '26",True
Q4ofXU6SrXhzpSvf+uAgZw==,Magicbricks,https://www.magicbricks.com/property-details/2-BHK-500-Sq-ft-Residential-House-FOR-Rent-Kansal-in-Chandigarh&id=4d423734393234323335,2026-04-19 13:51:15,30.7617848,76.8048509,,Tanya,"Chandigarh, Chandigarh",,,,Residential House,Furnished,1,1,,500,Sq-ft,,"Check out this 2 BHK house for rent in locality. The rent is ₹1,000 per month. The house is located at Kansal, Chandigarh, Chandigarh.",1000,,,2,1,,No,No,No,,False,False,Owner,0,Immediately,2026-03-30T09:50:17.000Z,"Mar 30, '26",True
zOt3S3/05INzpSvf+uAgZw==,Magicbricks,https://www.magicbricks.com/property-details/2-BHK-500-Sq-ft-Residential-House-FOR-Rent-Sector-38-in-Chandigarh&id=4d423534383134343837,2026-04-19 13:51:15,30.7456844,76.7437522,,Sector-38,"Chandigarh, Chandigarh",,,,Residential House,Semi-Furnished,2,2,,500,Sq-ft,10 to 15 years,"Park Facing and independent floor This 2 BHK rental house is located in a key location of Sector 38 area. The house is avaliable at a monthly rent of ₹11,000. The independent house is located on the 2nd floor which includes 1 bathrooms and 1 balcony. The house is fitted with marble flooring. The house also has None of these. The house is located at Sector 38, Chandigarh, Chandigarh.",11000,22000,,22,1,,No,No,No,,False,False,Owner,59,Immediately,2026-02-11T13:51:57.000Z,"Feb 11, '26",True
lEvoHOBXOkNzpSvf+uAgZw==,Magicbricks,https://www.magicbricks.com/property-details/2-BHK-750-Sq-ft-Residential-House-FOR-Rent-Sector-46-in-Chandigarh&id=4d423633333033303233,2026-04-19 13:51:15,30.7026207,76.7639499,,Sector 46,23246A,,,,Residential House,Unfurnished,1,3,South -West,750,Sq-ft,10 to 15 years,"Situated in Sector 46, this 2 BHK individual house is currently available for rent out. You will also have to pay a monthly rent of ₹18,000. The independent house is located on the 1st floor which includes 2 bathrooms and 2 balcony. This house is situated at 23246A, Sector 46, Chandigarh, Chandigarh.",18000,,,24,2,,No,No,No,,False,False,Owner,39,Immediately,2026-03-04T16:37:00.000Z,"Mar 04, '26",True
46HU3LjsUbxzpSvf+uAgZw==,Magicbricks,https://www.magicbricks.com/property-details/2-BHK-750-Sq-ft-Residential-House-FOR-Rent-Naya-Gaon-in-Chandigarh&id=4d423730313834323835,2026-04-19 13:51:15,30.7748825,76.7942403,,Naya Gaon,"Chandigarh, Chandigarh","19202|Himalayan Public Smart School, 19202|Noble Heart School",,,Residential House,Semi-Furnished,1,2,,750,Sq-ft,,"You can find this 2 BHK rental house in the main area of Naya Gaon. The monthly rent is a ₹8,600. This house is located at Naya Gaon, Chandigarh, Chandigarh.",8600,,,11,1,,No,No,No,,False,False,Owner,23,Immediately,2026-03-13T15:52:27.000Z,"Mar 13, '26",True
qXWfF8grjyZzpSvf+uAgZw==,Magicbricks,https://www.magicbricks.com/property-details/2-BHK-800-Sq-ft-Residential-House-FOR-Rent-Sector-19-in-Chandigarh&id=4d423833333635303535,2026-04-19 13:51:15,30.7304019,76.795998,,Sector 19,"Chandigarh, Chandigarh",19209|Zirakpur Airport,,,Residential House,Semi-Furnished,,,,800,Sq-ft,,"Located in Sector 19, you can find the 2 BHK house available on rent. The house is available at a monthly rental price of ₹25,000. This house is situated at Sector 19, Chandigarh, Chandigarh.",25000,,,31,1,,No,No,No,,False,False,Owner,26,Immediately,2026-02-11T14:33:44.000Z,"Feb 11, '26",True
oDFvc9Jr8ixzpSvf+uAgZw==,Magicbricks,https://www.magicbricks.com/property-details/2-BHK-120-Sq-ft-Residential-House-FOR-Rent-Sector-38A-in-Chandigarh&id=4d423733303335323337,2026-04-19 13:51:15,30.7476756,76.7431336,,Gaurav Bedi,"Chandigarh, Chandigarh",,,,Residential House,Furnished,Ground,3,,120,Sq-ft,,"Check out this 2 BHK house available for rent in the popular location of Sector 38A. The house is available at the rent of ₹18,000 per month. This house is situated at Sector 38A, Chandigarh, Chandigarh.",18000,,,150,1,,No,No,No,,False,False,Owner,0,Immediately,2026-03-20T11:46:09.000Z,"Mar 20, '26",True
Ll0948baR6VzpSvf+uAgZw==,Magicbricks,https://www.magicbricks.com/property-details/2-BHK-1250-Sq-ft-Residential-House-FOR-Rent-Sector-16-in-Chandigarh&id=4d423833333531303031,2026-04-19 13:51:15,30.7464418,76.7783748,,Sector 16,"Chandigarh, Chandigarh",,,,Residential House,Semi-Furnished,,,,1250,Sq-ft,10 to 15 years,"Check out this 2 BHK house for rent in locality. The monthly rent of the property is ₹21,000. This house is situated at Sector 16, Chandigarh, Chandigarh.",21000,20000,1,17,1,,No,No,No,,False,False,Owner,31,Immediately,2026-02-10T18:30:26.000Z,"Feb 11, '26",True
J0DtrQM9wXZzpSvf+uAgZw==,Magicbricks,https://www.magicbricks.com/property-details/2-BHK-1000-Sq-ft-Residential-House-FOR-Rent-Sector-43-in-Chandigarh&id=4d423437303032393731,2026-04-19 13:51:15,30.7193257,76.7480805,,Sector 43,"Chandigarh, Chandigarh",,,,Residential House,Semi-Furnished,1,1,,1000,Sq-ft,,"Check out this 2 BHK house for rent in locality. You can find this house at rent of ₹23,000 per month. The house is located at Sector 43, Chandigarh, Chandigarh.",23000,,,23,1,,No,No,No,,False,False,Owner,25,Immediately,2026-03-03T10:34:34.000Z,"Mar 03, '26",True
249N1hre2JRzpSvf+uAgZw==,Magicbricks,https://www.magicbricks.com/property-details/2-BHK-1000-Sq-ft-Residential-House-FOR-Rent-Kharar-Landran-Road-in-Chandigarh&id=4d423833343337313933,2026-04-19 13:51:15,30.7120469,76.656144,,Kharar-Landran Road,"1st floor , house no 1317 , shiwalik city , kharar","19206|Divine World, 19206|Mechwo Shopping",,,Residential House,Furnished,,,,1000,Sq-ft,Less than 5 years,"peaceful society , parking available The beautiful 2 BHK house is now available for rent in the premium location of Kharar-Landran Road. The monthly rent is a ₹13,500. The address of the house is 1st floor , house no 1317 , shiwalik city , kharar, Kharar-Landran Road, Chandigarh, Chandigarh.",13500,,,14,3,,No,No,No,,False,False,Owner,65,Immediately,2026-02-17T04:03:31.000Z,"Feb 17, '26",True
xH1ktiEIV5VzpSvf+uAgZw==,Magicbricks,https://www.magicbricks.com/property-details/2-BHK-116-Sq-yrd-Villa-FOR-Rent-Kharar-Landran-Road-in-Chandigarh&id=4d423833323935333339,2026-04-19 13:51:15,30.7120469,76.656144,,Kharar-Landran Road,"Kharar-Landran Road, Chandigarh","19206|Mechwo Shopping, 19206|Divine World",,,Villa,Furnished,,,,116,Sq-yrd,New Construction,"2 BHK, Villa is available for Rent in Kharar-Landran Road, Chandigarh for 22,000",22000,22000,1850,21,2,,No,No,No,,False,False,Owner,36,Immediately,2026-02-06T13:05:17.000Z,"Feb 06, '26",True
LrUW88dpUitzpSvf+uAgZw==,Magicbricks,https://www.magicbricks.com/property-details/2-BHK-1200-Sq-ft-Residential-House-FOR-Rent-Vikas-Nagar-in-Chandigarh&id=4d423831393231343639,2026-04-19 13:51:15,30.69379,76.822062,,tejkirat singh,distinct mohali vikash nagar naya gaon,,,,Residential House,Semi-Furnished,2,3,,1200,Sq-ft,New Construction,"Check out this 2 BHK house for rent in locality. The house is available at the rent of ₹17,500 per month. The house is on the 2nd floor, includes 3 bathrooms and 2 balcony. This house is situated at distinct mohali vikash nagar naya gaon, Vikas Nagar, Chandigarh, Chandigarh.",17500,,,15,3,,No,No,No,,False,False,Owner,53,Immediately,2026-03-01T16:43:32.000Z,"Mar 01, '26",True
PbfQiBfG+2xzpSvf+uAgZw==,Magicbricks,https://www.magicbricks.com/property-details/3-BHK-10-Marla-Residential-House-FOR-Rent-Sector-27-in-Chandigarh&id=4d423833373134353031,2026-04-19 13:51:15,30.7231259,76.7985669,,Sector 27,"Chandigarh, Chandigarh","19202|New Public Schools, 19202|Moti Ram Arya School",,,Residential House,Furnished,,,,10,Marla,New Construction,"This 3 BHK independent house for rent is located in Sector 27. The monthly rental of the house is ₹60,000. The house also has Study, Store and Servant Room. This house is situated at Sector 27, Chandigarh, Chandigarh.",60000,,,22,3,,No,No,No,,False,True,Agent,53,Immediately,2026-04-17T23:45:20.000Z,Yesterday,True
Nv+6bo7b13xzpSvf+uAgZw==,Magicbricks,https://www.magicbricks.com/property-details/3-BHK-218-Sq-yrd-Villa-FOR-Rent-Sector-38-West-in-Chandigarh&id=4d423833343038303935,2026-04-19 13:51:15,30.7456844,76.7437522,,Sector 38 West,"Chandigarh, Chandigarh",,,,Villa,Furnished,,,East,218,Sq-yrd,Less than 5 years,"3 BHK, Villa is available for Rent in Sector 38 West, Chandigarh for 70,000",70000,,,36,2,,No,No,No,,True,True,Agent,56,Immediately,2026-04-17T23:45:20.000Z,Yesterday,True
Qtn1cigjegRzpSvf+uAgZw==,Magicbricks,https://www.magicbricks.com/property-details/3-BHK-10-Marla-Residential-House-FOR-Rent-Sector-21-in-Chandigarh&id=4d423834333035373831,2026-04-19 13:51:15,30.7263907,76.77549,,Sector 21,"Chandigarh, Chandigarh",19202|Manav Mangal High School,,,Residential House,Furnished,,,,,,10 to 15 years,"Situated in Sector 21, this 3 BHK individual house is currently available for rent out. The monthly rent is a ₹60,000. There is also Puja Room, Store and Servant Room in the house. This house is located at Sector 21, Chandigarh, Chandigarh.",60000,120000,,22,3,,No,No,No,"Air Conditioned, Banquet Hall, Bar/Lounge",True,True,Agent,60,Immediately,2026-04-19T01:18:57.000Z,Today,True
kZzAUbrQGVlzpSvf+uAgZw==,Magicbricks,https://www.magicbricks.com/property-details/3-BHK-2540-Sq-ft-Residential-House-FOR-Rent-Sector-21-in-Chandigarh&id=4d423733393834373731,2026-04-19 13:51:15,30.7263907,76.77549,,Sector 21,"Chandigarh, Chandigarh",19202|Manav Mangal High School,,,Residential House,Furnished,1,2,South - East,2540,Sq-ft,5 to 10 years,"fully furnished 3 bedrooms attached bathrooms drawing dining modular kitchen nicely built top location available for rent only for family You can find this 3 BHK house on rent in a good area of Sector 21. The monthly rent is a ₹70,000. Located on the 1st floor, the house has 3 bathrooms and 2 balcony. The house also provides Store and Servant Room. This house is situated at Sector 21, Chandigarh, Chandigarh.",70000,,,28,3,,No,No,No,,False,True,Agent,63,Immediately,2026-03-07T09:43:02.000Z,"Mar 07, '26",True
mSDfubvtNe1zpSvf+uAgZw==,Magicbricks,https://www.magicbricks.com/property-details/3-BHK-1800-Sq-ft-Residential-House-FOR-Rent-Sector-18-in-Chandigarh&id=4d423731363637353735,2026-04-19 13:51:15,30.7347851,76.7884713,,Sector 18,"Chandigarh, Chandigarh","19202|Stepping Stones Sr. Sec. School, 19202|Saint Thomas - Cni School",,,Residential House,Unfurnished,1,1,North - West,,,10 to 15 years,"For rent three bedrooms with attached two bathrooms. Drawing dinning. Little old house but clean and Serene. Facing park. Very quite area for self living. You can find this 3 BHK rental house in the main area of Sector 18. The monthly rent of the independent house is ₹70,000. The independent house is located on the 1st floor which includes 2 bathrooms and 2 balcony. The house also provides Store. The house is located at Sector 18, Chandigarh, Chandigarh.",70000,,,,2,,No,No,No,"Air Conditioned, RO Water System",False,True,Agent,71,Immediately,2026-02-24T05:31:38.000Z,"Feb 24, '26",True
Jnpj4hWuQSFzpSvf+uAgZw==,Magicbricks,https://www.magicbricks.com/property-details/3-BHK-2200-Sq-ft-Residential-House-FOR-Rent-Sector-7-in-Chandigarh&id=4d423739333332303833,2026-04-19 13:51:15,30.7350091,76.8043355,,Sector 7,"Chandigarh, Chandigarh",,,,Residential House,Semi-Furnished,,,North - East,2200,Sq-ft,Less than 5 years,"newly Renovated 3 bhk 2 bath first floor facing park near market sector 7 You can find this 3 BHK house on rent in a good area of Sector 7. The rent is ₹70,000 per month. The house also provides Store and Servant Room. The house is located at Sector 7, Chandigarh, Chandigarh.",70000,100000,100,32,2,,No,No,No,"Air Conditioned, Internet/Wi-Fi Connectivity, RO Water System, Banquet Hall",False,True,Agent,76,Immediately,2026-03-18T05:44:38.000Z,"Mar 18, '26",True
JZEhWtxLbh9zpSvf+uAgZw==,Magicbricks,https://www.magicbricks.com/property-details/3-BHK-800-Sq-ft-Residential-House-FOR-Rent-Sector-19-in-Chandigarh&id=4d423834323131353935,2026-04-19 13:51:15,30.7304019,76.795998,,Sector 19,"Chandigarh, Chandigarh",19209|Zirakpur Airport,,,Residential House,Furnished,,,,800,Sq-ft,,"Check out this 3 BHK house for rent in locality. The monthly rent is a ₹70,000. This house is located at Sector 19, Chandigarh, Chandigarh.",70000,,,88,3,,No,No,No,,True,True,Agent,26,Immediately,2026-04-13T03:09:03.000Z,"Apr 13, '26",True
Rjd9N0fyl1dzpSvf+uAgZw==,Magicbricks,https://www.magicbricks.com/property-details/3-BHK-1700-Sq-ft-Residential-House-FOR-Rent-Sector-34-in-Chandigarh&id=4d423830363132303633,2026-04-19 13:51:15,30.7195549,76.7639499,,Sector-34,"Chandigarh, Chandigarh","19202|Aanchal International School, 19202|Kundan International School, 19203|Mukat Hospital And Heart Institute, 19206|Piccadilly Square Mall",,,Residential House,Unfurnished,,,,1700,Sq-ft,New Construction,"Check out this 3 BHK house available for rent in the popular location of Sector 34. The monthly rent of the independent house is ₹60,000. The house is located at Sector 34, Chandigarh, Chandigarh.",60000,60000,,35,3,,No,No,No,,True,True,Agent,31,Immediately,2026-03-21T06:17:34.000Z,"Mar 21, '26",True
vmHQFkdkOZhzpSvf+uAgZw==,Magicbricks,https://www.magicbricks.com/property-details/3-BHK-4200-Sq-ft-Residential-House-FOR-Rent-Sector-20-in-Chandigarh&id=4d423833393731363437,2026-04-19 13:51:15,30.7213417,76.7812596,,Sector 20,"Chandigarh, Chandigarh",,,,Residential House,Semi-Furnished,,,North - East,4200,Sq-ft,2010,"near school The 3 BHK house is currently available for rent in Sector 20. The monthly rent is a ₹60,000. In addition, the house includes Store. This house is located at Sector 20, Chandigarh, Chandigarh.",60000,60000,,14,3,,No,No,No,,True,True,Agent,55,Immediately,2026-03-28T05:40:15.000Z,"Mar 28, '26",True
DMB0VOPTbh9zpSvf+uAgZw==,Magicbricks,https://www.magicbricks.com/property-details/3-BHK-2250-Sq-ft-Residential-House-FOR-Rent-Sector-34-in-Chandigarh&id=4d423830393737333433,2026-04-19 13:51:15,30.7195549,76.7639499,,Sector-34,"Chandigarh, Chandigarh","19202|Aanchal International School, 19202|Kundan International School, 19203|Mukat Hospital And Heart Institute, 19206|Piccadilly Square Mall",,,Residential House,Furnished,,,North,2250,Sq-ft,New Construction,"3bhk fully furnished Check out this 3 BHK house available for rent in the popular location of Sector 34. The house is avaliable at a monthly rent of ₹60,000. The house also provides Puja Room. The address of this house is Sector 34, Chandigarh, Chandigarh.",60000,60000,,27,3,,No,No,No,"Air Conditioned, RO Water System",True,True,Agent,71,Immediately,2026-02-24T12:18:32.000Z,"Feb 24, '26",True
/4EyPoaZTrpzpSvf+uAgZw==,Magicbricks,https://www.magicbricks.com/property-details/3-BHK-10-Marla-Residential-House-FOR-Rent-Sector-27-in-Chandigarh&id=4d423833393835353239,2026-04-19 13:51:15,30.7231259,76.7985669,,Sector 27,"Chandigarh, Chandigarh","19202|Bhavan Vidyalaya, 19202|New Public Schools",,,Residential House,Furnished,,,,10,Marla,New Construction,"Located in Sector 27, you can find the 3 BHK house available on rent. The monthly rent is a ₹60,000. There is also Store in the house. This house is located at Sector 27, Chandigarh, Chandigarh.",60000,,,22,3,,No,No,No,,False,True,Agent,53,Immediately,2026-04-18T23:45:33.000Z,Today,True
rT462ADktdFzpSvf+uAgZw==,Magicbricks,https://www.magicbricks.com/property-details/1-BHK-200-Sq-ft-Residential-House-FOR-Rent-Sector-46-in-Chandigarh&id=4d423539323239343535,2026-04-19 13:51:15,30.7026207,76.7639499,,Sector 46,"Chandigarh, Chandigarh",,,,Residential House,Semi-Furnished,,,,,,,"The 1 BHK house is currently available for rent in Sector 46. The rent is ₹12,000 per month. This house is located at Sector 46, Chandigarh, Chandigarh.",12000,15000,,,1,,No,No,No,,False,False,Owner,28,Immediately,2026-03-31T12:31:07.000Z,"Mar 31, '26",True
uI0AugdE05hzpSvf+uAgZw==,Magicbricks,https://www.magicbricks.com/property-details/1-BHK-150-Sq-ft-Residential-House-FOR-Rent-Sector-40-in-Chandigarh&id=4d423336343933313535,2026-04-19 13:51:15,30.7363236,76.7350951,,Sector 40,"Chandigarh, Chandigarh",,,,Residential House,Unfurnished,1,3,East,150,Sq-ft,Less than 5 years,"Property is available for boys only The beautiful 1 BHK house is now available for rent in the premium location of Sector 40. The monthly rental of the house is ₹8,000. The house is on the 1st floor, has 1 bathrooms and 1 balcony. This house is situated at Sector 40, Chandigarh, Chandigarh.",8000,14000,,53,1,,No,No,No,,False,False,Owner,54,Immediately,2026-03-16T22:30:45.000Z,"Mar 17, '26",True
zyBxV4fwXypzpSvf+uAgZw==,Magicbricks,https://www.magicbricks.com/property-details/1-BHK-125-Sq-ft-Residential-House-FOR-Rent-Sector-40A-in-Chandigarh&id=4d423236383230303337,2026-04-19 13:51:15,30.7412173,76.7314602,,Ashok kumar,"Chandigarh, Chandigarh",,,,Residential House,Furnished,2,3,,125,Sq-ft,New Construction,"It's 1 RK property You can find this 1 BHK house on rent in a good area of Sector 40A. The monthly rent is ₹8,000. Sector 40A, Chandigarh, Chandigarh is the address of the house.",8000,7000,,64,1,,No,No,No,,False,False,Owner,49,Immediately,2026-03-14T22:30:36.000Z,"Mar 15, '26",True
KIsx88Y351BzpSvf+uAgZw==,Magicbricks,https://www.magicbricks.com/property-details/1-BHK-500-Sq-ft-Residential-House-FOR-Rent-Manimajra-in-Chandigarh&id=4d423730313639383939,2026-04-19 13:51:15,30.7166667,76.8333333,,Manimajra,house no830  Jattan Walla mohalla,"19210|Housing Board Chowk Bus Stop, 19201|Rajiv Gandhi It Park, 19202|Rimt World School, 19202|Hansraj Public School, 19206|Dlf City Centre Mall",,,Residential House,Unfurnished,1,3,,500,Sq-ft,Less than 5 years,"You can find this 1 BHK rental house in the main area of Manimajra. The monthly rent of the property is ₹6,500. Located on the 1st floor, the house has 1 bathrooms and 1 balcony. This house is situated at house no830 Jattan Walla mohalla, Manimajra, Chandigarh, Chandigarh.",6500,1000,0,13,1,,No,No,No,,False,False,Owner,61,Immediately,2026-04-08T21:30:35.000Z,"Apr 09, '26",True
BxXXzy8Jd/VzpSvf+uAgZw==,Magicbricks,https://www.magicbricks.com/property-details/1-BHK-500-Sq-ft-Residential-House-FOR-Rent-Sector-44-in-Chandigarh&id=4d423737313135393737,2026-04-19 13:51:15,30.7127179,76.7524087,,Sector-44,"Chandigarh, Chandigarh",,,,Residential House,Furnished,,,East,500,Sq-ft,,"You can find this 1 BHK house on rent in a good area of Sector 44. The house is avaliable at a monthly rent of ₹17,000. Sector 44, Chandigarh, Chandigarh is the address of the house.",17000,,,34,1,,No,No,No,,False,False,Owner,42,Immediately,2026-04-05T22:30:43.000Z,"Apr 06, '26",True
Xn9GjzD/g3BzpSvf+uAgZw==,Magicbricks,https://www.magicbricks.com/property-details/1-BHK-1-Kanal-Residential-House-FOR-Rent-Sector-11-in-Chandigarh&id=4d423739343933303837,2026-04-19 13:51:15,30.7583236,76.7841443,,Sector-11,sector 11 chandigarh. Ravi-978OO 8O 995,"19202|Sanawar Montessori School, 19202|Government Model Sr. Sec. School",,,Residential House,Furnished,Ground,2,North - East,1,Kanal,New Construction,"call for details available for rent. Ravi. 978OO 8O 995 Check out this 1 BHK house for rent in locality. The monthly rent of the independent house is ₹20,000. Located on the ground floor, the house has 1 bathrooms and 1 balcony. This house is situated at sector 11 chandigarh. Ravi-978OO 8O 995, Sector 11, Chandigarh, Chandigarh.",20000,,,4,1,,No,No,No,,False,False,Owner,54,Immediately,2026-04-11T22:30:41.000Z,"Apr 12, '26",True
5a9qSPyWkztzpSvf+uAgZw==,Magicbricks,https://www.magicbricks.com/property-details/1-BHK-1-Kanal-Residential-House-FOR-Rent-Sector-19-in-Chandigarh&id=4d423531313537353930,2026-04-19 13:51:15,30.7304019,76.795998,,Sector 19,"Chandigarh, Chandigarh",19209|Zirakpur Airport,,,Residential House,Semi-Furnished,Ground,2,,1,Kanal,,"Independent Room and PG for girls including all facilities. Situated in Sector 19, this 1 BHK individual house is currently available for rent out. The monthly rental of the house is ₹8,000. The address of this house is Sector 19, Chandigarh, Chandigarh.",8000,,,1,1,,No,No,No,,False,False,Owner,45,Immediately,2026-04-13T16:39:54.000Z,"Apr 13, '26",True
rPmREWa4z41zpSvf+uAgZw==,Magicbricks,https://www.magicbricks.com/property-details/1-BHK-400-Sq-ft-Residential-House-FOR-Rent-in-Chandigarh&id=4d423737393431343637,2026-04-19 13:51:15,30.656788,76.82119203,,Vikas Gupta,"Chandigarh, Chandigarh",,,,Residential House,Semi-Furnished,1,3,,400,Sq-ft,,"This 1 BHK rental house is located in a key location of Zirakpur area. The monthly rent of the property is ₹4,500. This house is situated at Zirakpur, Chandigarh, Chandigarh.",4500,,,11,1,,No,No,No,,False,False,Owner,0,Immediately,2026-04-08T21:32:04.000Z,"Apr 09, '26",True
zAILVGzGUB1zpSvf+uAgZw==,Magicbricks,https://www.magicbricks.com/property-details/1-BHK-120-Sq-ft-Residential-House-FOR-Rent-Sector-37-in-Chandigarh&id=4d423732333338333437,2026-04-19 13:51:15,30.7378169,76.7495233,,Sector-37,"Chandigarh, Chandigarh",,,,Residential House,Furnished,,,,120,Sq-ft,,"It's 1 RK property You can find this 1 BHK house on rent in a good area of Sector 37. The house is available at a monthly rental price of ₹5,000. The address of this house is Sector 37, Chandigarh, Chandigarh.",5000,,,42,1,,No,No,No,,False,False,Owner,27,Immediately,2026-04-04T21:30:37.000Z,"Apr 05, '26",True
BnjaVPX4uzFzpSvf+uAgZw==,Magicbricks,https://www.magicbricks.com/property-details/1-BHK-169-Sq-ft-Residential-House-FOR-Rent-Sector-37-in-Chandigarh&id=4d423630333034373135,2026-04-19 13:51:15,30.7378169,76.7495233,,Sector-37,Ground Floor in a Prominent location facing park in Sector 37C,,,,Residential House,Unfurnished,1,3,,,,,"Ground floor having independent entry, park facing, markets and daily needs easily accessible Located in Sector 37, you can find the 1 BHK house available on rent. You will also have to pay a monthly rent of ₹9,500. The house is on the 1st floor, includes 1 bathrooms and 1 balcony. The address of the house is Ground Floor in a Prominent location facing park in Sector 37C, Sector 37, Chandigarh, Chandigarh.",9500,5000,0,,1,,No,No,No,,False,False,Owner,57,Immediately,2026-02-14T21:30:46.000Z,"Feb 15, '26",True
squs0s7HnjlzpSvf+uAgZw==,Magicbricks,https://www.magicbricks.com/property-details/1-BHK-1200-Sq-ft-Residential-House-FOR-Rent-Sector-34-in-Chandigarh&id=4d423535373833363133,2026-04-19 13:51:15,30.7195549,76.7639499,,Sector-34,"Chandigarh, Chandigarh","19202|Northridge International School, 19202|Kundan International School, 19203|Mukat Hospital And Heart Institute, 19206|Piccadilly Square Mall",,,Residential House,Semi-Furnished,,,North - West,1200,Sq-ft,Above 20 years,"The beautiful 1 BHK house is now available for rent in the premium location of Sector 34. The monthly rent is ₹25,000. The house is equipped with normal tiles/kotah stone flooring. The address of this house is Sector 34, Chandigarh, Chandigarh.",25000,,,21,1,,No,No,No,Jogging and Strolling Track,False,False,Owner,50,Immediately,2026-02-24T12:01:16.000Z,"Feb 24, '26",True
8SjF+GiyLZBzpSvf+uAgZw==,Magicbricks,https://www.magicbricks.com/property-details/1-BHK-300-Sq-ft-Residential-House-FOR-Rent-Sector-34-in-Chandigarh&id=4d423339323733323635,2026-04-19 13:51:15,30.7195549,76.7639499,,Sector-34,"Chandigarh, Chandigarh","19202|Kundan International School, 19202|Northridge International School, 19203|Mukat Hospital And Heart Institute, 19206|Piccadilly Square Mall",,,Residential House,Furnished,,,,300,Sq-ft,New Construction,"It's 1 RK property Located in Sector 34, you can find the 1 BHK house available on rent. The house is available at the rent of ₹15,000 per month. There is also a facility of 1 Open parking. The address of this house is Sector 34, Chandigarh, Chandigarh.",15000,15000,,50,1,1 Open,No,No,No,,False,False,Owner,34,Immediately,2026-03-08T22:30:27.000Z,"Mar 09, '26",True
wfVT2XzRdQ5zpSvf+uAgZw==,Magicbricks,https://www.magicbricks.com/property-details/1-BHK-175-Sq-ft-Residential-House-FOR-Rent-Nayagaon-in-Chandigarh&id=4d423537303939363931,2026-04-19 13:51:15,30.777979,76.794314,,D S Rana,"Chandigarh, Chandigarh",,,,Residential House,Semi-Furnished,Ground,3,,175,Sq-ft,,"Check out this 1 BHK house available for rent in the popular location of Nayagaon. The monthly rental of the house is ₹5,000. This house is located at Nayagaon, Chandigarh, Chandigarh.",5000,,,29,1,,No,No,No,,False,False,Owner,0,Immediately,2026-03-30T21:30:42.000Z,"Mar 31, '26",True
c+MqjHu5crdzpSvf+uAgZw==,Magicbricks,https://www.magicbricks.com/property-details/1-BHK-256-Sq-ft-Residential-House-FOR-Rent-Sector-8-in-Chandigarh&id=4d423636313933363339,2026-04-19 13:51:15,30.7416185,76.8000091,,Sector 8,"Chandigarh, Chandigarh","19202|C L Aggarwal D.A.V Model School, 19202|New Pragati Sen Sec School",,,Residential House,Furnished,Ground,1,,256,Sq-ft,,"Situated in Sector 8, this 1 BHK individual house is currently available for rent out. The monthly rent is ₹12,500. The address of this house is Sector 8, Chandigarh, Chandigarh.",12500,,,49,1,,No,No,No,,False,False,Owner,0,Immediately,2026-04-14T22:30:43.000Z,"Apr 15, '26",True
TCZRJVJWnFtzpSvf+uAgZw==,Magicbricks,https://www.magicbricks.com/property-details/1-BHK-131-Sq-ft-Residential-House-FOR-Rent-Sector-40-in-Chandigarh&id=4d423634393337383533,2026-04-19 13:51:15,30.7363236,76.7350951,,Sector 40,"40-D, chandigarh",,,,Residential House,Furnished,2,2,East,131,Sq-ft,Less than 5 years,"Situated in Sector 40, this 1 BHK individual house is currently available for rent out. The house is available at the rent of ₹18,000 per month. Located on the 2nd floor, the house has 1 bathrooms and 1 balcony. The house is fitted with vitrified, ceramic tiles flooring. This house is situated at 40-D, chandigarh, Sector 40, Chandigarh, Chandigarh.",18000,,,137,1,,No,No,No,,False,False,Owner,52,Immediately,2026-04-13T22:30:36.000Z,"Apr 14, '26",True
ow/7x+TGtetzpSvf+uAgZw==,Magicbricks,https://www.magicbricks.com/property-details/1-BHK-14-Sq-ft-Residential-House-FOR-Rent-Sector-15-in-Chandigarh&id=4d423637393231393137,2026-04-19 13:51:15,30.7514892,76.772605,,Sector-15,"Chandigarh, Chandigarh","19201|Rajiv Gandhi Chandigarh It Park, 19202|Government Model Senior Secondary School, 19202|Crb Public School, 19203|Dharam Hospital",,,Residential House,Semi-Furnished,,,,,,,"The 1 BHK house is currently available for rent in Sector 15. This house is situated at Sector 15, Chandigarh, Chandigarh.",15000,28000,5000,,1,,No,No,No,,False,False,Owner,27,Immediately,2026-02-19T13:28:26.000Z,"Feb 19, '26",True
AzJT00HEq/RzpSvf+uAgZw==,Magicbricks,https://www.magicbricks.com/property-details/3-BHK-3000-Sq-ft-Residential-House-FOR-Rent-Sector-32-in-Chandigarh&id=4d423832373834303339,2026-04-19 13:51:15,30.7094569,76.77549,,Sector 32,"Chandigarh, Chandigarh","19202|Tender Heart School, 19202|Saupin's School, 19206|Vishal Mega Mart",,,Residential House,Furnished,,,North - East,3000,Sq-ft,Less than 5 years,"This 3 BHK house is up for rent in the well-known Sector 32 area. The monthly rent is a ₹75,000. There is also Puja Room, Store and Study in the house. This house is situated at Sector 32, Chandigarh, Chandigarh.",75000,75000,,25,3,,Yes,No,No,"Service/Goods Lift, Air Conditioned, RO Water System",False,True,Agent,73,Immediately,2026-04-17T23:45:20.000Z,Yesterday,True
/L9CVb3rKx5zpSvf+uAgZw==,Magicbricks,https://www.magicbricks.com/property-details/3-BHK-10-Marla-Residential-House-FOR-Rent-Sector-21-in-Chandigarh&id=4d423833373136393331,2026-04-19 13:51:15,30.7263907,76.77549,,Sector 21,"Chandigarh, Chandigarh",19202|Manav Mangal High School,,,Residential House,Semi-Furnished,,,,10,Marla,New Construction,"The 3 BHK house is currently available for rent in Sector 21. The monthly rent is a ₹75,000. In addition, the house includes Store, Study and Servant Room. The address of this house is Sector 21, Chandigarh, Chandigarh.",75000,,,28,3,,No,No,No,,False,True,Agent,48,Immediately,2026-04-17T23:45:20.000Z,Yesterday,True
rfPmeakwdolzpSvf+uAgZw==,Magicbricks,https://www.magicbricks.com/property-details/3-BHK-3500-Sq-ft-Villa-FOR-Rent-Sector-38-West-in-Chandigarh&id=4d423832363039363235,2026-04-19 13:51:15,30.7456844,76.7437522,,Sector 38 West,"Chandigarh, Chandigarh",,,,Villa,Furnished,,,East,3500,Sq-ft,10 to 15 years,"3 BHK, Villa is available for Rent in Sector 38 West, Chandigarh for 75,000",75000,,,21,2,,No,No,No,,True,True,Agent,56,Immediately,2026-04-18T23:45:32.000Z,Today,True
QFrEGG2V36dzpSvf+uAgZw==,Magicbricks,https://www.magicbricks.com/property-details/3-BHK-2000-Sq-ft-Residential-House-FOR-Rent-Sector-40B-in-Chandigarh&id=4d423834323934353133,2026-04-19 13:51:15,30.738358,76.739017,,Sidhidatri Corporate,"Chandigarh, Chandigarh",,,,Residential House,Furnished,,,East,2000,Sq-ft,New Construction,"newly. fully furnished. with or without basement Located in Sector 40B, you can find the 3 BHK house available on rent. The monthly rent is a ₹75,000. The house also has Puja Room and Study. The house is located at Sector 40B, Chandigarh, Chandigarh.",75000,75000,0,38,3,,No,No,No,"Air Conditioned, Banquet Hall, Bar/Lounge, Jogging and Strolling Track",True,True,Agent,82,Immediately,2026-04-18T06:42:20.000Z,Yesterday,True
srsVzLduTqRzpSvf+uAgZw==,Magicbricks,https://www.magicbricks.com/property-details/3-BHK-3500-Sq-ft-Residential-House-FOR-Rent-Sector-11-in-Chandigarh&id=4d423833343135353835,2026-04-19 13:51:15,30.7583236,76.7841443,,Sector-11,Kanal house,"19202|Government Model Sr. Sec. School, 19202|D.A.V. Model School",,,Residential House,Furnished,,,North - East,3500,Sq-ft,New Construction,"Newly built 3bhk fully furnished modern kitchen big drawing dining You can find this 3 BHK rental house in the main area of Sector 11. The rent is ₹1 Lac per month. There is also Store in the house. This house is situated at Kanal house, Sector 11, Chandigarh, Chandigarh.",100000,10000,0,29,3,,No,No,No,"Air Conditioned, Laundry Service, Internet/Wi-Fi Connectivity, Jogging and Strolling Track",True,True,Agent,83,Immediately,2026-04-18T00:25:09.000Z,Yesterday,True
9OF/A3MWx4JzpSvf+uAgZw==,Magicbricks,https://www.magicbricks.com/property-details/3-BHK-1850-Sq-ft-Residential-House-FOR-Rent-Sector-21-in-Chandigarh&id=4d423736393138393235,2026-04-19 13:51:15,30.7263907,76.77549,,Sector 21,"Chandigarh, Chandigarh",19202|Manav Mangal High School,,,Residential House,Semi-Furnished,,,South - East,1850,Sq-ft,New Construction,"newly built 3 bedrooms attached bathrooms drawing dining modular kitchen available for rent only family Check out this 3 BHK house available for rent in the popular location of Sector 21. You can find this house at rent of ₹73,000 per month. This house is equipped with vitrified, wooden flooring. There is also Store in the house. Sector 21, Chandigarh, Chandigarh is the address of the house.",73000,,,39,3,,No,No,No,,False,True,Agent,71,Immediately,2026-04-17T03:44:41.000Z,"Apr 17, '26",True
T9pOm8Lo6TJzpSvf+uAgZw==,Magicbricks,https://www.magicbricks.com/property-details/3-BHK-3150-Sq-ft-Residential-House-FOR-Rent-Sector-21-in-Chandigarh&id=4d423833393837393933,2026-04-19 13:51:15,30.7263907,76.77549,,Sector 21,"sco 27, swastik vihar, mansa devi complex, panchkula",19202|Manav Mangal High School,,,Residential House,Semi-Furnished,,,North - East,3150,Sq-ft,5 to 10 years,"Experience luxury living in one of chandigarhs most serene and wellConnected neighborhoods.This beautifully designed 3 bhk independent house in sector 21 offers a perfect blend of modern aesthetics and comfort. HighEnd interiors, this home is ready for you to move in.",75000,75000,1000,24,3,2 Open,No,No,No,,True,True,Agent,100,Immediately,2026-03-29T13:23:28.000Z,"Mar 29, '26",True
CYw/WZnF7SNzpSvf+uAgZw==,Magicbricks,https://www.magicbricks.com/property-details/3-BHK-2500-Sq-ft-Residential-House-FOR-Rent-Sector-19-in-Chandigarh&id=4d423833393336373935,2026-04-19 13:51:15,30.7304019,76.795998,,Sector 19,"Chandigarh, Chandigarh",19209|Zirakpur Airport,,,Residential House,Furnished,,,North - East,2500,Sq-ft,2010,"near school This 3 BHK rental house is located in a key location of Sector 19 area. The monthly rent of the independent house is ₹85,000. In addition, the house includes Store. Sector 19, Chandigarh, Chandigarh is the address of the house.",85000,85000,,34,3,,Yes,No,No,Air Conditioned,False,True,Agent,70,Immediately,2026-03-25T10:27:58.000Z,"Mar 25, '26",True
MFb2WSEeqhRzpSvf+uAgZw==,Magicbricks,https://www.magicbricks.com/property-details/3-BHK-5000-Sq-ft-Residential-House-FOR-Rent-Sector-19-in-Chandigarh&id=4d423833323438313133,2026-04-19 13:51:15,30.7304019,76.795998,,Sector 19,"Chandigarh, Chandigarh",19209|Zirakpur Airport,,,Residential House,Semi-Furnished,,,North,5000,Sq-ft,5 to 10 years,"kanal 3 bhk 3 bath semi furnished first floor posh locality sector 19 Located in Sector 19, you can find the 3 BHK house available on rent. You will also have to pay a monthly rent of ₹1 Lac. The house also provides Store. The house is located at Sector 19, Chandigarh, Chandigarh.",100000,150000,100,20,3,,No,No,No,"Air Conditioned, Laundry Service, Internet/Wi-Fi Connectivity, Banquet Hall",False,True,Agent,73,Immediately,2026-04-07T05:43:02.000Z,"Apr 07, '26",True
DxrM3Yzmbx1zpSvf+uAgZw==,Magicbricks,https://www.magicbricks.com/property-details/3-BHK-1100-Sq-ft-Residential-House-FOR-Rent-Sector-18-in-Chandigarh&id=4d423834323131353931,2026-04-19 13:51:15,30.7347851,76.7884713,,Sector 18,"Chandigarh, Chandigarh","19202|B M Schools Private Limited, 19202|Stepping Stones Sr. Sec. School",,,Residential House,Furnished,,,,1100,Sq-ft,,"This 3 BHK house is up for rent in the well-known Sector 18 area. The house is avaliable at a monthly rent of ₹89,999. The house is located at Sector 18, Chandigarh, Chandigarh.",89999,,,82,3,,No,No,No,,True,True,Agent,26,Immediately,2026-04-13T03:08:17.000Z,"Apr 13, '26",True
AlbkjeA60+NzpSvf+uAgZw==,Magicbricks,https://www.magicbricks.com/property-details/3-BHK-2000-Sq-ft-Villa-FOR-Rent-Sector-33A-in-Chandigarh&id=4d423832393934353539,2026-04-19 13:51:15,30.716988,76.770346,,Rajpal,"House no 1596, sector 33-D, Chandigarh",19203|Ayu Health Hospital,,,Villa,Semi-Furnished,,,,,,5 to 10 years,Beautifully constructed property located in the heart of Chandigarh. Facing 2 gardens and a serene locality,75000,,,15,4,2 Open,No,No,No,Jogging and Strolling Track,False,True,Owner,86,Immediately,2026-03-21T23:51:40.000Z,"Mar 22, '26",True
n0KaxMi5YOVzpSvf+uAgZw==,Magicbricks,https://www.magicbricks.com/property-details/3-BHK-3500-Sq-ft-Villa-FOR-Rent-Sector-8-in-Chandigarh&id=4d423437393733383733,2026-04-19 13:51:15,30.7416185,76.8000091,,Sector 8,"Chandigarh, Chandigarh","19202|C L Aggarwal D.A.V Model School, 19202|New Pragati Sen Sec School",,,Villa,Unfurnished,,,,3500,Sq-ft,5 to 10 years,"3 BHK, Villa is available for Rent in Sector 8, Chandigarh for 1.0 Lac(s)",100000,,,29,3,,No,No,No,,False,False,Owner,28,Immediately,2026-02-26T15:06:47.000Z,"Feb 26, '26",True
U8STFtoRG+pzpSvf+uAgZw==,Magicbricks,https://www.magicbricks.com/property-details/3-BHK-3500-Sq-ft-Residential-House-FOR-Rent-Sector-21-in-Chandigarh&id=4d423833363339353531,2026-04-19 13:51:15,30.7263907,76.77549,,Sector 21,"Chandigarh, Chandigarh",19202|Manav Mangal High School,,,Residential House,Semi-Furnished,,,North - East,3500,Sq-ft,Less than 5 years,"Check out this 3 BHK house available for rent in the popular location of Sector 21. The monthly rental of the house is ₹85,000. In addition, the house includes Puja Room, Store and Study. This house is situated at Sector 21, Chandigarh, Chandigarh.",85000,85000,,24,3,,No,No,No,"Air Conditioned, RO Water System",False,True,Agent,73,Immediately,2026-04-17T23:45:20.000Z,Yesterday,True
B2h+8fpZ2yFzpSvf+uAgZw==,Magicbricks,https://www.magicbricks.com/property-details/3-BHK-3500-Sq-ft-Villa-FOR-Rent-Sector-38-West-in-Chandigarh&id=4d423832363039363031,2026-04-19 13:51:15,30.7456844,76.7437522,,Sector 38 West,"Chandigarh, Chandigarh",,,,Villa,Furnished,,,East,3500,Sq-ft,5 to 10 years,"3 BHK, Villa is available for Rent in Sector 38 West, Chandigarh for 75,000",75000,,,21,2,,No,No,No,,True,True,Agent,36,Immediately,2026-04-18T23:45:32.000Z,Today,True
CIAtwKQ2A0tzpSvf+uAgZw==,Magicbricks,https://www.magicbricks.com/property-details/3-BHK-1250-Sq-ft-Residential-House-FOR-Rent-Sector-21-in-Chandigarh&id=4d423136353939353837,2026-04-19 13:51:15,30.7263907,76.77549,,Sector 21,house no 27,19202|Manav Mangal High School,,,Residential House,Semi-Furnished,,,,1250,Sq-ft,10 to 15 years,This Residential House of 3 floors overlooks Main Road offering a beautiful view from the house. Store Room is additionally available. This Residential House spacious apartment was constructed approx. 10 to 15 years back. Flooring of type Marble covers maximum part of the house.,20000,20000,,16,1,,No,No,No,,False,False,Owner,51,Immediately,2026-03-12T21:30:40.000Z,"Mar 13, '26",True
9l1Wh0XDQ9lzpSvf+uAgZw==,Magicbricks,https://www.magicbricks.com/property-details/3-BHK-1500-Sq-ft-Residential-House-FOR-Rent-Sector-23-in-Chandigarh&id=4d423739363837303539,2026-04-19 13:51:15,30.7396066,76.766835,,Sector 23,"Chandigarh, Chandigarh",,,,Residential House,Furnished,,,,1500,Sq-ft,,"The beautiful 3 BHK house is now available for rent in the premium location of Sector 23. You will also have to pay a monthly rent of ₹7,000. The address of this house is Sector 23, Chandigarh, Chandigarh.",7000,7000,,5,3,,No,No,No,,False,False,Owner,27,Immediately,2026-02-05T21:33:12.000Z,"Feb 06, '26",True
8yzW2n7fzohzpSvf+uAgZw==,Magicbricks,https://www.magicbricks.com/property-details/3-BHK-1300-Sq-ft-Residential-House-FOR-Rent-Dera-Bassi-in-Chandigarh&id=4d423734373638383435,2026-04-19 13:51:15,30.5872,76.8428,,Dera Bassi,"Chandigarh, Chandigarh",19202|Longowal Polytechnic College,,,Residential House,Semi-Furnished,3,4,,1300,Sq-ft,,"This 3 BHK rental house is located in a key location of Dera Bassi area. The monthly rental of the house is ₹25,000. The address of this house is Dera Bassi, Chandigarh, Chandigarh.",25000,,,19,3,,No,No,No,,False,False,Owner,27,Immediately,2026-03-27T21:34:07.000Z,"Mar 28, '26",True
06LA0sdm4GxzpSvf+uAgZw==,Magicbricks,https://www.magicbricks.com/property-details/3-BHK-1000-Sq-ft-Residential-House-FOR-Rent-Sector-20A-in-Chandigarh&id=4d423833393338373539,2026-04-19 13:51:15,30.723663,76.781827,,GAUTAM,2593.,,,,Residential House,Semi-Furnished,,,East,1000,Sq-ft,New Construction,"Located at the heart of chandigarh, in a peaceful neighborhood, lots of vast lush parks nearby, schools, temples, nearby, big market nearby. Located in Sector 20A, you can find the 3 BHK house available on rent. You can find this house at rent of ₹22,000 per month. The house is fitted with vitrified flooring. In addition, the house includes None of these. The address of the house is 2593., Sector 20A, Chandigarh, Chandigarh.",22000,30000,0,22,1,,No,No,No,,False,False,Owner,87,Immediately,2026-04-11T07:55:48.000Z,"Apr 11, '26",True
fcrRCjdTOzxzpSvf+uAgZw==,Magicbricks,https://www.magicbricks.com/property-details/3-BHK-1000-Sq-ft-Residential-House-FOR-Rent-Maloya-Colony-in-Chandigarh&id=4d423834323731373937,2026-04-19 13:51:15,30.7569961,76.7081178,,HariOmNamahshivaya,"Chandigarh, Chandigarh",,,,Residential House,Unfurnished,,,,,,,"The beautiful 3 BHK house is now available for rent in the premium location of Maloya Colony. Maloya Colony, Chandigarh, Chandigarh is the address of the house.",,,,,2,,No,No,No,,False,False,Owner,17,Immediately,2026-04-16T16:40:11.000Z,"Apr 16, '26",True
uiKPZTHDd4dzpSvf+uAgZw==,Magicbricks,https://www.magicbricks.com/property-details/3-BHK-1650-Sq-ft-Residential-House-FOR-Rent-Zirakpur-in-Chandigarh&id=4d423635333933333237,2026-04-19 13:51:15,30.656788,76.82119203,,Zirakpur,zirakpur,"19201|Mk Technology Park, 19202|V.B. International Senior Secondary School, 19202|Atticus International School, 19206|Tricity Square, 19206|Chandigarh Citi Centre",,,Residential House,Furnished,1,3,East,1650,Sq-ft,5 to 10 years,with great reachability and accessibility it is one of the best places to reside in zirakpur the project is spread over 11 acres offer215 residential independent plots.it is strategically lacated on Chandigarh ambala highway with 35 wide road it promises opennse. and fres air,23000,23000,0,14,3,"1 Covered, 1 Open",No,No,No,"Air Conditioned, Banquet Hall, Bar/Lounge, Jogging and Strolling Track",True,True,Agent,100,Immediately,2026-04-16T23:45:21.000Z,"Apr 17, '26",True
vHc+CroPmV9zpSvf+uAgZw==,Magicbricks,https://www.magicbricks.com/property-details/3-BHK-850-Sq-ft-Residential-House-FOR-Rent-Sector-27-in-Chandigarh&id=4d423435393939363033,2026-04-19 13:51:15,30.7231259,76.7985669,,Sector 27,"Chandigarh, Chandigarh","19202|Sri Aurobindo School Of Integral Education, 19202|New Public Schools",,,Residential House,Semi-Furnished,2,3,North - East,850,Sq-ft,5 to 10 years,"This house is located on a very prime location with walking distance to Jain Temple. The beautiful 3 BHK house is now available for rent in the premium location of Sector 27. The house is avaliable at a monthly rent of ₹25,000. Located on the 2nd floor, the house comprises 2 bathrooms and 2 balcony. 1 Open parking facility is also available. The house flooring is made of marble. There is also Store in the house. This house is located at Sector 27, Chandigarh, Chandigarh.",25000,25000,200,29,2,1 Open,No,No,No,,True,True,Agent,88,Immediately,2026-04-11T09:09:36.000Z,"Apr 11, '26",True
OL3jQ+8HmwZzpSvf+uAgZw==,Magicbricks,https://www.magicbricks.com/property-details/3-BHK-1790-Sq-ft-Residential-House-FOR-Rent-Sector-37-in-Chandigarh&id=4d423833393937313539,2026-04-19 13:51:15,30.7378169,76.7495233,,Sector-37,Sector 37.,,,,Residential House,Semi-Furnished,,,North - East,1790,Sq-ft,5 to 10 years,"3bhk available for rent in Sector 37 , ChandigarhSingle storey,Semi furnished,Spacious room,Wide balconies,Huge parking,Surrounded by best commercial and Residential hubs,contact us for more details. Check out this 3 BHK house for rent in locality. The rent is ₹40,000 per month. The house includes 1 Covered, 1 Open parking. Some attractive additional facilities available with the house are 1 AC. The house flooring is made of marble, wooden. In addition, the house includes Store. The house is located at Sector 37., Sector 37, Chandigarh, Chandigarh.",40000,40000,0,22,2,"1 Covered, 1 Open",No,No,No,,True,True,Agent,98,Immediately,2026-03-30T11:10:43.000Z,"Mar 30, '26",True
FVuWDHyBW0lzpSvf+uAgZw==,Magicbricks,https://www.magicbricks.com/property-details/3-BHK-2750-Sq-ft-Residential-House-FOR-Rent-Sector-37C-in-Chandigarh&id=4d423833323830303137,2026-04-19 13:51:15,30.73527063,76.7483101,,Siddharth mohindra,"Chandigarh, Chandigarh",,,,Residential House,Semi-Furnished,,,North,2750,Sq-ft,,"Newly Built ,Ready To move Furnished 2bhk for Working Girls or Family Check out this 3 BHK house available for rent in the popular location of Sector 37C. You can find this house at rent of ₹40,000 per month. The address of this house is Sector 37C, Chandigarh, Chandigarh.",40000,40000,,15,3,,No,No,No,"Air Conditioned, RO Water System",True,True,Agent,63,Immediately,2026-04-18T23:45:33.000Z,Today,True
iyQfsYdiyLxzpSvf+uAgZw==,Magicbricks,https://www.magicbricks.com/property-details/3-BHK-1850-Sq-ft-Residential-House-FOR-Rent-Sector-38A-in-Chandigarh&id=4d423831343036373339,2026-04-19 13:51:15,30.7476756,76.7431336,,vijay,"Chandigarh, Chandigarh",,,,Residential House,Unfurnished,,,North,1850,Sq-ft,5 to 10 years,"2bhk fully furnished The beautiful 3 BHK house is now available for rent in the premium location of Sector 38A. You will also have to pay a monthly rent of ₹28,000. The house also has Puja Room. The address of the house is Sector 38A, Chandigarh, Chandigarh.",28000,28000,,15,2,,No,No,No,"Air Conditioned, RO Water System",True,True,Agent,66,Immediately,2026-03-16T16:40:58.000Z,"Mar 16, '26",True
19pKtDeMV01zpSvf+uAgZw==,Magicbricks,https://www.magicbricks.com/property-details/3-BHK-7-Marla-Residential-House-FOR-Rent-Sector-38-in-Chandigarh&id=4d423538383531373835,2026-04-19 13:51:15,30.7456844,76.7437522,,Sector-38,"Chandigarh, Chandigarh",,,,Residential House,Semi-Furnished,1,3,North - West,7,Marla,New Construction,"This 3 BHK rental house is located in a key location of Sector 38 area. The monthly rental of the house is ₹35,000. The house is on the 1st floor, has 3 bathrooms and 2 balcony. There is also a facility of 1 Open parking. Here you can enjoy like 3 Bed, Fridge, Sofa and Gas Connection. The house is fitted with ceramic tiles flooring. The house also provides Puja Room, Study and Store. The house is located at Sector 38, Chandigarh, Chandigarh.",35000,70000,0,18,3,1 Open,No,No,No,,False,False,Owner,79,Immediately,2026-02-17T13:57:56.000Z,"Feb 17, '26",True
5Xj7Ej/tFmlzpSvf+uAgZw==,Magicbricks,https://www.magicbricks.com/property-details/3-BHK-1-Kanal-Residential-House-FOR-Rent-Sector-11-in-Chandigarh&id=4d423335323538323937,2026-04-19 13:51:15,30.7583236,76.7841443,,Sector-11,"Chandigarh, Chandigarh","19202|D.A.V. Model School, 19202|Sanawar Montessori School",,,Residential House,Unfurnished,Ground,1,,1,Kanal,Above 20 years,"A 1 storeyed Residential House is located in Sector-11, city. Great investment for family purpose as the space is airy and has friendly neighbourhood. Major key facilities are located nearby. The Residential House construction is above 20 years.",30000,90000,,6,,,No,No,No,,False,False,Owner,30,Immediately,2026-02-27T13:24:34.000Z,"Feb 27, '26",True
4hJ+jGL57KpzpSvf+uAgZw==,Magicbricks,https://www.magicbricks.com/property-details/3-BHK-699-Sq-ft-Residential-House-FOR-Rent-Sector-44-in-Chandigarh&id=4d423832373135353537,2026-04-19 13:51:15,30.7127179,76.7524087,,Sector-44,"Chandigarh, Chandigarh",,,,Residential House,Furnished,,,,699,Sq-ft,,"The 3 BHK house is currently available for rent in Sector 44. The house is available at the rent of ₹32,000 per month. This house is situated at Sector 44, Chandigarh, Chandigarh.",32000,,,46,1,,No,No,No,,False,False,Owner,44,Immediately,2026-03-03T21:30:34.000Z,"Mar 04, '26",True
ETeP+kQWr8FzpSvf+uAgZw==,Magicbricks,https://www.magicbricks.com/property-details/3-BHK-1100-Sq-ft-Residential-House-FOR-Rent-Sector-40-in-Chandigarh&id=4d423238373131343531,2026-04-19 13:51:15,30.7363236,76.7350951,,Sector 40,"Chandigarh, Chandigarh",,,,Residential House,Semi-Furnished,1,1,East,1100,Sq-ft,5 to 10 years,"1 storeyed house is a great property if one is looking for rent, this Residential House is East facing. Home is airy and self sufficient. Neighbourhood is friendly with key facilities located nearby. The age of construction for this apartment Residential House is between 5 to 10 years.",26000,,,24,2,,No,No,No,,False,False,Owner,34,Immediately,2026-03-21T21:30:37.000Z,"Mar 22, '26",True
SKSFYXEysgFzpSvf+uAgZw==,Magicbricks,https://www.magicbricks.com/property-details/3-BHK-2000-Sq-ft-Residential-House-FOR-Rent-Sector-44-in-Chandigarh&id=4d423833383637373535,2026-04-19 13:51:15,30.7127179,76.7524087,,Sector-44,"Chandigarh, Chandigarh",,,,Residential House,Unfurnished,,,,2000,Sq-ft,10 to 15 years,"The beautiful 3 BHK house is now available for rent in the premium location of Sector 44. The monthly rent is a ₹35,000. This house is located at Sector 44, Chandigarh, Chandigarh.",35000,,,18,2,,No,No,No,,False,False,Owner,53,Immediately,2026-03-19T15:06:44.000Z,"Mar 19, '26",True
dbiMOYoAlgRzpSvf+uAgZw==,Magicbricks,https://www.magicbricks.com/property-details/3-BHK-1250-Sq-ft-Residential-House-FOR-Rent-Sector-36-in-Chandigarh&id=4d423436303334313339,2026-04-19 13:51:15,30.7327703,76.7552941,,Sector 36,sector 36,,,,Residential House,Semi-Furnished,Ground,2,North - East,1250,Sq-ft,5 to 10 years,"3 bhk owner free house is located in sector 36 on a very prime location The 3 BHK house is currently available for rent in Sector 36. The house is available at the rent of ₹45,000 per month. Located on the ground floor, the house comprises 3 bathrooms and 3 balcony. The house includes 1 Covered parking. Live in the house and get access to various useful facilities such as 3 Wardrobe, 3 AC and Gas Connection. The flooring in the house is made of vitrified. In addition, the house includes Store and Servant Room. This house is situated at sector 36, Sector 36, Chandigarh, Chandigarh.",45000,45000,500,36,3,1 Covered,No,No,No,,True,True,Agent,80,Immediately,2026-03-10T05:32:50.000Z,"Mar 10, '26",True
qNTdOQY/myhzpSvf+uAgZw==,Magicbricks,https://www.magicbricks.com/property-details/3-BHK-2250-Sq-ft-Residential-House-FOR-Rent-Sector-37-in-Chandigarh&id=4d423832303138363335,2026-04-19 13:51:15,30.7378169,76.7495233,,Sector-37,"Chandigarh, Chandigarh",,,,Residential House,Furnished,,,North,2250,Sq-ft,5 to 10 years,"2bhk fully furnished Check out this 3 BHK house for rent in locality. The monthly rental of the house is ₹50,000. The house also has Puja Room. This house is situated at Sector 37, Chandigarh, Chandigarh.",50000,50000,,22,3,,No,No,No,"Air Conditioned, RO Water System",True,True,Agent,66,Immediately,2026-02-24T12:15:10.000Z,"Feb 24, '26",True
LlSZjQbgSsRzpSvf+uAgZw==,Magicbricks,https://www.magicbricks.com/property-details/3-BHK-1850-Sq-ft-Residential-House-FOR-Rent-Sector-46-in-Chandigarh&id=4d423736353631323235,2026-04-19 13:51:15,30.7026207,76.7639499,,Sector 46,"Chandigarh, Chandigarh",,,,Residential House,Furnished,1,2,North - East,1850,Sq-ft,New Construction,"newly built 3 bedrooms attached bathrooms drawing dining modular kitchen available for rent for family This 3 BHK independent house for rent is located in Sector 46. The monthly rent is ₹55,000. Located on the 1st floor, the house comprises 3 bathrooms and 2 balcony. This house is located at Sector 46, Chandigarh, Chandigarh.",55000,,,30,3,,No,No,No,,False,True,Agent,66,Immediately,2026-04-08T05:26:41.000Z,"Apr 08, '26",True
RmQtRz46kjlzpSvf+uAgZw==,Magicbricks,https://www.magicbricks.com/property-details/3-BHK-808-Sq-ft-Villa-FOR-Rent-Sector-40-in-Chandigarh&id=4d423834313039363639,2026-04-19 13:51:15,30.7363236,76.7350951,,Sector 40,"Chandigarh, Chandigarh",,,,Villa,Furnished,,,North - East,808,Sq-ft,,single for only boys in sharing apartment sector 38,45000,,,56,3,,No,No,No,"Intercom Facility, Jogging and Strolling Track",True,True,Agent,34,Immediately,2026-04-06T16:04:33.000Z,"Apr 06, '26",True
ooJpFqKIWEhzpSvf+uAgZw==,Magicbricks,https://www.magicbricks.com/property-details/3-BHK-2000-Sq-ft-Residential-House-FOR-Rent-Sector-38-in-Chandigarh&id=4d423833373836373337,2026-04-19 13:51:15,30.7456844,76.7437522,,Sector-38,"Chandigarh, Chandigarh",,,,Residential House,Unfurnished,,,East,2000,Sq-ft,New Construction,"newly.kind and vip.area Check out this 3 BHK house available for rent in the popular location of Sector 38. The monthly rent is a ₹47,000. You will also find Store in the house. This house is located at Sector 38, Chandigarh, Chandigarh.",47000,47000,0,24,3,,No,No,No,"Air Conditioned, Banquet Hall, Bar/Lounge, Jogging and Strolling Track",True,True,Agent,77,Immediately,2026-03-15T01:11:21.000Z,"Mar 15, '26",True
fVl/FMi4hhBzpSvf+uAgZw==,Magicbricks,https://www.magicbricks.com/property-details/3-BHK-1550-Sq-ft-Residential-House-FOR-Rent-Sector-20A-in-Chandigarh&id=4d423833393837383437,2026-04-19 13:51:15,30.723663,76.781827,,Ritesh Dhamija,"sco 27, swastik viahr, mansa devi complex, panchkula",,,,Residential House,Semi-Furnished,,,North - East,1550,Sq-ft,5 to 10 years,"Its a semi furnished 3bhk for rent with three bedrooms, two bathrooms, drawing dinning room and kitchen on first floor in sector 20a, chandigarh. For further information call or visit dhamija properties, sco 27, swastik vihar, mansa devi complex, panchkula",55000,55000,1000,35,2,1 Open,No,No,No,,True,True,Agent,100,Immediately,2026-03-29T13:04:50.000Z,"Mar 29, '26",True
UD5fNUHOFClzpSvf+uAgZw==,Magicbricks,https://www.magicbricks.com/property-details/3-BHK-4200-Sq-ft-Residential-House-FOR-Rent-Sector-44-in-Chandigarh&id=4d423834303135343035,2026-04-19 13:51:15,30.7127179,76.7524087,,Sector-44,"Chandigarh, Chandigarh",,,,Residential House,Semi-Furnished,,,North - East,4200,Sq-ft,2010,"A residential house is available for rent. It has a covered area of 4200 sq-ft, it is a good location. Please contact for more details. This 3 BHK independent house for rent is located in Sector 44. The house is available at the rent of ₹45,000 per month. The house also has Store. The address of the house is Sector 44, Chandigarh, Chandigarh.",45000,45000,,11,2,,No,No,No,,False,True,Agent,73,Immediately,2026-04-01T05:25:29.000Z,"Apr 01, '26",True
VOSRAVfgh41zpSvf+uAgZw==,Magicbricks,https://www.magicbricks.com/property-details/3-BHK-1600-Sq-ft-Residential-House-FOR-Rent-Sector-46-in-Chandigarh&id=4d423831303836383533,2026-04-19 13:51:15,30.7026207,76.7639499,,Sector 46,"Chandigarh, Chandigarh",,,,Residential House,Unfurnished,,,,1600,Sq-ft,New Construction,"Check out this 3 BHK house available for rent in the popular location of Sector 46. You will also have to pay a monthly rent of ₹44,000. The house also provides Puja Room, Store, Study and Servant Room. The house is located at Sector 46, Chandigarh, Chandigarh.",44000,44000,,28,3,,No,No,No,"Air Conditioned, Banquet Hall, Bar/Lounge, Jogging and Strolling Track",True,True,Agent,66,Immediately,2026-03-12T05:32:43.000Z,"Mar 12, '26",True
q3fbUrK6xaFzpSvf+uAgZw==,Magicbricks,https://www.magicbricks.com/property-details/3-BHK-2500-Sq-ft-Residential-House-FOR-Rent-Sector-35-in-Chandigarh&id=4d423832393235303737,2026-04-19 13:51:15,30.7261629,76.7596221,,Sector-35,"Chandigarh, Chandigarh","19202|St Peters Senior Secondary School, 19202|Sri Guru Gobind Singh Senior Secondary School, 19206|Piccadily Square Mall",,,Residential House,Unfurnished,,,North,2500,Sq-ft,5 to 10 years,"Nicely built 3 bhk Attached 3 bath first floor near market posh location. Check out this 3 BHK house for rent in locality. The house is avaliable at a monthly rent of ₹50,000. There is also Servant Room in the house. The house is located at Sector 35, Chandigarh, Chandigarh.",50000,50000,100,20,3,,No,No,No,"Air Conditioned, Laundry Service, Internet/Wi-Fi Connectivity, Banquet Hall",False,True,Agent,73,Immediately,2026-03-13T06:52:22.000Z,"Mar 13, '26",True
v4lRlbMhFD9zpSvf+uAgZw==,Magicbricks,https://www.magicbricks.com/property-details/2-BHK-1100-Sq-ft-Residential-House-FOR-Rent-Sector-34-in-Chandigarh&id=4d423738303337313937,2026-04-19 13:51:15,30.7195549,76.7639499,,Sector-34,"Chandigarh, Chandigarh","19202|Kundan International School, 19202|Northridge International School, 19203|Mukat Hospital And Heart Institute, 19206|Piccadilly Square Mall",,,Residential House,Furnished,,,North - East,1100,Sq-ft,New Construction,"located on madhya marg in center of city. which is also posh locality. The 2 BHK house is currently available for rent in Sector 34. The house is available at the rent of ₹26,000 per month. In addition, the house includes Puja Room. The address of the house is Sector 34, Chandigarh, Chandigarh.",26000,26000,,24,2,,No,No,No,"Air Conditioned, RO Water System",True,True,Agent,73,Immediately,2026-03-21T06:18:09.000Z,"Mar 21, '26",True
t3mvQCjzxl5zpSvf+uAgZw==,Magicbricks,https://www.magicbricks.com/property-details/2-BHK-1500-Sq-ft-Residential-House-FOR-Rent-Sector-27-in-Chandigarh&id=4d423830303637393333,2026-04-19 13:51:15,30.7231259,76.7985669,,Sector 27,"Chandigarh, Chandigarh","19202|Bhavan Vidyalaya, 19202|Moti Ram Arya School",,,Residential House,Semi-Furnished,,,North - East,1500,Sq-ft,10 to 15 years,"Independent 12 marla 2 bhk 2 bath semi furnished second floor prime location sector 27 You can find this 2 BHK house on rent in a good area of Sector 27. The monthly rent is ₹35,000. This house is situated at Sector 27, Chandigarh, Chandigarh.",35000,35000,100,23,2,,No,No,No,"Air Conditioned, Intercom Facility, Laundry Service, Banquet Hall",False,True,Agent,63,Immediately,2026-03-13T06:51:21.000Z,"Mar 13, '26",True
sFpUCveUoIVzpSvf+uAgZw==,Magicbricks,https://www.magicbricks.com/property-details/2-BHK-3500-Sq-ft-Residential-House-FOR-Rent-Sector-15-in-Chandigarh&id=4d423833373235363631,2026-04-19 13:51:15,30.7514892,76.772605,,Sector-15,"Chandigarh, Chandigarh","19201|Rajiv Gandhi Chandigarh It Park, 19202|Government Model Senior Secondary School, 19202|Crb Public School, 19203|Dharam Hospital",,,Residential House,Semi-Furnished,,,North - East,3500,Sq-ft,,"Independent spacious 2 bhk for family in a very good location with open terrace and very well maintained house. This 2 BHK independent house for rent is located in Sector 15. The monthly rent of the property is ₹27,000. Sector 15, Chandigarh, Chandigarh is the address of the house.",27000,27000,,8,2,,No,No,No,"Air Conditioned, RO Water System",True,True,Agent,65,Immediately,2026-04-18T23:45:33.000Z,Today,True
NhMk96AUv+VzpSvf+uAgZw==,Magicbricks,https://www.magicbricks.com/property-details/2-BHK-808-Sq-ft-Residential-House-FOR-Rent-Sector-33-in-Chandigarh&id=4d423834323731383735,2026-04-19 13:51:15,30.7137743,76.769673,,Sector-33,"Chandigarh, Chandigarh","19201|Graycell Technologies, 19202|Kendriya Vidyalya Sangathan, 19202|Paragon Convent School, 19203|Ayu Health Hospital, 19203|Landmark Hospital",,,Residential House,Furnished,,,,808,Sq-ft,,"You can find this 2 BHK house on rent in a good area of Sector 33. You can find this house at rent of ₹33,000 per month. Sector 33, Chandigarh, Chandigarh is the address of the house.",33000,,,41,2,,No,No,No,,True,True,Agent,26,Immediately,2026-04-16T16:54:49.000Z,"Apr 16, '26",True
ftnOsWKdfbVzpSvf+uAgZw==,Magicbricks,https://www.magicbricks.com/property-details/2-BHK-1800-Sq-ft-Residential-House-FOR-Rent-Sector-37-in-Chandigarh&id=4d423832303038323437,2026-04-19 13:51:15,30.7378169,76.7495233,,Sector-37,"Chandigarh, Chandigarh",,,,Residential House,Furnished,,,,1800,Sq-ft,New Construction,"2bhk second floor The beautiful 2 BHK house is now available for rent in the premium location of Sector 37. The monthly rent of the property is ₹32,000. Sector 37, Chandigarh, Chandigarh is the address of the house.",32000,6400,,18,2,,No,No,No,"Air Conditioned, RO Water System",True,True,Agent,66,Immediately,2026-02-24T12:16:16.000Z,"Feb 24, '26",True
WLKt9iZ8Pj5zpSvf+uAgZw==,Magicbricks,https://www.magicbricks.com/property-details/2-BHK-1600-Sq-ft-Residential-House-FOR-Rent-Sector-50-in-Chandigarh&id=4d423831303837373031,2026-04-19 13:51:15,30.7008319,76.7466378,,Sector 50,"Chandigarh, Chandigarh",19202|Government College Of Commerce And Business Administration,,,Residential House,Furnished,,,,1600,Sq-ft,New Construction,"This 2 BHK rental house is located in a key location of Sector 50 area. The monthly rent is a ₹40,000. You will also find Puja Room, Store, Study and Servant Room in the house. The address of the house is Sector 50, Chandigarh, Chandigarh.",40000,40000,,25,2,,No,No,No,"Air Conditioned, Banquet Hall, Bar/Lounge, Jogging and Strolling Track",True,True,Agent,66,Immediately,2026-03-12T05:32:43.000Z,"Mar 12, '26",True
YKSCTJGAMKpzpSvf+uAgZw==,Magicbricks,https://www.magicbricks.com/property-details/2-BHK-2100-Sq-ft-Residential-House-FOR-Rent-Sector-15-in-Chandigarh&id=4d423833373235363635,2026-04-19 13:51:15,30.7514892,76.772605,,Sector-15,"Chandigarh, Chandigarh","19201|Rajiv Gandhi Chandigarh It Park, 19202|Government Model Senior Secondary School, 19202|Crb Public School, 19203|Dharam Hospital",,,Residential House,Furnished,,,North - East,2100,Sq-ft,,"Independent fully furnished 2 bhk for family and working girls in a good location. Located in Sector 15, you can find the 2 BHK house available on rent. The rent is ₹26,000 per month. This house is situated at Sector 15, Chandigarh, Chandigarh.",26000,26000,,12,1,,No,No,No,"Air Conditioned, RO Water System",True,True,Agent,60,Immediately,2026-04-18T23:45:33.000Z,Today,True
aH9b+e3NR8tzpSvf+uAgZw==,Magicbricks,https://www.magicbricks.com/property-details/2-BHK-1800-Sq-ft-Residential-House-FOR-Rent-Sector-37-in-Chandigarh&id=4d423832343730393637,2026-04-19 13:51:15,30.7378169,76.7495233,,Sector-37,"Chandigarh, Chandigarh",,,,Residential House,Furnished,,,North,1800,Sq-ft,Less than 5 years,"2bhk second floor You can find this 2 BHK house on rent in a good area of Sector 37. The monthly rent of the property is ₹32,000. This house is situated at Sector 37, Chandigarh, Chandigarh.",32000,64000,,18,2,,No,No,No,Air Conditioned,True,True,Agent,68,Immediately,2026-02-23T11:18:11.000Z,"Feb 23, '26",True
CZfEnBEUHIdzpSvf+uAgZw==,Magicbricks,https://www.magicbricks.com/property-details/2-BHK-1500-Sq-ft-Residential-House-FOR-Rent-Naya-Gaon-in-Chandigarh&id=4d423832333132333031,2026-04-19 13:51:15,30.7748825,76.7942403,,Naya Gaon,902 Dashmesh Nagar Near Bajaj Agency And Hungary Point Pizza Ashoki Wali Gali Nada Road,"19202|Century Public School, 19202|Noble Heart School",,,Residential House,Semi-Furnished,,,South,1500,Sq-ft,5 to 10 years,This 3BHK flat offers a comfortable and peaceful living environment with shared facilities like a modern kitchen rooftop access and parking The rooms come with basic amenities like a double bed almirah and cooler making it an ideal choice for working professionals or students looking for a hassle free stay,13500,2000,500,9,2,,No,No,No,,False,False,Owner,53,Immediately,2026-02-16T22:30:38.000Z,"Feb 17, '26",True
wAPJ7k/ToN5zpSvf+uAgZw==,Magicbricks,https://www.magicbricks.com/property-details/2-BHK-1100-Sq-ft-Residential-House-FOR-Rent-Sector-44-in-Chandigarh&id=4d423231383832353631,2026-04-19 13:51:15,30.7127179,76.7524087,,Sector-44,"Wellington estate, Dhakoli, Zirakpur",,,,Residential House,Unfurnished,,,East,1100,Sq-ft,5 to 10 years,"This Residential House is built over 5 floors. The construction has been done keeping in view family needs for space utility. Great deal, please contact immediately. It is a relatively new property with construction age less than 10 years. Flooring of type Vitrified covers maximum part of the house.",20000,20000,,18,1,"1 Covered, 1 Open",No,No,No,,False,False,Owner,58,Immediately,2026-02-22T16:58:20.000Z,"Feb 22, '26",True
QRa48FQNYbBzpSvf+uAgZw==,Magicbricks,https://www.magicbricks.com/property-details/2-BHK-1500-Sq-ft-Residential-House-FOR-Rent-Sector-27-in-Chandigarh&id=4d423431323338313131,2026-04-19 13:51:15,30.7231259,76.7985669,,Sector 27,House No  1079 sector 27 B,"19202|Sri Aurobindo School Of Integral Education, 19202|Moti Ram Arya School",,,Residential House,Unfurnished,1,2,,1500,Sq-ft,10 to 15 years,"This 2 BHK independent house for rent is located in Sector 27. The house is avaliable at a monthly rent of ₹22,000. The house is on the 1st floor, has 1 bathrooms and 1 balcony. This house is located at House No 1079 sector 27 B, Sector 27, Chandigarh, Chandigarh.",22000,20000,200,15,1,,No,No,No,,False,False,Owner,36,Immediately,2026-02-21T12:39:52.000Z,"Feb 21, '26",True
Za0+92TcL3xzpSvf+uAgZw==,Magicbricks,https://www.magicbricks.com/property-details/2-BHK-1500-Sq-ft-Residential-House-FOR-Rent-Sector-50-in-Chandigarh&id=4d423730373335323131,2026-04-19 13:51:15,30.7008319,76.7466378,,Sector 50,"Chandigarh, Chandigarh",19202|Government College Of Commerce And Business Administration,,,Residential House,Furnished,2,3,,1500,Sq-ft,,"You can find this 2 BHK house on rent in a good area of Sector 50. The rent is ₹21,000 per month. Sector 50, Chandigarh, Chandigarh is the address of the house.",21000,,,14,1,,No,No,No,,False,False,Owner,40,Immediately,2026-04-09T16:59:36.000Z,"Apr 09, '26",True
u2Bnd/pZOJhzpSvf+uAgZw==,Magicbricks,https://www.magicbricks.com/property-details/2-BHK-400-Sq-ft-Residential-House-FOR-Rent-Manimajra-in-Chandigarh&id=4d423635303433383035,2026-04-19 13:51:15,30.7166667,76.8333333,,Manimajra,house is on front main road at samadhi gate near happy family hospital,"19210|Housing Board Chowk Bus Stop, 19201|Rajiv Gandhi It Park, 19202|Hansraj Public School, 19202|Rimt World School, 19206|Dlf City Centre Mall",,,Residential House,Unfurnished,2,2,East,400,Sq-ft,New Construction,"2 room with separate kitchen and washroom and entrance is also separate for tenant 2 floor Check out this 2 BHK house for rent in locality. The monthly rental of the house is ₹9,000. Located on the 2nd floor, the house comprises 1 bathrooms and 1 balcony. This house is situated at house is on front main road at samadhi gate near happy family hospital, Manimajra, Chandigarh, Chandigarh.",9000,,,22,1,,No,No,No,,False,False,Owner,67,Immediately,2026-04-12T17:44:46.000Z,"Apr 12, '26",True
GLAEKhiOkD1zpSvf+uAgZw==,Magicbricks,https://www.magicbricks.com/property-details/2-BHK-700-Sq-ft-Residential-House-FOR-Rent-Sector-27-in-Chandigarh&id=4d423431323330313239,2026-04-19 13:51:15,30.7231259,76.7985669,,Sector 27,"Chandigarh, Chandigarh","19202|Bhavan Vidyalaya, 19202|Sri Aurobindo School Of Integral Education",,,Residential House,Furnished,1,2,East,700,Sq-ft,,"This spacious Residential House has total 2 floors. Spacious space makes it very suitable for a family with variety of living needs in mind. The space is airy, is well located and can be easily customized as per the needs.",22000,,,31,1,2 Open,No,No,No,,False,False,Owner,60,Immediately,2026-04-03T22:30:30.000Z,"Apr 04, '26",True
sZwh7qgNzUZzpSvf+uAgZw==,Magicbricks,https://www.magicbricks.com/property-details/2-BHK-800-Sq-ft-Residential-House-FOR-Rent-Naya-Gaon-in-Chandigarh&id=4d423333343531393033,2026-04-19 13:51:15,30.7748825,76.7942403,,Naya Gaon,"Chandigarh, Chandigarh","19202|Century Public School, 19202|Paramount Public School",,,Residential House,Unfurnished,1,2,North,800,Sq-ft,Less than 5 years,"2 bedrooms ::::1 kitchen::::1bathroom::::Lobhi::::2 balcony::::Near PGI Chandigarh::::1.5 km near hospital::::6 km from bus stand This 2 BHK house is up for rent in the well-known Naya Gaon area. The monthly rent is a ₹8,000. Located on the 1st floor, the house has 1 bathrooms and 2 balcony. There is also a facility of 1 Open parking. The house is fitted with marble flooring. You will also find None of these in the house. The house is located at Naya Gaon, Chandigarh, Chandigarh.",8000,,,10,1,1 Open,No,No,No,,False,False,Owner,67,Immediately,2026-03-30T21:33:54.000Z,"Mar 31, '26",True
5FzJjd3IUi1zpSvf+uAgZw==,Magicbricks,https://www.magicbricks.com/property-details/2-BHK-1000-Sq-ft-Residential-House-FOR-Rent-Sector-40A-in-Chandigarh&id=4d423833363036323035,2026-04-19 13:51:15,30.7412173,76.7314602,,Nitin,267.,,,,Residential House,Semi-Furnished,,,North - West,1000,Sq-ft,10 to 15 years,"This 2 BHK independent house for rent is located in Sector 40A. The house is avaliable at a monthly rent of ₹22,000. You will also find 3 Open parking facility in the house. Here you can enjoy like 3 Wardrobe and Gas Connection. This house is equipped with marble flooring. You will also find None of these in the house. This house is located at 267., Sector 40A, Chandigarh, Chandigarh.",22000,22000,2000,22,1,3 Open,No,No,No,Jogging and Strolling Track,False,False,Owner,97,Immediately,2026-04-18T22:30:42.000Z,Today,True
o2LraXkq7j1zpSvf+uAgZw==,Magicbricks,https://www.magicbricks.com/property-details/2-BHK-1400-Sq-ft-Residential-House-FOR-Rent-in-Chandigarh&id=4d423734373137313039,2026-04-19 13:51:15,30.656788,76.82119203,,pankaj kapila,"Chandigarh, Chandigarh",,,,Residential House,Semi-Furnished,1,3,,1400,Sq-ft,,"Located in Zirakpur, you can find the 2 BHK house available on rent. The monthly rent of the property is ₹17,000. The address of this house is Zirakpur, Chandigarh, Chandigarh.",17000,,,12,2,,No,No,No,,False,False,Owner,0,Immediately,2026-02-18T03:38:03.000Z,"Feb 18, '26",True
Ltfx7zA77IxzpSvf+uAgZw==,Magicbricks,https://www.magicbricks.com/property-details/2-BHK-600-Sq-ft-Residential-House-FOR-Rent-Sector-15-in-Chandigarh&id=4d423636353532353433,2026-04-19 13:51:15,30.7514892,76.772605,,Sector-15,"Chandigarh, Chandigarh","19201|Rajiv Gandhi Chandigarh It Park, 19202|Government Model Senior Secondary School, 19202|Crb Public School, 19203|Dharam Hospital",,,Residential House,Semi-Furnished,Ground,3,,600,Sq-ft,,"You can find this 2 BHK rental house in the main area of Sector 15. The monthly rent of the property is ₹25,000. The address of this house is Sector 15, Chandigarh, Chandigarh.",25000,,,42,1,,No,No,No,,False,False,Owner,0,Immediately,2026-02-15T21:33:06.000Z,"Feb 16, '26",True
auqzjkI8OiVzpSvf+uAgZw==,Magicbricks,https://www.magicbricks.com/property-details/2-BHK-1000-Sq-ft-Villa-FOR-Rent-Sector-49-in-Chandigarh&id=4d423833333036343939,2026-04-19 13:51:15,30.6929607,76.7524087,,Sector-49,"Chandigarh, Chandigarh",,,,Villa,Furnished,,,,1000,Sq-ft,,"2 BHK, Villa is available for Rent in Sector 49, Chandigarh for 25,000",25000,,,25,2,,No,No,No,,False,False,Owner,26,Immediately,2026-04-16T17:13:12.000Z,"Apr 16, '26",True
RmoOnOI7/FJzpSvf+uAgZw==,Magicbricks,https://www.magicbricks.com/property-details/2-BHK-1000-Sq-ft-Residential-House-FOR-Rent-Sector-16-in-Chandigarh&id=4d423739303034343633,2026-04-19 13:51:15,30.7464418,76.7783748,,Sector 16,two bedroom attached bathroom kitchen fully furnished,,,,Residential House,Unfurnished,1,2,North - East,1000,Sq-ft,5 to 10 years,"two bedroom attached bathroom kitchen fully furnished preference Doctors or Nursing officer Check out this 2 BHK house for rent in locality. The monthly rental of the house is ₹25,000. The house is on the 1st floor, includes 1 bathrooms and 1 balcony. You'll find mosaic, vitrified, wooden, ceramic tiles, marble, normal tiles/kotah stone, granite, marbonite flooring in the house. In addition, the house includes Puja Room. The address of the house is two bedroom attached bathroom kitchen fully furnished, Sector 16, Chandigarh, Chandigarh.",25000,2500,0,25,1,,Yes,No,No,"Service/Goods Lift, Air Conditioned, Internet/Wi-Fi Connectivity, RO Water System",True,True,Agent,85,Immediately,2026-04-04T11:22:11.000Z,"Apr 04, '26",True
FXvXevFfbvNzpSvf+uAgZw==,Magicbricks,https://www.magicbricks.com/property-details/2-BHK-1000-Sq-ft-Residential-House-FOR-Rent-Sector-34-in-Chandigarh&id=4d423737393433353335,2026-04-19 13:51:15,30.7195549,76.7639499,,Sector-34,"Chandigarh, Chandigarh","19202|Northridge International School, 19202|Kundan International School, 19203|Mukat Hospital And Heart Institute, 19206|Piccadilly Square Mall",,,Residential House,Furnished,,,North - East,1000,Sq-ft,New Construction,"located on madhya marg in center of city. which is also posh locality. The beautiful 2 BHK house is now available for rent in the premium location of Sector 34. The house is available at the rent of ₹21,000 per month. The house also has Puja Room. The house is located at Sector 34, Chandigarh, Chandigarh.",21000,21000,,21,1,,No,No,No,"Air Conditioned, Banquet Hall, Bar/Lounge, Jogging and Strolling Track",True,True,Agent,73,Immediately,2026-03-21T06:18:10.000Z,"Mar 21, '26",True
j0VwsReiarJzpSvf+uAgZw==,Magicbricks,https://www.magicbricks.com/property-details/3-BHK-805-Sq-ft-Residential-House-FOR-Rent-Sector-8-in-Chandigarh&id=4d423834313039373139,2026-04-19 13:51:15,30.7416185,76.8000091,,Sector 8,"Chandigarh, Chandigarh","19202|C L Aggarwal D.A.V Model School, 19202|New Pragati Sen Sec School",,,Residential House,Semi-Furnished,,,North - East,805,Sq-ft,,"single for only boys in sharing apartment sector 38 This 3 BHK rental house is located in a key location of Sector 8 area. The monthly rent of the property is ₹70,000. This house is located at Sector 8, Chandigarh, Chandigarh.",70000,,,87,4,,No,No,No,"Intercom Facility, Jogging and Strolling Track",True,True,Agent,36,Immediately,2026-04-06T16:09:54.000Z,"Apr 06, '26",True
tGXvkiHY0lRzpSvf+uAgZw==,Magicbricks,https://www.magicbricks.com/property-details/3-BHK-2250-Sq-ft-Residential-House-FOR-Rent-Sector-15-in-Chandigarh&id=4d423832313537343031,2026-04-19 13:51:15,30.7514892,76.772605,,Sector-15,"Chandigarh, Chandigarh","19201|Rajiv Gandhi Chandigarh It Park, 19202|Government Model Senior Secondary School, 19202|Crb Public School, 19203|Dharam Hospital",,,Residential House,Semi-Furnished,,,North,2250,Sq-ft,New Construction,"2bhk fully furnished You can find this 3 BHK rental house in the main area of Sector 15. You will also have to pay a monthly rent of ₹65,000. You will also find Puja Room in the house. The address of the house is Sector 15, Chandigarh, Chandigarh.",65000,130000,,29,3,,No,No,No,"Air Conditioned, RO Water System",True,True,Agent,66,Immediately,2026-02-23T11:26:48.000Z,"Feb 23, '26",True
tW9erA1VGD1zpSvf+uAgZw==,Magicbricks,https://www.magicbricks.com/property-details/3-BHK-10-Marla-Residential-House-FOR-Rent-Sector-20A-in-Chandigarh&id=4d423833373137393431,2026-04-19 13:51:15,30.723663,76.781827,,Sangari Real Estate,"Chandigarh, Chandigarh",,,,Residential House,Furnished,,,,10,Marla,New Construction,"This 3 BHK house is up for rent in the well-known Sector 20A area. The house is avaliable at a monthly rent of ₹60,000. You will also find Store in the house. This house is situated at Sector 20A, Chandigarh, Chandigarh.",60000,,,22,2,,No,No,No,,False,True,Agent,53,Immediately,2026-04-17T23:45:20.000Z,Yesterday,True
GnqmZ5GAr6NzpSvf+uAgZw==,Magicbricks,https://www.magicbricks.com/property-details/3-BHK-2300-Sq-ft-Residential-House-FOR-Rent-Sector-21-in-Chandigarh&id=4d423738393837373539,2026-04-19 13:51:15,30.7263907,76.77549,,Sector 21,"Chandigarh, Chandigarh",19202|Manav Mangal High School,,,Residential House,Furnished,,,,2300,Sq-ft,Less than 5 years,"This 3 BHK independent house for rent is located in Sector 21. The monthly rental of the house is ₹70,000. The house is located at Sector 21, Chandigarh, Chandigarh.",70000,70000,,30,3,,No,No,No,,True,True,Agent,53,Immediately,2026-04-17T00:28:40.000Z,"Apr 17, '26",True
RTLYQ5Kt+4tzpSvf+uAgZw==,Magicbricks,https://www.magicbricks.com/property-details/3-BHK-808-Sq-ft-Residential-House-FOR-Rent-Sector-8-in-Chandigarh&id=4d423834313039363831,2026-04-19 13:51:15,30.7416185,76.8000091,,Sector 8,"Chandigarh, Chandigarh","19202|New Pragati Sen Sec School, 19202|C L Aggarwal D.A.V Model School",,,Residential House,Furnished,,,North - East,808,Sq-ft,,"single for only boys in sharing apartment sector 38 Check out this 3 BHK house for rent in locality. The monthly rent is ₹70,000. The house is located at Sector 8, Chandigarh, Chandigarh.",70000,,,87,3,,No,No,No,"Intercom Facility, Jogging and Strolling Track",True,True,Agent,36,Immediately,2026-04-06T16:05:48.000Z,"Apr 06, '26",True
g8meGjgw2h9zpSvf+uAgZw==,Magicbricks,https://www.magicbricks.com/property-details/3-BHK-2250-Sq-ft-Residential-House-FOR-Rent-Sector-15-in-Chandigarh&id=4d423830333337383635,2026-04-19 13:51:15,30.7514892,76.772605,,Sector-15,"Chandigarh, Chandigarh","19201|Rajiv Gandhi Chandigarh It Park, 19202|Crb Public School, 19202|Government Model Senior Secondary School, 19203|Dharam Hospital",,,Residential House,Semi-Furnished,,,,2250,Sq-ft,New Construction,"This 3 BHK rental house is located in a key location of Sector 15 area. You can find this house at rent of ₹60,000 per month. In addition, the house includes Puja Room. This house is situated at Sector 15, Chandigarh, Chandigarh.",60000,60000,,27,3,,No,No,No,Air Conditioned,True,True,Agent,66,Immediately,2026-03-05T16:37:24.000Z,"Mar 05, '26",True
6vIuSxq5gXhzpSvf+uAgZw==,Magicbricks,https://www.magicbricks.com/property-details/3-BHK-1900-Sq-ft-Residential-House-FOR-Rent-Sector-20-in-Chandigarh&id=4d423739303039303531,2026-04-19 13:51:15,30.7213417,76.7812596,,Sector 20,"Chandigarh, Chandigarh",,,,Residential House,Furnished,,,,1900,Sq-ft,5 to 10 years,"Check out this 3 BHK house available for rent in the popular location of Sector 20. You can find this house at rent of ₹60,000 per month. This house is located at Sector 20, Chandigarh, Chandigarh.",60000,60000,,32,3,,No,No,No,,True,True,Agent,53,Immediately,2026-04-16T15:11:18.000Z,"Apr 16, '26",True
BNmQMM1kX41zpSvf+uAgZw==,Magicbricks,https://www.magicbricks.com/property-details/3-BHK-808-Sq-ft-Residential-House-FOR-Rent-Sector-9-in-Chandigarh&id=4d423833373933333935,2026-04-19 13:51:15,30.7466677,76.7942403,,Sector 9,"Chandigarh, Chandigarh","19202|Carmel Convent, 19202|Chitkara University",,,Residential House,Unfurnished,,,North - East,808,Sq-ft,,"single for only boys in sharing apartment sector 38 You can find this 3 BHK house on rent in a good area of Sector 9. The house is avaliable at a monthly rent of ₹60,000. This house is situated at Sector 9, Chandigarh, Chandigarh.",60000,,,74,3,,No,No,No,"Intercom Facility, Jogging and Strolling Track",True,True,Agent,36,Immediately,2026-03-15T13:39:48.000Z,"Mar 15, '26",True
qN6+uTPi/ZNzpSvf+uAgZw==,Magicbricks,https://www.magicbricks.com/property-details/3-BHK-2250-Sq-ft-Residential-House-FOR-Rent-Sector-38-in-Chandigarh&id=4d423832303739363135,2026-04-19 13:51:15,30.7456844,76.7437522,,Sector-38,"Chandigarh, Chandigarh",,,,Residential House,Furnished,,,North,2250,Sq-ft,Less than 5 years,"2bhk fully furnished You can find this 3 BHK house on rent in a good area of Sector 38. You can find this house at rent of ₹60,000 per month. There is also Puja Room in the house. This house is situated at Sector 38, Chandigarh, Chandigarh.",60000,60000,,27,3,,No,No,No,"Air Conditioned, RO Water System",True,True,Agent,66,Immediately,2026-02-23T11:17:07.000Z,"Feb 23, '26",True
3245MU/gh2dzpSvf+uAgZw==,Magicbricks,https://www.magicbricks.com/property-details/3-BHK-3800-Sq-ft-Residential-House-FOR-Rent-Sector-28-in-Chandigarh&id=4d423739303034323735,2026-04-19 13:51:15,30.7180751,76.8043355,,Sector 28,kanal House,,,,Residential House,Semi-Furnished,,,North - East,3800,Sq-ft,Less than 5 years,"Kanal House 3bhk attached three bathroom modern kitchen semi furnished preference family This 3 BHK house is up for rent in the well-known Sector 28 area. The monthly rent of the independent house is ₹65,000. The house is equipped with granite, normal tiles/kotah stone, marble, ceramic tiles, wooden, vitrified, mosaic, marbonite flooring. The house also has Puja Room. This house is located at kanal House, Sector 28, Chandigarh, Chandigarh.",65000,65000,0,17,3,,Yes,No,No,"Service/Goods Lift, RO Water System",True,True,Agent,88,Immediately,2026-04-15T16:33:30.000Z,"Apr 15, '26",True
YFtJ048EE/9zpSvf+uAgZw==,Magicbricks,https://www.magicbricks.com/property-details/3-BHK-1800-Sq-ft-Residential-House-FOR-Rent-Sector-40B-in-Chandigarh&id=4d423834323932343631,2026-04-19 13:51:15,30.738358,76.739017,,Sidhidatri Corporate,"Chandigarh, Chandigarh",,,,Residential House,Furnished,,,,1800,Sq-ft,New Construction,"Check out this 3 BHK house for rent in locality. The house is available at a monthly rental price of ₹75,000. This house is situated at Sector 40B, Chandigarh, Chandigarh.",75000,75000,0,42,3,,No,No,No,,True,True,Agent,40,Immediately,2026-04-18T05:08:19.000Z,Yesterday,True
d7caxuq/1rZzpSvf+uAgZw==,Magicbricks,https://www.magicbricks.com/property-details/3-BHK-2650-Sq-ft-Residential-House-FOR-Rent-Sector-21-in-Chandigarh&id=4d423632343239393633,2026-04-19 13:51:15,30.7263907,76.77549,,Sector 21,"Chandigarh, Chandigarh",19202|Manav Mangal High School,,,Residential House,Unfurnished,,,South -West,2650,Sq-ft,Above 20 years,"kanal ground floor 3 bedrooms attached bathrooms drawing dining kitchen independent only for family The beautiful 3 BHK house is now available for rent in the premium location of Sector 21. You will also have to pay a monthly rent of ₹85,000. You will also find Store in the house. This house is located at Sector 21, Chandigarh, Chandigarh.",85000,,,32,2,,No,No,No,,False,True,Agent,66,Immediately,2026-03-20T04:46:25.000Z,"Mar 20, '26",True
vvyNq9ij+UlzpSvf+uAgZw==,Magicbricks,https://www.magicbricks.com/property-details/3-BHK-10-Marla-Residential-House-FOR-Rent-Sector-7-in-Chandigarh&id=4d423731353538353239,2026-04-19 13:51:15,30.7350091,76.8043355,,Sector 7,"Chandigarh, Chandigarh",,,,Residential House,Furnished,,,North - East,10,Marla,New Construction,"VIP Sector This 3 BHK independent house for rent is located in Sector 7. The house is available at the rent of ₹80,000 per month. There is also Store and Servant Room in the house. The house is located at Sector 7, Chandigarh, Chandigarh.",80000,,,29,3,,Yes,No,No,"Air Conditioned, Intercom Facility, Internet/Wi-Fi Connectivity",True,True,Agent,51,Immediately,2026-04-04T05:06:45.000Z,"Apr 04, '26",True
BVtlA/T6NJ9zpSvf+uAgZw==,Magicbricks,https://www.magicbricks.com/property-details/3-BHK-4200-Sq-ft-Residential-House-FOR-Rent-Sector-27-in-Chandigarh&id=4d423834303037383933,2026-04-19 13:51:15,30.7231259,76.7985669,,Sector 27,"Chandigarh, Chandigarh","19202|Moti Ram Arya School, 19202|Sri Aurobindo School Of Integral Education",,,Residential House,Semi-Furnished,Ground,2,North - East,4200,Sq-ft,2010,"Residential house is available for rent. It has a covered area of 4200 sq-ft, it is 3 BHK house, has total 2 floor facing North-East direction. Situated in Sector 27, this 3 BHK individual house is currently available for rent out. The monthly rent is ₹75,000. Located on the ground floor, the house has 3 bathrooms and 2 balcony. In addition, the house includes Store. The house is located at Sector 27, Chandigarh, Chandigarh.",75000,75000,,18,3,,No,No,No,,False,True,Agent,73,Immediately,2026-03-31T09:22:23.000Z,"Mar 31, '26",True
QG1tlIhvMPBzpSvf+uAgZw==,Magicbricks,https://www.magicbricks.com/property-details/3-BHK-808-Sq-ft-Residential-House-FOR-Rent-Sector-18-in-Chandigarh&id=4d423834323731393333,2026-04-19 13:51:15,30.7347851,76.7884713,,Sector 18,"Chandigarh, Chandigarh","19202|Stepping Stones Sr. Sec. School, 19202|B M Schools Private Limited",,,Residential House,Furnished,,,,808,Sq-ft,,"Check out this 3 BHK house for rent in locality. You will also have to pay a monthly rent of ₹75,000. This house is situated at Sector 18, Chandigarh, Chandigarh.",75000,,,93,3,,No,No,No,,True,True,Agent,31,Immediately,2026-04-16T17:03:50.000Z,"Apr 16, '26",True
7m0OBUBgbgdzpSvf+uAgZw==,Magicbricks,https://www.magicbricks.com/property-details/3-BHK-3200-Sq-ft-Residential-House-FOR-Rent-Sector-33-in-Chandigarh&id=4d423833363339353331,2026-04-19 13:51:15,30.7137743,76.769673,,Sector-33,"Chandigarh, Chandigarh","19201|Graycell Technologies, 19202|Paragon Convent School, 19202|Kendriya Vidyalya Sangathan, 19203|Landmark Hospital, 19203|Ayu Health Hospital",,,Residential House,Semi-Furnished,,,North - East,3200,Sq-ft,5 to 10 years,"This 3 BHK house is up for rent in the well-known Sector 33 area. The monthly rent is a ₹85,000. The house also provides Puja Room, Store and Study. This house is situated at Sector 33, Chandigarh, Chandigarh.",85000,85000,,27,3,,Yes,No,No,"Service/Goods Lift, Air Conditioned, RO Water System",False,True,Agent,73,Immediately,2026-04-17T23:45:20.000Z,Yesterday,True
ze2DJkTCc55zpSvf+uAgZw==,Magicbricks,https://www.magicbricks.com/property-details/3-BHK-2000-Sq-ft-Residential-House-FOR-Rent-Sector-16-in-Chandigarh&id=4d423833363032333335,2026-04-19 13:51:15,30.7464418,76.7783748,,Sector 16,"Chandigarh, Chandigarh",,,,Residential House,Semi-Furnished,,,East,2000,Sq-ft,New Construction,"with lift. newly. Located in Sector 16, you can find the 3 BHK house available on rent. The rent is ₹90,000 per month. The house also has Puja Room, Store and Study. The address of this house is Sector 16, Chandigarh, Chandigarh.",90000,90000,0,45,3,,No,No,No,"Laundry Service, Internet/Wi-Fi Connectivity, Banquet Hall, Jogging and Strolling Track",True,True,Agent,62,Immediately,2026-03-01T07:17:47.000Z,"Mar 01, '26",True
1vwI/Eq5gDtzpSvf+uAgZw==,Magicbricks,https://www.magicbricks.com/property-details/3-BHK-3800-Sq-ft-Residential-House-FOR-Rent-Sector-11-in-Chandigarh&id=4d423833373930353139,2026-04-19 13:51:15,30.7583236,76.7841443,,Sector-11,"Chandigarh, Chandigarh","19202|D.A.V. Model School, 19202|Sanawar Montessori School",,,Residential House,Semi-Furnished,,,North - East,3800,Sq-ft,2010,"3 bhk first floor You can find this 3 BHK rental house in the main area of Sector 11. The monthly rental of the house is ₹80,000. In addition, the house includes Store. The house is located at Sector 11, Chandigarh, Chandigarh.",80000,80000,,21,3,,No,No,No,,False,True,Agent,71,Immediately,2026-03-15T08:55:34.000Z,"Mar 15, '26",True
arV/kj06NwxzpSvf+uAgZw==,Magicbricks,https://www.magicbricks.com/property-details/3-BHK-808-Sq-ft-Residential-House-FOR-Rent-Sector-34-in-Chandigarh&id=4d423834323731393131,2026-04-19 13:51:15,30.7195549,76.7639499,,Sector-34,"Chandigarh, Chandigarh","19202|Aanchal International School, 19202|Northridge International School, 19203|Mukat Hospital And Heart Institute, 19206|Piccadilly Square Mall",,,Residential House,Furnished,,,,808,Sq-ft,,"Located in Sector 34, you can find the 3 BHK house available on rent. You can find this house at rent of ₹85,000 per month. This house is situated at Sector 34, Chandigarh, Chandigarh.",85000,,,105,3,,No,No,No,,True,True,Agent,31,Immediately,2026-04-16T17:01:40.000Z,"Apr 16, '26",True
ShfJOJUdBBpzpSvf+uAgZw==,Magicbricks,https://www.magicbricks.com/property-details/3-BHK-850-Sq-ft-Residential-House-FOR-Rent-Sector-23-in-Chandigarh&id=4d423435393939303433,2026-04-19 13:51:15,30.7396066,76.766835,,Sector 23,"Chandigarh, Chandigarh",,,,Residential House,Semi-Furnished,1,3,North - East,850,Sq-ft,5 to 10 years,"this property is located on a very good location of sector 23 Situated in Sector 23, this 3 BHK individual house is currently available for rent out. You can find this house at rent of ₹23,000 per month. Located on the 1st floor, the house has 2 bathrooms and 1 balcony. There is also Store in the house. Sector 23, Chandigarh, Chandigarh is the address of the house.",23000,,,27,2,,No,No,No,,True,True,Agent,61,Immediately,2026-04-11T09:09:36.000Z,"Apr 11, '26",True
t12rMwBmnIFzpSvf+uAgZw==,Magicbricks,https://www.magicbricks.com/property-details/3-BHK-850-Sq-ft-Residential-House-FOR-Rent-Sector-21-in-Chandigarh&id=4d423435393937353537,2026-04-19 13:51:15,30.7263907,76.77549,,Sector 21,"Chandigarh, Chandigarh",19202|Manav Mangal High School,,,Residential House,Semi-Furnished,1,3,North - East,850,Sq-ft,5 to 10 years,"this property is located in sector 21 on a very prime location The beautiful 3 BHK house is now available for rent in the premium location of Sector 21. The house is available at the rent of ₹25,000 per month. The independent house is located on the 1st floor which includes 2 bathrooms and 2 balcony. This house is situated at Sector 21, Chandigarh, Chandigarh.",25000,,,29,2,,No,No,No,,True,True,Agent,58,Immediately,2026-03-12T09:15:17.000Z,"Mar 12, '26",True
PNmMne9wQHxzpSvf+uAgZw==,Magicbricks,https://www.magicbricks.com/property-details/1-BHK-850-Sq-ft-Residential-House-FOR-Rent-Sector-20-in-Chandigarh&id=4d423832343936303531,2026-04-19 13:51:15,30.7213417,76.7812596,,Sector 20,Newly built Marla house,,,,Residential House,Furnished,,,North - East,850,Sq-ft,New Construction,"Newly built One Bedroom attached bathroom without kitchen fully furnished Second floor preference only single decent Student or Single person Located in Sector 20, you can find the 1 BHK house available on rent. The house is available at a monthly rental price of ₹15,500. This house is situated at Newly built Marla house, Sector 20, Chandigarh, Chandigarh.",15500,15500,0,18,1,,No,No,No,"Air Conditioned, RO Water System",True,True,Agent,73,Immediately,2026-04-15T02:11:17.000Z,"Apr 15, '26",True
7lXDHJHqXp5zpSvf+uAgZw==,Magicbricks,https://www.magicbricks.com/property-details/1-BHK-808-Sq-ft-Residential-House-FOR-Rent-Sector-40-in-Chandigarh&id=4d423834323932303439,2026-04-19 13:51:15,30.7363236,76.7350951,,Sector 40,"Chandigarh, Chandigarh",,,,Residential House,Furnished,,,,808,Sq-ft,,"The 1 BHK house is currently available for rent in Sector 40. The house is available at a monthly rental price of ₹20,000. The address of this house is Sector 40, Chandigarh, Chandigarh.",20000,,,25,1,,No,No,No,,True,True,Agent,31,Immediately,2026-04-18T04:39:12.000Z,Yesterday,True
bAFFRDGmxFZzpSvf+uAgZw==,Magicbricks,https://www.magicbricks.com/property-details/1-BHK-1400-Sq-ft-Residential-House-FOR-Rent-Sector-33-in-Chandigarh&id=4d423833363032363931,2026-04-19 13:51:15,30.7137743,76.769673,,Sector-33,"Chandigarh, Chandigarh","19201|Graycell Technologies, 19202|Kendriya Vidyalya Sangathan, 19202|Paragon Convent School, 19203|Ayu Health Hospital, 19203|Landmark Hospital",,,Residential House,Semi-Furnished,,,East,1400,Sq-ft,New Construction,"Residential house is available for rent. It is having 1450 sqft covered area. In a good location. Check out this 1 BHK house available for rent in the popular location of Sector 33. The house is available at a monthly rental price of ₹23,000. You will also find Study and Store in the house. This house is located at Sector 33, Chandigarh, Chandigarh.",23000,23000,0,16,1,,No,No,No,"Air Conditioned, Banquet Hall, Bar/Lounge, Jogging and Strolling Track",True,True,Agent,58,Immediately,2026-03-01T07:47:58.000Z,"Mar 01, '26",True
uGNJV5qLS65zpSvf+uAgZw==,Magicbricks,https://www.magicbricks.com/property-details/1-BHK-450-Sq-ft-Residential-House-FOR-Rent-in-Chandigarh&id=4d423833393431303631,2026-04-19 13:51:15,,,,someshwer singh,"Chandigarh, Chandigarh",,,,Residential House,Furnished,,,,450,Sq-ft,,"This 1 BHK independent house for rent is located in Golden Pam society mubharkapu. The house is available at the rent of ₹6,500 per month.",6500,,,14,1,,No,No,No,,False,False,Owner,41,Immediately,2026-03-25T13:40:13.000Z,"Mar 25, '26",True
2BEvNQN0B79zpSvf+uAgZw==,Magicbricks,https://www.magicbricks.com/property-details/1-BHK-2300-Sq-ft-Residential-House-FOR-Rent-Sector-15-in-Chandigarh&id=4d423833373235363539,2026-04-19 13:51:15,30.7514892,76.772605,,Sector-15,"Chandigarh, Chandigarh","19201|Rajiv Gandhi Chandigarh It Park, 19202|Government Model Senior Secondary School, 19202|Crb Public School, 19203|Dharam Hospital",,,Residential House,Furnished,,,North,2300,Sq-ft,,"Independent one room for girls in a sharing flat where the room has a personal entry but kitchen and washroom are common with open terrace without any timing restrictions. This 1 BHK rental house is located in a key location of Sector 15 area. The house is avaliable at a monthly rent of ₹14,000. The house is located at Sector 15, Chandigarh, Chandigarh.",14000,7000,,6,1,,No,No,No,"Air Conditioned, RO Water System",True,True,Agent,60,Immediately,2026-04-18T23:45:33.000Z,Today,True
lz9tOUnkMBBzpSvf+uAgZw==,Magicbricks,https://www.magicbricks.com/property-details/1-BHK-1300-Sq-ft-Residential-House-FOR-Rent-Sector-7-in-Chandigarh&id=4d423834303330383637,2026-04-19 13:51:15,30.7350091,76.8043355,,Sector 7,"Chandigarh, Chandigarh",,,,Residential House,Furnished,,,,1300,Sq-ft,2016,"This 1 BHK rental house is located in a key location of Sector 7 area. The monthly rent of the independent house is ₹12,000. Sector 7, Chandigarh, Chandigarh is the address of the house.",12000,12000,,9,1,,No,No,No,,True,True,Agent,33,Immediately,2026-04-02T02:48:25.000Z,"Apr 02, '26",True
ZA75E8QneNdzpSvf+uAgZw==,Magicbricks,https://www.magicbricks.com/property-details/1-BHK-1850-Sq-ft-Residential-House-FOR-Rent-Sector-37-in-Chandigarh&id=4d423833323739353035,2026-04-19 13:51:15,30.7378169,76.7495233,,Sector-37,"Chandigarh, Chandigarh",,,,Residential House,Furnished,,,North,1850,Sq-ft,5 to 10 years,"2bhk second floor Check out this 1 BHK house for rent in locality. You can find this house at rent of ₹16,000 per month. The house also has Puja Room. The address of this house is Sector 37, Chandigarh, Chandigarh.",16000,16000,,9,1,,No,No,Yes,Air Conditioned,True,True,Agent,71,Immediately,2026-04-09T15:52:33.000Z,"Apr 09, '26",True
cQF0VRPx3aFzpSvf+uAgZw==,Magicbricks,https://www.magicbricks.com/property-details/1-BHK-300-Sq-ft-Residential-House-FOR-Rent-Sector-35D-in-Chandigarh&id=4d423730373432343735,2026-04-19 13:51:15,30.7258052,76.7513296,,J S GOGIA,"Chandigarh, Chandigarh","19202|Sri Guru Gobind Singh Senior Secondary School, 19202|Shivalik Public School",,,Residential House,Furnished,1,3,North,300,Sq-ft,New Construction,"You can find this 1 BHK house on rent in a good area of Sector 35D. You can find this house at rent of ₹17,000 per month. Some add-on facilities bundled with this independent house are 1 Wardrobe, 1 Bed, Fridge, 1 AC, Sofa, Dining Table and Gas Connection. This house is equipped with ceramic tiles flooring. Sector 35D, Chandigarh, Chandigarh is the address of the house.",17000,17000,,57,1,,No,No,Yes,Jogging and Strolling Track,False,False,Owner,67,Immediately,2026-04-10T21:32:08.000Z,"Apr 11, '26",True
6ujrNbru4BdzpSvf+uAgZw==,Magicbricks,https://www.magicbricks.com/property-details/1-BHK-900-Sq-ft-Residential-House-FOR-Rent-Sector-15-in-Chandigarh&id=4d423736363937393733,2026-04-19 13:51:15,30.7514892,76.772605,,Sector-15,Studio Apartment,"19201|Rajiv Gandhi Chandigarh It Park, 19202|Government Model Senior Secondary School, 19202|Crb Public School, 19203|Dharam Hospital",,,Residential House,Unfurnished,1,2,North - East,900,Sq-ft,Less than 5 years,"newly built one bedroom attached bathroom Small kitchen fully furnished preference Doctors This 1 BHK independent house for rent is located in Sector 15. The monthly rent is ₹16,000. Located on the 1st floor, the house comprises 1 bathrooms and 2 balcony. You'll find ceramic tiles, granite flooring in the house. You will also find Store in the house. This house is situated at Studio Apartment, Sector 15, Chandigarh, Chandigarh.",16000,16000,0,18,1,,No,No,No,"Air Conditioned, Laundry Service, Jogging and Strolling Track, Outdoor Tennis Courts",True,True,Agent,83,Immediately,2026-04-17T05:47:22.000Z,"Apr 17, '26",True
Gi8lI/jIQ81zpSvf+uAgZw==,Magicbricks,https://www.magicbricks.com/property-details/1-BHK-808-Sq-ft-Residential-House-FOR-Rent-Sector-38-in-Chandigarh&id=4d423834323131353939,2026-04-19 13:51:15,30.7456844,76.7437522,,Sector-38,"Chandigarh, Chandigarh",,,,Residential House,Furnished,,,,808,Sq-ft,,"This 1 BHK rental house is located in a key location of Sector 38 area. You will also have to pay a monthly rent of ₹16,000. The address of this house is Sector 38, Chandigarh, Chandigarh.",16000,,,20,1,,No,No,No,,True,True,Agent,26,Immediately,2026-04-13T03:09:38.000Z,"Apr 13, '26",True
wEP8qGscqDdzpSvf+uAgZw==,Magicbricks,https://www.magicbricks.com/property-details/1-BHK-1200-Sq-ft-Residential-House-FOR-Rent-Sector-35-in-Chandigarh&id=4d423832353338333739,2026-04-19 13:51:15,30.7261629,76.7596221,,Sector-35,"Chandigarh, Chandigarh","19202|St Peters Senior Secondary School, 19202|Sri Guru Gobind Singh Senior Secondary School, 19206|Piccadily Square Mall",,,Residential House,Furnished,,,North,1200,Sq-ft,,"2bhk second floor This 1 BHK house is up for rent in the well-known Sector 35 area. The house is available at a monthly rental price of ₹23,000. The address of this house is Sector 35, Chandigarh, Chandigarh.",23000,23000,,19,1,,No,No,No,Air Conditioned,True,True,Agent,61,Immediately,2026-03-22T06:42:25.000Z,"Mar 22, '26",True
RoAJgkunq1JzpSvf+uAgZw==,Magicbricks,https://www.magicbricks.com/property-details/1-BHK-1800-Sq-ft-Residential-House-FOR-Rent-Sector-15-in-Chandigarh&id=4d423739303131323839,2026-04-19 13:51:15,30.7514892,76.772605,,Sector-15,"Chandigarh, Chandigarh","19201|Rajiv Gandhi Chandigarh It Park, 19202|Crb Public School, 19202|Government Model Senior Secondary School, 19203|Dharam Hospital",,,Residential House,Furnished,,,,1800,Sq-ft,10 to 15 years,"This 1 BHK house is up for rent in the well-known Sector 15 area. The rent is ₹18,000 per month. The address of the house is Sector 15, Chandigarh, Chandigarh.",18000,18000,,10,1,,No,No,No,,True,True,Agent,48,Immediately,2026-04-15T16:21:10.000Z,"Apr 15, '26",True
Zs+szz8ZDDBzpSvf+uAgZw==,Magicbricks,https://www.magicbricks.com/property-details/1-BHK-808-Sq-ft-Residential-House-FOR-Rent-Sector-37-in-Chandigarh&id=4d423834323131363431,2026-04-19 13:51:15,30.7378169,76.7495233,,Sector-37,"Chandigarh, Chandigarh",,,,Residential House,Furnished,,,,808,Sq-ft,,"Check out this 1 BHK house for rent in locality. The house is avaliable at a monthly rent of ₹20,000. This house is situated at Sector 37, Chandigarh, Chandigarh.",20000,,,25,1,,No,No,No,,True,True,Agent,26,Immediately,2026-04-13T03:11:38.000Z,"Apr 13, '26",True
UNrPKGeBS1BzpSvf+uAgZw==,Magicbricks,https://www.magicbricks.com/property-details/1-BHK-2100-Sq-ft-Residential-House-FOR-Rent-Sector-15-in-Chandigarh&id=4d423833383238373139,2026-04-19 13:51:15,30.7514892,76.772605,,Sector-15,"Chandigarh, Chandigarh","19201|Rajiv Gandhi Chandigarh It Park, 19202|Crb Public School, 19202|Government Model Senior Secondary School, 19203|Dharam Hospital",,,Residential House,Furnished,,,North - East,2100,Sq-ft,,independent two separate rooms are available but the rent is same for both rooms its only for girls in a very good surrounding without any timing restriction ready to move AC aur cooler both can be provided depending up on the choice very special balcony and terrace are there,13000,7000,,6,1,,No,No,No,"Air Conditioned, RO Water System",True,True,Agent,63,Immediately,2026-04-16T23:45:22.000Z,"Apr 17, '26",True
+x9mgfhAEYBzpSvf+uAgZw==,Magicbricks,https://www.magicbricks.com/property-details/1-BHK-2250-Sq-ft-Residential-House-FOR-Rent-Sector-35-in-Chandigarh&id=4d423832353338343937,2026-04-19 13:51:15,30.7261629,76.7596221,,Sector-35,"Chandigarh, Chandigarh","19202|St Peters Senior Secondary School, 19202|Shivalik Public School, 19206|Piccadily Square Mall",,,Residential House,Furnished,,,North,2250,Sq-ft,5 to 10 years,"2bhk second floor You can find this 1 BHK rental house in the main area of Sector 35. The rent is ₹23,000 per month. The address of this house is Sector 35, Chandigarh, Chandigarh.",23000,23000,,10,1,,No,No,No,Air Conditioned,True,True,Agent,68,Immediately,2026-02-23T11:16:41.000Z,"Feb 23, '26",True
hIy8zSpCy+BzpSvf+uAgZw==,Magicbricks,https://www.magicbricks.com/property-details/1-BHK-700-Sq-ft-Residential-House-FOR-Rent-Sector-15-in-Chandigarh&id=4d423739303034353935,2026-04-19 13:51:15,30.7514892,76.772605,,Sector-15,studio Apartment,"19201|Rajiv Gandhi Chandigarh It Park, 19202|Government Model Senior Secondary School, 19202|Crb Public School, 19203|Dharam Hospital",,,Residential House,Furnished,,,North - East,700,Sq-ft,5 to 10 years,"Studio Apartment one bedroom attached bathroom kitchen fully furnished preference doctors Check out this 1 BHK house for rent in locality. The monthly rent of the property is ₹17,000. This house is equipped with granite, normal tiles/kotah stone, marble, ceramic tiles, wooden, vitrified, mosaic, marbonite flooring. There is also Puja Room in the house. The address of the house is studio Apartment, Sector 15, Chandigarh, Chandigarh.",17000,17000,0,24,1,,Yes,No,No,"Service/Goods Lift, Air Conditioned, Internet/Wi-Fi Connectivity, RO Water System",True,True,Agent,83,Immediately,2026-04-17T05:24:36.000Z,"Apr 17, '26",True
NnBK8tmoP2dzpSvf+uAgZw==,Magicbricks,https://www.magicbricks.com/property-details/1-BHK-808-Sq-ft-Residential-House-FOR-Rent-Sector-22-in-Chandigarh&id=4d423834323730363531,2026-04-19 13:51:15,30.732999,76.7711626,,Sector-22,"Chandigarh, Chandigarh","19202|Shishu Niketan Model Senior Secondary School, 19203|Civil Hospital, 19206|Shastri Market",,,Residential House,Furnished,,,,808,Sq-ft,,"Check out this 1 BHK house available for rent in the popular location of Sector 22. The house is avaliable at a monthly rent of ₹17,550. The address of this house is Sector 22, Chandigarh, Chandigarh.",17550,,,22,1,,No,No,No,,True,True,Agent,26,Immediately,2026-04-16T13:48:27.000Z,"Apr 16, '26",True
uS9FzNHtP9dzpSvf+uAgZw==,Magicbricks,https://www.magicbricks.com/property-details/3-BHK-2250-Sq-ft-Residential-House-FOR-Rent-Sector-38-in-Chandigarh&id=4d423832343339303437,2026-04-19 13:51:15,30.7456844,76.7437522,,Sector-38,"Chandigarh, Chandigarh",,,,Residential House,Furnished,,,North,2250,Sq-ft,Less than 5 years,"2bhk fully furnished This 3 BHK independent house for rent is located in Sector 38. The house is available at a monthly rental price of ₹48,000. There is also Puja Room in the house. Sector 38, Chandigarh, Chandigarh is the address of the house.",48000,48000,,21,3,,No,No,No,"Air Conditioned, RO Water System",True,True,Agent,66,Immediately,2026-02-23T11:26:29.000Z,"Feb 23, '26",True
ICoC9DQ8Z4xzpSvf+uAgZw==,Magicbricks,https://www.magicbricks.com/property-details/3-BHK-3000-Sq-ft-Residential-House-FOR-Rent-Sector-44-in-Chandigarh&id=4d423732353036303933,2026-04-19 13:51:15,30.7127179,76.7524087,,Sector-44,"Chandigarh, Chandigarh",,,,Residential House,Unfurnished,,,,3000,Sq-ft,5 to 10 years,"Residential house is available for rent. It has carpet area 2178 sq-ft, it is 3 BHK house, has total 2 floor facing East direction. Check out this 3 BHK house for rent in locality. The monthly rent of the independent house is ₹37,000. This house is situated at Sector 44, Chandigarh, Chandigarh.",37000,30000,,12,3,,No,No,No,,False,False,Owner,68,Immediately,2026-04-08T22:30:26.000Z,"Apr 09, '26",True
sKRwnmdEYvZzpSvf+uAgZw==,Magicbricks,https://www.magicbricks.com/property-details/3-BHK-2200-Sq-ft-Residential-House-FOR-Rent-Darai-chandigarh-in-Chandigarh&id=4d423834323431363533,2026-04-19 13:51:15,30.69707295,76.818166,,Dogra Properties,New Chandigarh,,,,Residential House,Semi-Furnished,,,North - East,2200,Sq-ft,New Construction,"New Chandigarh location Rental accommodation 3bhk semi furnished preference for Service class Family The 3 BHK house is currently available for rent in Darai chandigarh. The monthly rental of the house is ₹36,000. The flooring in the house is made of granite, normal tiles/kotah stone, marble, ceramic tiles, wooden, vitrified, mosaic, marbonite. In addition, the house includes Puja Room. The address of this house is New Chandigarh, Darai chandigarh, Chandigarh, Chandigarh.",36000,36000,0,16,3,,No,No,No,"Air Conditioned, Laundry Service, Outdoor Tennis Courts",True,True,Agent,92,Immediately,2026-04-15T06:24:10.000Z,"Apr 15, '26",True
GrvJiCf0yA5zpSvf+uAgZw==,Magicbricks,https://www.magicbricks.com/property-details/3-BHK-1150-Sq-ft-Residential-House-FOR-Rent-Sector-37-in-Chandigarh&id=4d423436313639323639,2026-04-19 13:51:15,30.7378169,76.7495233,,Sector-37,"Chandigarh, Chandigarh",,,,Residential House,Furnished,1,3,North - East,1150,Sq-ft,Less than 5 years,"fully furnished 3 bhk located in sector 37d very near to the market The beautiful 3 BHK house is now available for rent in the premium location of Sector 37. The house is avaliable at a monthly rent of ₹40,000. Located on the 1st floor, the house has 2 bathrooms and 2 balcony. The house flooring is made of marble. You will also find Store in the house. Sector 37, Chandigarh, Chandigarh is the address of the house.",40000,,,35,2,,No,No,No,,True,True,Agent,76,Immediately,2026-04-11T09:07:38.000Z,"Apr 11, '26",True
EMfMMEj+ir1zpSvf+uAgZw==,Magicbricks,https://www.magicbricks.com/property-details/3-BHK-2250-Sq-ft-Residential-House-FOR-Rent-Sector-38A-in-Chandigarh&id=4d423831333630373131,2026-04-19 13:51:15,30.7476756,76.7431336,,vijay,"Chandigarh, Chandigarh",,,,Residential House,Semi-Furnished,,,North - East,2250,Sq-ft,Less than 5 years,"2bhk fully furnished Check out this 3 BHK house for rent in locality. The house is available at a monthly rental price of ₹35,000. The house also provides Puja Room. The house is located at Sector 38A, Chandigarh, Chandigarh.",35000,35000,,16,3,,No,No,No,"Air Conditioned, RO Water System",True,True,Agent,46,Immediately,2026-03-22T06:42:25.000Z,"Mar 22, '26",True
IM7ygLJSq/9zpSvf+uAgZw==,Magicbricks,https://www.magicbricks.com/property-details/2-BHK-1100-Sq-ft-Residential-House-FOR-Rent-Sector-29-in-Chandigarh&id=4d423738363832393335,2026-04-19 13:51:15,30.7112416,76.7927981,,Sector 29,"Chandigarh, Chandigarh",,,,Residential House,Semi-Furnished,,,,1100,Sq-ft,New Construction,"This 2 BHK independent house for rent is located in Sector 29. You will also have to pay a monthly rent of ₹15,000. This house is situated at Sector 29, Chandigarh, Chandigarh.",15000,15000,,14,1,,No,No,No,,True,True,Agent,31,Immediately,2026-04-11T13:14:36.000Z,"Apr 11, '26",True
d8o6hBOw0HlzpSvf+uAgZw==,Magicbricks,https://www.magicbricks.com/property-details/2-BHK-1800-Sq-ft-Residential-House-FOR-Rent-Sector-42-in-Chandigarh&id=4d423631353933313233,2026-04-19 13:51:15,30.7259328,76.7437522,,Sector 42,2799.,,,,Residential House,Unfurnished,Ground,1,North - East,1800,Sq-ft,New Construction,This is ground floor independent single storey house which has two bedrooms drawing dinning and attached baths with a garden in the back and courtyard in the front for ample parking space. Available only for bank or company lease.,24000,24000,0,13,2,2 Open,No,No,No,,True,True,Agent,100,Immediately,2026-04-03T03:55:49.000Z,"Apr 03, '26",True
pSa5A5QCsxxzpSvf+uAgZw==,Magicbricks,https://www.magicbricks.com/property-details/1-BHK-2100-Sq-ft-Residential-House-FOR-Rent-Sector-15-in-Chandigarh&id=4d423833383238373037,2026-04-19 13:51:15,30.7514892,76.772605,,Sector-15,"Chandigarh, Chandigarh","19201|Rajiv Gandhi Chandigarh It Park, 19202|Crb Public School, 19202|Government Model Senior Secondary School, 19203|Dharam Hospital",,,Residential House,Furnished,,,North - East,2100,Sq-ft,,"independent one room for girls without timing restrictions in a good location , fully furnished property with open terracece You can find this 1 BHK house on rent in a good area of Sector 15. You can find this house at rent of ₹14,000 per month. This house is situated at Sector 15, Chandigarh, Chandigarh.",14000,7000,,7,1,,No,No,No,"Air Conditioned, RO Water System",True,True,Agent,58,Immediately,2026-04-16T23:45:22.000Z,"Apr 17, '26",True
5Y214z7/bQdzpSvf+uAgZw==,Magicbricks,https://www.magicbricks.com/property-details/3-BHK-4000-Sq-ft-Villa-FOR-Rent-Sector-46-in-Chandigarh&id=4d423834313235383531,2026-04-19 13:51:15,30.7026207,76.7639499,,Sector 46,posh area,,,,Villa,Semi-Furnished,,,South - East,4000,Sq-ft,5 to 10 years,its 3bhk independent villa 3bathroom,150000,,,38,3,,No,No,Yes,Visitor Parking,True,True,Agent,66,Immediately,2026-04-07T12:30:01.000Z,"Apr 07, '26",True
tmaWdV4FIIdzpSvf+uAgZw==,Magicbricks,https://www.magicbricks.com/property-details/3-BHK-3700-Sq-ft-Villa-FOR-Rent-Sector-46-in-Chandigarh&id=4d423833383432323639,2026-04-19 13:51:15,30.7026207,76.7639499,,Sector 46,one kanal house facing park,,,,Villa,Semi-Furnished,,,North - East,3700,Sq-ft,Less than 5 years,One kanal house 3bhk plus servant room semi furnished preference family facing park three car parking available,140000,140000,0,38,3,,No,No,No,"Air Conditioned, Banquet Hall, Bar/Lounge, Jogging and Strolling Track",True,True,Agent,88,Immediately,2026-03-18T15:33:29.000Z,"Mar 18, '26",True
/AeA/ZHqn3pzpSvf+uAgZw==,Magicbricks,https://www.magicbricks.com/property-details/3-BHK-3900-Sq-ft-Villa-FOR-Rent-Sector-8-in-Chandigarh&id=4d423833383330333935,2026-04-19 13:51:15,30.7416185,76.8000091,,Sector 8,kanal house,"19202|Swami Vivekananada Institute Of Engineering, 19202|C L Aggarwal D.A.V Model School",,,Villa,Furnished,,,North - East,3900,Sq-ft,New Construction,Newly built 3Bhk fully furnished LIFT available car parking available preference family or Company guest house,160000,160000,0,41,3,,Yes,No,No,"Service/Goods Lift, Air Conditioned, RO Water System, Outdoor Tennis Courts",True,True,Agent,88,Immediately,2026-03-18T05:28:06.000Z,"Mar 18, '26",True
OnFHf+Ubon9zpSvf+uAgZw==,Magicbricks,https://www.magicbricks.com/property-details/3-BHK-3900-Sq-ft-Villa-FOR-Rent-Sector-36-in-Chandigarh&id=4d423833383330313237,2026-04-19 13:51:15,30.7327703,76.7552941,,Sector 36,Villa House,,,,Villa,Semi-Furnished,,,North - East,3900,Sq-ft,New Construction,Newly built kanal house ground floor Semi furnished facing park including lawn area Broad,245000,245000,0,63,3,,Yes,No,No,"Service/Goods Lift, Air Conditioned, Laundry Service, RO Water System",True,True,Agent,88,Immediately,2026-03-18T05:22:03.000Z,"Mar 18, '26",True
jwgv9mYMyPBzpSvf+uAgZw==,Magicbricks,https://www.magicbricks.com/property-details/3-BHK-4500-Sq-ft-Villa-FOR-Rent-Sector-11-in-Chandigarh&id=4d423832333236303435,2026-04-19 13:51:15,30.7583236,76.7841443,,Sector-11,Kanal house,"19202|Government Model Sr. Sec. School, 19202|D.A.V. Model School",,,Villa,Furnished,,,North - East,4500,Sq-ft,New Construction,Newly built 3bhk fully furnished modern kitchen facing park,130000,130000,0,29,3,,No,No,No,"Air Conditioned, Banquet Hall, Bar/Lounge, Jogging and Strolling Track",True,True,Agent,83,Immediately,2026-04-02T05:32:57.000Z,"Apr 02, '26",True
eHcHam2TpIVzpSvf+uAgZw==,Magicbricks,https://www.magicbricks.com/property-details/4-BHK-2300-Sq-ft-Residential-House-FOR-Rent-Zirakpur-in-Chandigarh&id=4d423432313731393135,2026-04-19 13:51:15,30.656788,76.82119203,,Zirakpur,"Chandigarh, Chandigarh","19201|Mk Technology Park, 19202|V.B. International Senior Secondary School, 19202|Maya International School, 19206|Tricity Square, 19206|Chandigarh Citi Centre",,,Residential House,Semi-Furnished,Ground,1,,2300,Sq-ft,,"A 1 storeyed Residential House is located in Zirakpur, city. Great investment for family purpose as the space is airy and has friendly neighbourhood. Major key facilities are located nearby. Check out this 4 BHK house available for rent in the popular location of Zirakpur. The house is available at the rent of ₹25,000 per month. Zirakpur, Chandigarh, Chandigarh is the address of the house.",25000,,,11,4,,No,No,No,,True,False,Owner,42,Immediately,2026-04-08T21:30:35.000Z,"Apr 09, '26",True
kdm+wJuJBM1zpSvf+uAgZw==,Magicbricks,https://www.magicbricks.com/property-details/4-BHK-10-Marla-Residential-House-FOR-Rent-Sector-20-in-Chandigarh&id=4d423334333930383837,2026-04-19 13:51:15,30.7213417,76.7812596,,Sector 20,625 sector 20 A Chandigarh,,,,Residential House,Semi-Furnished,2,2,South - East,,,,"Check out this 4 BHK house available for rent in the popular location of Sector 20. The monthly rent is a ₹5,000. The house is on the 2nd floor, includes 2 bathrooms and 2 balcony. This house is situated at 625 sector 20 A Chandigarh, Sector 20, Chandigarh, Chandigarh.",5000,,,,2,,No,No,No,"Laundry Service, Internet/Wi-Fi Connectivity, RO Water System, Outdoor Tennis Courts",False,False,Owner,55,Immediately,2026-02-12T21:30:40.000Z,"Feb 13, '26",True
hTXlU140/KJzpSvf+uAgZw==,Magicbricks,https://www.magicbricks.com/property-details/4-BHK-1583-Sq-ft-Villa-FOR-Rent-Manimajra-in-Chandigarh&id=4d423832393739333439,2026-04-19 13:51:15,30.7166667,76.8333333,,Manimajra,"Chandigarh, Chandigarh","19210|Housing Board Chowk Bus Stop, 19201|Rajiv Gandhi It Park, 19202|Rimt World School, 19202|Hansraj Public School, 19206|Dlf City Centre Mall",,,Villa,Semi-Furnished,,,,1583,Sq-ft,,"4 BHK, Villa is available for Rent in Manimajra, Chandigarh",,,,,3,,No,No,No,,False,False,Owner,26,Immediately,2026-04-01T09:37:08.000Z,"Apr 01, '26",True
UzP+q/dbMmdzpSvf+uAgZw==,Magicbricks,https://www.magicbricks.com/property-details/4-BHK-2000-Sq-ft-Residential-House-FOR-Rent-Sector-51-in-Chandigarh&id=4d423834313530313333,2026-04-19 13:51:15,30.7061782,76.7437522,,Sector 51,"Chandigarh, Chandigarh","19202|Yadavindra Public School, 19206|North County Mall",,,Residential House,Furnished,,,East,2000,Sq-ft,New Construction,"newly. ownerfree. fully furnished . gated This 4 BHK house is up for rent in the well-known Sector 51 area. You can find this house at rent of ₹49,000 per month. There is also Study in the house. This house is located at Police Colony Sector 51, Chandigarh, Punjab.",49000,49000,0,24,4,,No,No,No,"Air Conditioned, Banquet Hall, Jogging and Strolling Track, Outdoor Tennis Courts",True,True,Agent,65,Immediately,2026-04-08T15:11:21.000Z,"Apr 08, '26",True
+mkJQq2InPZzpSvf+uAgZw==,Magicbricks,https://www.magicbricks.com/property-details/4-BHK-3350-Sq-ft-Residential-House-FOR-Rent-Sector-13-in-Chandigarh&id=4d423834313936323731,2026-04-19 13:51:15,30.716543,76.821253,,Ritesh Dhamija,"Sco 27 swastik vihar, Mansa devi complex, panchkula.",,,,Residential House,Furnished,,,,3350,Sq-ft,5 to 10 years,"Check out this 4 BHK house for rent in locality. You can find this house at rent of ₹40,000 per month. Here you can enjoy like 4 Wardrobe, 4 Bed, 1 TV, Fridge, Microwave, 1 AC, Sofa, Washing Machine and Dining Table. This house is situated at Sco 27 swastik vihar, Mansa devi complex, panchkula., Sector 13, Chandigarh, Chandigarh.",40000,40000,1000,12,2,,No,No,No,,True,True,Agent,65,Immediately,2026-04-11T10:04:59.000Z,"Apr 11, '26",True
oAddZIZz1iZzpSvf+uAgZw==,Magicbricks,https://www.magicbricks.com/property-details/4-BHK-1500-Sq-ft-Residential-House-FOR-Rent-Sector-15-in-Chandigarh&id=4d423831303737303933,2026-04-19 13:51:15,30.7514892,76.772605,,Sector-15,"448, sector 15A Chandigarh","19201|Rajiv Gandhi Chandigarh It Park, 19202|Government Model Senior Secondary School, 19202|Crb Public School, 19203|Dharam Hospital",,,Residential House,Furnished,1,3,North,1500,Sq-ft,,"A residential House is available for rent. It Is located In a very good area. Please contact for more details. The 4 BHK house is currently available for rent in Sector 15. You can find this house at rent of ₹31,000 per month. The house is equipped with vitrified flooring. The address of this house is 448, sector 15A Chandigarh, Sector 15, Chandigarh, Chandigarh.",31000,,,21,4,,No,No,No,Jogging and Strolling Track,False,False,Owner,67,Immediately,2026-03-14T22:30:40.000Z,"Mar 15, '26",True
oRSHxGE10M5zpSvf+uAgZw==,Magicbricks,https://www.magicbricks.com/property-details/4-BHK-3350-Sq-ft-Residential-House-FOR-Rent-Sector-13-in-Chandigarh&id=4d423834313936333033,2026-04-19 13:51:15,30.716543,76.821253,,Ritesh Dhamija,"Sco 27 swastik vihar, Mansa devi complex, panchkula.",,,,Residential House,Furnished,,,North - East,3350,Sq-ft,5 to 10 years,"Its a fully furnish 4bhk on first floor in sector 13 chandigarh for rent. This house is located at very excellent location and very close to market. For further infomation call or visit dhamija properties sco 27 swatik vihar. Mansa devi complex, panchkula",40000,40000,1000,12,2,1 Open,No,No,No,,True,True,Agent,100,Immediately,2026-04-11T10:05:59.000Z,"Apr 11, '26",True
fAKteO8Hm6RzpSvf+uAgZw==,Magicbricks,https://www.magicbricks.com/property-details/4-BHK-1900-Sq-ft-Residential-House-FOR-Rent-Sector-49-in-Chandigarh&id=4d423831303837373535,2026-04-19 13:51:15,30.6929607,76.7524087,,Sector-49,"Chandigarh, Chandigarh",,,,Residential House,Furnished,,,,1900,Sq-ft,New Construction,"Check out this 4 BHK house available for rent in the popular location of Sector 49. You can find this house at rent of ₹65,000 per month. There is also Puja Room, Store, Study and Servant Room in the house. This house is situated at Sector 49, Chandigarh, Chandigarh.",65000,65000,,34,3,,No,No,No,"Air Conditioned, Banquet Hall, Bar/Lounge, Jogging and Strolling Track",True,True,Agent,66,Immediately,2026-03-12T05:32:42.000Z,"Mar 12, '26",True
IqtJO2yc0+9zpSvf+uAgZw==,Magicbricks,https://www.magicbricks.com/property-details/4-BHK-3500-Sq-ft-Residential-House-FOR-Rent-Sector-32D-in-Chandigarh&id=4d423738393931343833,2026-04-19 13:51:15,30.707984,76.770787,,Sector 32D,Fully furnished,,,,Residential House,Furnished,,,North - East,3500,Sq-ft,5 to 10 years,"4bhk fully furnished preference for working family only kanal House The beautiful 4 BHK house is now available for rent in the premium location of Sector 32D. The house is available at a monthly rental price of ₹80,000. The flooring in the house is made of granite, normal tiles/kotah stone, marble, ceramic tiles, wooden, vitrified, mosaic, marbonite. In addition, the house includes Puja Room and Servant Room. The house is located at Fully furnished, Sector 32D, Chandigarh, Chandigarh.",80000,80000,0,23,3,,No,No,No,"Air Conditioned, Laundry Service, RO Water System",True,True,Agent,88,Immediately,2026-04-16T15:08:17.000Z,"Apr 16, '26",True
ZBJaLVXm4NJzpSvf+uAgZw==,Magicbricks,https://www.magicbricks.com/property-details/4-BHK-2600-Sq-ft-Residential-House-FOR-Rent-Sector-35-in-Chandigarh&id=4d423832383831343237,2026-04-19 13:51:15,30.7261629,76.7596221,,Sector-35,Chandigarh,"19202|St Peters Senior Secondary School, 19202|Sri Guru Gobind Singh Senior Secondary School, 19206|Piccadily Square Mall",,,Residential House,Semi-Furnished,,,North - East,2600,Sq-ft,Less than 5 years,"near market You can find this 4 BHK house on rent in a good area of Sector 35. The monthly rent is a ₹90,000. The house also provides Store. This house is situated at Chandigarh, Sector 35, Chandigarh, Chandigarh.",90000,90000,,35,3,,Yes,No,No,Air Conditioned,True,True,Agent,78,Immediately,2026-03-20T02:09:33.000Z,"Mar 20, '26",True
FjjxTQ+sXS1zpSvf+uAgZw==,Magicbricks,https://www.magicbricks.com/property-details/4-BHK-3700-Sq-ft-Residential-House-FOR-Rent-Sector-35-in-Chandigarh&id=4d423833303338353339,2026-04-19 13:51:15,30.7261629,76.7596221,,Sector-35,"Chandigarh, Chandigarh","19202|Shivalik Public School, 19202|St Peters Senior Secondary School, 19206|Piccadily Square Mall",,,Residential House,Semi-Furnished,,,,3700,Sq-ft,5 to 10 years,"This 4 BHK independent house for rent is located in Sector 35. The monthly rent is ₹90,000. Some added-on facilities available in the house are 3 Wardrobe. The address of this house is Sector 35, Chandigarh, Chandigarh.",90000,90000,0,24,3,,No,No,No,,True,True,Agent,53,Immediately,2026-03-24T12:22:59.000Z,"Mar 24, '26",True
lylYGQLQ2ulzpSvf+uAgZw==,Magicbricks,https://www.magicbricks.com/property-details/4-BHK-4000-Sq-ft-Villa-FOR-Rent-Sector-21-in-Chandigarh&id=4d423833383239393535,2026-04-19 13:51:15,30.7263907,76.77549,,Sector 21,kanal house,19202|Manav Mangal High School,,,Villa,Semi-Furnished,,,North - East,4000,Sq-ft,New Construction,Newly built 4bhk attached four bath Big drawing dining and modern kitchen Semi furnished lift available cover Car parking preference for family Broad house,130000,130000,0,32,4,,Yes,No,No,"Service/Goods Lift, Air Conditioned, RO Water System",True,True,Agent,88,Immediately,2026-03-18T05:13:41.000Z,"Mar 18, '26",True
CDtupfuXeVpzpSvf+uAgZw==,Magicbricks,https://www.magicbricks.com/property-details/4-BHK-3000-Sq-ft-Residential-House-FOR-Rent-Sector-35C-in-Chandigarh&id=4d423833383933303337,2026-04-19 13:51:15,30.72275299,76.75916854,,Anurag Chhabra,Sector 35C,,,,Residential House,Semi-Furnished,,,North - East,3000,Sq-ft,5 to 10 years,"BHK House for rent in sector 35C this property is located in very good location and well maintained. This 4 BHK house is up for rent in the well-known Sector 35C area. The monthly rent of the property is ₹2 Lac. 1 Open parking space is also available in the house. The house is equipped with marble, vitrified flooring. You will also find Store in the house. This house is situated at Sector 35C, Sector 35C, Chandigarh, Chandigarh.",200000,400000,0,67,4,1 Open,No,No,No,,True,True,Agent,95,Immediately,2026-03-21T11:23:20.000Z,"Mar 21, '26",True
2oX5Lx9hKftzpSvf+uAgZw==,Magicbricks,https://www.magicbricks.com/property-details/4-BHK-4500-Sq-ft-Residential-House-FOR-Rent-Sector-21-in-Chandigarh&id=4d423832393337323735,2026-04-19 13:51:15,30.7263907,76.77549,,Sector 21,"Chandigarh, Chandigarh",19202|Manav Mangal High School,,,Residential House,Furnished,,,North,4500,Sq-ft,Less than 5 years,"independent Kanal house Fully furnished 4 bhk 4 bath posh locality ample parking space near market. The 4 BHK house is currently available for rent in Sector 21. The house is avaliable at a monthly rent of ₹2.3 Lac. You will also find Puja Room in the house. The address of this house is Sector 21, Chandigarh, Chandigarh.",225000,450000,1000,50,4,,No,No,No,"Air Conditioned, Laundry Service, Internet/Wi-Fi Connectivity, Banquet Hall",False,True,Agent,78,Immediately,2026-03-18T05:44:23.000Z,"Mar 18, '26",True
xRyRS4ZDTgdzpSvf+uAgZw==,Magicbricks,https://www.magicbricks.com/property-details/4-BHK-808-Sq-ft-Residential-House-FOR-Rent-Sector-35-in-Chandigarh&id=4d423834323731393035,2026-04-19 13:51:15,30.7261629,76.7596221,,Sector-35,"Chandigarh, Chandigarh","19202|Shivalik Public School, 19202|Sri Guru Gobind Singh Senior Secondary School, 19206|Piccadily Square Mall",,,Residential House,Semi-Furnished,,,,808,Sq-ft,,"Located in Sector 35, you can find the 4 BHK house available on rent. The house is available at a monthly rental price of ₹2.5 Lac. This house is situated at Sector 35, Chandigarh, Chandigarh.",250000,,,309,4,,No,No,No,,True,True,Agent,31,Immediately,2026-04-16T17:01:06.000Z,"Apr 16, '26",True
SI0P3Bgevx9zpSvf+uAgZw==,Magicbricks,https://www.magicbricks.com/property-details/8-BHK-1250-Sq-ft-Residential-House-FOR-Rent-Zirakpur-in-Chandigarh&id=4d423730373139353737,2026-04-19 13:51:15,30.656788,76.82119203,,Zirakpur,"Chandigarh, Chandigarh","19201|Mk Technology Park, 19202|V.B. International Senior Secondary School, 19202|Atticus International School, 19206|Chandigarh Citi Centre, 19206|Tricity Square",,,Residential House,Furnished,2,3,,1250,Sq-ft,,"You can find this 8 BHK rental house in the main area of Zirakpur. The rent is ₹4,500 per month. Zirakpur, Chandigarh, Chandigarh is the address of the house.",4500,,,4,8,,No,No,No,,False,False,Owner,45,Immediately,2026-04-06T03:29:00.000Z,"Apr 06, '26",True
+ki1R15I2jtzpSvf+uAgZw==,Magicbricks,https://www.magicbricks.com/property-details/5-BHK-1500-Sq-ft-Villa-FOR-Rent-Sector-19-in-Chandigarh&id=4d423834313039363939,2026-04-19 13:51:15,30.7304019,76.795998,,Sector 19,"Chandigarh, Chandigarh",19209|Zirakpur Airport,,,Villa,Furnished,,,North - East,1500,Sq-ft,,single for only boys in sharing apartment sector 38,80000,,,53,5,,No,No,No,"Intercom Facility, Jogging and Strolling Track",True,True,Agent,34,Immediately,2026-04-06T16:07:33.000Z,"Apr 06, '26",True
3qZJ4AFz+1tzpSvf+uAgZw==,Magicbricks,https://www.magicbricks.com/property-details/9-BHK-7000-Sq-ft-Villa-FOR-Rent-Khara-Mohali-in-Chandigarh&id=4d423438383034373831,2026-04-19 13:51:15,30.7488819,76.6413581,,Khara Mohali,"Villa no 7177, behind gopal sweets,opposite VR PUNJAB mall","19202|Bsm Sikh Girls High School, 19202|Henderson Jubilee Senior Secondary School, 19206|EasyDay Club",,,Villa,Furnished,,,North - East,7000,Sq-ft,,"9 bedroom fully furnished villa with 100 ac, fridges, fans, 3 modular kitchens, drawing and dining room on each floor. Hotel level specifications including linen, utencils, water filter coolers and seperate servent quarters on each floor.",120000,,,17,9,"2 Covered, 6 Open",No,No,No,,False,False,Owner,88,Immediately,2026-02-20T21:30:47.000Z,"Feb 21, '26",True
rMBcmJgT62lzpSvf+uAgZw==,Magicbricks,https://www.magicbricks.com/property-details/5-BHK-4500-Sq-ft-Villa-FOR-Rent-Sector-36-in-Chandigarh&id=4d423833383330303237,2026-04-19 13:51:15,30.7327703,76.7552941,,Sector 36,kanal house,,,,Villa,Semi-Furnished,,,North - East,4500,Sq-ft,New Construction,Kanal Vila house 5bhk duplex ground or first floor preference family only,250000,250000,0,56,4,,Yes,No,No,"Service/Goods Lift, Air Conditioned, Laundry Service, RO Water System",True,True,Agent,88,Immediately,2026-03-18T05:17:50.000Z,"Mar 18, '26",True
0oi7kmV9tCpzpSvf+uAgZw==,Magicbricks,https://www.magicbricks.com/property-details/10-plus-BHK-5540-Sq-ft-Residential-House-FOR-Rent-Eco-City-1-in-Chandigarh&id=4d423832353333383439,2026-04-19 13:51:15,30.805189,76.737755,,pankaj,"Chandigarh, Chandigarh",,,,Residential House,Furnished,1,3,South - East,5540,Sq-ft,,"You can find this > 10 BHK house on rent in a good area of Eco City 1. The monthly rent is a ₹2.5 Lac. 5 Open parking facility is also available. You'll find ceramic tiles flooring in the house. The address of this house is Eco City 1, Chandigarh, Chandigarh.",250000,,,45,> 10,5 Open,No,No,No,,False,False,Owner,69,Immediately,2026-02-26T07:11:02.000Z,"Feb 26, '26",True
7QUzgRJQTxRzpSvf+uAgZw==,Magicbricks,https://www.magicbricks.com/property-details/5-BHK-4000-Sq-ft-Villa-FOR-Rent-Sector-21-in-Chandigarh&id=4d423832343032363839,2026-04-19 13:51:15,30.7263907,76.77549,,Sector 21,"Sector 21C, Chandigarh",19202|Manav Mangal High School,,,Villa,Semi-Furnished,,,North - East,4000,Sq-ft,5 to 10 years,"Independent Duplex villa available in the heart of chandigarh, Very peaceful area for a luxury living.",230000,230000,0,58,5,"1 Covered, 2 Open",No,No,No,,True,True,Agent,100,Immediately,2026-02-17T10:54:11.000Z,"Feb 17, '26",True
4xG7vJbOGGVzpSvf+uAgZw==,Magicbricks,https://www.magicbricks.com/property-details/5-BHK-21780-Sq-ft-Residential-House-FOR-Rent-Sector-10-in-Chandigarh&id=4d423833393131393239,2026-04-19 13:51:15,30.7532757,76.7899135,,Sector 10,291.,,,,Residential House,Semi-Furnished,,,East,"21,780",Sq-ft,10 to 15 years,"The 5 BHK house is currently available for rent in Sector 10. The house is avaliable at a monthly rent of ₹8 Lac. You'll find wooden, marble, granite flooring in the house. This house is located at 291., Sector 10, Chandigarh, Chandigarh.",800000,2500000,0,37,5,,No,No,No,,False,True,Owner,80,Immediately,2026-04-12T23:31:59.000Z,"Apr 13, '26",True
iQFvUw+lrNdzpSvf+uAgZw==,Magicbricks,https://www.magicbricks.com/property-details/5-BHK-5500-Sq-ft-Residential-House-FOR-Rent-Sector-9-in-Chandigarh&id=4d423833353037373631,2026-04-19 13:51:15,30.7466677,76.7942403,,Sector 9,"Chandigarh, Chandigarh","19202|Chitkara University, 19202|Carmel Convent",,,Residential House,Semi-Furnished,,,North - East,5500,Sq-ft,5 to 10 years,"Check out this 5 BHK house available for rent in the popular location of Sector 9. The monthly rent is ₹4.5 Lac. The house also provides Puja Room, Store, Study and Servant Room. The address of the house is Sector 9, Chandigarh, Chandigarh.",450000,900000,,82,5,,Yes,No,No,"Service/Goods Lift, Air Conditioned, RO Water System",False,True,Agent,53,Immediately,2026-04-16T23:45:21.000Z,"Apr 17, '26",True
kgVoqMszLrtzpSvf+uAgZw==,Magicbricks,https://www.magicbricks.com/property-details/5-BHK-4800-Sq-ft-Residential-House-FOR-Rent-Sector-4-in-Chandigarh&id=4d423738393836343639,2026-04-19 13:51:15,30.7522747,76.8007301,,Sector 4,Two kanal House,,,,Residential House,Unfurnished,1,1,North - East,4800,Sq-ft,New Construction,"Duplex house Ground or First floor fully furnished 5bhk Servant room Check out this 5 BHK house available for rent in the popular location of Sector 4. The monthly rent of the property is ₹2.8 Lac. The independent house is located on the 1st floor which includes 4 bathrooms and 2 balcony. You'll find mosaic, vitrified, wooden, ceramic tiles, marble, normal tiles/kotah stone, granite, marbonite flooring in the house. In addition, the house includes Puja Room. The house is located at Two kanal House, Sector 4, Chandigarh, Chandigarh.",280000,280000,0,58,4,,No,No,No,"Air Conditioned, Internet/Wi-Fi Connectivity, RO Water System, Jogging and Strolling Track",True,True,Agent,85,Immediately,2026-04-17T05:38:11.000Z,"Apr 17, '26",True
3/6MZWT4BK9zpSvf+uAgZw==,Magicbricks,https://www.magicbricks.com/property-details/5-BHK-5000-Sq-ft-Villa-FOR-Rent-Sector-38-in-Chandigarh&id=4d423834313235353437,2026-04-19 13:51:15,30.7456844,76.7437522,,Sector-38,posh area,,,,Villa,Semi-Furnished,,,North,5000,Sq-ft,5 to 10 years,its 5BHK 5 bathroom duplex independent villa,300000,,,60,5,,No,No,Yes,Visitor Parking,True,True,Agent,66,Immediately,2026-04-07T12:15:48.000Z,"Apr 07, '26",True
8v88UeleBZNzpSvf+uAgZw==,Magicbricks,https://www.magicbricks.com/property-details/5-BHK-3850-Sq-ft-Villa-FOR-Rent-Sector-34-in-Chandigarh&id=4d423731303233333735,2026-04-19 13:51:15,30.7195549,76.7639499,,Sector-34,"Chandigarh, Chandigarh","19202|Northridge International School, 19202|Aanchal International School, 19203|Mukat Hospital And Heart Institute, 19206|Piccadilly Square Mall",,,Villa,Unfurnished,,,North - East,3850,Sq-ft,15 to 20 years,independent 5 bedrooms attached bathrooms drawing dining modular kitchen nicely built top location available for rent only for family,300000,,,78,5,,No,No,No,,False,True,Agent,66,Immediately,2026-03-04T10:08:49.000Z,"Mar 04, '26",True
pQ/w8Ptt4cFzpSvf+uAgZw==,Magicbricks,https://www.magicbricks.com/property-details/5-BHK-9000-Sq-ft-Villa-FOR-Rent-Sector-21-in-Chandigarh&id=4d423832333734303839,2026-04-19 13:51:15,30.7263907,76.77549,,Sector 21,"Chandigarh, Chandigarh",19202|Manav Mangal High School,,,Villa,Semi-Furnished,,,North,9000,Sq-ft,10 to 15 years,Independent One kanal decent and clean house,300000,420000,,33,4,,No,No,No,"Air Conditioned, Laundry Service, Internet/Wi-Fi Connectivity, Jogging and Strolling Track",False,True,Agent,76,Immediately,2026-04-04T04:45:29.000Z,"Apr 04, '26",True
cmU451LBNwBzpSvf+uAgZw==,Magicbricks,https://www.magicbricks.com/property-details/5-BHK-8800-Sq-ft-Residential-House-FOR-Rent-Sector-35C-in-Chandigarh&id=4d423833383932353331,2026-04-19 13:51:15,30.72275299,76.75916854,,Anurag Chhabra,Sector 35C,,,,Residential House,Semi-Furnished,,,South - East,8800,Sq-ft,5 to 10 years,"BHK house for rent in sector 35C. this property is located is very good location in the locality. You can find this 5 BHK rental house in the main area of Sector 35C. The house is available at a monthly rental price of ₹4.5 Lac. 1 Open parking space is also available in the house. The tenants of the house have access to additional facilities such as 4 Wardrobe, 4 AC and Gas Connection. The house is fitted with marble, vitrified flooring. You will also find Store in the house. This house is situated at Sector 35C, Sector 35C, Chandigarh, Chandigarh.",450000,900000,0,51,3,1 Open,No,No,No,,True,True,Agent,100,Immediately,2026-03-21T10:57:20.000Z,"Mar 21, '26",True
uQihsGNe0clzpSvf+uAgZw==,Magicbricks,https://www.magicbricks.com/property-details/6-BHK-8000-Sq-ft-Villa-FOR-Rent-Sector-2-in-Chandigarh&id=4d423831373432373637,2026-04-19 13:51:15,30.7634375,76.791556,,Sector 2,sector 2,,,,Villa,Semi-Furnished,,,North - East,8000,Sq-ft,5 to 10 years,"A spacious 2Kanal, 6BHK home in Chandigarhs VIP Sector 2. Wellmaintained with lush lawns, ample parking, and prime locationideal for families or professionals seeking comfort, privacy, and prestige.",525000,1050000,0,66,6,5 Open,No,No,No,,True,True,Agent,93,Immediately,2026-04-07T10:27:50.000Z,"Apr 07, '26",True
K/CIkWVFEG5zpSvf+uAgZw==,Magicbricks,https://www.magicbricks.com/property-details/5-BHK-5000-Sq-ft-Villa-FOR-Rent-Sector-20-in-Chandigarh&id=4d423833363830343833,2026-04-19 13:51:15,30.7213417,76.7812596,,Sector 20,near market,,,,Villa,Semi-Furnished,,,North - East,5000,Sq-ft,5 to 10 years,5bhk 5bath with Servant Room Independent Corner Kothi available on rent in the Heart of the city sector 20 CHD,300000,,,60,5,,No,No,No,Visitor Parking,True,True,Agent,73,Immediately,2026-03-07T08:41:11.000Z,"Mar 07, '26",True
zX1EKVS2yNJzpSvf+uAgZw==,Magicbricks,https://www.magicbricks.com/property-details/5-BHK-5000-Sq-ft-Residential-House-FOR-Rent-Sector-11-in-Chandigarh&id=4d423739333337313939,2026-04-19 13:51:15,30.7583236,76.7841443,,Sector-11,"Chandigarh, Chandigarh","19202|Government Model Sr. Sec. School, 19202|D.A.V. Model School",,,Residential House,Furnished,,,North - East,5000,Sq-ft,5 to 10 years,"owner free fully furnished 2 Rooms kitchen bath sector 21 for working executive, married couple Check out this 5 BHK house available for rent in the popular location of Sector 11. The monthly rental of the house is ₹3 Lac. You will also find Store and Servant Room in the house. The house is located at Sector 11, Chandigarh, Chandigarh.",300000,600000,1000,60,5,,No,No,No,Air Conditioned,False,True,Agent,71,Immediately,2026-03-13T06:55:37.000Z,"Mar 13, '26",True
3/psVSVioUNzpSvf+uAgZw==,Magicbricks,https://www.magicbricks.com/property-details/6-BHK-8000-Sq-ft-Residential-House-FOR-Rent-Sector-10-in-Chandigarh&id=4d423834323033303731,2026-04-19 13:51:15,30.7532757,76.7899135,,Sector 10,"Chandigarh, Chandigarh",,,,Residential House,Unfurnished,,,East,8000,Sq-ft,New Construction,"Kanal house This 6 BHK independent house for rent is located in Sector 10. The house is available at the rent of ₹4.5 Lac per month. This house is located at Sector 10, Chandigarh, Chandigarh.",450010,900000,,56,6,,No,No,No,"Air Conditioned, RO Water System",True,True,Agent,55,Immediately,2026-04-12T03:56:14.000Z,"Apr 12, '26",True
EuT19LBd/xNzpSvf+uAgZw==,Magicbricks,https://www.magicbricks.com/property-details/5-BHK-1600-Sq-ft-Residential-House-FOR-Rent-Sector-19-in-Chandigarh&id=4d423834313039363839,2026-04-19 13:51:15,30.7304019,76.795998,,Sector 19,"Chandigarh, Chandigarh",19209|Zirakpur Airport,,,Residential House,Unfurnished,,,North - East,1600,Sq-ft,,"single for only boys in sharing apartment sector 38 This 5 BHK independent house for rent is located in Sector 19. The house is available at a monthly rental price of ₹3 Lac. This house is located at Sector 19, Chandigarh, Chandigarh.",300000,,,188,5,,No,No,No,"Intercom Facility, Jogging and Strolling Track",True,True,Agent,36,Immediately,2026-04-06T16:06:38.000Z,"Apr 06, '26",True
8epX2klla15zpSvf+uAgZw==,Magicbricks,https://www.magicbricks.com/property-details/6-BHK-6000-Sq-ft-Residential-House-FOR-Rent-Sector-11-in-Chandigarh&id=4d423833353037383839,2026-04-19 13:51:15,30.7583236,76.7841443,,Sector-11,"Chandigarh, Chandigarh","19202|Sanawar Montessori School, 19202|Government Model Sr. Sec. School",,,Residential House,Semi-Furnished,,,North - East,6000,Sq-ft,5 to 10 years,"This 6 BHK house is up for rent in the well-known Sector 11 area. The monthly rent is a ₹4 Lac. The house also has Puja Room, Study, Store and Servant Room. The house is located at Sector 11, Chandigarh, Chandigarh.",400000,800000,,67,6,,Yes,No,No,"Service/Goods Lift, Air Conditioned, RO Water System",False,True,Agent,73,Immediately,2026-04-16T23:45:21.000Z,"Apr 17, '26",True
iR2I2opgJ31zpSvf+uAgZw==,Magicbricks,https://www.magicbricks.com/property-details/6-BHK-9000-Sq-ft-Villa-FOR-Rent-Sector-16-in-Chandigarh&id=4d423831383539393933,2026-04-19 13:51:15,30.7464418,76.7783748,,Sector 16,"Chandigarh, Chandigarh",,,,Villa,Unfurnished,,,North,9000,Sq-ft,5 to 10 years,"2 Kanal house for rent in a posh area of City Beautiful, Chandigarh, North-East facing and Vastu compliant, recently renovated with premium finishes. The property features 6 spacious bedrooms with attached washrooms, a servant room, modular kitchen, all new washrooms, and parking for 4 cars. It comes with a private garden and overlooks a green belt, offering a serene and elegant living environment. Located in one of the most prestigious neighborhoods, this is truly the best option available.",500000,1000000,,56,7,,No,No,No,"Air Conditioned, Laundry Service, Internet/Wi-Fi Connectivity, RO Water System",False,True,Agent,76,Immediately,2026-03-08T08:19:53.000Z,"Mar 08, '26",True
Q+s+eBIA9gJzpSvf+uAgZw==,Magicbricks,https://www.magicbricks.com/property-details/6-BHK-1000-Sq-yrd-Residential-House-FOR-Rent-Sector-21-in-Chandigarh&id=4d423834323038323237,2026-04-19 13:51:15,30.7263907,76.77549,,Sector 21,Two Kanal House,19202|Manav Mangal High School,,,Residential House,Semi-Furnished,,,East,1000,Sq-yrd,New Construction,"First Nad Second floor of Two Kanal house new built good house Sector 21A Chandigarh Located in Sector 21, you can find the 6 BHK house available on rent. The monthly rent of the property is ₹2.8 Lac. In addition, the house includes Puja Room, Study, Store and Servant Room. The address of this house is Two Kanal House, Sector 21, Chandigarh, Chandigarh.",280000,,,31,5,,No,No,No,Visitor Parking,True,True,Agent,48,Immediately,2026-04-12T10:59:11.000Z,"Apr 12, '26",True
PVNQb2I97MZzpSvf+uAgZw==,Magicbricks,https://www.magicbricks.com/property-details/5-BHK-8000-Sq-ft-Villa-FOR-Rent-Sector-16-in-Chandigarh&id=4d423831373432343435,2026-04-19 13:51:15,30.7464418,76.7783748,,Sector 16,sector 16,,,,Villa,Furnished,,,North - East,8000,Sq-ft,Less than 5 years,5 bhk fully furnished 2 kanal house available for rent with lift prime location preference family and company guest house,500000,1000000,0,62,5,5 Open,No,No,No,,True,True,Agent,93,Immediately,2026-04-07T10:28:08.000Z,"Apr 07, '26",True
9aBhUUMcrNBzpSvf+uAgZw==,Magicbricks,https://www.magicbricks.com/property-details/5-BHK-6500-Sq-ft-Villa-FOR-Rent-Sector-8-in-Chandigarh&id=4d423732383932303137,2026-04-19 13:51:15,30.7416185,76.8000091,,Sector 8,"Chandigarh, Chandigarh","19202|C L Aggarwal D.A.V Model School, 19202|New Pragati Sen Sec School",,,Villa,Unfurnished,,,South -West,6500,Sq-ft,5 to 10 years,VIP Sector of Chandigarh. One kanal 6 bedrooms independent house for rent in Sector 8 Chandigarh. its newly built house with two servant rooms and utility area. Lot of parking space.,425000,,,65,6,,No,No,No,"Air Conditioned, Internet/Wi-Fi Connectivity, Bar/Lounge, Jogging and Strolling Track",True,True,Agent,53,Immediately,2026-04-04T05:06:00.000Z,"Apr 04, '26",True
eMRJ40GTBz9zpSvf+uAgZw==,Magicbricks,https://www.magicbricks.com/property-details/7-BHK-3700-Sq-ft-Residential-House-FOR-Rent-Sector-33-in-Chandigarh&id=4d423833393736333339,2026-04-19 13:51:15,30.7137743,76.769673,,Sector-33,Sector 33,"19201|Graycell Technologies, 19202|Kendriya Vidyalya Sangathan, 19202|Paragon Convent School, 19203|Landmark Hospital, 19203|Ayu Health Hospital",,,Residential House,Semi-Furnished,,,North - East,3700,Sq-ft,Less than 5 years,"Independent Duplex House available for rent in Sector 33D, Chandigarh1 kanal,7bhk,3bhk with Servant room on Ground floor,4bhk in First floor,Spacious room,Wide balconies,Huge parking,beautiful built up,Peaceful location,Surrounded by best commercial and Residential hubs,contact us for more details.",300000,300000,0,81,5,"1 Covered, 3 Open",No,No,No,,True,True,Agent,100,Immediately,2026-03-28T10:02:30.000Z,"Mar 28, '26",True
0bYectAUgg9zpSvf+uAgZw==,Magicbricks,https://www.magicbricks.com/property-details/5-BHK-4000-Sq-ft-Residential-House-FOR-Rent-Sector-33-in-Chandigarh&id=4d423736393839393439,2026-04-19 13:51:15,30.7137743,76.769673,,Sector-33,"Chandigarh, Chandigarh","19201|Graycell Technologies, 19202|Kendriya Vidyalya Sangathan, 19202|Paragon Convent School, 19203|Landmark Hospital, 19203|Ayu Health Hospital",,,Residential House,Semi-Furnished,Ground,2,,,,5 to 10 years,"Residential house is available for rent. It has carpet area 4000 sq-ft, it is 5 BHK house, has total 2 floor facing East direction. This 5 BHK rental house is located in a key location of Sector 33 area. The house is avaliable at a monthly rent of ₹3.5 Lac. The independent house is located on the ground floor which includes 5 bathrooms and 2 balcony. You will also find Puja Room, Study and Store in the house. This house is situated at Sector 33, Chandigarh, Chandigarh.",350000,,,,5,,No,No,No,"Air Conditioned, RO Water System",True,True,Agent,38,Immediately,2026-04-04T05:04:14.000Z,"Apr 04, '26",True
tYqnFS4ZQCBzpSvf+uAgZw==,Magicbricks,https://www.magicbricks.com/property-details/7-BHK-3700-Sq-ft-Residential-House-FOR-Rent-Sector-33-in-Chandigarh&id=4d423833353338303233,2026-04-19 13:51:15,30.7137743,76.769673,,Sector-33,Sector 33,"19201|Graycell Technologies, 19202|Kendriya Vidyalya Sangathan, 19202|Paragon Convent School, 19203|Landmark Hospital, 19203|Ayu Health Hospital",,,Residential House,Semi-Furnished,,,North - East,3700,Sq-ft,Less than 5 years,"Independent Duplex House available for rent in Sector 33D, Chandigarh1 kanal,7bhk,3bhk with Servant room on Ground floor,4bhk in First floor,Spacious room,Wide balconies,Huge parking,beautiful built up,Peaceful location,Surrounded by best commercial and Residential hubs,contact us for more details.",300000,300000,0,81,5,"1 Covered, 3 Open",No,No,No,,True,True,Agent,100,Immediately,2026-02-24T11:28:29.000Z,"Feb 24, '26",True
Pt8CdaNEFrxzpSvf+uAgZw==,Magicbricks,https://www.magicbricks.com/property-details/5-BHK-4500-Sq-ft-Residential-House-FOR-Rent-Sector-8-in-Chandigarh&id=4d423736363637303137,2026-04-19 13:51:15,30.7416185,76.8000091,,Sector 8,"Chandigarh, Chandigarh","19202|Swami Vivekananada Institute Of Engineering, 19202|New Pragati Sen Sec School",,,Residential House,Semi-Furnished,Ground,2,South - East,,,10 to 15 years,"Brand New Luxurious Built ground Storey with Lift. The 5 BHK house is currently available for rent in Sector 8. The monthly rental of the house is ₹3.6 Lac. The house is on the ground floor, has 6 bathrooms and 3 balcony. In addition, the house includes Puja Room, Study, Store and Servant Room. This house is located at Sector 8, Chandigarh, Chandigarh.",360000,,,,6,,No,No,No,"Air Conditioned, Internet/Wi-Fi Connectivity, RO Water System",True,True,Agent,51,Immediately,2026-04-04T04:52:40.000Z,"Apr 04, '26",True
