listing_id,source_portal,listing_url,scraped_at,latitude,longitude,locality,sublocality,address,landmark_details,pincode,bhk_type,property_type,furnishing,floor_number,total_floors,facing,sqft,area_type,age_years,apartment_bio,monthly_rent,deposit_amount,maintenance_monthly,price_per_sqft,bathrooms,parking,has_lift,has_gym,has_security,luxury_amenities,is_verified,is_premium,owner_type,confidence_score,possession_status,listed_date,last_updated,is_available
nd6M42RnSMtzpSvf+uAgZw==,Magicbricks,https://www.magicbricks.com/property-details/1-BHK-987-Sq-ft-Multistorey-Apartment-FOR-Rent-Kudasan-in-Gandhinagar&id=4d423831393731313939,2026-04-19 13:51:41,23.1698784,72.6232479,,Kudasan,"Near Shyam Shrushti, Por-Kudasan Road Aawaass Rd, Urjanagar 1, Kudasan, Gandhinagar, Gujarat",,,,Apartment,Unfurnished,,,East,987,Sq-ft,New Construction,"1 bhk falt full furnished, east facing, luxurys apartment, best locality. Good location properties in gandhinagar Grab the chance to own this affordable 1 BHK flat for rent in the Kudasan area. The 1 BHK apartment is available at a reasonable rent of ₹16,000. Some added-on facilities available with the flat are 3 Wardrobe, 1 Bed, 1 TV, Fridge, 1 AC, Sofa, Washing Machine, Dining Table and Gas Connection. There is also facility of 2 Covered parking. This property offers power back up, reserved parking, security. Visit the apartment at Near Shyam Shrushti, Por-Kudasan Road Aawaass Rd, Urjanagar 1, Kudasan, Gandhinagar, Gujarat .",16000,14000,200,16,1,2 Covered,Yes,No,No,Jogging and Strolling Track,False,True,Agent,95,Immediately,2026-04-16T23:45:21.000Z,"Apr 17, '26",True
QmhVWyNHsdNzpSvf+uAgZw==,Magicbricks,https://www.magicbricks.com/property-details/1-BHK-693-Sq-ft-Multistorey-Apartment-FOR-Rent-Sargasan-in-Gandhinagar&id=4d423833373631393535,2026-04-19 13:51:41,23.1848805,72.615856,,Sargasan,"Sargasan,Gandhinagar",,,,Apartment,Furnished,1,1,,693,Sq-ft,5 to 10 years,"1 bhk flat for rent in sargasan gandhinagar 5 min distance from tcs and 15 min distance from gift city for more information please contact usthank you. You can explore this 1 BHK flat on rent in Sargasan Gandhinagar. You can get this flat at monthly rent of ₹18,000. 1 Wardrobe, 1 Bed, 1 TV, Fridge, 1 AC, Sofa, Washing Machine, Dining Table and Gas Connection are some of the additional amenities available with the apartment. The flat is located on the 1 floor which includes 1 bathrooms, 1 balcony, and covers a covered area of 693 sqft. This building features 1 floor and provides Early Learning Centre, Kids Club, Kids Play Pool With Water Slides facilities. The apartment comes furnished with power back up, reserved parking, security. Visit the flat at F P No 97, Off S G Highway, Sargasan, Gandhinagar.",18000,36000,,26,1,,No,No,No,,False,True,Agent,73,Immediately,2026-04-17T23:45:21.000Z,Yesterday,True
BzupYVucGbhzpSvf+uAgZw==,Magicbricks,https://www.magicbricks.com/property-details/1-BHK-666-Sq-ft-Multistorey-Apartment-FOR-Rent-Sargasan-in-Gandhinagar&id=4d423834303639303835,2026-04-19 13:51:41,23.1848805,72.615856,,Sargasan,capital flora sargasan,,,,Apartment,Furnished,,,North,666,Sq-ft,5 to 10 years,"The project is ready to move, allowing for immediate possession.Configurations It primarily consists of 1 BHK apartments and some 2 BHK units.Infrastructure The residential building typically consists of 5 to 7 floors.Total Units There are approximately 180 units within the project.RERA Approval The project is legally approved and registered under RERA Registration",20000,40000,0,30,2,,No,No,No,,False,True,Agent,98,Immediately,2026-04-18T23:45:34.000Z,Today,True
zgq079gQ7s5zpSvf+uAgZw==,Magicbricks,https://www.magicbricks.com/property-details/1-BHK-670-Sq-ft-Multistorey-Apartment-FOR-Rent-Sargasan-in-Gandhinagar&id=4d423833373831353437,2026-04-19 13:51:41,23.1848805,72.615856,,Sargasan,"Sargasan, Gandhinagar, Gujarat",,,,Apartment,Furnished,5,8,East,670,Sq-ft,2010,"1 BHK flat is available for rent in Sargasan immediately. The multistorey apartment is available at rent of ₹20,000. Live in this lovely flat and get access to various useful facilities such as 1 Wardrobe, 2 Bed, 1 TV, Fridge, 1 AC, Washing Machine, Dining Table and Gas Connection. Located on the 5 floor, the flat comprises 2 bathrooms, 1 balcony, and has a carpet area of 352 sqft. 1 Covered parking space is also available. The apartment is equipped with power back up, reserved parking, security. The address is Sargasan, Gandhinagar, Gujarat, Sargasan, Gandhinagar, Gujarat.",20000,40000,0,30,2,1 Covered,No,No,No,,False,True,Agent,98,Immediately,2026-04-18T23:45:33.000Z,Today,True
f/6Xp9jHdkBzpSvf+uAgZw==,Magicbricks,https://www.magicbricks.com/property-details/1-BHK-74-Sq-yrd-Multistorey-Apartment-FOR-Rent-Sargasan-in-Gandhinagar&id=4d423833333835323431,2026-04-19 13:51:41,23.1848805,72.615856,,Sargasan,Capital Flora,,,,Apartment,Furnished,3,5,East,74,Sq-yrd,5 to 10 years,"Main road location society. Transportation is very good near by highway If you are searching a 1 BHK apartment for rent in Sargasan, check out this amazing rental flat. The multistorey apartment is available at rent of ₹18,000. You will also find 1 Open parking facility. The apartment is equipped with security, intercom facility. The flat can be visited at Sargasan, Gandhinagar, Gujarat .",18000,36000,1500,27,1,1 Open,Yes,No,No,"Intercom Facility, Jogging and Strolling Track",True,True,Agent,100,Immediately,2026-04-16T23:45:22.000Z,"Apr 17, '26",True
3QSOMjl9dzhzpSvf+uAgZw==,Magicbricks,https://www.magicbricks.com/property-details/1-BHK-120-Sq-yrd-Multistorey-Apartment-FOR-Rent-Gandhinagar-in-Gandhinagar&id=4d423831323539323433,2026-04-19 13:51:41,23.0395677,72.5660045,,Gandhinagar,"Gandhinagar, Gujarat",,,,Apartment,Furnished,3,5,North - East,120,Sq-yrd,Less than 5 years,"best society If you are planning to rent a flat, you can consider this 1 BHK flat situated in the prime location of Gandhinagar. The apartment is available at an affordable rental price of ₹18,000. The flat is on the 3 floor and includes 1 bathrooms, 2 balcony with a carpet area of 70 sqyrd. The flat comes with reserved parking, security, air conditioned. The apartment is located at Nr. Radiant School Of Science, Mahatma Gandhi Road, Sargasan, Gandhinagar, Ahmedabad..",18000,18000,0,17,1,,Yes,No,No,"Air Conditioned, Conference Room",False,True,Agent,78,Immediately,2026-03-09T11:34:38.000Z,"Mar 09, '26",True
OyPFXlH0FJVzpSvf+uAgZw==,Magicbricks,https://www.magicbricks.com/property-details/1-BHK-80-Sq-ft-Multistorey-Apartment-FOR-Rent-Sargasan-in-Gandhinagar&id=4d423834303439393131,2026-04-19 13:51:41,23.1848805,72.615856,,Sargasan,nano city 1 sargasan near by holiday maal and gurudwara,,,,Apartment,Furnished,3,5,East,80,Sq-ft,Less than 5 years,"well furniture property family and bachelors allows You can avail the 1 BHK flat for rent in the well-known location of Sargasan. The apartment is available at an affordable rental price of ₹17,000. The apartment is on the 3 floor, has a carpet area of 80 sqft with 1 bathrooms and 1 balcony. The property consists of 5 floor and offers Early Learning Centre, Kids Club, Kids Play Pool With Water Slides conveniences. This unit features power back up, reserved parking, security, service/goods lift, visitor parking. Visit the flat at F P No 97, Off S G Highway, Sargasan, Gandhinagar.",17000,,,212,1,,Yes,No,No,"Service/Goods Lift, Laundry Service, Banquet Hall, Outdoor Tennis Courts",True,True,Agent,53,Immediately,2026-04-03T06:05:49.000Z,"Apr 03, '26",True
+YEmgJMvMxlzpSvf+uAgZw==,Magicbricks,https://www.magicbricks.com/property-details/1-BHK-110-Sq-yrd-Multistorey-Apartment-FOR-Rent-Infocity-in-Gandhinagar&id=4d423735343339343333,2026-04-19 13:51:41,23.194097,72.629751,,Infocity,Sector 2.,,,,Apartment,Semi-Furnished,2,4,East,110,Sq-yrd,5 to 10 years,"Multistorey apartment is available for rent. Available for rent only for boys. 1 BHK flat is available for rent in Infocity immediately. This 1 BHK flat can be availed at the rental price of ₹13,000. The flat is on the 2 floor and includes 1 bathrooms, 1 balcony with a carpet area of 110 sqyrd. There is also facility of 1 Open parking. This unit features reserved parking. Find this apartment at Sector 2., Infocity, Gandhinagar, Gujarat.",13000,12000,0,13,1,1 Open,No,No,No,,True,True,Agent,98,Immediately,2026-04-07T06:11:59.000Z,"Apr 07, '26",True
vomDecVWqOVzpSvf+uAgZw==,Magicbricks,https://www.magicbricks.com/property-details/1-BHK-90-Sq-yrd-Multistorey-Apartment-FOR-Rent-Sargasan-in-Gandhinagar&id=4d423833373230383037,2026-04-19 13:51:41,23.1848805,72.615856,,Sargasan,"Gandhinagar, Gujarat",,,,Apartment,Furnished,1,5,North - East,90,Sq-yrd,5 to 10 years,"Find 1 BHK flat for rent in Sargasan Gandhinagar. The 1 BHK apartment is available at a reasonable rent of ₹20,000. Located on the 1 floor, the flat comprises 2 bathrooms, 1 balcony, and has a covered area of 90 sqyrd. This unit is designed with power back up, reserved parking, security. The full address of the apartment is Sargasan, Gandhinagar, Gujarat .",20000,40000,,25,2,,Yes,No,No,Jogging and Strolling Track,False,True,Agent,68,Immediately,2026-03-10T11:45:28.000Z,"Mar 10, '26",True
kcC7LLpSxkRzpSvf+uAgZw==,Magicbricks,https://www.magicbricks.com/property-details/1-BHK-650-Sq-ft-Multistorey-Apartment-FOR-Rent-Gandhinagar-in-Gandhinagar&id=4d423830373331383931,2026-04-19 13:51:41,23.0395677,72.5660045,,Gandhinagar,sthapan 2  near radiant school sargasan,,,,Apartment,Semi-Furnished,2,5,East,650,Sq-ft,5 to 10 years,"ready to move for family best Find 1 BHK flat for rent in Gandhinagar Gandhinagar. The apartment is available at an affordable rental price of ₹13,500. Located on the 2 floor, the flat comprises 1 bathrooms, 2 balcony, and has a carpet area of 600 sqft. This flat is fitted with reserved parking, security. Visit the flat at Nr. Radiant School Of Science, Mahatma Gandhi Road, Sargasan, Gandhinagar, Ahmedabad.. This is a no-brokerage flat, as the owner is offering this 1 BHK flat on rent.",13500,28000,1500,21,1,,No,No,No,,False,False,Owner,80,Immediately,2026-04-13T21:32:15.000Z,"Apr 14, '26",True
DV0ZfQaKVyFzpSvf+uAgZw==,Magicbricks,https://www.magicbricks.com/property-details/1-BHK-650-Sq-ft-Multistorey-Apartment-FOR-Rent-Sargasan-in-Gandhinagar&id=4d423834323636363239,2026-04-19 13:51:41,23.1848805,72.615856,,Sargasan,"F P No 97, Off. S.g. Highway, Sargasan, Gandhinagar.",,,,Apartment,Furnished,3,6,,650,Sq-ft,,"Check out this newly constructed 1 BHK flat on rent in the prime location of Sargasan Gandhinagar. This 1 BHK flat can be availed at the rental price of ₹18,500. The building includes 6 floor and supports Kids Club living. The apartment comes furnished with power back up, reserved parking, security, service/goods lift, visitor parking. This flat is located at F P No 97, Off. S.g. Highway, Sargasan, Gandhinagar.. This 1 BHK apartment ad is listed by the owner, so there is no brokerage fee.",18500,,,28,1,,No,No,No,"Jogging and Strolling Track, Outdoor Tennis Courts, Flower Gardens, Cycling & Jogging Track",False,False,Owner,41,Immediately,2026-04-16T11:19:54.000Z,"Apr 16, '26",True
1cpfk+rr2KFzpSvf+uAgZw==,Magicbricks,https://www.magicbricks.com/property-details/1-BHK-55566-Sq-ft-Multistorey-Apartment-FOR-Rent-Sargasan-in-Gandhinagar&id=4d423834313237393233,2026-04-19 13:51:41,23.1848805,72.615856,,Sargasan,vrundavan residency 2,,,,Apartment,Furnished,5,5,,"55,566",Sq-ft,5 to 10 years,"Find this 1 BHK rental flat in Sargasan Gandhinagar. You can get this flat at monthly rent of ₹20,000. The flat is located on the 5 floor which includes 1 bathrooms, 1 balcony, and covers a carpet area of 5558 sqft. This flat is located at VED International School, Sargasan, Gandhinagar, Gujarat . Do not pay any brokerage fee for this 1 BHK rental flat since the property ad is posted by the flat owner.",20000,,1000,0,1,,No,No,No,,False,False,Owner,38,Select Date,2026-04-07T16:17:52.000Z,"Apr 07, '26",True
SKMXajUNUF5zpSvf+uAgZw==,Magicbricks,https://www.magicbricks.com/property-details/1-BHK-720-Sq-ft-Multistorey-Apartment-FOR-Rent-Sargasan-in-Gandhinagar&id=4d423834323635303537,2026-04-19 13:51:41,23.1848805,72.615856,,Sargasan,"Gandhinagar, Gujarat",,,,Apartment,Unfurnished,1,1,,720,Sq-ft,2006,"You can explore this 1 BHK flat on rent in Sargasan Gandhinagar. The 1 BHK apartment is available at a reasonable rent of ₹15,000. The flat is on the 1 floor and includes 1 bathrooms, 1 balcony with a covered area of 720 sqft. This property features 1 floor and offers a range of Kids Club facilities. The flat comes with power back up, reserved parking, security, service/goods lift. Find this apartment at F P No 97, Off. S.g. Highway, Sargasan, Gandhinagar..",15000,,,21,1,,Yes,No,No,"Service/Goods Lift, Laundry Service, Jogging and Strolling Track, Outdoor Tennis Courts",False,True,Agent,51,Immediately,2026-04-18T23:45:34.000Z,Today,True
MQWuxDa9iypzpSvf+uAgZw==,Magicbricks,https://www.magicbricks.com/property-details/1-BHK-105-Sq-yrd-Multistorey-Apartment-FOR-Rent-Sargasan-in-Gandhinagar&id=4d423833393832343731,2026-04-19 13:51:41,23.1848805,72.615856,,Sargasan,"Gandhinagar, Gujarat",,,,Apartment,Furnished,3,8,North - East,105,Sq-yrd,Less than 5 years,"good condition A beautiful 1 BHK flat is available for rent in Sargasan. The multistorey apartment is available at rent of ₹20,000. The flat is on the 3 floor and includes 1 bathrooms, 1 balcony with a carpet area of 100 sqyrd. This flat is fitted with power back up, reserved parking, security, service/goods lift, air conditioned, intercom facility, ro water system. This flat is located at Sargasan, Gandhinagar, Gujarat .",20000,20000,0,21,1,,No,No,No,"Air Conditioned, Banquet Hall, Bar/Lounge, Jogging and Strolling Track",False,True,Agent,78,Immediately,2026-04-18T23:45:32.000Z,Today,True
HrVkpPfx3SJzpSvf+uAgZw==,Magicbricks,https://www.magicbricks.com/property-details/1-BHK-693-Sq-ft-Multistorey-Apartment-FOR-Rent-Sargasan-in-Gandhinagar&id=4d423734333330303337,2026-04-19 13:51:41,23.1848805,72.615856,,Sargasan,nr sargasan gam,,,,Apartment,Furnished,2,7,East,693,Sq-ft,Less than 5 years,"nr sargasan chokdi near d martcapital flora acha flat 1 BHK flat is available for rent in Sargasan immediately. The apartment is available at an affordable rental price of ₹22,000. The flat comes with power back up, security. Visit the flat at Sargasan, Gandhinagar, Gujarat .",22000,34000,0,32,2,,Yes,No,No,Conference Room,False,True,Agent,75,Immediately,2026-04-16T23:45:22.000Z,"Apr 17, '26",True
/PJVDGI1/shzpSvf+uAgZw==,Magicbricks,https://www.magicbricks.com/property-details/1-BHK-100-Sq-yrd-Multistorey-Apartment-FOR-Rent-Kudasan-in-Gandhinagar&id=4d423833393338383435,2026-04-19 13:51:41,23.1698784,72.6232479,,Kudasan,"Near Shyam Shrushti, Por-Kudasan Road Aawaass Rd, Urjanagar 1, Kudasan, Gandhinagar, Gujarat",,,,Apartment,Furnished,3,5,North - West,100,Sq-yrd,10 to 15 years,"1 BHK apartment is available on rent in Kudasan Gandhinagar right away. ₹20,000 is the monthly rent of this 1 BHK flat. Some added-on facilities available with the flat are 1 Wardrobe, 1 Bed, 1 TV, Fridge, 1 AC, Sofa, Washing Machine and Gas Connection. Located on the 3 floor, the flat has 2 bathrooms, 2 balcony in carpet area of 80 sqyrd. The property includes 1 Covered parking. The apartment comes furnished with reserved parking, security. The full address of the apartment is Near Shyam Shrushti, Por-Kudasan Road Aawaass Rd, Urjanagar 1, Kudasan, Gandhinagar, Gujarat .",20000,40000,1000,22,2,1 Covered,No,No,No,,True,True,Agent,80,Immediately,2026-04-17T23:45:21.000Z,Yesterday,True
lLSWy6BqEB1zpSvf+uAgZw==,Magicbricks,https://www.magicbricks.com/property-details/1-BHK-355-Sq-ft-Multistorey-Apartment-FOR-Rent-GIFT-City-in-Gandhinagar&id=4d423833353534373737,2026-04-19 13:51:41,23.1587037,72.6837981,,GIFT City,near east gate Gift CITY,,,,Apartment,Furnished,1,4,,,,Less than 5 years,"Multistory apartment is available for rent. It has a carpet area of 355 sq-ft, it is a good location. Please contact for more details. If you are searching a 1 BHK apartment for rent in GIFT City, check out this amazing rental flat. ₹25,000 is the monthly rent of this 1 BHK flat. The apartment comes furnished with air conditioned. This flat is located at GIFT City, Gandhinagar, Gujarat. This is a no-brokerage flat because the owner has posted the ad on this 1 BHK apartment.",25000,25000,,,1,,No,No,No,Air Conditioned,False,False,Owner,63,Immediately,2026-02-25T13:38:58.000Z,"Feb 25, '26",True
POpDjtxKhPZzpSvf+uAgZw==,Magicbricks,https://www.magicbricks.com/property-details/1-BHK-675-Sq-ft-Multistorey-Apartment-FOR-Rent-Kudasan-in-Gandhinagar&id=4d423733353839363039,2026-04-19 13:51:41,23.1698784,72.6232479,,Kudasan,C-202.,,,,Apartment,Semi-Furnished,2,3,,675,Sq-ft,5 to 10 years,"A beautiful 1 BHK flat is available for rent in Kudasan. The rent of the 1 BHK flat is ₹15,000. Live in this lovely flat and get access to various useful facilities such as 1 Wardrobe, 2 Bed, Fridge, Dining Table and Gas Connection. The flat is located on the 2 floor which includes 1 bathrooms, 1 balcony, and covers a carpet area of 625 sqft. Visit the apartment at Urjanagar 1, Kudasan, Gandhinagar, Gujarat . You can find the 1 BHK flat without any brokerage.",15000,20000,1,22,1,,No,No,No,,False,False,Owner,60,Immediately,2026-04-08T09:33:07.000Z,"Apr 08, '26",True
aozfzQSXgxlzpSvf+uAgZw==,Magicbricks,https://www.magicbricks.com/property-details/1-BHK-550-Sq-ft-Multistorey-Apartment-FOR-Rent-GIFT-City-in-Gandhinagar&id=4d423831373335353131,2026-04-19 13:51:41,23.1587037,72.6837981,,GIFT City,"Gandhinagar, Gujarat",,,,Apartment,Furnished,1,3,,550,Sq-ft,5 to 10 years,"Flat available for Rent in GIFT city You can avail the 1 BHK flat for rent in the well-known location of GIFT City. The flat is available for rent at a competitive amount of ₹20,000. This unit features reserved parking, security, air conditioned, ro water system. The apartment is located at Pirojpur, GIFT city, Gandhi Nagar, Gujarat. The brokerage amount of the 1 BHK apartment is zero.",20000,20000,0,36,1,,No,No,Yes,"Air Conditioned, RO Water System",False,True,Owner,63,Immediately,2026-04-09T23:31:47.000Z,"Apr 10, '26",True
3DvNhmJsKExzpSvf+uAgZw==,Magicbricks,https://www.magicbricks.com/property-details/1-BHK-504-Sq-ft-Multistorey-Apartment-FOR-Rent-Sargasan-in-Gandhinagar&id=4d423833373137393037,2026-04-19 13:51:41,23.1848805,72.615856,,Sargasan,"Sargasan,Gandhinagar",,,,Apartment,Furnished,1,1,,504,Sq-ft,5 to 10 years,"1 BHK apartment is available on rent in Sargasan Gandhinagar right away. This 1 BHK flat can be availed at the rental price of ₹18,000. Live in this lovely flat and get access to various useful facilities such as 2 Wardrobe, 1 Bed, 1 TV, Fridge, Microwave, 1 AC, Sofa, Washing Machine and Gas Connection. Located on the 1 floor, the flat has 1 bathrooms, 1 balcony in covered area of 504 sqft. The building has 1 floor and offers Early Learning Centre, Kids Club, Kids Play Pool With Water Slides amenities. The flat can be visited at F P No 97, Off S G Highway, Sargasan, Gandhinagar. You can find the 1 BHK flat without any brokerage.",18000,18000,1200,36,1,,No,No,No,,False,False,Owner,60,Immediately,2026-04-10T22:30:43.000Z,"Apr 11, '26",True
c2Y2toLTIKtzpSvf+uAgZw==,Magicbricks,https://www.magicbricks.com/property-details/1-BHK-720-Sq-ft-Multistorey-Apartment-FOR-Rent-Sargasan-in-Gandhinagar&id=4d423833373935323433,2026-04-19 13:51:41,23.1848805,72.615856,,Sargasan,"Gandhinagar, Gujarat",,,,Apartment,Semi-Furnished,4,5,North - East,720,Sq-ft,5 to 10 years,"well maintained, semi furnished with modular kitchen and gas pipeline. Seven Night eight four nine two double eight three nine A beautiful 1 BHK flat is available for rent in Sargasan. The flat is available for rent at a competitive amount of ₹15,000. Located on the 4 floor, the flat comprises 1 bathrooms, 2 balcony, and has a covered area of 720 sqft. This property includes 5 floor and provides Kids Club benefits. The property features security. The flat can be visited at F P No 97, Off. S.g. Highway, Sargasan, Gandhinagar.. This is a no-brokerage flat, as the owner is offering this 1 BHK flat on rent.",15000,20000,1000,21,1,,No,No,No,,False,False,Owner,76,Immediately,2026-03-16T01:04:18.000Z,"Mar 16, '26",True
QpZq86yLXDxzpSvf+uAgZw==,Magicbricks,https://www.magicbricks.com/property-details/1-BHK-548-Sq-ft-Multistorey-Apartment-FOR-Rent-in-Gandhinagar&id=4d423733313532373631,2026-04-19 13:51:41,,,,Sahil Sharma,"Gandhinagar, Gujarat",,,,Apartment,Unfurnished,2,4,East,548,Sq-ft,5 to 10 years,"Multistorey apartment is available for rent. It is a good location property. Please contact for more details. Grab the chance to own this affordable 1 BHK flat for rent in the TATA NEW HEAVEN COMPACT area. The 1 BHK apartment is available at a reasonable rent of ₹7,500. Located on the 2 floor, the flat has 1 bathrooms, 1 balcony in carpet area of 548 sqft. This flat is fitted with reserved parking, security, intercom facility. You can find the 1 BHK flat without any brokerage.",7500,12000,800,14,1,,Yes,Yes,No,Intercom Facility,False,False,Owner,54,Immediately,2026-04-01T16:13:05.000Z,"Apr 01, '26",True
ofbc9Me46gVzpSvf+uAgZw==,Magicbricks,https://www.magicbricks.com/property-details/1-BHK-864-Sq-ft-Multistorey-Apartment-FOR-Rent-Kudasan-in-Gandhinagar&id=4d423833373533393837,2026-04-19 13:51:41,23.1698784,72.6232479,,Kudasan,1bhk semi Furnished,,,,Apartment,Semi-Furnished,3,5,,864,Sq-ft,New Construction,"A beautiful 1 BHK flat is available for rent in Kudasan. The 1 BHK apartment is available at a reasonable rent of ₹15,000. The flat is located on the 3 floor which includes 1 bathrooms, 2 balcony, and covers a carpet area of 680 sqft. This flat is located at Kudasan,Vavol, Gandhinagar.",15000,15000,300,17,1,,No,No,No,,True,True,Agent,55,Immediately,2026-04-16T23:45:21.000Z,"Apr 17, '26",True
iWy1ZZESSNpzpSvf+uAgZw==,Magicbricks,https://www.magicbricks.com/property-details/1-BHK-80-Sq-yrd-Multistorey-Apartment-FOR-Rent-Vavol-in-Gandhinagar&id=4d423833343435343135,2026-04-19 13:51:41,23.2248961,72.619552,,Vavol,Vavol Gaam Near Bhoomi Park,,,,Apartment,Unfurnished,1,3,East,80,Sq-yrd,10 to 15 years,"East Facing Flat With Modular kitchen Power Back Up For Immediate Rent Find 1 BHK flat for rent in Vavol Gandhinagar. You can get this flat at monthly rent of ₹11,000. 1 Open parking space is also available. This unit features power back up, reserved parking, security. Visit the flat at Vavol Gaam Near Bhoomi Park, Vavol, Gandhinagar, Gujarat.",11000,22000,500,15,1,1 Open,No,No,No,,True,True,Agent,80,Immediately,2026-04-17T23:45:21.000Z,Yesterday,True
EkYIvZT7gs5zpSvf+uAgZw==,Magicbricks,https://www.magicbricks.com/property-details/1-BHK-110-Sq-yrd-Multistorey-Apartment-FOR-Rent-Kudasan-in-Gandhinagar&id=4d423832363239383037,2026-04-19 13:51:41,23.1698784,72.6232479,,Kudasan,1bhk flat on rent furnished fully kudasan,,,,Apartment,Furnished,3,5,East,110,Sq-yrd,New Construction,"2BHK in flat on rent A beautiful 1 BHK flat is available for rent in Kudasan. This 1 BHK flat is available at the reasonable rent amount of ₹17,500. The flat is located on the 3 floor which includes 1 bathrooms, 1 balcony, and covers a carpet area of 110 sqyrd. This property offers power back up, reserved parking, security, service/goods lift, air conditioned, intercom facility, ro water system. Visit the flat at Near Shyam Shrushti, Por-Kudasan Road Aawaass Rd, Urjanagar 1, Kudasan, Gandhinagar, Gujarat .",17500,17500,0,18,1,,No,No,No,"Air Conditioned, Banquet Hall, Bar/Lounge, Jogging and Strolling Track",False,True,Agent,70,Immediately,2026-04-04T06:27:48.000Z,"Apr 04, '26",True
5bf0eZEtg6tzpSvf+uAgZw==,Magicbricks,https://www.magicbricks.com/property-details/1-BHK-90-Sq-yrd-Multistorey-Apartment-FOR-Rent-Sargasan-in-Gandhinagar&id=4d423833373231373337,2026-04-19 13:51:41,23.1848805,72.615856,,Sargasan,"Gandhinagar, Gujarat",,,,Apartment,Semi-Furnished,4,5,North - East,90,Sq-yrd,5 to 10 years,"A beautiful 1 BHK flat is available for rent in Sargasan. Available at a rental price of ₹16,000, this 1 BHK flat is worth considering. The flat is located on the 4 floor which includes 2 bathrooms, 1 balcony, and covers a covered area of 90 sqyrd. This flat is fitted with power back up, security. Visit the flat at Sargasan, Gandhinagar, Gujarat .",16000,16000,,20,2,,No,No,No,,False,True,Agent,68,Immediately,2026-03-10T12:22:04.000Z,"Mar 10, '26",True
kE84EgE92e9zpSvf+uAgZw==,Magicbricks,https://www.magicbricks.com/property-details/1-BHK-1380-Sq-ft-Multistorey-Apartment-FOR-Rent-Kudasan-in-Gandhinagar&id=4d423832373636323337,2026-04-19 13:51:41,23.1698784,72.6232479,,Kudasan,1bhk Full Furnished Rent,,,,Apartment,Furnished,3,6,,1380,Sq-ft,New Construction,"If you are searching a 1 BHK apartment for rent in Kudasan, check out this amazing rental flat. The apartment is available at an affordable rental price of ₹18,000. The apartment is on the 3 floor, has a carpet area of 965 sqft with 2 bathrooms and 1 balcony. This flat is located at Urjanagar 1, Kudasan, Gandhinagar, Gujarat .",18000,18000,200,13,2,,No,No,No,,True,True,Agent,60,Immediately,2026-04-16T23:45:21.000Z,"Apr 17, '26",True
ZZexz+00v6ZzpSvf+uAgZw==,Magicbricks,https://www.magicbricks.com/property-details/1-BHK-85-Sq-yrd-Multistorey-Apartment-FOR-Rent-Vavol-in-Gandhinagar&id=4d423833353937363031,2026-04-19 13:51:41,23.2248961,72.619552,,Vavol,Kirtidham Vavol,,,,Apartment,Unfurnished,Ground,1,East,85,Sq-yrd,10 to 15 years,"East Facing Tenament For Rent With Modular Kitchen Power Back Up For Immediate Rent If you are planning to rent a flat, you can consider this 1 BHK flat situated in the prime location of Vavol. The flat is available for rent at a competitive amount of ₹12,000. The apartment is on the Ground floor, has a carpet area of 70 sqyrd with 1 bathrooms and 1 balcony. The property includes 1 Open parking. This flat is fitted with power back up, reserved parking, security. The apartment is located at Kirtidham Vavol, Vavol, Gandhinagar, Gujarat.",12000,1200,500,16,1,1 Open,No,No,No,,True,True,Agent,80,Immediately,2026-04-16T23:45:22.000Z,"Apr 17, '26",True
H28Hbh4oFE5zpSvf+uAgZw==,Magicbricks,https://www.magicbricks.com/property-details/1-BHK-120-Sq-yrd-Multistorey-Apartment-FOR-Rent-Sargasan-in-Gandhinagar&id=4d423832363436393039,2026-04-19 13:51:41,23.1848805,72.615856,,Sargasan,1bhk flat on rent furnished fully furnished,,,,Apartment,Furnished,4,5,,120,Sq-yrd,New Construction,"Multistory apartment is available for rent. It has a covered area of 120 sq-yrd, it is a good location. Please contact for more details. Find this 1 BHK rental flat in Sargasan Gandhinagar. Available at a rental price of ₹17,500, this 1 BHK flat is worth considering. Located on the 4 floor, the flat has 2 bathrooms, 2 balcony in covered area of 120 sqyrd. Find this apartment at Sargasan, Gandhinagar, Gujarat .",17500,17500,0,16,2,,No,No,No,,True,True,Agent,43,Immediately,2026-04-13T07:51:52.000Z,"Apr 13, '26",True
4+L3gw/pbO1zpSvf+uAgZw==,Magicbricks,https://www.magicbricks.com/property-details/1-BHK-860-Sq-ft-Multistorey-Apartment-FOR-Rent-Kudasan-in-Gandhinagar&id=4d423833373533393031,2026-04-19 13:51:41,23.1698784,72.6232479,,Kudasan,1bhk Full Furnished,,,,Apartment,Furnished,3,5,,860,Sq-ft,New Construction,"You can explore this 1 BHK flat on rent in Kudasan Gandhinagar. Available at a rental price of ₹18,000, this 1 BHK flat is worth considering. Located on the 3 floor, the flat comprises 1 bathrooms, 2 balcony, and has a carpet area of 680 sqft. The apartment is located at Kudasan,Vavol, Gandhinagar.",18000,18000,0,21,1,,No,No,No,,True,True,Agent,60,Immediately,2026-04-16T23:45:21.000Z,"Apr 17, '26",True
GxlQSn618n5zpSvf+uAgZw==,Magicbricks,https://www.magicbricks.com/property-details/1-BHK-832-Sq-ft-Multistorey-Apartment-FOR-Rent-GIFT-City-in-Gandhinagar&id=4d423831373635383433,2026-04-19 13:51:41,23.1587037,72.6837981,,GIFT City,"GIFT City,Gandhinagar",,,,Apartment,Furnished,15,33,West,832,Sq-ft,New Construction,"Sobha Dream Heights at GIFT City features two 33storey towers offering 1 and 2 BHK premium residences. Designed for modern urban living, it includes worldclass amenities, landscaped open spaces, and a grand clubhouse. Its prime location ensures excellent connectivity and stunning skyline views, redefining luxury living in Gujarats financial hub.",28000,56000,2000,34,2,1 Covered,Yes,No,No,Jogging and Strolling Track,False,True,Agent,100,Immediately,2026-04-16T23:45:20.000Z,"Apr 17, '26",True
5FVfJSffuTxzpSvf+uAgZw==,Magicbricks,https://www.magicbricks.com/property-details/1-BHK-832-Sq-ft-Multistorey-Apartment-FOR-Rent-GIFT-City-in-Gandhinagar&id=4d423732313038343337,2026-04-19 13:51:41,23.1587037,72.6837981,,GIFT City,shobhasho,,,,Apartment,Furnished,7,29,North - East,832,Sq-ft,New Construction,"this property is fully furnished laxurish falt in gift city all aminitys in this skim gym swimming pool new construction Check out this newly constructed 1 BHK flat on rent in the prime location of GIFT City Gandhinagar. Available at a rental price of ₹35,000, this 1 BHK flat is worth considering. The flat is on the 7 floor and includes 1 bathrooms, 1 balcony with a covered area of 832 sqft. This unit features power back up, reserved parking, security, service/goods lift, air conditioned, intercom facility, ro water system. This flat is located at Block 41, Zone - 04, Shram Marg (Road 4B, Near Indian Oil Petrol Pump, Gujarat International Finance Tec-City, Gandhinagar, Gujarat.",35000,70000,0,42,1,,No,No,No,"Air Conditioned, Banquet Hall, Bar/Lounge, Jogging and Strolling Track",False,True,Agent,85,Immediately,2026-03-07T04:50:51.000Z,"Mar 07, '26",True
/4vc1XvE/nRzpSvf+uAgZw==,Magicbricks,https://www.magicbricks.com/property-details/2-BHK-1150-Sq-ft-Multistorey-Apartment-FOR-Rent-Sargasan-in-Gandhinagar&id=4d423834333031303037,2026-04-19 13:51:41,23.1848805,72.615856,,Sargasan,"Kabir Paradise, Near Ved International School, Gandhinagar Bypass Rd, opp. Aashka Multispeciality Hospitals, Sargasan, Gandhinagar, Gujarat",,,,Apartment,Furnished,3,12,,1150,Sq-ft,Less than 5 years,"You can explore this 2 BHK flat on rent in Sargasan Gandhinagar. The apartment is available at an affordable rental price of ₹23,000. Live in this lovely flat and get access to various useful facilities such as 2 Wardrobe, 2 Bed, Fridge, Microwave, 2 AC and 1 TV. Located on the 3 floor, the flat comprises 2 bathrooms, 1 balcony, and has a carpet area of 800 sqft. Visit the apartment at Kabir Paradise, Near Ved International School, Gandhinagar Bypass Rd, opp. Aashka Multispeciality Hospitals, Sargasan, Gandhinagar, Gujarat.",23000,46000,0,20,2,,No,No,No,,True,True,Agent,43,Immediately,2026-04-18T10:45:09.000Z,Yesterday,True
pql1cOjXV7FzpSvf+uAgZw==,Magicbricks,https://www.magicbricks.com/property-details/2-BHK-1602-Sq-ft-Multistorey-Apartment-FOR-Rent-Kudasan-in-Gandhinagar&id=4d423831393730393739,2026-04-19 13:51:41,23.1698784,72.6232479,,Kudasan,"Kudasan,Gandhinagar",,,,Apartment,Furnished,5,13,East,1602,Sq-ft,2016,"2 bhk falt full furnished, east facing, luxurys apartment, best locality. Good location properties in gandhinagar Find 2 BHK flat for rent in Kudasan Gandhinagar. You can get this flat at monthly rent of ₹23,000. Get access to smart facilities such as 2 Wardrobe, 2 Bed, Fridge, 1 AC, Sofa, Washing Machine, Dining Table and Gas Connection simply by choosing this flat for rent. Located on the 5 floor, the flat comprises 2 bathrooms, 1 balcony, and has a carpet area of 1347 sqft. You will also find 2 Covered parking facility. This property includes 13 floor and provides Kids play area, Kids Play Pool With Water Slides, Sand pit benefits. This flat is fitted with power back up, reserved parking, security. The full address of the apartment is Srushti By Kaavyaratan, Near Sarthak Pulse Mall,PDPU Cross Road,Bhaijupura,South kudasan Gandhinagar.",23000,23000,200,14,2,2 Covered,Yes,No,No,Jogging and Strolling Track,False,True,Agent,98,Immediately,2026-04-18T23:45:32.000Z,Today,True
bSvVRqycnWVzpSvf+uAgZw==,Magicbricks,https://www.magicbricks.com/property-details/2-BHK-183-Sq-yrd-Multistorey-Apartment-FOR-Rent-Kudasan-in-Gandhinagar&id=4d423732363234353735,2026-04-19 13:51:41,23.1698784,72.6232479,,Kudasan,"Kudasan,Gandhinagar",,,,Apartment,Unfurnished,3,13,East,183,Sq-yrd,New Construction,"You can explore this 2 BHK flat on rent in Kudasan Gandhinagar. The flat is available for rent at a competitive amount of ₹18,500. Located on the 3 floor, the flat has 3 bathrooms, 1 balcony in carpet area of 109 sqyrd. The property includes 1 Covered parking. The property features power back up, reserved parking, security. Find this apartment at Block No.216/1,T.P. No.4, F.P. No.37/1, Sub Plot No.1, B/h. Balmukund Heights, Swaminarayan Dham Road, Nr. Raxa Shakti Circle, Kudasan, Gandhinagar.",18500,18500,2500,11,3,1 Covered,No,No,No,,False,True,Agent,100,Immediately,2026-03-19T07:27:41.000Z,"Mar 19, '26",True
8dc2cl+iCpBzpSvf+uAgZw==,Magicbricks,https://www.magicbricks.com/property-details/2-BHK-1152-Sq-ft-Multistorey-Apartment-FOR-Rent-Sargasan-in-Gandhinagar&id=4d423834323834313539,2026-04-19 13:51:41,23.1848805,72.615856,,Sargasan,"Sargasan,Gandhinagar",,,,Apartment,Furnished,1,5,North - East,1152,Sq-ft,10 to 15 years,"Property is fully furnished . Wing is near Entrance Gate. Most of locality is Gujarati Family. Celebrate every festival .Covered Car parking. Kids bedroom have additional Air cooler . Grab the chance to own this affordable 2 BHK flat for rent in the Sargasan area. You can get this flat at monthly rent of ₹23,000. Live in this lovely flat and get access to various useful facilities such as 2 Wardrobe, 2 Bed, 1 TV, Fridge, 1 AC, Sofa, Washing Machine, Dining Table and Gas Connection. The flat is located on the 1 floor which includes 2 bathrooms, 3 balcony, and covers a carpet area of 840 sqft. There is also facility of 1 Covered parking. This flat is fitted with reserved parking, security. This flat is located at Near Santivilla Bunglow, Sargasan Cross Rd, KH Road, Sargasan, Gandhinagar, Gujarat. This is a no-brokerage flat, as the owner is offering this 2 BHK flat on rent.",23000,46000,1500,20,2,1 Covered,No,No,No,,False,True,Owner,95,Immediately,2026-04-17T10:39:02.000Z,"Apr 17, '26",True
7pB87+SKPwtzpSvf+uAgZw==,Magicbricks,https://www.magicbricks.com/property-details/2-BHK-1300-Sq-ft-Multistorey-Apartment-FOR-Rent-Raysan-in-Gandhinagar&id=4d423833393133343131,2026-04-19 13:51:41,23.16672,72.66059,,Raysan,"Gandhinagar, Gujarat",19210|GNLU Metro Station,,,Apartment,Semi-Furnished,12,14,,1300,Sq-ft,New Construction,"2 bhk flat for rent in raysan gandhinagar 5 min distance from gift city and 15 min distance from info city for more information please contact usthank you. Grab the chance to own this affordable 2 BHK flat for rent in the Raysan area. The Rent amount of this 2 BHK apartment is set at an attractive price of ₹23,000. Located on the 12 floor, the flat comprises 2 bathrooms, 2 balcony, and has a covered area of 1300 sqft. This unit is designed with power back up, security. Visit the apartment at Raysan, Gandhinagar, Gujarat.",23000,46000,,18,2,,No,No,No,,False,True,Agent,82,Immediately,2026-04-18T23:45:34.000Z,Today,True
phYuwVhmMkBzpSvf+uAgZw==,Magicbricks,https://www.magicbricks.com/property-details/2-BHK-1260-Sq-ft-Multistorey-Apartment-FOR-Rent-Kudasan-in-Gandhinagar&id=4d423535323338383931,2026-04-19 13:51:41,23.1698784,72.6232479,,Kudasan,"Kudasan,Gandhinagar",,,,Apartment,Semi-Furnished,8,8,East,1260,Sq-ft,Less than 5 years,"This property is located near Podar international school at Kudasan. 2 BHK flat is available for rent in Kudasan immediately. The flat is available for rent at a competitive amount of ₹18,000. Some premium add-on facilities bundled with the flat are 1 Wardrobe, 1 Bed, Sofa, Dining Table and Gas Connection. The flat is on the 8 floor and includes 2 bathrooms, 2 balcony with a carpet area of 960 sqft. There is also facility of 1 Covered parking. The residence includes reserved parking, security.",18000,16000,0,14,2,1 Covered,Yes,No,Yes,Jogging and Strolling Track,False,True,Agent,100,Immediately,2026-04-16T23:45:20.000Z,"Apr 17, '26",True
nv5sOvQPORRzpSvf+uAgZw==,Magicbricks,https://www.magicbricks.com/property-details/2-BHK-160-Sq-yrd-Multistorey-Apartment-FOR-Rent-Kudasan-in-Gandhinagar&id=4d423733323733333537,2026-04-19 13:51:41,23.1698784,72.6232479,,Kudasan,"Kudasan,Gandhinagar",,,,Apartment,Furnished,2,8,East,160,Sq-yrd,5 to 10 years,"2BHK Full Furnished Flat with great locality with the near shopping market where all can have to access to basic needs for everyday. Find 2 BHK flat for rent in Kudasan Gandhinagar. The flat is available for rent at a competitive amount of ₹23,999. The flat comes with some add-on facilities such as 2 Wardrobe, 2 Bed, 1 TV, Fridge, Microwave, 2 AC, Sofa, Washing Machine, Dining Table and Gas Connection. Located on the 2 floor, the flat has 2 bathrooms, 2 balcony in carpet area of 104 sqyrd. You will also find 1 Covered parking facility. The apartment comes furnished with power back up, reserved parking, security. The full address of the apartment is Kudasan,Gandhinagar, Kudasan, Gandhinagar, Gujarat.",23999,48000,1500,17,2,1 Covered,No,No,No,,True,True,Agent,98,Immediately,2026-04-17T23:45:18.000Z,Yesterday,True
UmzKw0iel1tzpSvf+uAgZw==,Magicbricks,https://www.magicbricks.com/property-details/2-BHK-171-Sq-yrd-Multistorey-Apartment-FOR-Rent-Raysan-in-Gandhinagar&id=4d423831333739363631,2026-04-19 13:51:41,23.16672,72.66059,,Raysan,"Raysan,Gandhinagar",19210|GNLU Metro Station|5 minutes,,,Apartment,Unfurnished,9,13,East,171,Sq-yrd,New Construction,"Sagar Dynamic offers green living spaces that echo your emotional resonance. Spacious homes set amongst verdant nature invite you to wind down the hustle and bustle of daily life with ease. Located in Raysan, a perfect balance between bustling Ahmedabad city and the panoramic capital Gandhinagar, Sagar Dynamic is nearby PDPU road, seamlessly connecting the best of both worlds",19000,19000,0,12,2,1 Covered,No,No,No,,False,True,Agent,100,Immediately,2026-04-18T23:45:32.000Z,Today,True
+tI0j7nwjbxzpSvf+uAgZw==,Magicbricks,https://www.magicbricks.com/property-details/2-BHK-127-Sq-yrd-Multistorey-Apartment-FOR-Rent-Gandhinagar-in-Gandhinagar&id=4d423831363932313735,2026-04-19 13:51:41,23.0395677,72.5660045,,Gandhinagar,vedika happy valley,,,,Apartment,Semi-Furnished,2,5,North - East,127,Sq-yrd,5 to 10 years,"this property is near by Giftcity pdpu nfsu college. this property is semi furnished. this property is for bachlour. A beautiful 2 BHK flat is available for rent in Gandhinagar. The flat is available for rent at a competitive amount of ₹22,000. The flat is on the 2 floor and includes 2 bathrooms, 1 balcony with a carpet area of 88 sqyrd. The residence includes power back up, reserved parking, security, service/goods lift, ro water system.",22000,22000,1500,19,2,,Yes,No,No,"Service/Goods Lift, Laundry Service, RO Water System, Outdoor Tennis Courts",False,True,Agent,80,Immediately,2026-04-17T23:45:19.000Z,Yesterday,True
Vgejbhf+eJtzpSvf+uAgZw==,Magicbricks,https://www.magicbricks.com/property-details/2-BHK-165-Sq-yrd-Multistorey-Apartment-FOR-Rent-Sargasan-in-Gandhinagar&id=4d423834323938333235,2026-04-19 13:51:41,23.1848805,72.615856,,Sargasan,sargasan x road,,,,Apartment,Semi-Furnished,3,14,North - East,165,Sq-yrd,New Construction,"This society is located on the main road, there is a school, a dmart hospital. If you are planning to rent a flat, you can consider this 2 BHK flat situated in the prime location of Sargasan. Available at a rental price of ₹22,000, this 2 BHK flat is worth considering. The flat is on the 3 floor and includes 2 bathrooms, 1 balcony with a covered area of 165 sqyrd. The flat comes with power back up, security, ro water system. Visit the flat at Cross Roads, Behind Sahjanand School of Achiever, near Sargasan, Sargasan, Gandhinagar, Gujarat .",22000,22000,,15,2,,Yes,No,No,RO Water System,False,True,Agent,78,Immediately,2026-04-18T08:53:31.000Z,Yesterday,True
8ENEwE056C1zpSvf+uAgZw==,Magicbricks,https://www.magicbricks.com/property-details/2-BHK-147-Sq-ft-Multistorey-Apartment-FOR-Rent-Gandhinagar-in-Gandhinagar&id=4d423732353733303937,2026-04-19 13:51:41,23.0395677,72.5660045,,Gandhinagar,"Gandhinagar, Gujarat",,,,Apartment,Semi-Furnished,2,5,North,147,Sq-ft,5 to 10 years,"You can avail the 2 BHK flat for rent in the well-known location of Gandhinagar. The rent of the 2 BHK flat is ₹18,000. The flat is located on the 2 floor which includes 2 bathrooms, 1 balcony, and covers a covered area of 147 sqft. The flat comes with power back up, reserved parking, security. Visit the flat at Gandhinagar,gujarat,India..",18000,18000,1500,122,2,,Yes,No,No,Banquet Hall,True,True,Agent,53,Immediately,2026-04-16T23:45:22.000Z,"Apr 17, '26",True
PFwDxMOIjs1zpSvf+uAgZw==,Magicbricks,https://www.magicbricks.com/property-details/2-BHK-1900-Sq-ft-Multistorey-Apartment-FOR-Rent-Kudasan-in-Gandhinagar&id=4d423736343739363233,2026-04-19 13:51:41,23.1698784,72.6232479,,Kudasan,"Near hotel prominent, kudasan",,,,Apartment,Furnished,3,7,East,1900,Sq-ft,New Construction,"costumers dream , A higher quality of living If you are searching a 2 BHK apartment for rent in Kudasan, check out this amazing rental flat. Available at a rental price of ₹22,000, this 2 BHK flat is worth considering. Located on the 3 floor, the flat comprises 2 bathrooms, 1 balcony, and has a carpet area of 1200 sqft. The property features power back up, reserved parking, security, service/goods lift, visitor parking. The flat can be visited at Opp. Radhe 111, Prominent Hotel Rd, Urjanagar 1, B/S, Kudasan, Gujarat .",22000,,,12,2,,Yes,No,No,"Service/Goods Lift, Visitor Parking, Jogging and Strolling Track, Outdoor Tennis Courts",True,True,Agent,76,Immediately,2026-04-17T23:45:20.000Z,Yesterday,True
IpjnWizzFDFzpSvf+uAgZw==,Magicbricks,https://www.magicbricks.com/property-details/2-BHK-1530-Sq-ft-Multistorey-Apartment-FOR-Rent-Koba-in-Gandhinagar&id=4d423832313237383437,2026-04-19 13:51:41,23.150331,72.640657,,Fixinfra Realtors,"Koba,Gandhinagar",,,,Apartment,Unfurnished,4,13,North - East,1530,Sq-ft,New Construction,"Keshvam Skycity in the KobaRaysan area of Gandhinagar by Swaminarayan Group is a gated residential complex offering modern 2 and 3BHK apartments with premium finishes, excellent connectivity via the GIFT City highway and upcoming metro station, and a wide range of lifestyle amenities like a clubhouse, gym, playzones and landscaped gardens.",17000,17000,1000,11,2,1 Covered,Yes,Yes,No,Jogging and Strolling Track,False,True,Agent,100,Immediately,2026-04-17T23:45:19.000Z,Yesterday,True
Tg0IshcMl4xzpSvf+uAgZw==,Magicbricks,https://www.magicbricks.com/property-details/2-BHK-165-Sq-yrd-Multistorey-Apartment-FOR-Rent-Sargasan-in-Gandhinagar&id=4d423833393337353237,2026-04-19 13:51:41,23.1848805,72.615856,,Sargasan,"Sargasan,Gandhinagar",,,,Apartment,Semi-Furnished,5,9,East,165,Sq-yrd,New Construction,"Gymnasium Jogging and Strolling Track Lift Piped Gas Power Back Up Reserved Parking Security Swimming Pool Find 2 BHK flat for rent in Sargasan Gandhinagar. Available at a rental price of ₹23,000, this 2 BHK flat is worth considering. Live in this lovely flat and get access to various useful facilities such as 1 Wardrobe, 1 Bed and Gas Connection. The flat is located on the 5 floor which includes 2 bathrooms, 1 balcony, and covers a carpet area of 120 sqft. 1 Covered, 1 Open parking facility are also available. The property features power back up, reserved parking, security. This flat is located at B/H Aashaka Hospital, Sargasan, Gandhinagar, Gujarat .",23000,23000,1500,15,2,"1 Covered, 1 Open",Yes,Yes,No,Jogging and Strolling Track,False,True,Agent,100,Immediately,2026-04-17T23:45:21.000Z,Yesterday,True
KmZPBNXlBdZzpSvf+uAgZw==,Magicbricks,https://www.magicbricks.com/property-details/2-BHK-107-Sq-yrd-Multistorey-Apartment-FOR-Rent-Sargasan-in-Gandhinagar&id=4d423638323930333631,2026-04-19 13:51:41,23.1848805,72.615856,,Sargasan,"Sargasan,Gandhinagar",,,,Apartment,Unfurnished,3,5,East,107,Sq-yrd,Less than 5 years,"2bhk furnished flat in swagat afford. family and working person bacholers allowed. Grab the chance to own this affordable 2 BHK flat for rent in the Sargasan area. The apartment is available at an affordable rental price of ₹23,000. Some attractive additional facilities available with the flat are 2 Wardrobe, 2 Bed, Fridge, 1 AC, Sofa and Gas Connection. The flat is on the 3 floor and includes 2 bathrooms, 1 balcony with a carpet area of 75 sqyrd. 1 Covered, 1 Open parking facility are also available. The apartment comes furnished with reserved parking, security, service/goods lift, visitor parking, ro water system. The address is Nr. info city & TCS IT park, sargasan circle, sargasan, gandhinagar..",23000,40000,0,24,2,"1 Covered, 1 Open",No,No,No,"Laundry Service, RO Water System, Jogging and Strolling Track, Outdoor Tennis Courts",False,True,Agent,100,Immediately,2026-04-18T23:45:34.000Z,Today,True
AxU7dGHpbCpzpSvf+uAgZw==,Magicbricks,https://www.magicbricks.com/property-details/2-BHK-141-Sq-yrd-Multistorey-Apartment-FOR-Rent-Sargasan-in-Gandhinagar&id=4d423832383833303937,2026-04-19 13:51:41,23.1848805,72.615856,,Sargasan,swagat pelican,,,,Apartment,Semi-Furnished,9,11,East,141,Sq-yrd,5 to 10 years,"2 BHK apartment is available on rent in Sargasan Gandhinagar right away. You can get this flat at monthly rent of ₹23,000. Get access to smart facilities such as 1 Wardrobe simply by choosing this flat for rent. The apartment is on the 9 floor, has a carpet area of 85 sqyrd with 2 bathrooms and 2 balcony. 1 Covered parking facility are also available. This residential building features 11 floor and ensures Kids Play Pool With Water Slides comfort. This flat is fitted with power back up, reserved parking, security. The full address of the apartment is SG Highway, Ahmedabad..",23000,46000,0,18,2,1 Covered,Yes,No,No,Jogging and Strolling Track,False,True,Agent,100,Immediately,2026-04-18T23:45:33.000Z,Today,True
2lyYG2cirpRzpSvf+uAgZw==,Magicbricks,https://www.magicbricks.com/property-details/2-BHK-125-Sq-yrd-Multistorey-Apartment-FOR-Rent-Kudasan-in-Gandhinagar&id=4d423833373139373735,2026-04-19 13:51:41,23.1698784,72.6232479,,Kudasan,"Gandhinagar, Gujarat",,,,Apartment,Unfurnished,2,5,North - East,125,Sq-yrd,5 to 10 years,"A beautiful 2 BHK flat is available for rent in Kudasan. You can get this flat at monthly rent of ₹19,000. Located on the 2 floor, the flat comprises 2 bathrooms, 1 balcony, and has a carpet area of 98 sqft. 1 Covered, 1 Open parking facility are also available. The apartment comes furnished with power back up, security. The address is Near Pramukh Arcade, Next to Suyash Elegance, Beside Umiy Gandhinagar, Gandhinagar Bypass Rd, Urjana.",19000,32000,1500,17,2,"1 Covered, 1 Open",Yes,No,No,"Jogging and Strolling Track, Outdoor Tennis Courts",False,True,Agent,88,Immediately,2026-04-17T23:45:21.000Z,Yesterday,True
dHMN+F7aj6JzpSvf+uAgZw==,Magicbricks,https://www.magicbricks.com/property-details/2-BHK-115-Sq-yrd-Multistorey-Apartment-FOR-Rent-Sargasan-in-Gandhinagar&id=4d423833353737383031,2026-04-19 13:51:41,23.1848805,72.615856,,Sargasan,"Sargasan,Gandhinagar",,,,Apartment,Furnished,3,7,East,115,Sq-yrd,Less than 5 years,"Sarthak Era is a completed residential project located in the Sargasan area of Gandhinagar, A beautiful 2 BHK flat is available for rent in Sargasan. This 2 BHK flat is available at the reasonable rent amount of ₹24,000. If you rent the flat, you will have access to facilities like 2 Wardrobe, 2 Bed, 1 TV, Fridge, 1 AC, Sofa and Gas Connection. The flat is located on the 3 floor which includes 2 bathrooms, 1 balcony, and covers a carpet area of 75 sqyrd. 1 Covered, 1 Open parking facility are also available. The property consists of 7 floor and offers Kids Club conveniences. The property features power back up, reserved parking, security. Visit the flat at opp. surya retreat mahatma mandir KH road sarghasan, gandhinagar.",24000,48000,2250,23,2,"1 Covered, 1 Open",No,No,No,,True,True,Agent,80,Immediately,2026-04-18T23:45:34.000Z,Today,True
H48NXCuFDlxzpSvf+uAgZw==,Magicbricks,https://www.magicbricks.com/property-details/2-BHK-146-Sq-yrd-Multistorey-Apartment-FOR-Rent-Gandhinagar-in-Gandhinagar&id=4d423832303337393833,2026-04-19 13:51:41,23.0395677,72.5660045,,Gandhinagar,"Gandhinagar, Gujarat",,,,Apartment,Furnished,6,8,,146,Sq-yrd,5 to 10 years,"A beautiful 2 BHK flat is available for rent in Gandhinagar. ₹24,000 is the monthly rent of this 2 BHK flat. The building comprises 8 floor and includes Early Learning Centre features. This flat is located at Opposite pratik mall, Koba-Gandhinagar highway, Kudasan, Gandhinagar.",24000,48000,0,18,2,,No,No,No,,True,True,Agent,38,Immediately,2026-04-18T23:45:34.000Z,Today,True
UmnOXUlBewtzpSvf+uAgZw==,Magicbricks,https://www.magicbricks.com/property-details/2-BHK-1269-Sq-ft-Multistorey-Apartment-FOR-Rent-Sargasan-in-Gandhinagar&id=4d423833373336363131,2026-04-19 13:51:41,23.1848805,72.615856,,Sargasan,"swagat pelican, Sargasan, Gandhinagar",,,,Apartment,Semi-Furnished,9,12,North - East,1269,Sq-ft,Less than 5 years,"Check out this newly constructed 2 BHK flat on rent in the prime location of Sargasan Gandhinagar. Available at a rental price of ₹20,000, this 2 BHK flat is worth considering. Get access to smart facilities such as Gas Connection simply by choosing this flat for rent. Located on the 9 floor, the flat comprises 2 bathrooms, 2 balcony, and has a carpet area of 950 sqft. The property includes 1 Covered parking. This property features 12 floor and offers a range of Kids Play Pool With Water Slides facilities. The apartment comes furnished with power back up, reserved parking, security. The flat can be visited at SG Highway, Ahmedabad..",20000,20000,1500,16,2,1 Covered,Yes,No,No,Jogging and Strolling Track,True,True,Agent,80,Immediately,2026-04-18T23:45:34.000Z,Today,True
scj7m8aySCtzpSvf+uAgZw==,Magicbricks,https://www.magicbricks.com/property-details/2-BHK-1350-Sq-ft-Multistorey-Apartment-FOR-Rent-Raysan-in-Gandhinagar&id=4d423834303831333837,2026-04-19 13:51:41,23.16672,72.66059,,Raysan,"Sagar Dynamic Survey No. 421P, F.P. No. 2222, T.P. No. 18, Near Raysan Petrol Pump, Opposite Priya Farm, 80m Road, Ra",19210|GNLU Metro Station|5 minutes,,,Apartment,Unfurnished,1,5,North,1350,Sq-ft,5 to 10 years,"Grab the chance to own this affordable 2 BHK flat for rent in the Raysan area. The rent of the 2 BHK flat is ₹18,000. Located on the 1 floor, the flat comprises 2 bathrooms, 1 balcony, and has a carpet area of 666 sqft. 1 Covered, 1 Open parking space is also available. This home provides power back up, security, air conditioned. This flat is located at Survey No. 421/ P, F.P. No.22/2/2, Gandhinagar, Gandhinagar, Gujarat.",18000,36000,0,13,2,"1 Covered, 1 Open",Yes,No,No,Air Conditioned,False,True,Agent,100,Immediately,2026-04-16T23:45:23.000Z,"Apr 17, '26",True
AHyNS5qa9XZzpSvf+uAgZw==,Magicbricks,https://www.magicbricks.com/property-details/2-BHK-1440-Sq-ft-Multistorey-Apartment-FOR-Rent-Sargasan-in-Gandhinagar&id=4d423833393732343635,2026-04-19 13:51:41,23.1848805,72.615856,,Sargasan,Sargasan,,,,Apartment,Semi-Furnished,,,East,1440,Sq-ft,New Construction,"2 BHK flat is available for rent in Sargasan immediately. The rent of the 2 BHK flat is ₹22,500. 1 Covered parking space is also available. This property offers power back up, reserved parking, security. Visit the apartment at Sargasan, Sargasan, Gandhinagar, Gujarat.",22500,45000,0,16,2,1 Covered,Yes,No,No,"Jogging and Strolling Track, Outdoor Tennis Courts",True,True,Agent,100,Immediately,2026-04-17T23:45:21.000Z,Yesterday,True
w536GSk3iR9zpSvf+uAgZw==,Magicbricks,https://www.magicbricks.com/property-details/2-BHK-170-Sq-yrd-Multistorey-Apartment-FOR-Rent-Kudasan-in-Gandhinagar&id=4d423735333733383837,2026-04-19 13:51:41,23.1698784,72.6232479,,Kudasan,Near Swaminarayan Temple,,,,Apartment,Furnished,7,8,East,170,Sq-yrd,5 to 10 years,"Good Maintain Society, Good Locality All Family Members Only in Society Near By Swaminarayan Temple 2 BHK apartment is available on rent in Kudasan Gandhinagar right away. This 2 BHK flat is available at the reasonable rent amount of ₹25,000. The apartment is on the 7 floor, has a carpet area of 125 sqyrd with 2 bathrooms and 2 balcony. You will also find 1 Covered parking facility. The apartment comes furnished with reserved parking, security, service/goods lift, air conditioned, intercom facility. The address is Opp. SwaminarayanDham, Dholeshwar Mahadev Rd, Kudasan, Gujarat .",25000,50000,1500,16,2,1 Covered,Yes,No,No,"Service/Goods Lift, Air Conditioned, Internet/Wi-Fi Connectivity, Banquet Hall",False,True,Agent,100,Immediately,2026-04-16T11:07:17.000Z,"Apr 16, '26",True
2SOr4yBPkpxzpSvf+uAgZw==,Magicbricks,https://www.magicbricks.com/property-details/2-BHK-150-Sq-yrd-Multistorey-Apartment-FOR-Rent-Kudasan-in-Gandhinagar&id=4d423833373236373437,2026-04-19 13:51:41,23.1698784,72.6232479,,Kudasan,"Gandhinagar, Gujarat",,,,Apartment,Furnished,3,5,North,150,Sq-yrd,5 to 10 years,"best society If you are searching a 2 BHK apartment for rent in Kudasan, check out this amazing rental flat. The 2 BHK apartment is available at a reasonable rent of ₹24,000. The flat is on the 3 floor and includes 2 bathrooms, 2 balcony with a carpet area of 85 sqyrd. The apartment is equipped with power back up, reserved parking, security, service/goods lift, air conditioned, intercom facility. The full address of the apartment is Next to Radhe Arcade and Residency, Gandhinagar - Ahmedabad Rd, near Hotel A, Urjanagar 1, Kudasan, .",24000,24000,0,18,2,,No,No,No,"Air Conditioned, Laundry Service, Bar/Lounge, Jogging and Strolling Track",False,True,Agent,78,Immediately,2026-03-11T04:52:41.000Z,"Mar 11, '26",True
Yb+hayOIi2NzpSvf+uAgZw==,Magicbricks,https://www.magicbricks.com/property-details/2-BHK-145-Sq-yrd-Multistorey-Apartment-FOR-Rent-Koba-in-Gandhinagar&id=4d423833373737373739,2026-04-19 13:51:41,23.150331,72.640657,,City Estate Management ,"PDPU Cross Road, Koba,Gandhinagar",,,,Apartment,Semi-Furnished,3,8,East,145,Sq-yrd,5 to 10 years,"A quiet and beautiful Apartment located in heart of the city is available on rent in Gandhinagar. Property is nicely located with all facilities nearby such as market, hospital, mother dairy, shopping mall, bus stand etc. Sector is very posh and premium.",16500,33000,0,13,2,1 Covered,No,No,No,,True,True,Agent,80,Immediately,2026-03-14T07:34:22.000Z,"Mar 14, '26",True
cHtVZ4ycUaFzpSvf+uAgZw==,Magicbricks,https://www.magicbricks.com/property-details/2-BHK-1307-Sq-ft-Multistorey-Apartment-FOR-Rent-in-Gandhinagar&id=4d423739333233343733,2026-04-19 13:51:41,,,,Best Boy Realtors,Radhe crystal,,,,Apartment,Furnished,4,5,,1307,Sq-ft,10 to 15 years,"Grab the chance to own this affordable 2 BHK flat for rent in the Radhe Crystal Kaudasan area. The multistorey apartment is available at rent of ₹25,000. The flat is located on the 4 floor which includes 2 bathrooms, 1 balcony, and covers a carpet area of 928 sqft. The residence includes power back up, security, intercom facility.",25000,50000,0,19,2,,Yes,No,No,"Intercom Facility, Laundry Service",True,True,Agent,74,Immediately,2026-04-16T17:22:27.000Z,"Apr 16, '26",True
Dv6GSWr3bblzpSvf+uAgZw==,Magicbricks,https://www.magicbricks.com/property-details/2-BHK-1008-Sq-yrd-Multistorey-Apartment-FOR-Rent-Gandhinagar-in-Gandhinagar&id=4d423834333031363937,2026-04-19 13:51:41,23.0395677,72.5660045,,Gandhinagar,"Gandhinagar,Gandhinagar",,,,Apartment,Furnished,4,5,North - East,1008,Sq-yrd,10 to 15 years,"Security Gated society with 247 security personnel and intercom.Power Water Full power backup and 24hour water supply.Parking Includes one reserved CoveredOpen parking spot.Leisure Access to a landscaped garden, childrens play area, and lifts. Near SMVS Swaminarayan Hospital, DMart, and major schools, Gift City, Tcs,",20000,40000,0,2,2,1 Covered,Yes,No,No,Jogging and Strolling Track,True,True,Agent,78,Select Date,2026-04-18T11:06:57.000Z,Yesterday,True
gk5W0jyZdeVzpSvf+uAgZw==,Magicbricks,https://www.magicbricks.com/property-details/2-BHK-145-Sq-yrd-Multistorey-Apartment-FOR-Rent-Raysan-in-Gandhinagar&id=4d423735303733303533,2026-04-19 13:51:41,23.16672,72.66059,,Raysan,capitol crown,19210|GNLU Metro Station|5 minutes,,,Apartment,Semi-Furnished,3,9,North - West,145,Sq-yrd,New Construction,"2bhk Flats good locality and good location in kudasan gandhinafar If you are planning to rent a flat, you can consider this 2 BHK flat situated in the prime location of Raysan. This 2 BHK flat is available at the reasonable rent amount of ₹16,000. Located on the 3 floor, the flat has 2 bathrooms, 1 balcony in carpet area of 87 sqyrd. You will also find 1 Covered parking facility. This residential building features 9 floor and ensures Kids play area comfort. This home provides power back up, reserved parking, security. You can visit the flat at Nr BAPS School, B/H IOC Petrol Pump, Raysan Rd, Raysan, Gujarat .",16000,16000,1200,12,2,1 Covered,Yes,No,No,Jogging and Strolling Track,True,True,Agent,78,Immediately,2026-04-15T12:34:27.000Z,"Apr 15, '26",True
/tWv148CZmtzpSvf+uAgZw==,Magicbricks,https://www.magicbricks.com/property-details/2-BHK-141-Sq-yrd-Multistorey-Apartment-FOR-Rent-Pethapur-in-Gandhinagar&id=4d423833383135353537,2026-04-19 13:51:41,23.264967,72.6679214,,Pethapur,"Gandhinagar, Gujarat",,,,Apartment,Unfurnished,4,7,North,,,New Construction,"Multistorey apartment is available for rent. It has a carpet area of 141 sq-yard, it is 2 BHK apartment. Please contact for more details. You can avail the 2 BHK flat for rent in the well-known location of Pethapur. This 2 BHK flat is available at the reasonable rent amount of ₹15,000. Located on the 4 floor, the flat comprises 2 bathrooms, 1 balcony, and has a carpet area of 141 sqyrd. You will also find 1 Covered parking facility. This flat is fitted with power back up, reserved parking, security, service/goods lift.",15000,15000,,,2,1 Covered,Yes,No,No,"Service/Goods Lift, Banquet Hall, Bar/Lounge, Jogging and Strolling Track",False,True,Agent,86,Immediately,2026-03-17T05:30:30.000Z,"Mar 17, '26",True
vJNL3GklixFzpSvf+uAgZw==,Magicbricks,https://www.magicbricks.com/property-details/2-BHK-165-Sq-yrd-Multistorey-Apartment-FOR-Rent-Sargasan-in-Gandhinagar&id=4d423832363835363837,2026-04-19 13:51:41,23.1848805,72.615856,,Sargasan,"Sarthak Flat,Near Sargasan Cross Road",,,,Apartment,Furnished,1,5,East,165,Sq-yrd,5 to 10 years,"Furnished property located at Sargasan. Prime location, Available only rental for Family. Best Residential Scheme in this Area for peaceful living and environment. A beautiful 2 BHK flat is available for rent in Sargasan. This 2 BHK flat is available at the reasonable rent amount of ₹19,500. The flat comes with some add-on facilities such as 2 Wardrobe, 2 Bed, 1 TV, Fridge, 1 AC, Sofa, Washing Machine and Gas Connection. The apartment is on the 1 floor, has a carpet area of 111 sqyrd with 2 bathrooms and 2 balcony. You will also find 1 Covered parking facility. This home provides power back up, reserved parking, security. The flat can be visited at Sarthak Flat,Near Sargasan Cross Road, Sargasan, Gandhinagar, Gujarat.",19500,39000,1500,13,2,1 Covered,No,No,No,,False,True,Agent,98,Immediately,2026-03-09T07:58:14.000Z,"Mar 09, '26",True
EW4RZ5RsJQBzpSvf+uAgZw==,Magicbricks,https://www.magicbricks.com/property-details/2-BHK-862-Sq-ft-Multistorey-Apartment-FOR-Rent-GIFT-City-in-Gandhinagar&id=4d423831323438333231,2026-04-19 13:51:41,23.1587037,72.6837981,,GIFT City,"GIFT City, Gandhinagar",,,,Apartment,Furnished,21,22,North - East,862,Sq-ft,Less than 5 years,"Very good location , open to sky view , you can watch all the ocncert like iifa awards , diljit dosanj and every vvip events from the top floor. Find 2 BHK flat for rent in GIFT City Gandhinagar. The apartment is available at an affordable rental price of ₹50,000. Get access to smart facilities such as 2 Wardrobe, 2 Bed, 1 TV, Fridge, Microwave, 3 AC, Sofa, Washing Machine, Dining Table and Gas Connection simply by choosing this flat for rent. The flat is on the 21 floor and includes 2 bathrooms, 2 balcony with a carpet area of 440 sqft. There is also facility of 1 Covered parking. This flat is fitted with power back up, reserved parking, security. The flat can be visited at GIFT City, Gandhinagar.",50000,100000,0,58,2,1 Covered,Yes,No,No,Jogging and Strolling Track,False,True,Agent,100,Immediately,2026-04-18T23:45:33.000Z,Today,True
IkSm3z6+6FFzpSvf+uAgZw==,Magicbricks,https://www.magicbricks.com/property-details/2-BHK-1090-Sq-ft-Multistorey-Apartment-FOR-Rent-GIFT-City-in-Gandhinagar&id=4d423834303234313431,2026-04-19 13:51:41,23.1587037,72.6837981,,GIFT City,"Gandhinagar, Gujarat",,,,Apartment,Furnished,9,33,North,1090,Sq-ft,5 to 10 years,"nice flat A beautiful 2 BHK flat is available for rent in GIFT City. The apartment is available at an affordable rental price of ₹45,000. Located on the 9 floor, the flat has 2 bathrooms, 2 balcony in covered area of 1090 sqft. This home provides power back up, security, service/goods lift. The apartment is located at Block 41, Zone - 04, Shram Marg (Road 4B, Near Indian Oil Petrol Pump, Gujarat International Finance Tec-City, Gandhinagar, Gujarat.",45000,90000,0,41,2,,Yes,No,No,Service/Goods Lift,True,True,Agent,88,Immediately,2026-04-18T23:45:34.000Z,Today,True
zM77ZEspP7BzpSvf+uAgZw==,Magicbricks,https://www.magicbricks.com/property-details/2-BHK-1090-Sq-ft-Multistorey-Apartment-FOR-Rent-GIFT-City-in-Gandhinagar&id=4d423832323739373637,2026-04-19 13:51:41,23.1587037,72.6837981,,GIFT City,"Gandhinagar, Gujarat",,,,Apartment,Furnished,14,33,,1090,Sq-ft,New Construction,"If you are searching a 2 BHK apartment for rent in GIFT City, check out this amazing rental flat. Available at a rental price of ₹45,000, this 2 BHK flat is worth considering. The flat is located on the 14 floor which includes 2 bathrooms, 2 balcony, and covers a covered area of 1090 sqft. You can visit the flat at Block 41, Zone - 04, Shram Marg (Road 4B, Near Indian Oil Petrol Pump, Gujarat International Finance Tec-City, Gandhinagar, Gujarat. This is a no-brokerage flat, as the owner is offering this 2 BHK flat on rent.",45000,45000,5000,41,2,,No,No,No,,False,True,Owner,53,Immediately,2026-04-05T23:37:47.000Z,"Apr 06, '26",True
esTNJeeYRShzpSvf+uAgZw==,Magicbricks,https://www.magicbricks.com/property-details/2-BHK-862-Sq-ft-Multistorey-Apartment-FOR-Rent-GIFT-City-in-Gandhinagar&id=4d423833383330373437,2026-04-19 13:51:41,23.1587037,72.6837981,,GIFT City,"GIFT City,Gandhinagar",,,,Apartment,Semi-Furnished,3,22,East,862,Sq-ft,2016,"Sangath IPL also offers a residential perspective within the wellplanned environment of GIFT City near Ahmedabad. As a residential setting, it benefits from the smart city infrastructure of GIFT City, which includes wide roads, underground utilities, 247 power and water supply, and advanced security systems.",45000,500000,2,52,2,1 Covered,No,No,No,,True,True,Agent,78,Immediately,2026-03-18T05:46:37.000Z,"Mar 18, '26",True
i4L/NsdnTwtzpSvf+uAgZw==,Magicbricks,https://www.magicbricks.com/property-details/2-BHK-1135-Sq-ft-Multistorey-Apartment-FOR-Rent-GIFT-City-in-Gandhinagar&id=4d423831333231323231,2026-04-19 13:51:41,23.1587037,72.6837981,,GIFT City,Shobha Dream Heights,,,,Apartment,Furnished,26,30,West,1135,Sq-ft,New Construction,Gandhinagars most popular society sobha dream heights in gift city offers 2 bhk apartment. Property has 630 sq.Ft. Carpet area with 2 bathrooms 1 balcony attached. This property is constructed on 1095 sq.Ft. Extra space for others. You also get 1 covered parking inside the premises located on 26th of 30 floor. This is a ready to move property,42000,84000,0,37,2,1 Covered,Yes,Yes,No,Jogging and Strolling Track,False,True,Agent,100,Immediately,2026-02-25T09:25:44.000Z,"Feb 25, '26",True
2Y6AWt5ziutzpSvf+uAgZw==,Magicbricks,https://www.magicbricks.com/property-details/2-BHK-312-Sq-yrd-Multistorey-Apartment-FOR-Rent-Randesan-in-Gandhinagar&id=4d423833383339303035,2026-04-19 13:51:41,23.17588,72.65443,,Randesan,"Gandhinagar, Gujarat",,,,Apartment,Furnished,4,8,East,312,Sq-yrd,New Construction,"A multistorey apartment is available for rent. It is a good location. Please contact for more details. You can avail the 2 BHK flat for rent in the well-known location of Randesan. The rent of the 2 BHK flat is ₹50,000. Located on the 4 floor, the flat comprises 2 bathrooms, 1 balcony, and has a carpet area of 200 sqyrd. The residence includes power back up, reserved parking, security, service/goods lift, air conditioned, ro water system. This flat is located at Randesan, Gandhinagar, Gujarat .",50000,100000,0,18,2,,No,No,No,"Air Conditioned, Banquet Hall, Bar/Lounge, Jogging and Strolling Track",True,True,Agent,75,Immediately,2026-03-18T11:31:29.000Z,"Mar 18, '26",True
9r09GDouLhBzpSvf+uAgZw==,Magicbricks,https://www.magicbricks.com/property-details/2-BHK-724-Sq-yrd-Multistorey-Apartment-FOR-Rent-GIFT-City-in-Gandhinagar&id=4d423833393838313233,2026-04-19 13:51:41,23.1587037,72.6837981,,GIFT City,gandhinagar gift city,,,,Apartment,Furnished,17,35,East,724,Sq-yrd,Less than 5 years,"this is nice location near you gandhinagar bank If you are planning to rent a flat, you can consider this 2 BHK flat situated in the prime location of GIFT City. The rent of the 2 BHK flat is ₹45,000. There is also facility of 2 Open parking. This flat is fitted with power back up, reserved parking, security, service/goods lift, air conditioned, intercom facility, ro water system. Visit the apartment at Sangath Smart Life, GIFT City, Gandhinagar, Gujrat .",45000,90000,3500,7,2,2 Open,No,No,No,"Air Conditioned, Banquet Hall, Bar/Lounge, Jogging and Strolling Track",True,True,Agent,100,Immediately,2026-03-29T13:37:06.000Z,"Mar 29, '26",True
qq0kVhy08TVzpSvf+uAgZw==,Magicbricks,https://www.magicbricks.com/property-details/2-BHK-1410-Sq-ft-Multistorey-Apartment-FOR-Rent-GIFT-City-in-Gandhinagar&id=4d423833373033313835,2026-04-19 13:51:41,23.1587037,72.6837981,,GIFT City,"Gandhinagar, Gujarat",,,,Apartment,Furnished,15,20,North - East,1410,Sq-ft,New Construction,"Check out this newly constructed 2 BHK flat on rent in the prime location of GIFT City Gandhinagar. The apartment is available at an affordable rental price of ₹45,000. Located on the 15 floor, the flat has 2 bathrooms, 1 balcony in covered area of 1410 sqft. The property features power back up, reserved parking, security, service/goods lift, air conditioned, intercom facility, ro water system. The apartment is located at Sangath Smart Life, GIFT City, Gandhinagar, Gujrat .",45000,45000,0,32,2,,No,No,No,"Air Conditioned, Banquet Hall, Bar/Lounge, Jogging and Strolling Track",False,True,Agent,73,Immediately,2026-03-09T08:12:47.000Z,"Mar 09, '26",True
GhNeRb4998ZzpSvf+uAgZw==,Magicbricks,https://www.magicbricks.com/property-details/2-BHK-1210-Sq-ft-Multistorey-Apartment-FOR-Rent-GIFT-City-in-Gandhinagar&id=4d423833393734333537,2026-04-19 13:51:41,23.1587037,72.6837981,,GIFT City,Gift city.,,,,Apartment,Furnished,18,33,North - East,1210,Sq-ft,New Construction,"You can avail the 2 BHK flat for rent in the well-known location of GIFT City. The flat is available for rent at a competitive amount of ₹42,000. Located on the 18 floor, the flat has 2 bathrooms, 2 balcony in covered area of 1210 sqft. 1 Covered, 1 Open parking space is also available. This property offers power back up, reserved parking, security, service/goods lift, air conditioned, intercom facility, ro water system. Visit the flat at Block 41, Zone - 04, Shram Marg (Road 4B, Near Indian Oil Petrol Pump, Gujarat International Finance Tec-City, Gandhinagar, Gujarat.",42000,84000,0,35,2,"1 Covered, 1 Open",No,No,No,"Air Conditioned, Banquet Hall, Bar/Lounge, Jogging and Strolling Track",True,True,Agent,100,Immediately,2026-03-28T11:48:08.000Z,"Mar 28, '26",True
nAcEaQzoVuhzpSvf+uAgZw==,Magicbricks,https://www.magicbricks.com/property-details/2-BHK-1410-Sq-ft-Multistorey-Apartment-FOR-Rent-GIFT-City-in-Gandhinagar&id=4d423833363230303435,2026-04-19 13:51:41,23.1587037,72.6837981,,GIFT City,"Gandhinagar, Gujarat",,,,Apartment,Furnished,15,22,,1410,Sq-ft,New Construction,"Multistorey apartment is available for rent. It is a good location property. Please contact for more details. A beautiful 2 BHK flat is available for rent in GIFT City. This 2 BHK flat is available at the reasonable rent amount of ₹45,000. Find this apartment at Sangath Smart Life, GIFT City, Gandhinagar, Gujrat . This 2 BHK apartment ad is listed by the owner, so there is no brokerage fee.",45000,,,32,2,,No,No,No,,False,False,Owner,36,Immediately,2026-03-02T13:36:47.000Z,"Mar 02, '26",True
Q7RUSmga4QtzpSvf+uAgZw==,Magicbricks,https://www.magicbricks.com/property-details/2-BHK-1141-Sq-ft-Multistorey-Apartment-FOR-Rent-GIFT-City-in-Gandhinagar&id=4d423735333939323837,2026-04-19 13:51:41,23.1587037,72.6837981,,GIFT City,"Gandhinagar, Gujarat",,,,Apartment,Furnished,29,33,East,1141,Sq-ft,New Construction,"Find 2 BHK flat for rent in GIFT City Gandhinagar. The Rent amount of this 2 BHK apartment is set at an attractive price of ₹55,000. The flat is on the 29 floor and includes 2 bathrooms, 3 balcony with a carpet area of 630 sqft. The flat can be visited at Block 41, Zone - 04, Shram Marg (Road 4B, Near Indian Oil Petrol Pump, Gujarat International Finance Tec-City, Gandhinagar, Gujarat. The owner has posted this 2 BHK flat for rent, so the brokerage fees is zero on this multistorey apartment.",55000,,,48,2,,No,Yes,No,Outdoor Tennis Courts,False,False,Owner,71,Immediately,2026-04-13T16:40:03.000Z,"Apr 13, '26",True
ChRTUdPKpBZzpSvf+uAgZw==,Magicbricks,https://www.magicbricks.com/property-details/2-BHK-777-Sq-ft-Multistorey-Apartment-FOR-Rent-GIFT-City-in-Gandhinagar&id=4d423834313931353137,2026-04-19 13:51:41,23.1587037,72.6837981,,GIFT City,"SJ Sangath Smart Life, GIFT City",,,,Apartment,Furnished,19,21,,777,Sq-ft,New Construction,"Find this 2 BHK rental flat in GIFT City Gandhinagar. This 2 BHK flat can be availed at the rental price of ₹45,000. The apartment is on the 19 floor, has a covered area of 777 sqft with 2 bathrooms and 1 balcony. 1 Covered parking space is also available. This unit is designed with power back up, reserved parking, security. The apartment is located at Sangath Smart Life, GIFT City, Gandhinagar, Gujrat . This is a no-brokerage flat, as the owner is offering this 2 BHK flat on rent.",45000,90000,,58,2,1 Covered,Yes,Yes,No,Jogging and Strolling Track,False,False,Owner,90,Immediately,2026-04-11T05:52:07.000Z,"Apr 11, '26",True
J6IdiAWCi4FzpSvf+uAgZw==,Magicbricks,https://www.magicbricks.com/property-details/2-BHK-1410-Sq-ft-Multistorey-Apartment-FOR-Rent-GIFT-City-in-Gandhinagar&id=4d423830393938353437,2026-04-19 13:51:41,23.1587037,72.6837981,,GIFT City,"Gandhinagar, Gujarat",,,,Apartment,Furnished,19,22,,1410,Sq-ft,,"Check out this newly constructed 2 BHK flat on rent in the prime location of GIFT City Gandhinagar. ₹45,000 is the monthly rent of this 2 BHK flat. If you rent the flat, you will have access to facilities like 2 Wardrobe, 2 Bed, 1 TV, Fridge, Microwave, 3 AC, Sofa, Washing Machine, Dining Table and Gas Connection. The flat is located on the 19 floor which includes 2 bathrooms, 1 balcony, and covers a carpet area of 777 sqft. This flat is fitted with power back up, reserved parking, security. You can visit the flat at Sangath Smart Life, GIFT City, Gandhinagar, Gujrat . This 2 BHK rental flat comes with no brokerage fees.",45000,90000,0,32,2,,Yes,No,No,Jogging and Strolling Track,False,False,Owner,63,Immediately,2026-04-11T05:32:12.000Z,"Apr 11, '26",True
dEqlExNT0/pzpSvf+uAgZw==,Magicbricks,https://www.magicbricks.com/property-details/2-BHK-1090-Sq-ft-Multistorey-Apartment-FOR-Rent-GIFT-City-in-Gandhinagar&id=4d423833383235343531,2026-04-19 13:51:41,23.1587037,72.6837981,,GIFT City,gift city,,,,Apartment,Furnished,24,33,North - East,1090,Sq-ft,New Construction,"Welcome to Smart Living, that helps you live smarter, healthier balanced life. The Dream Series of residences is a bold new design statement from SOBHA. Sobha Dream Heights homes come with meticulous design, layouts maximised for space utilization, superior amenities, an unmatched location, complemented by the impeccable SOBHA Quality. These homes have been crafted with attention to detail",45000,90000,0,41,2,1 Covered,No,No,No,"Air Conditioned, Banquet Hall, Bar/Lounge, Jogging and Strolling Track",False,True,Agent,98,Immediately,2026-04-18T23:45:32.000Z,Today,True
nLLYRuzl5cJzpSvf+uAgZw==,Magicbricks,https://www.magicbricks.com/property-details/2-BHK-900-Sq-ft-Multistorey-Apartment-FOR-Rent-GIFT-City-in-Gandhinagar&id=4d423833353730393739,2026-04-19 13:51:41,23.1587037,72.6837981,,GIFT City,"Gandhinagar, Gujarat",,,,Apartment,Furnished,16,26,,900,Sq-ft,New Construction,"Grab the chance to own this affordable 2 BHK flat for rent in the GIFT City area. The apartment is available at an affordable rental price of ₹50,000. The apartment is on the 16 floor, has a carpet area of 1320 sqft with 2 bathrooms and 2 balcony. The flat comes with power back up, reserved parking, security, visitor parking. This flat is located at Block 41, Zone - 04, Shram Marg (Road 4B, Near Indian Oil Petrol Pump, Gujarat International Finance Tec-City, Gandhinagar, Gujarat.",50000,,,56,2,,No,No,No,"Visitor Parking, Jogging and Strolling Track, Outdoor Tennis Courts",False,True,Agent,60,Immediately,2026-04-17T23:45:21.000Z,Yesterday,True
evCUNPrSvTJzpSvf+uAgZw==,Magicbricks,https://www.magicbricks.com/property-details/2-BHK-1095-Sq-ft-Multistorey-Apartment-FOR-Rent-GIFT-City-in-Gandhinagar&id=4d423833343132303237,2026-04-19 13:51:41,23.1587037,72.6837981,,GIFT City,"GIFT City,Gandhinagar",,,,Apartment,Furnished,24,33,East,1095,Sq-ft,New Construction,"Sobha Dream Heights is a residential project in Gujarat International Finance Tec City, Gandhinagar. It is set in an area of 2 Acres . Sobha Dream Heights is located in Gift City. full of amenities and best location.",45000,100000,5200,41,2,1 Covered,Yes,No,No,Jogging and Strolling Track,False,True,Agent,100,Immediately,2026-04-16T23:45:22.000Z,"Apr 17, '26",True
5LRJnFm2QKZzpSvf+uAgZw==,Magicbricks,https://www.magicbricks.com/property-details/2-BHK-1150-Sq-ft-Multistorey-Apartment-FOR-Rent-GIFT-City-in-Gandhinagar&id=4d423830373136313031,2026-04-19 13:51:41,23.1587037,72.6837981,,GIFT City,shram marg 4b,,,,Apartment,Furnished,35,36,,1150,Sq-ft,Less than 5 years,"sobha Find 2 BHK flat for rent in GIFT City Gandhinagar. The multistorey apartment is available at rent of ₹52,000. The apartment is on the 35 floor, has a carpet area of 900 sqft with 2 bathrooms and 3 balcony. The property features power back up, reserved parking, security, visitor parking. The address is Block 41, Zone - 04, Shram Marg (Road 4B, Near Indian Oil Petrol Pump, Gujarat International Finance Tec-City, Gandhinagar, Gujarat. This is a no-brokerage flat, as the owner is offering this 2 BHK flat on rent.",52000,,,45,2,,No,No,No,"Visitor Parking, Jogging and Strolling Track, Outdoor Tennis Courts",False,False,Owner,67,Immediately,2026-03-20T21:32:28.000Z,"Mar 21, '26",True
W/czqJTyLHVzpSvf+uAgZw==,Magicbricks,https://www.magicbricks.com/property-details/2-BHK-1310-Sq-ft-Multistorey-Apartment-FOR-Rent-GIFT-City-in-Gandhinagar&id=4d423832383732333939,2026-04-19 13:51:41,23.1587037,72.6837981,,GIFT City,"GIFT City,Gandhinagar",,,,Apartment,Semi-Furnished,3,20,East,1310,Sq-ft,,"Find 2 BHK flat for rent in GIFT City Gandhinagar. Available at a rental price of ₹45,000, this 2 BHK flat is worth considering. Some attractive additional facilities available with the flat are 2 Wardrobe, 2 Bed, 2 AC and Gas Connection. The apartment is on the 3 floor, has a carpet area of 90 sqft with 2 bathrooms and 2 balcony. There is also facility of 1 Covered parking. The residence includes reserved parking, security. The full address of the apartment is Sangath Smart Life, GIFT City, Gandhinagar, Gujrat . Do not pay any brokerage fee for this 2 BHK rental flat since the property ad is posted by the flat owner.",45000,,0,34,2,1 Covered,Yes,No,No,Private Garage,False,False,Owner,81,Immediately,2026-03-20T10:41:56.000Z,"Mar 20, '26",True
uVrBFVch8gxzpSvf+uAgZw==,Magicbricks,https://www.magicbricks.com/property-details/2-BHK-1470-Sq-ft-Multistorey-Apartment-FOR-Rent-GIFT-City-in-Gandhinagar&id=4d423831333931383333,2026-04-19 13:51:41,23.1587037,72.6837981,,GIFT City,"Smart Life by SJ Sangath, Gift City, Gujrat, India",,,,Apartment,Furnished,15,22,North,1470,Sq-ft,Less than 5 years,"Fully furnished, 2 BHK, Multistorey Apartment is available for Rent in GIFT City, Gandhinagar for 45,000. The availability was verified on 19th December 2025. Amazing view, great amenities and on 15th floor. Near to school and metro station.",45000,90000,0,31,2,1 Covered,Yes,No,No,"Service/Goods Lift, Air Conditioned, Jogging and Strolling Track",False,False,Owner,100,Immediately,2026-02-23T21:32:59.000Z,"Feb 24, '26",True
K65Gc7piyLpzpSvf+uAgZw==,Magicbricks,https://www.magicbricks.com/property-details/2-BHK-1146-Sq-ft-Multistorey-Apartment-FOR-Rent-GIFT-City-in-Gandhinagar&id=4d423833333536393935,2026-04-19 13:51:41,23.1587037,72.6837981,,GIFT City,"Gandhinagar, Gujarat",,,,Apartment,Unfurnished,16,33,,1146,Sq-ft,New Construction,"Multistorey apartment is available for rent. It is a good location property. Please contact for more details. 2 BHK flat is available for rent in GIFT City immediately. The rent of the 2 BHK flat is ₹50,000. Located on the 16 floor, the flat has 2 bathrooms, 1 balcony in carpet area of 690 sqft. Visit the apartment at GIFT City, Gandhinagar, Gujarat. Do not pay any brokerage fee for this 2 BHK rental flat since the property ad is posted by the flat owner.",50000,,,44,2,,No,No,No,,False,False,Owner,33,Immediately,2026-02-11T08:35:12.000Z,"Feb 11, '26",True
0zQHlW4VRPZzpSvf+uAgZw==,Magicbricks,https://www.magicbricks.com/property-details/2-BHK-854-Sq-ft-Multistorey-Apartment-FOR-Rent-GIFT-City-in-Gandhinagar&id=4d423832373431393039,2026-04-19 13:51:41,23.1587037,72.6837981,,GIFT City,"Gandhinagar, Gujarat",,,,Apartment,Furnished,7,23,,854,Sq-ft,,"If you are searching a 2 BHK apartment for rent in GIFT City, check out this amazing rental flat. The multistorey apartment is available at rent of ₹45,000. There is also facility of 1 Covered parking. This flat is fitted with power back up, reserved parking, security. The apartment is located at GIFT City, Gandhinagar, Gujarat. You can find the 2 BHK flat without any brokerage.",45000,,,53,2,1 Covered,Yes,Yes,No,Jogging and Strolling Track,False,False,Owner,60,Immediately,2026-02-13T11:04:52.000Z,"Feb 13, '26",True
MoVea+xAcOVzpSvf+uAgZw==,Magicbricks,https://www.magicbricks.com/property-details/2-BHK-1410-Sq-ft-Multistorey-Apartment-FOR-Rent-GIFT-City-in-Gandhinagar&id=4d423831303730393139,2026-04-19 13:51:41,23.1587037,72.6837981,,GIFT City,"Gandhinagar, Gujarat",,,,Apartment,Furnished,11,21,,1410,Sq-ft,,"Grab the chance to own this affordable 2 BHK flat for rent in the GIFT City area. The multistorey apartment is available at rent of ₹45,000. The apartment is located at Sangath Smart Life, GIFT City, Gandhinagar, Gujrat . This 2 BHK apartment ad is listed by the owner, so there is no brokerage fee.",45000,,,32,2,,No,No,No,,False,False,Owner,48,Immediately,2026-02-07T21:30:38.000Z,"Feb 08, '26",True
ARmrKEeP0PxzpSvf+uAgZw==,Magicbricks,https://www.magicbricks.com/property-details/2-BHK-1136-Sq-ft-Multistorey-Apartment-FOR-Rent-GIFT-City-in-Gandhinagar&id=4d423833363231353231,2026-04-19 13:51:41,23.1587037,72.6837981,,GIFT City,"Gandhinagar, Gujarat",,,,Apartment,Furnished,18,33,,1136,Sq-ft,New Construction,"Grab the chance to own this affordable 2 BHK flat for rent in the GIFT City area. The 2 BHK apartment is available at a reasonable rent of ₹50,000. Some attractive additional facilities available with the flat are 2 Wardrobe, 2 Bed, 3 AC and Gas Connection. The apartment is on the 18 floor, has a carpet area of 700 sqft with 2 bathrooms and 3 balcony. The address is Block 41, Zone - 04, Shram Marg (Road 4B, Near Indian Oil Petrol Pump, Gujarat International Finance Tec-City, Gandhinagar, Gujarat. The brokerage amount of the 2 BHK apartment is zero.",50000,100000,5700,44,2,,No,No,No,,False,False,Owner,36,Immediately,2026-03-02T20:55:41.000Z,"Mar 03, '26",True
fV7PraDpOPVzpSvf+uAgZw==,Magicbricks,https://www.magicbricks.com/property-details/2-BHK-1410-Sq-ft-Multistorey-Apartment-FOR-Rent-GIFT-City-in-Gandhinagar&id=4d423833303932373139,2026-04-19 13:51:41,23.1587037,72.6837981,,GIFT City,"GIFT City,Gandhinagar",,,,Apartment,Furnished,19,21,East,1410,Sq-ft,2010,"If you are searching a 2 BHK apartment for rent in GIFT City, check out this amazing rental flat. The multistorey apartment is available at rent of ₹42,000. Additional amenities available with the flat are 2 Wardrobe, 2 Bed, 1 TV, Fridge, Microwave, 3 AC, Sofa, Washing Machine, Dining Table and Gas Connection. Located on the 19 floor, the flat comprises 2 bathrooms, 2 balcony, and has a carpet area of 750 sqft. There is also facility of 1 Covered parking. This unit features power back up, reserved parking, security. The full address of the apartment is GIFT City,Gandhinagar, GIFT City, Gandhinagar, Gujarat.",42000,84000,0,30,2,1 Covered,Yes,No,No,Jogging and Strolling Track,True,True,Agent,78,Immediately,2026-04-16T23:45:22.000Z,"Apr 17, '26",True
eLg7qgI/jo9zpSvf+uAgZw==,Magicbricks,https://www.magicbricks.com/property-details/2-BHK-1410-Sq-ft-Multistorey-Apartment-FOR-Rent-GIFT-City-in-Gandhinagar&id=4d423833373033323731,2026-04-19 13:51:41,23.1587037,72.6837981,,GIFT City,"Gandhinagar, Gujarat",,,,Apartment,Furnished,7,20,North - East,1410,Sq-ft,New Construction,"You can avail the 2 BHK flat for rent in the well-known location of GIFT City. The apartment is available at an affordable rental price of ₹43,000. The apartment is on the 7 floor, has a covered area of 1410 sqft with 2 bathrooms and 2 balcony. This home provides security, service/goods lift, air conditioned, intercom facility. Visit the flat at Sangath Smart Life, GIFT City, Gandhinagar, Gujrat .",43000,43000,0,30,2,,Yes,No,No,"Service/Goods Lift, Air Conditioned, Laundry Service, Bar/Lounge",False,True,Agent,73,Immediately,2026-03-09T08:19:04.000Z,"Mar 09, '26",True
DBaStGwtySRzpSvf+uAgZw==,Magicbricks,https://www.magicbricks.com/property-details/2-BHK-1210-Sq-ft-Multistorey-Apartment-FOR-Rent-GIFT-City-in-Gandhinagar&id=4d423833343935313839,2026-04-19 13:51:41,23.1587037,72.6837981,,GIFT City,"GIFT City,Gandhinagar",,,,Apartment,Furnished,22,33,North - East,1210,Sq-ft,New Construction,"If you are planning to rent a flat, you can consider this 2 BHK flat situated in the prime location of GIFT City. You can get this flat at monthly rent of ₹42,000. If you rent the flat, you will have access to facilities like 2 Wardrobe, 2 Bed, 1 TV, Fridge, Microwave, 3 AC, Sofa, Washing Machine, Dining Table and Gas Connection. The flat is located on the 22 floor which includes 2 bathrooms, 2 balcony, and covers a carpet area of 726 sqft. 1 Covered, 1 Open parking space is also available. The residence includes power back up, reserved parking, security. This flat is located at Block 41, Zone - 04, Shram Marg (Road 4B, Near Indian Oil Petrol Pump, Gujarat International Finance Tec-City, Gandhinagar, Gujarat.",42000,84000,0,35,2,"1 Covered, 1 Open",Yes,No,No,Jogging and Strolling Track,True,True,Agent,95,Immediately,2026-03-04T03:18:02.000Z,"Mar 04, '26",True
A9PqHeWAWsZzpSvf+uAgZw==,Magicbricks,https://www.magicbricks.com/property-details/2-BHK-1090-Sq-ft-Multistorey-Apartment-FOR-Rent-GIFT-City-in-Gandhinagar&id=4d423833383730383439,2026-04-19 13:51:41,23.1587037,72.6837981,,GIFT City,gift city,,,,Apartment,Furnished,19,33,North - East,1090,Sq-ft,New Construction,"Welcome to Smart Living, that helps you live smarter, healthier balanced life. The Dream Series of residences is a bold new design statement from SOBHA. Sobha Dream Heights homes come with meticulous design, layouts maximised for space utilization, superior amenities, an unmatched location, complemented by the impeccable SOBHA Quality. These homes have been crafted with attention to detail",42000,84000,0,39,2,1 Covered,Yes,No,No,"Service/Goods Lift, Air Conditioned, Jogging and Strolling Track, Outdoor Tennis Courts",False,True,Agent,98,Immediately,2026-04-18T23:45:32.000Z,Today,True
h2C3qaySiXpzpSvf+uAgZw==,Magicbricks,https://www.magicbricks.com/property-details/2-BHK-800-Sq-ft-Multistorey-Apartment-FOR-Rent-GIFT-City-in-Gandhinagar&id=4d423833353730393139,2026-04-19 13:51:41,23.1587037,72.6837981,,GIFT City,"Gandhinagar, Gujarat",,,,Apartment,Furnished,8,14,,800,Sq-ft,New Construction,"If you are searching a 2 BHK apartment for rent in GIFT City, check out this amazing rental flat. The multistorey apartment is available at rent of ₹45,000. The apartment is on the 8 floor, has a carpet area of 1215 sqft with 2 bathrooms and 1 balcony. This home provides power back up, reserved parking, security, service/goods lift, visitor parking. Visit the flat at Sangath Smart Life, GIFT City, Gandhinagar, Gujrat .",45000,,,56,2,,No,No,No,"Laundry Service, Banquet Hall, Jogging and Strolling Track, Outdoor Tennis Courts",False,True,Agent,65,Immediately,2026-04-17T23:45:21.000Z,Yesterday,True
Hc2CE3W34rlzpSvf+uAgZw==,Magicbricks,https://www.magicbricks.com/property-details/2-BHK-1215-Sq-ft-Multistorey-Apartment-FOR-Rent-GIFT-City-in-Gandhinagar&id=4d423833353730383537,2026-04-19 13:51:41,23.1587037,72.6837981,,GIFT City,sangath smart life gift city,,,,Apartment,Furnished,7,14,East,1215,Sq-ft,New Construction,"greater gift city project like family Bechlors company guest house You can explore this 2 BHK flat on rent in GIFT City Gandhinagar. ₹41,000 is the monthly rent of this 2 BHK flat. The flat is located on the 7 floor which includes 2 bathrooms, 1 balcony, and covers a carpet area of 800 sqft. The flat comes with reserved parking, security. The apartment is located at Sangath Smart Life, GIFT City, Gandhinagar, Gujrat .",41000,,,34,2,,No,No,No,,False,True,Agent,74,Immediately,2026-04-17T23:45:21.000Z,Yesterday,True
KlWZq8tyE5hzpSvf+uAgZw==,Magicbricks,https://www.magicbricks.com/property-details/2-BHK-800-Sq-ft-Multistorey-Apartment-FOR-Rent-GIFT-City-in-Gandhinagar&id=4d423833353731303535,2026-04-19 13:51:41,23.1587037,72.6837981,,GIFT City,"Gandhinagar, Gujarat",,,,Apartment,Furnished,2,14,,800,Sq-ft,New Construction,"Find this 2 BHK rental flat in GIFT City Gandhinagar. The apartment is available at an affordable rental price of ₹42,000. Located on the 2 floor, the flat has 2 bathrooms, 1 balcony in carpet area of 1215 sqft. This unit is designed with reserved parking, security. Visit the flat at Sangath Smart Life, GIFT City, Gandhinagar, Gujrat .",42000,,,52,2,,No,No,No,,False,True,Agent,65,Immediately,2026-04-17T23:45:21.000Z,Yesterday,True
R+sWr+yZLeFzpSvf+uAgZw==,Magicbricks,https://www.magicbricks.com/property-details/2-BHK-1245-Sq-yrd-Multistorey-Apartment-FOR-Rent-Sargasan-in-Gandhinagar&id=4d423833343130363339,2026-04-19 13:51:41,23.1848805,72.615856,,Sargasan,"Sargasan,Gandhinagar",,,,Apartment,Furnished,2,8,East,1245,Sq-yrd,New Construction,"You can avail the 2 BHK flat for rent in the well-known location of Sargasan. You can get this flat at monthly rent of ₹26,000. Some added-on facilities available with the flat are 2 Wardrobe, 2 Bed, 1 TV, Fridge, Microwave, 2 AC, Sofa, Washing Machine, Dining Table and Gas Connection. Located on the 2 floor, the flat has 2 bathrooms, 1 balcony in carpet area of 784 sqft. The property includes 1 Covered parking. The apartment comes furnished with reserved parking, security. This flat is located at Nr. info city & TCS IT park, sargasan circle, sargasan, gandhinagar..",26000,52000,0,2,2,1 Covered,No,No,No,,True,True,Agent,100,Immediately,2026-04-17T23:45:20.000Z,Yesterday,True
vs5OuJfguGxzpSvf+uAgZw==,Magicbricks,https://www.magicbricks.com/property-details/2-BHK-1246-Sq-ft-Multistorey-Apartment-FOR-Rent-Kudasan-in-Gandhinagar&id=4d423831393932303035,2026-04-19 13:51:41,23.1698784,72.6232479,,Kudasan,"Kudasan,Gandhinagar",,,,Apartment,Furnished,4,13,East,1246,Sq-ft,New Construction,"2BHK Full Furnished Flat with great locality with the near shopping market where all can have to access to basic needs for everyday. A beautiful 2 BHK flat is available for rent in Kudasan. The rent of the 2 BHK flat is ₹26,000. Here you can enjoy world class facilities like 3 Wardrobe, 2 Bed, 1 TV, Fridge, Microwave, 2 AC, Sofa, Washing Machine, Dining Table and Gas Connection. The apartment is on the 4 floor, has a carpet area of 1874 sqft with 2 bathrooms and 2 balcony. You will also find 2 Covered parking facility. The residence includes power back up, reserved parking, security. The apartment is located at VRUNDAVAN VATIKA KUDASAN, Palm Rd, TP.-28, Por, Gandhinagar, Gujarat.",26000,26000,200,21,2,2 Covered,Yes,No,No,Jogging and Strolling Track,True,True,Agent,80,Immediately,2026-04-16T23:45:21.000Z,"Apr 17, '26",True
9n7f8mfLG3dzpSvf+uAgZw==,Magicbricks,https://www.magicbricks.com/property-details/2-BHK-150-Sq-yrd-Multistorey-Apartment-FOR-Rent-Kudasan-in-Gandhinagar&id=4d423730363835353739,2026-04-19 13:51:41,23.1698784,72.6232479,,Kudasan,"Kudasan,Gandhinagar",,,,Apartment,Furnished,7,7,East,150,Sq-yrd,5 to 10 years,"Find 2 BHK flat for rent in Kudasan Gandhinagar. The rent of the 2 BHK flat is ₹26,000. The flat comes with some add-on facilities such as 2 Wardrobe, 2 Bed, 1 TV, Fridge, 2 AC, Sofa, Washing Machine, Dining Table and Gas Connection. The apartment is on the 7 floor, has a carpet area of 100 sqyrd with 2 bathrooms and 1 balcony. The property includes 1 Covered parking. The property features power back up, reserved parking, security.",26000,52000,2500,19,2,1 Covered,No,No,No,,False,True,Agent,100,Immediately,2026-03-19T08:13:20.000Z,"Mar 19, '26",True
/S+Nnarp3BpzpSvf+uAgZw==,Magicbricks,https://www.magicbricks.com/property-details/2-BHK-170-Sq-yrd-Multistorey-Apartment-FOR-Rent-Kudasan-in-Gandhinagar&id=4d423537303831383437,2026-04-19 13:51:41,23.1698784,72.6232479,,Kudasan,"Opp. SwaminarayanDham, Dholeshwar Mahadev Rd, Kudasan, Gujarat",,,,Apartment,Furnished,1,7,East,170,Sq-yrd,5 to 10 years,"This property is located at Kudasan besides Swaminarayan Dham. Society is well maintained and flat is also well maintained. very nice property for family. 2 BHK flat is available for rent in Kudasan immediately. This 2 BHK flat is available at the reasonable rent amount of ₹27,000. If you rent the flat, you will have access to facilities like 2 Wardrobe, 2 Bed, 1 TV, Fridge, 1 AC, Washing Machine, Dining Table and Gas Connection. The apartment is on the 1 floor, has a carpet area of 130 sqyrd with 2 bathrooms and 2 balcony. There is also facility of 1 Covered parking. The property features reserved parking, security. Visit the flat at Opp. SwaminarayanDham, Dholeshwar Mahadev Rd, Kudasan, Gujarat .",27000,24000,0,18,2,1 Covered,Yes,Yes,No,Jogging and Strolling Track,False,True,Agent,100,Immediately,2026-04-16T23:45:20.000Z,"Apr 17, '26",True
0jar+UMFI0ZzpSvf+uAgZw==,Magicbricks,https://www.magicbricks.com/property-details/2-BHK-1400-Sq-ft-Multistorey-Apartment-FOR-Rent-GIFT-City-in-Gandhinagar&id=4d423832353739363835,2026-04-19 13:51:41,23.1587037,72.6837981,,GIFT City,Opp. Jamnabhai Narsee school,,,,Apartment,Furnished,19,21,East,1400,Sq-ft,New Construction,"Grab the chance to own this affordable 2 BHK flat for rent in the GIFT City area. The rent of the 2 BHK flat is ₹39,000. The apartment is on the 19 floor, has a carpet area of 840 sqft with 2 bathrooms and 1 balcony. This flat is fitted with power back up, reserved parking, security. The full address of the apartment is Sangath Smart Life, GIFT City, Gandhinagar, Gujrat . This 2 BHK flat is directly posted by the owner, so you don't need to pay any brokerage on this property.",39000,,,28,2,,Yes,No,No,Laundry Service,False,True,Owner,69,Immediately,2026-04-14T23:32:40.000Z,"Apr 15, '26",True
jUklwWZg8MJzpSvf+uAgZw==,Magicbricks,https://www.magicbricks.com/property-details/2-BHK-149-Sq-ft-Multistorey-Apartment-FOR-Rent-Raysan-in-Gandhinagar&id=4d423832343733303735,2026-04-19 13:51:41,23.16672,72.66059,,Raysan,"Raysan,Gandhinagar",19210|GNLU Metro Station|5 minutes,,,Apartment,Furnished,3,8,East,149,Sq-ft,New Construction,"residential development in Raysan, Gandhinagar. The project is built by Silicone Awas. They provide 2BHK apartments with all necessities. In terms of facilities, Silicone Nest is loaded with multiple offerings such as 24x7 Power Backup, for families with kids, there is Childrens Play Area. It is a Gated Community. There is 24x7 Security. There is provision for Closed Car Parking.",28000,56000,0,188,2,1 Covered,Yes,No,No,Jogging and Strolling Track,False,True,Agent,100,Immediately,2026-04-17T23:45:19.000Z,Yesterday,True
bHxMeK8IveNzpSvf+uAgZw==,Magicbricks,https://www.magicbricks.com/property-details/2-BHK-107-Sq-ft-Multistorey-Apartment-FOR-Rent-Sargasan-in-Gandhinagar&id=4d423734303637373137,2026-04-19 13:51:41,23.1848805,72.615856,,Sargasan,sargasan,,,,Apartment,Furnished,3,5,North - East,107,Sq-ft,10 to 15 years,"this property is fully furniture Check out this newly constructed 2 BHK flat on rent in the prime location of Sargasan Gandhinagar. Available at a rental price of ₹26,000, this 2 BHK flat is worth considering. Located on the 3 floor, the flat comprises 2 bathrooms, 1 balcony, and has a covered area of 107 sqft. This flat is fitted with power back up, reserved parking, security. The address is Nr. info city & TCS IT park, sargasan circle, sargasan, gandhinagar..",26000,52000,1000,243,2,,Yes,No,No,Banquet Hall,True,True,Agent,60,Immediately,2026-04-17T23:45:19.000Z,Yesterday,True
RVFojg9vIjNzpSvf+uAgZw==,Magicbricks,https://www.magicbricks.com/property-details/2-BHK-1700-Sq-ft-Multistorey-Apartment-FOR-Rent-GIFT-City-in-Gandhinagar&id=4d423737313239333033,2026-04-19 13:51:41,23.1587037,72.6837981,,GIFT City,"gift city , Gandhinagar",,,,Apartment,Furnished,11,30,East,1700,Sq-ft,New Construction,"2 BHK apartment is available on rent in GIFT City Gandhinagar right away. The apartment is available at an affordable rental price of ₹30,000. Located on the 11 floor, the flat comprises 2 bathrooms, 2 balcony, and has a carpet area of 1200 sqft. There is also facility of 2 Covered parking. This unit is designed with power back up, reserved parking, security, service/goods lift, visitor parking. The full address of the apartment is Block 41, Zone - 04, Shram Marg (Road 4B, Near Indian Oil Petrol Pump, Gujarat International Finance Tec-City, Gandhinagar, Gujarat.",30000,60000,5000,18,2,2 Covered,No,No,No,"Banquet Hall, Bar/Lounge, Jogging and Strolling Track, Outdoor Tennis Courts",True,True,Agent,93,Immediately,2026-04-17T23:45:20.000Z,Yesterday,True
1r1Vj4j5MphzpSvf+uAgZw==,Magicbricks,https://www.magicbricks.com/property-details/2-BHK-1395-Sq-ft-Multistorey-Apartment-FOR-Rent-Raysan-in-Gandhinagar&id=4d423834323035343335,2026-04-19 13:51:41,23.16672,72.66059,,Raysan,"Raysan,Gandhinagar",19210|GNLU Metro Station|5 minutes,,,Apartment,Furnished,11,14,East,1395,Sq-ft,New Construction,"power backup, closed car parking, CCTV cameras, regular water supply, badminton court, basketball court, childrens play area, cricket pitch, gymnasium, indoor games, jogging track, party hall, l You can avail the 2 BHK flat for rent in the well-known location of Raysan. You can get this flat at monthly rent of ₹26,000. Live in this lovely flat and get access to various useful facilities such as 2 Wardrobe, 2 Bed, Fridge, 2 AC, Sofa, Washing Machine, Dining Table and Gas Connection. The apartment is on the 11 floor, has a carpet area of 625 sqyrd with 2 bathrooms and 1 balcony. The property includes 1 Covered, 1 Open parking. The building has 14 floor and offers Kids play area amenities. This flat is fitted with power back up, reserved parking, security. You can visit the flat at Nr BAPS School, B/H IOC Petrol Pump, Raysan Rd, Raysan, Gujarat .",26000,52000,1500,19,2,"1 Covered, 1 Open",Yes,Yes,No,Jogging and Strolling Track,False,True,Agent,100,Immediately,2026-04-17T23:45:21.000Z,Yesterday,True
wwcrbUjQt3tzpSvf+uAgZw==,Magicbricks,https://www.magicbricks.com/property-details/2-BHK-1140-Sq-ft-Multistorey-Apartment-FOR-Rent-GIFT-City-in-Gandhinagar&id=4d423832393436303235,2026-04-19 13:51:41,23.1587037,72.6837981,,GIFT City,"GIFT City,Gandhinagar",,,,Apartment,Furnished,29,33,East,1140,Sq-ft,New Construction,"If you are planning to rent a flat, you can consider this 2 BHK flat situated in the prime location of GIFT City. The Rent amount of this 2 BHK apartment is set at an attractive price of ₹40,000. Here you can enjoy world class facilities like 2 Wardrobe, 2 Bed, 1 TV, Fridge, 3 AC, Sofa, Washing Machine, Dining Table and Gas Connection. The flat is on the 29 floor and includes 2 bathrooms, 2 balcony with a carpet area of 650 sqft. 1 Covered parking facility are also available. The residence includes power back up, reserved parking, security. The flat can be visited at GIFT City,Gandhinagar, GIFT City, Gandhinagar, Gujarat.",40000,80000,0,35,2,1 Covered,Yes,No,No,Jogging and Strolling Track,False,True,Agent,100,Immediately,2026-04-17T23:45:20.000Z,Yesterday,True
tqX+qmxA5IlzpSvf+uAgZw==,Magicbricks,https://www.magicbricks.com/property-details/2-BHK-1095-Sq-ft-Multistorey-Apartment-FOR-Rent-GIFT-City-in-Gandhinagar&id=4d423833373338353739,2026-04-19 13:51:41,23.1587037,72.6837981,,GIFT City,"sobha dream heights, GIFT City, Gandhinagar",,,,Apartment,Furnished,16,25,North - East,1095,Sq-ft,New Construction,"2 BHK flat is available for rent in GIFT City immediately. The 2 BHK apartment is available at a reasonable rent of ₹35,000. Some attractive additional facilities available with the flat are 2 Wardrobe, 2 Bed, 2 TV, Fridge, Microwave, 3 AC, Sofa, Washing Machine, Dining Table and Gas Connection. The apartment is on the 16 floor, has a carpet area of 530 sqft with 2 bathrooms and 2 balcony. The property includes 1 Covered parking. This property offers power back up, reserved parking, security. The address is Block 41, Zone - 04, Shram Marg (Road 4B, Near Indian Oil Petrol Pump, Gujarat International Finance Tec-City, Gandhinagar, Gujarat.",35000,75000,2500,32,2,1 Covered,Yes,No,No,Jogging and Strolling Track,False,True,Agent,100,Immediately,2026-04-18T23:45:34.000Z,Today,True
tJSbv4SWbbpzpSvf+uAgZw==,Magicbricks,https://www.magicbricks.com/property-details/2-BHK-784-Sq-ft-Multistorey-Apartment-FOR-Rent-Sargasan-in-Gandhinagar&id=4d423834313637393337,2026-04-19 13:51:41,23.1848805,72.615856,,Sargasan,samved green valley,,,,Apartment,Semi-Furnished,8,10,North - East,784,Sq-ft,Less than 5 years,"Find this 2 BHK rental flat in Sargasan Gandhinagar. The Rent amount of this 2 BHK apartment is set at an attractive price of ₹27,000. Located on the 8 floor, the flat comprises 2 bathrooms, 3 balcony, and has a covered area of 784 sqft. The building comprises 10 floor and includes Kids Club features. This unit features power back up, reserved parking, security, intercom facility. Visit the flat at Samved Green Valley, Near Swagat Afford, Sargasan Cross Road, Gandhinagar, Gujarat..",27000,54000,0,34,2,,Yes,No,No,Intercom Facility,False,True,Agent,72,Immediately,2026-04-17T23:45:21.000Z,Yesterday,True
ZxPErBcZL6tzpSvf+uAgZw==,Magicbricks,https://www.magicbricks.com/property-details/2-BHK-133-Sq-yrd-Multistorey-Apartment-FOR-Rent-Sargasan-in-Gandhinagar&id=4d423833343033393337,2026-04-19 13:51:41,23.1848805,72.615856,,Sargasan,"Sargasan,Gandhinagar",,,,Apartment,Furnished,3,5,East,133,Sq-yrd,10 to 15 years,"East Facing Fully Furnished Flat With Modular Kitchen Power Back Up For Immediate sale Grab the chance to own this affordable 2 BHK flat for rent in the Sargasan area. This 2 BHK flat is available at the reasonable rent amount of ₹26,000. Here you can enjoy world class facilities like 1 Wardrobe, 2 Bed, 1 TV, Fridge, 1 AC, Sofa and Gas Connection. The flat is on the 3 floor and includes 2 bathrooms, 1 balcony with a carpet area of 100 sqyrd. The property includes 1 Covered, 1 Open parking. This home provides power back up, reserved parking, security. This flat is located at Nr. info city & TCS IT park, sargasan circle, sargasan, gandhinagar..",26000,52000,1500,22,2,"1 Covered, 1 Open",No,No,No,,True,True,Agent,80,Immediately,2026-04-17T23:45:21.000Z,Yesterday,True
rSKW3Oa6CrRzpSvf+uAgZw==,Magicbricks,https://www.magicbricks.com/property-details/2-BHK-1179-Sq-ft-Multistorey-Apartment-FOR-Rent-Sargasan-in-Gandhinagar&id=4d423833373230313431,2026-04-19 13:51:41,23.1848805,72.615856,,Sargasan,"Gandhinagar, Gujarat",,,,Apartment,Unfurnished,2,9,North - East,1179,Sq-ft,New Construction,"Find 2 BHK flat for rent in Sargasan Gandhinagar. Available at a rental price of ₹26,000, this 2 BHK flat is worth considering. Located on the 2 floor, the flat has 2 bathrooms, 1 balcony in covered area of 1179 sqft. The property includes 1 Covered, 1 Open parking. This residential building features 9 floor and ensures Kids Play Pool With Water Slides comfort. The residence includes power back up, reserved parking, security. This flat is located at SG Highway, Ahmedabad..",26000,38000,1500,22,2,"1 Covered, 1 Open",Yes,No,No,"Internet/Wi-Fi Connectivity, Jogging and Strolling Track",False,True,Agent,85,Immediately,2026-04-17T23:45:21.000Z,Yesterday,True
MuI9Q9pj9A5zpSvf+uAgZw==,Magicbricks,https://www.magicbricks.com/property-details/2-BHK-140-Sq-yrd-Multistorey-Apartment-FOR-Rent-Sargasan-in-Gandhinagar&id=4d423832303638333339,2026-04-19 13:51:41,23.1848805,72.615856,,Sargasan,"Gandhinagar, Gujarat",,,,Apartment,Furnished,4,5,,140,Sq-yrd,5 to 10 years,"A beautiful 2 BHK flat is available for rent in Sargasan. This 2 BHK flat is available at the reasonable rent amount of ₹26,500. The full address of the apartment is Nr. info city & TCS IT park, sargasan circle, sargasan, gandhinagar..",26500,26500,0,21,2,,No,No,No,,False,True,Agent,58,Immediately,2026-04-18T23:45:34.000Z,Today,True
+byfaof86XdzpSvf+uAgZw==,Magicbricks,https://www.magicbricks.com/property-details/2-BHK-862-Sq-ft-Multistorey-Apartment-FOR-Rent-GIFT-City-in-Gandhinagar&id=4d423833383232323633,2026-04-19 13:51:41,23.1587037,72.6837981,,GIFT City,"GIFT City,Gandhinagar",,,,Apartment,Furnished,7,22,East,862,Sq-ft,2005,"You can explore this 2 BHK flat on rent in GIFT City Gandhinagar. The apartment is available at an affordable rental price of ₹40,000. The residents of the flat have access to additional facilities such as 2 Wardrobe, 2 Bed, 1 TV, Fridge, Microwave, 2 AC, Sofa, Washing Machine, Dining Table and Gas Connection. The flat is located on the 7 floor which includes 2 bathrooms, 1 balcony, and covers a carpet area of 500 sqft. You will also find 1 Covered parking facility. The residence includes power back up, reserved parking, security. This flat is located at GIFT City, Gandhinagar.",40000,80000,0,46,2,1 Covered,No,No,No,,False,True,Agent,95,Immediately,2026-04-18T23:45:34.000Z,Today,True
mnB0GI38FldzpSvf+uAgZw==,Magicbricks,https://www.magicbricks.com/property-details/2-BHK-1236-Sq-ft-Multistorey-Apartment-FOR-Rent-GIFT-City-in-Gandhinagar&id=4d423833383337333135,2026-04-19 13:51:41,23.1587037,72.6837981,,GIFT City,Gift city gandhinagar,,,,Apartment,Furnished,Upper Basement,33,North,1236,Sq-ft,New Construction,"sobha is a newly build property in gift city Find 2 BHK flat for rent in GIFT City Gandhinagar. The multistorey apartment is available at rent of ₹35,000. The flat is located on the Upper Basement floor which includes 2 bathrooms, 2 balcony, and covers a carpet area of 778 sqft. The apartment comes furnished with power back up, reserved parking, security, service/goods lift, air conditioned, intercom facility, ro water system. Visit the flat at Block 41, Zone - 04, Shram Marg (Road 4B, Near Indian Oil Petrol Pump, Gujarat International Finance Tec-City, Gandhinagar, Gujarat.",35000,70000,0,28,2,,No,No,No,"Air Conditioned, Laundry Service, Bar/Lounge, Outdoor Tennis Courts",False,True,Agent,84,Immediately,2026-04-16T23:45:22.000Z,"Apr 17, '26",True
A3Lvs7084dNzpSvf+uAgZw==,Magicbricks,https://www.magicbricks.com/property-details/2-BHK-1440-Sq-ft-Multistorey-Apartment-FOR-Rent-Sargasan-in-Gandhinagar&id=4d423833373634353837,2026-04-19 13:51:41,23.1848805,72.615856,,Sargasan,Pramukh arista,,,,Apartment,Semi-Furnished,11,13,East,1440,Sq-ft,New Construction,"2bhk spacious flat, best location, Find this 2 BHK rental flat in Sargasan Gandhinagar. You can get this flat at monthly rent of ₹26,000. The flat is located on the 11 floor which includes 2 bathrooms, 1 balcony, and covers a carpet area of 865 sqft. There is also facility of 1 Covered parking. The building has 13 floor and offers Kids play area amenities. The residence includes power back up, reserved parking, security, service/goods lift. Find this apartment at Near The Imperial, Sargasan Cross Rd, behind Swagat Flemingo, Gandhinagar, Gujarat .",26000,26000,0,18,2,1 Covered,Yes,No,No,"Service/Goods Lift, Jogging and Strolling Track, Outdoor Tennis Courts",True,True,Agent,100,Immediately,2026-04-17T23:45:21.000Z,Yesterday,True
GEMc2i03nBpzpSvf+uAgZw==,Magicbricks,https://www.magicbricks.com/property-details/2-BHK-176-Sq-yrd-Multistorey-Apartment-FOR-Rent-Randesan-in-Gandhinagar&id=4d423634323730333133,2026-04-19 13:51:41,23.17588,72.65443,,Randesan,"Randesan, Gandhinagar",,,,Apartment,Furnished,3,5,East,176,Sq-yrd,5 to 10 years,"Close to GIFT City, Infocity and TCS Garima Park, Fully Furnished with AC, TV, Sofa cum bed with lounge sets. Total 3 BHK, Two Bedroom with attached bathrooms and King size Beds. One Room without attached bathroom to be used as Study or kids Bedroom. AC and TV in master Bedroom. Modular Kitchen with Side Cupboard . Fridge, Microwave, Washing Machine.",33000,,,21,3,,No,No,No,"Air Conditioned, Internet/Wi-Fi Connectivity, RO Water System",False,True,Owner,81,Select Date,2026-04-02T13:35:39.000Z,"Apr 02, '26",True
Dn7SA4VpF5BzpSvf+uAgZw==,Magicbricks,https://www.magicbricks.com/property-details/2-BHK-1215-Sq-ft-Multistorey-Apartment-FOR-Rent-Sargasan-in-Gandhinagar&id=4d423834303730303331,2026-04-19 13:51:41,23.1848805,72.615856,,Sargasan,"Gandhinagar, Gujarat",,,,Apartment,Furnished,2,5,,1215,Sq-ft,5 to 10 years,"You can avail the 2 BHK flat for rent in the well-known location of Sargasan. The apartment is available at an affordable rental price of ₹26,000. Located on the 2 floor, the flat has 2 bathrooms, 2 balcony in carpet area of 135 sqft. Visit the flat at Sargasan, Gandhinagar.",26000,52000,2000,21,2,,No,No,No,,True,True,Agent,38,Immediately,2026-04-04T07:16:48.000Z,"Apr 04, '26",True
HpZTcySyRzxzpSvf+uAgZw==,Magicbricks,https://www.magicbricks.com/property-details/2-BHK-145-Sq-yrd-Multistorey-Apartment-FOR-Rent-Sargasan-in-Gandhinagar&id=4d423834323636383833,2026-04-19 13:51:41,23.1848805,72.615856,,Sargasan,"Sargasan,Gandhinagar",,,,Apartment,Furnished,7,14,East,145,Sq-yrd,New Construction,"This Property near by jade blue showroom, near by Tcs, DIICT , NIFT. ,GIFT CITY ,GOOD SOCITY GOOD LOCALITY Find 2 BHK flat for rent in Sargasan Gandhinagar. This 2 BHK flat can be availed at the rental price of ₹26,000. The apartment is on the 7 floor, has a carpet area of 90 sqyrd with 2 bathrooms and 1 balcony. There is also facility of 1 Covered parking. This unit is designed with power back up, reserved parking, security. Visit the flat at Nr. Swagat Afford & TCS IT Park, Sargasan Circle, S. G. Highway, Ahmedabad - Gandhinagar Twin City.",26000,52000,2500,20,2,1 Covered,Yes,Yes,No,Jogging and Strolling Track,False,True,Agent,100,Immediately,2026-04-16T11:27:28.000Z,"Apr 16, '26",True
+gy15ATPiyNzpSvf+uAgZw==,Magicbricks,https://www.magicbricks.com/property-details/2-BHK-1269-Sq-ft-Multistorey-Apartment-FOR-Rent-Sargasan-in-Gandhinagar&id=4d423833373236363231,2026-04-19 13:51:41,23.1848805,72.615856,,Sargasan,"Gandhinagar, Gujarat",,,,Apartment,Furnished,5,11,North - East,1269,Sq-ft,Less than 5 years,"best location Grab the chance to own this affordable 2 BHK flat for rent in the Sargasan area. The flat is available for rent at a competitive amount of ₹26,000. Located on the 5 floor, the flat has 2 bathrooms, 1 balcony in covered area of 1269 sqft. The building includes 11 floor and supports Kids Play Pool With Water Slides living. The flat comes with power back up, reserved parking, security, ro water system. Visit the apartment at SG Highway, Ahmedabad..",26000,26000,0,20,2,,No,No,No,"Internet/Wi-Fi Connectivity, RO Water System, Jogging and Strolling Track",False,True,Agent,78,Immediately,2026-03-11T04:44:17.000Z,"Mar 11, '26",True
8J72xcydPbNzpSvf+uAgZw==,Magicbricks,https://www.magicbricks.com/property-details/2-BHK-107-Sq-yrd-Multistorey-Apartment-FOR-Rent-Sargasan-in-Gandhinagar&id=4d423833373037343633,2026-04-19 13:51:41,23.1848805,72.615856,,Sargasan,"Gandhinagar, Gujarat",,,,Apartment,Furnished,4,5,East,107,Sq-yrd,5 to 10 years,"If you are searching a 2 BHK apartment for rent in Sargasan, check out this amazing rental flat. This 2 BHK flat is available at the reasonable rent amount of ₹28,000. Get access to smart facilities such as 2 Wardrobe, 2 Bed, 1 TV, Fridge, 2 AC, Sofa, Washing Machine, Dining Table and Gas Connection simply by choosing this flat for rent. Located on the 4 floor, the flat has 2 bathrooms, 1 balcony in carpet area of 78 sqyrd. 1 Covered parking space is also available. The property features power back up, reserved parking, security. Visit the flat at Sargasan, Gandhinagar, Gujarat.",28000,57000,0,29,2,1 Covered,Yes,No,No,Jogging and Strolling Track,False,True,Agent,98,Select Date,2026-03-26T05:33:17.000Z,"Mar 26, '26",True
/KFLKnKYVdZzpSvf+uAgZw==,Magicbricks,https://www.magicbricks.com/property-details/2-BHK-862-Sq-ft-Multistorey-Apartment-FOR-Rent-GIFT-City-in-Gandhinagar&id=4d423833383139333237,2026-04-19 13:51:41,23.1587037,72.6837981,,GIFT City,"GIFT City,Gandhinagar",,,,Apartment,Furnished,2,22,East,862,Sq-ft,2016,"Sangath, located in Ahmedabad, is the architectural studio of Balkrishna Vithaldas Doshi and stands as a masterpiece of climateresponsive and contextsensitive design. The complex is partially embedded into the earth, featuring a series of interconnected vaulted roofs covered with white china mosaic tiles that reflect heat and keep interiors cool.",40000,500000,2,46,2,1 Covered,No,No,No,,True,True,Agent,78,Immediately,2026-03-17T07:49:39.000Z,"Mar 17, '26",True
5NDHqWyPgKRzpSvf+uAgZw==,Magicbricks,https://www.magicbricks.com/property-details/2-BHK-862-Sq-ft-Multistorey-Apartment-FOR-Rent-GIFT-City-in-Gandhinagar&id=4d423833313636393631,2026-04-19 13:51:41,23.1587037,72.6837981,,GIFT City,2BHK in fully furnished fully,,,,Apartment,Furnished,14,27,East,862,Sq-ft,New Construction,"3bhk flat on rent furnished fully furnished and TCS office Nift NID college DICT college 2 BHK flat is available for rent in GIFT City immediately. The rent of the 2 BHK flat is ₹31,500. The flat is on the 14 floor and includes 2 bathrooms, 2 balcony with a covered area of 862 sqft. The residence includes power back up, reserved parking, security, service/goods lift, air conditioned, intercom facility, ro water system. This flat is located at GIFT City, Gandhinagar.",31500,31500,0,37,2,,No,No,No,"Air Conditioned, Banquet Hall, Bar/Lounge, Jogging and Strolling Track",True,True,Agent,60,Immediately,2026-04-13T07:52:49.000Z,"Apr 13, '26",True
gHKjH0kIGMdzpSvf+uAgZw==,Magicbricks,https://www.magicbricks.com/property-details/2-BHK-1090-Sq-ft-Multistorey-Apartment-FOR-Rent-GIFT-City-in-Gandhinagar&id=4d423731383936303337,2026-04-19 13:51:41,23.1587037,72.6837981,,GIFT City,GIFT City,,,,Apartment,Furnished,5,33,North,1090,Sq-ft,New Construction,"If you are planning to rent a flat, you can consider this 2 BHK flat situated in the prime location of GIFT City. The apartment is available at an affordable rental price of ₹35,000. The apartment is on the 5 floor, has a covered area of 1090 sqft with 2 bathrooms and 2 balcony. This property offers reserved parking, security, service/goods lift, air conditioned, visitor parking, ro water system. The flat can be visited at Block 41, Zone - 04, Shram Marg (Road 4B, Near Indian Oil Petrol Pump, Gujarat International Finance Tec-City, Gandhinagar, Gujarat. You can find the 2 BHK flat without any brokerage.",35000,70000,0,32,2,,No,No,No,"Air Conditioned, Internet/Wi-Fi Connectivity, Banquet Hall, Jogging and Strolling Track",False,True,Owner,83,Immediately,2026-04-05T23:33:00.000Z,"Apr 06, '26",True
fq7SFloy/IxzpSvf+uAgZw==,Magicbricks,https://www.magicbricks.com/property-details/2-BHK-1404-Sq-ft-Multistorey-Apartment-FOR-Rent-Sargasan-in-Gandhinagar&id=4d423834323532363435,2026-04-19 13:51:41,23.1848805,72.615856,,Sargasan,sargasan,,,,Apartment,Furnished,5,13,East,1404,Sq-ft,Less than 5 years,"You can explore this 2 BHK flat on rent in Sargasan Gandhinagar. This 2 BHK flat can be availed at the rental price of ₹27,000. The flat is located on the 5 floor which includes 2 bathrooms, 2 balcony, and covers a carpet area of 1160 sqft. The full address of the apartment is Sargasan, Gandhinagar, Gujarat.",27000,,,19,2,,No,No,No,,False,True,Agent,64,Immediately,2026-04-15T12:52:18.000Z,"Apr 15, '26",True
TCsY9Clj6BRzpSvf+uAgZw==,Magicbricks,https://www.magicbricks.com/property-details/2-BHK-1179-Sq-ft-Multistorey-Apartment-FOR-Rent-Gandhinagar-in-Gandhinagar&id=4d423830333639373537,2026-04-19 13:51:41,23.0395677,72.5660045,,Gandhinagar,"shubh aarambh, shubh road, nr. sanskruti by kaavyaratna",,,,Apartment,Furnished,2,5,North - East,,,New Construction,"2bhk full furnished flat on main highway to giftcity If you are planning to rent a flat, you can consider this 2 BHK flat situated in the prime location of Gandhinagar. The multistorey apartment is available at rent of ₹27,000. The flat is on the 2 floor and includes 2 bathrooms, 1 balcony with a carpet area of 1179 sqft. 202 Covered parking space is also available. This unit features power back up, reserved parking, security, intercom facility. This flat is located at F.P. No. 106, Randesan, Dholakuva Cross Road, Near Shahpur Bridge, Gift City Road, Gandhinagar..",27000,25000,1500,,2,202 Covered,Yes,No,No,Intercom Facility,False,True,Agent,95,Immediately,2026-03-15T08:52:05.000Z,"Mar 15, '26",True
WGP6AuaDU99zpSvf+uAgZw==,Magicbricks,https://www.magicbricks.com/property-details/2-BHK-1485-Sq-ft-Penthouse-FOR-Rent-Vavol-in-Gandhinagar&id=4d423833353336353433,2026-04-19 13:51:41,23.2248961,72.619552,,Vavol,"Nilkanth Villa Society,New Vavol",,,,Penthouse,Furnished,3,3,East,1485,Sq-ft,5 to 10 years,"Best Location And Locality Find 2 BHK flat for rent in Vavol Gandhinagar. The multistorey apartment is available at rent of ₹30,000. The apartment is on the 3 floor, has a carpet area of 1040 sqft with 2 bathrooms and 1 balcony. This unit features power back up, reserved parking, security, service/goods lift. Visit the flat at Nilkanth Villa Society,New Vavol, Vavol, Gandhinagar, Gujarat.",30000,30000,,20,2,,Yes,No,No,"Service/Goods Lift, Laundry Service, Internet/Wi-Fi Connectivity, Jogging and Strolling Track",False,True,Agent,72,Immediately,2026-02-24T10:14:24.000Z,"Feb 24, '26",True
nIBR/lym8zpzpSvf+uAgZw==,Magicbricks,https://www.magicbricks.com/property-details/2-BHK-150-Sq-yrd-Multistorey-Apartment-FOR-Rent-Sargasan-in-Gandhinagar&id=4d423833373136333333,2026-04-19 13:51:41,23.1848805,72.615856,,Sargasan,"Gandhinagar, Gujarat",,,,Apartment,Semi-Furnished,12,14,East,150,Sq-yrd,Less than 5 years,"east facing falat fully furnnist flat with modular kichen worddroops ac , RO , Wchinemashine refrijeretar You can explore this 2 BHK flat on rent in Sargasan Gandhinagar. The apartment is available at an affordable rental price of ₹30,000. If you rent the flat, you will have access to facilities like 2 Wardrobe, 2 Bed, Fridge, 2 AC, Sofa, Washing Machine and Gas Connection. The flat is on the 12 floor and includes 2 bathrooms, 1 balcony with a carpet area of 100 sqyrd. 1 Covered parking space is also available. This unit features reserved parking, security. The address is Nr. Swagat Afford & TCS IT Park, Sargasan Circle, S. G. Highway, Ahmedabad - Gandhinagar Twin City.",30000,,,22,2,1 Covered,No,No,No,,True,True,Agent,81,Immediately,2026-03-10T08:23:01.000Z,"Mar 10, '26",True
okuzYJpmeCRzpSvf+uAgZw==,Magicbricks,https://www.magicbricks.com/property-details/1-BHK-90-Sq-ft-Multistorey-Apartment-FOR-Rent-Sargasan-in-Gandhinagar&id=4d423833353336303437,2026-04-19 13:51:41,23.1848805,72.615856,,Sargasan,capital flora near by d -mart,,,,Apartment,Furnished,2,5,,90,Sq-ft,Less than 5 years,"this property is near by tcs nift and dict Grab the chance to own this affordable 1 BHK flat for rent in the Sargasan area. The rent of the 1 BHK flat is ₹18,000. The flat is on the 2 floor and includes 2 bathrooms, 1 balcony with a carpet area of 80 sqft. Visit the flat at Sargasan, Gandhinagar, Gujarat .",18000,,,200,2,,No,No,No,,True,True,Agent,46,Immediately,2026-02-24T09:58:35.000Z,"Feb 24, '26",True
qM5ZpZTOhZBzpSvf+uAgZw==,Magicbricks,https://www.magicbricks.com/property-details/1-BHK-1120-Sq-ft-Multistorey-Apartment-FOR-Rent-Sargasan-in-Gandhinagar&id=4d423831393730383235,2026-04-19 13:51:41,23.1848805,72.615856,,Sargasan,"VED International School, Sargasan, Gandhinagar, Gujarat",,,,Apartment,Furnished,4,6,East,1120,Sq-ft,New Construction,"1 bhk falt full furnished, east facing, luxurys apartment, best locality. Good location properties in gandhinagar If you are planning to rent a flat, you can consider this 1 BHK flat situated in the prime location of Sargasan. This 1 BHK flat can be availed at the rental price of ₹16,000. Additional amenities available with the flat are 2 Wardrobe, 1 Bed, 1 TV, Fridge, Microwave, 2 AC, Sofa, Washing Machine, Dining Table and Gas Connection. The apartment is on the 4 floor, has a carpet area of 680 sqft with 1 bathrooms and 1 balcony. You will also find 2 Covered, 1 Open parking facility. The apartment comes furnished with power back up, reserved parking, security. The apartment is located at VED International School, Sargasan, Gandhinagar, Gujarat, Sargasan, Gandhinagar, Gujarat.",16000,18000,200,14,1,"2 Covered, 1 Open",Yes,No,No,Jogging and Strolling Track,False,True,Agent,100,Immediately,2026-04-16T23:45:21.000Z,"Apr 17, '26",True
+yHbHfOl8YBzpSvf+uAgZw==,Magicbricks,https://www.magicbricks.com/property-details/1-BHK-145-Sq-yrd-Multistorey-Apartment-FOR-Rent-Kudasan-in-Gandhinagar&id=4d423833363330313131,2026-04-19 13:51:41,23.1698784,72.6232479,,Kudasan,1bhk flat on rent and TCS office Nift NID college DICT college,,,,Apartment,Semi-Furnished,1,5,,145,Sq-yrd,New Construction,"Multistory apartment is available for rent. It has a covered area of 145 sq-yrd, it is a good location. Please contact for more details. You can avail the 1 BHK flat for rent in the well-known location of Kudasan. This 1 BHK flat can be availed at the rental price of ₹14,500. Located on the 1 floor, the flat comprises 2 bathrooms, 2 balcony, and has a covered area of 145 sqyrd. Visit the flat at 1bhk flat on rent and TCS office Nift NID college DICT college, Kudasan, Gandhinagar, Gujarat.",14500,14500,0,11,2,,No,No,No,,True,True,Agent,40,Immediately,2026-03-03T14:49:22.000Z,"Mar 03, '26",True
hfdEsqYYn7BzpSvf+uAgZw==,Magicbricks,https://www.magicbricks.com/property-details/1-BHK-1280-Sq-ft-Multistorey-Apartment-FOR-Rent-Sector-2-in-Gandhinagar&id=4d423832383233333839,2026-04-19 13:51:41,23.200988,72.637292,,Visat Real Estate,1bhk Full Furnished,,,,Apartment,Furnished,1,3,East,1280,Sq-ft,New Construction,"1 BHK apartment is available on rent in Sector 2 Gandhinagar right away. The flat is available for rent at a competitive amount of ₹17,000. The flat is on the 1 floor and includes 2 bathrooms, 1 balcony with a carpet area of 968 sqft. The property includes 1 Covered parking. The property features security. Visit the flat at 1bhk Full Furnished, Sector 2, Gandhinagar, Gujarat.",17000,17000,100,13,2,1 Covered,No,No,No,,False,True,Agent,86,Immediately,2026-04-16T23:45:21.000Z,"Apr 17, '26",True
vGSPk/77231zpSvf+uAgZw==,Magicbricks,https://www.magicbricks.com/property-details/1-BHK-110-Sq-yrd-Multistorey-Apartment-FOR-Rent-Sargasan-in-Gandhinagar&id=4d423833343630373335,2026-04-19 13:51:41,23.1848805,72.615856,,Sargasan,1bhk flat on rent furnished fully,,,,Apartment,Furnished,1,5,,110,Sq-yrd,New Construction,"Check out this newly constructed 1 BHK flat on rent in the prime location of Sargasan Gandhinagar. The apartment is available at an affordable rental price of ₹18,000. Located on the 1 floor, the flat comprises 2 bathrooms, 2 balcony, and has a carpet area of 110 sqyrd. The address is Sargasan, Gandhinagar, Gujarat .",18000,18000,0,18,2,,No,No,No,,True,True,Agent,40,Immediately,2026-02-18T11:07:02.000Z,"Feb 18, '26",True
L3UVNRq07UdzpSvf+uAgZw==,Magicbricks,https://www.magicbricks.com/property-details/1-BHK-1160-Sq-ft-Multistorey-Apartment-FOR-Rent-Sargasan-in-Gandhinagar&id=4d423830383231383837,2026-04-19 13:51:41,23.1848805,72.615856,,Sargasan,"Gandhinagar, Gujarat",,,,Apartment,Unfurnished,,,East,1160,Sq-ft,New Construction,"Check out this newly constructed 1 BHK flat on rent in the prime location of Sargasan Gandhinagar. The apartment is available at an affordable rental price of ₹18,500. The property features reserved parking. The address is Sargasan, Gandhinagar, Gujarat .",18500,34000,0,16,1,,No,No,No,,False,True,Agent,82,Immediately,2026-04-16T23:45:21.000Z,"Apr 17, '26",True
45jlVkWDnDpzpSvf+uAgZw==,Magicbricks,https://www.magicbricks.com/property-details/2-BHK-75-Sq-yrd-Builder-Floor-Apartment-FOR-Rent-Adalaj-in-Gandhinagar&id=4d423432353733373631,2026-04-19 13:51:41,23.164356,72.581158,,Adalaj,adalaj,,,,Builder Floor Apartment,Unfurnished,5,6,,75,Sq-yrd,New Construction,"This Builder Floor Apartment is located at 5th floor in a building of total 6 floors. 2 BHK flat is available for rent in Adalaj immediately. ₹40 Lac is the monthly rent of this 2 BHK flat. The apartment is on the 5 floor, has a covered area of 75 sqyrd with 1 bathrooms and 1 balcony. The full address of the apartment is adalaj, Adalaj, Gandhinagar, Gujarat. The owner has posted this 2 BHK flat for rent, so the brokerage fees is zero on this multistorey apartment.",4000000,,,5926,1,,No,No,No,,False,False,Owner,36,Immediately,2026-02-28T08:11:20.000Z,"Feb 28, '26",True
ORYX3ms4kElzpSvf+uAgZw==,Magicbricks,https://www.magicbricks.com/property-details/2-BHK-1278-Sq-ft-Multistorey-Apartment-FOR-Rent-Sargasan-in-Gandhinagar&id=4d423531393839313239,2026-04-19 13:51:41,23.1848805,72.615856,,Sargasan,Nr Swagat Flemingo Sargaasan circle Gandhinagar,,,,Apartment,Semi-Furnished,3,5,South -West,1278,Sq-ft,5 to 10 years,"If you are searching a 2 BHK apartment for rent in Sargasan, check out this amazing rental flat. The multistorey apartment is available at rent of ₹50 Lac. The apartment is on the 3 floor, has a covered area of 1278 sqft with 2 bathrooms and 2 balcony. 1 Covered parking facility are also available. The flat comes with security. Visit the flat at Sargasan, Gandhinagar. This 2 BHK apartment ad is listed by the owner, so there is no brokerage fee.",5000000,,,3912,2,1 Covered,Yes,Yes,Yes,Jogging and Strolling Track,False,False,Owner,66,Immediately,2026-02-27T14:20:15.000Z,"Feb 27, '26",True
y9lAHb0J7R1zpSvf+uAgZw==,Magicbricks,https://www.magicbricks.com/property-details/2-BHK-140-Sq-ft-Multistorey-Apartment-FOR-Rent-Sargasan-in-Gandhinagar&id=4d423636313137313031,2026-04-19 13:51:41,23.1848805,72.615856,,Sargasan,"Gandhinagar, Gujarat",,,,Apartment,Furnished,1,1,,140,Sq-ft,,"You can avail the 2 BHK flat for rent in the well-known location of Sargasan. The Rent amount of this 2 BHK apartment is set at an attractive price of ₹3.2 Lac. You can visit the flat at Sargasan, Gandhinagar, Gujarat. You can find the 2 BHK flat without any brokerage.",320000,,,2286,5,,No,No,No,,False,False,Owner,0,Immediately,2026-02-08T08:51:49.000Z,"Feb 08, '26",True
1e0sjW6QHyVzpSvf+uAgZw==,Magicbricks,https://www.magicbricks.com/property-details/3-BHK-2160-Sq-yrd-Multistorey-Apartment-FOR-Rent-Kudasan-in-Gandhinagar&id=4d423739393036383931,2026-04-19 13:51:41,23.1698784,72.6232479,,Kudasan,"Kudasan,Gandhinagar",,,,Apartment,Unfurnished,Lower Basement,7,North - East,2160,Sq-yrd,Less than 5 years,"Check out this newly constructed 3 BHK flat on rent in the prime location of Kudasan Gandhinagar. This 3 BHK flat is available at the reasonable rent amount of ₹24,000. The flat is on the Lower Basement floor and includes 3 bathrooms, 1 balcony with a carpet area of 1296 sqft. This home provides power back up, reserved parking, security. The address is Kudasan, Gandhinagar, Gujarat .",24000,25000,2000,1,3,,No,No,No,,False,True,Agent,100,Immediately,2026-04-17T23:45:20.000Z,Yesterday,True
c5j1skZ4sb9zpSvf+uAgZw==,Magicbricks,https://www.magicbricks.com/property-details/3-BHK-2025-Sq-ft-Multistorey-Apartment-FOR-Rent-Kudasan-in-Gandhinagar&id=4d423831393731303033,2026-04-19 13:51:41,23.1698784,72.6232479,,Kudasan,"Kudasan,Gandhinagar",,,,Apartment,Furnished,4,11,East,2025,Sq-ft,2016,"3 bhk falt full furnished, east facing, luxurys apartment, best locality. Good location properties in gandhinagar Grab the chance to own this affordable 3 BHK flat for rent in the Kudasan area. Available at a rental price of ₹23,000, this 3 BHK flat is worth considering. If you rent the flat, you will have access to facilities like 3 Wardrobe, 2 Bed, Fridge, 1 AC, Sofa, Washing Machine, Dining Table and Gas Connection. The flat is on the 4 floor and includes 2 bathrooms, 2 balcony with a carpet area of 1215 sqft. You will also find 2 Covered, 1 Open parking facility. This flat is fitted with power back up, reserved parking, security. Visit the apartment at OPP PRATHAM BUNGLOWS NR PRAMUKH ARCADE , RELIANCE CROSS ROAD KUDASAN, Gandhinagar.",23000,23000,200,11,2,"2 Covered, 1 Open",Yes,No,No,Jogging and Strolling Track,True,True,Agent,78,Immediately,2026-04-16T23:45:21.000Z,"Apr 17, '26",True
ElKkizqRl9ZzpSvf+uAgZw==,Magicbricks,https://www.magicbricks.com/property-details/3-BHK-272-Sq-yrd-Multistorey-Apartment-FOR-Rent-Kudasan-in-Gandhinagar&id=4d423732383437353035,2026-04-19 13:51:41,23.1698784,72.6232479,,Kudasan,"Shubh Candid, Urjanagar 1, Kudasan, Gandhinagar, Gujarat",,,,Apartment,Unfurnished,9,13,East,272,Sq-yrd,New Construction,"If you are planning to rent a flat, you can consider this 3 BHK flat situated in the prime location of Kudasan. The flat is available for rent at a competitive amount of ₹25,000. Located on the 9 floor, the flat has 3 bathrooms, 1 balcony in carpet area of 162 sqyrd. 1 Covered parking space is also available. The flat comes with power back up, reserved parking, security. This flat is located at Shubh Candid, Urjanagar 1, Kudasan, Gandhinagar, Gujarat .",25000,25000,2500,10,3,1 Covered,Yes,Yes,No,Jogging and Strolling Track,False,True,Agent,100,Immediately,2026-03-06T13:41:50.000Z,"Mar 06, '26",True
ez/fjiNtZZJzpSvf+uAgZw==,Magicbricks,https://www.magicbricks.com/property-details/3-BHK-1500-Sq-ft-Multistorey-Apartment-FOR-Rent-Sargasan-in-Gandhinagar&id=4d423834303233333833,2026-04-19 13:51:41,23.1848805,72.615856,,Sargasan,"Sargasan,Gandhinagar",,,,Apartment,Semi-Furnished,10,14,,1500,Sq-ft,New Construction,"3 bhk flat for rent in sargasan gandhinagar 5 min distance from tcs and 15 min distance from gift city. Find this 3 BHK rental flat in Sargasan Gandhinagar. You can get this flat at monthly rent of ₹22,500. The flat comes with some add-on facilities such as 2 Wardrobe and Gas Connection. The apartment is on the 10 floor, has a covered area of 1500 sqft with 3 bathrooms and 2 balcony. This flat is fitted with power back up, security. The full address of the apartment is Opp Surya Retreat Bunglows, S G Road, Sargsan, Gandhinagar.",22500,22500,,15,3,,No,No,No,,False,True,Agent,80,Immediately,2026-04-18T23:45:34.000Z,Today,True
FBJmrayZCbNzpSvf+uAgZw==,Magicbricks,https://www.magicbricks.com/property-details/3-BHK-210-Sq-yrd-Multistorey-Apartment-FOR-Rent-Koba-in-Gandhinagar&id=4d423739343835343133,2026-04-19 13:51:41,23.150331,72.640657,,Varsha Real Estate,"Gandhinagar, Gujarat",,,,Apartment,Unfurnished,4,10,,210,Sq-yrd,New Construction,"this property is located at k raheja road and brand new. available for family only. well maintained and with basic amenities . You can avail the 3 BHK flat for rent in the well-known location of Koba. This 3 BHK flat can be availed at the rental price of ₹25,000. Located on the 4 floor, the flat comprises 3 bathrooms, 2 balcony, and has a carpet area of 160 sqyrd. 1 Covered parking facility are also available. This unit is designed with power back up, reserved parking, security. This flat is located at Koba, Gandhinagar, Gujarat.",25000,25000,0,13,3,1 Covered,Yes,No,No,Jogging and Strolling Track,False,True,Agent,96,Immediately,2026-04-16T23:45:20.000Z,"Apr 17, '26",True
dk0nMjEcZR5zpSvf+uAgZw==,Magicbricks,https://www.magicbricks.com/property-details/3-BHK-200-Sq-yrd-Multistorey-Apartment-FOR-Rent-Sargasan-in-Gandhinagar&id=4d423831333632393731,2026-04-19 13:51:41,23.1848805,72.615856,,Sargasan,sargasan,,,,Apartment,Unfurnished,5,13,East,200,Sq-yrd,New Construction,"Find this 3 BHK rental flat in Sargasan Gandhinagar. This 3 BHK flat is available at the reasonable rent amount of ₹22,000. The flat is located on the 5 floor which includes 3 bathrooms, 1 balcony, and covers a carpet area of 120 sqyrd. There is also facility of 1 Open parking. The building has 13 floor and offers Kids play area amenities. The apartment comes furnished with power back up, security, service/goods lift, visitor parking, ro water system. Visit the flat at Opp Siddhraj Zavod, Beside AUDA Garden, Near S G Highway, Gandhinagar, Gujrat.",22000,22000,0,12,3,1 Open,Yes,No,No,"Service/Goods Lift, Visitor Parking, RO Water System, Banquet Hall",False,True,Agent,100,Immediately,2026-04-18T23:45:32.000Z,Today,True
3AkKZbuNuINzpSvf+uAgZw==,Magicbricks,https://www.magicbricks.com/property-details/3-BHK-265-Sq-yrd-Multistorey-Apartment-FOR-Rent-Bhaijipura-in-Gandhinagar&id=4d423731323535343633,2026-04-19 13:51:41,23.160748,72.63168,,Dishi Assets Management,Silicone Hills Near Bhaijipura Station Main PDPU Road,,,,Apartment,Semi-Furnished,2,8,East,265,Sq-yrd,5 to 10 years,"3Bhk Semifurnished flat with great locality with the near shopping market where all can have to access to basic needs foe everyday. Find this 3 BHK rental flat in Bhaijipura Gandhinagar. ₹16,999 is the monthly rent of this 3 BHK flat. The residents of the flat have access to additional facilities such as Gas Connection. Located on the 2 floor, the flat comprises 3 bathrooms, 1 balcony, and has a carpet area of 190 sqyrd. There is also facility of 1 Covered parking. The property features power back up, reserved parking, security. Visit the apartment at Silicone Hills Near Bhaijipura Station Main PDPU Road, Bhaijipura, Gandhinagar, Gujarat.",16999,20000,1500,7,3,1 Covered,No,No,No,,True,True,Agent,98,Immediately,2026-04-17T23:45:18.000Z,Yesterday,True
5QWM52QAe8JzpSvf+uAgZw==,Magicbricks,https://www.magicbricks.com/property-details/3-BHK-2025-Sq-ft-Multistorey-Apartment-FOR-Rent-Adalaj-in-Gandhinagar&id=4d423734393936393233,2026-04-19 13:51:41,23.164356,72.581158,,Adalaj,"Adalaj,Gandhinagar",,,,Apartment,Semi-Furnished,5,14,East,2025,Sq-ft,,"Luxurious 3bhk flat for rent in anavya parmeshwar,best society in adalaj. Call for more details If you are searching a 3 BHK apartment for rent in Adalaj, check out this amazing rental flat. This 3 BHK flat is available at the reasonable rent amount of ₹21,000. Located on the 5 floor, the flat has 3 bathrooms, 1 balcony in covered area of 2025 sqft. 1 Covered parking facility are also available. The apartment comes furnished with power back up, reserved parking, security. Visit the flat at Opp. Shantiniketan Senior Living Sabarmati Chandkheda, Kalol, Road, Adalaj, Gujarat .",21000,42000,0,10,3,1 Covered,Yes,No,No,Jogging and Strolling Track,True,True,Agent,71,Immediately,2026-04-01T16:09:24.000Z,"Apr 01, '26",True
r+xf+QGiD8FzpSvf+uAgZw==,Magicbricks,https://www.magicbricks.com/property-details/3-BHK-265-Sq-ft-Multistorey-Apartment-FOR-Rent-Kudasan-in-Gandhinagar&id=4d423832313735353135,2026-04-19 13:51:41,23.1698784,72.6232479,,Kudasan,kudasan,,,,Apartment,Semi-Furnished,5,13,East,265,Sq-ft,5 to 10 years,"You can explore this 3 BHK flat on rent in Kudasan Gandhinagar. The 3 BHK apartment is available at a reasonable rent of ₹23,000. The apartment is on the 5 floor, has a covered area of 265 sqft with 3 bathrooms and 1 balcony. 1 Open parking facility are also available. The building has 13 floor and offers Kids play area amenities. This unit features power back up, reserved parking, security. Visit the flat at Nr. Sarthak Heaven, P.D.P.U Cross Road, Kudasan, Urjanagar, Gandhinagar.",23000,23000,1000,87,3,1 Open,No,No,No,,True,True,Agent,67,Immediately,2026-04-16T23:45:20.000Z,"Apr 17, '26",True
BA9XbjENe1lzpSvf+uAgZw==,Magicbricks,https://www.magicbricks.com/property-details/3-BHK-257-Sq-ft-Multistorey-Apartment-FOR-Rent-Kudasan-in-Gandhinagar&id=4d423732353537333635,2026-04-19 13:51:41,23.1698784,72.6232479,,Kudasan,"Gandhinagar, Gujarat",,,,Apartment,Unfurnished,5,11,East,257,Sq-ft,New Construction,"Find 3 BHK flat for rent in Kudasan Gandhinagar. The flat is available for rent at a competitive amount of ₹25,000. The flat is located on the 5 floor which includes 3 bathrooms, 1 balcony, and covers a covered area of 257 sqft. This property offers reserved parking, security. This flat is located at RADHE INFINITY RAKSHASHAKTI CIRCLE, Gandhinagar, Gandhinagar, Gujarat.",25000,25000,2500,97,3,,No,No,No,,True,True,Agent,48,Immediately,2026-04-16T23:45:22.000Z,"Apr 17, '26",True
azWVYOxdHLhzpSvf+uAgZw==,Magicbricks,https://www.magicbricks.com/property-details/3-BHK-2403-Sq-ft-Multistorey-Apartment-FOR-Rent-Kudasan-in-Gandhinagar&id=4d423832383434343931,2026-04-19 13:51:41,23.1698784,72.6232479,,Kudasan,"Kudasan,Gandhinagar",,,,Apartment,Unfurnished,5,13,East,2403,Sq-ft,2023,"Radhe Infinity in Kudasan is a modern residential development offering thoughtfully designed apartments with quality construction. The project features essential lifestyle amenities, good ventilation, and convenient access to schools, markets, and major roads, making it suitable for comfortable urban living in a growing area of Gandhinagar.",24000,24000,1500,10,3,1 Covered,Yes,No,No,Jogging and Strolling Track,False,True,Agent,98,Immediately,2026-04-18T23:45:32.000Z,Today,True
5YnWkEZdIUJzpSvf+uAgZw==,Magicbricks,https://www.magicbricks.com/property-details/3-BHK-200-Sq-yrd-Multistorey-Apartment-FOR-Rent-Randesan-in-Gandhinagar&id=4d423834323933343235,2026-04-19 13:51:41,23.17588,72.65443,,Randesan,"Randesan,Gandhinagar",,,,Apartment,Furnished,3,5,East,200,Sq-yrd,10 to 15 years,"Randesan is wellconnected to other parts of city by road, which passes through the heart of this suburb. Prominent shopping malls, movie theatres, school, and hospitals are present in proximity of this residential project",25000,50000,0,14,3,1 Covered,Yes,No,No,Jogging and Strolling Track,False,True,Agent,100,Immediately,2026-04-18T05:57:38.000Z,Yesterday,True
uk8Eym5NASNzpSvf+uAgZw==,Magicbricks,https://www.magicbricks.com/property-details/3-BHK-215-Sq-yrd-Multistorey-Apartment-FOR-Rent-Vavol-in-Gandhinagar&id=4d423833353337333331,2026-04-19 13:51:41,23.2248961,72.619552,,Vavol,Vavol,,,,Apartment,Unfurnished,4,10,East,215,Sq-yrd,New Construction,"Available On Rent 3bhk Flat In Vavol New Society Only Family Members Allowed Prime Location You can explore this 3 BHK flat on rent in Vavol Gandhinagar. The Rent amount of this 3 BHK apartment is set at an attractive price of ₹20,000. Located on the 4 floor, the flat has 3 bathrooms, 1 balcony in carpet area of 129 sqyrd. 1 Covered, 1 Open parking facility are also available. This unit features power back up, reserved parking, security. Find this apartment at Vavol, Vavol, Gandhinagar, Gujarat.",20000,20000,2000,10,3,"1 Covered, 1 Open",No,No,No,,True,True,Agent,100,Immediately,2026-04-18T23:45:34.000Z,Today,True
s1FL70k6jNhzpSvf+uAgZw==,Magicbricks,https://www.magicbricks.com/property-details/3-BHK-253-Sq-yrd-Multistorey-Apartment-FOR-Rent-Sargasan-in-Gandhinagar&id=4d423831353237383835,2026-04-19 13:51:41,23.1848805,72.615856,,Sargasan,"Gandhinagar, Gujarat",,,,Apartment,Unfurnished,8,14,,253,Sq-yrd,New Construction,"3 BHK flat is available for rent in Sargasan immediately. The rent of the 3 BHK flat is ₹22,000. The apartment is on the 8 floor, has a carpet area of 195 sqyrd with 3 bathrooms and 1 balcony. This property features 14 floor and offers a range of Kids play area facilities. Visit the flat at Opp Siddhraj Zavod, Beside AUDA Garden, Near S G Highway, Gandhinagar, Gujrat.",22000,23000,0,10,3,,No,No,No,,False,True,Agent,58,Immediately,2026-04-18T23:45:34.000Z,Today,True
G0FsFofn20hzpSvf+uAgZw==,Magicbricks,https://www.magicbricks.com/property-details/3-BHK-809-Sq-ft-Multistorey-Apartment-FOR-Rent-Raysan-in-Gandhinagar&id=4d423734303334323337,2026-04-19 13:51:41,23.16672,72.66059,,Raysan,raysan gandhinagar,19210|GNLU Metro Station,,,Apartment,Semi-Furnished,6,13,East,809,Sq-ft,New Construction,"Find this 3 BHK rental flat in Raysan Gandhinagar. This 3 BHK flat can be availed at the rental price of ₹25,000. Live in this lovely flat and get access to various useful facilities such as Fridge, Washing Machine and Gas Connection. Located on the 6 floor, the flat has 3 bathrooms, 2 balcony in carpet area of 757 sqft. There is also facility of 1 Covered, 1 Open parking. The apartment is equipped with power back up, reserved parking, security. Visit the apartment at raysan gandhinagar, Raysan, Gandhinagar, Gujarat.",25000,25000,2000,31,3,"1 Covered, 1 Open",No,No,No,,False,True,Agent,100,Immediately,2026-04-18T23:45:34.000Z,Today,True
BYvZWw3p1H5zpSvf+uAgZw==,Magicbricks,https://www.magicbricks.com/property-details/3-BHK-1665-Sq-ft-Multistorey-Apartment-FOR-Rent-Raysan-in-Gandhinagar&id=4d423735303731333031,2026-04-19 13:51:41,23.16672,72.66059,,Raysan,"Raysan,Gandhinagar",19210|GNLU Metro Station|5 minutes,,,Apartment,Semi-Furnished,Upper Basement,10,North - East,1665,Sq-ft,2005,"3 bhk flai available in raysannear by gift city A beautiful 3 BHK flat is available for rent in Raysan. This 3 BHK flat is available at the reasonable rent amount of ₹24,500. Some attractive additional facilities available with the flat are Gas Connection. The flat is on the Upper Basement floor and includes 3 bathrooms, 1 balcony with a carpet area of 1200 sqft. 1 Covered, 1 Open parking facility are also available. The property encompasses 10 floor and provides Kids play area amenities. This unit is designed with power back up, reserved parking, security. The apartment is located at Nr BAPS School, B/H IOC Petrol Pump, Raysan Rd, Raysan, Gujarat .",24500,50000,0,15,3,"1 Covered, 1 Open",Yes,Yes,No,Jogging and Strolling Track,True,True,Agent,75,Immediately,2026-04-18T23:45:34.000Z,Today,True
+7tQrJSBOYhzpSvf+uAgZw==,Magicbricks,https://www.magicbricks.com/property-details/3-BHK-2200-Sq-ft-Multistorey-Apartment-FOR-Rent-Kudasan-in-Gandhinagar&id=4d423834323135363739,2026-04-19 13:51:41,23.1698784,72.6232479,,Kudasan,"Kudasan, Gandhinagar",,,,Apartment,Semi-Furnished,4,7,North - East,2200,Sq-ft,5 to 10 years,"nice flat 3 BHK apartment is available on rent in Kudasan Gandhinagar right away. This 3 BHK flat can be availed at the rental price of ₹22,000. The flat is on the 4 floor and includes 3 bathrooms, 1 balcony with a carpet area of 1000 sqft. You will also find 1 Covered parking facility. The flat comes with power back up, reserved parking, security, service/goods lift, air conditioned, intercom facility, ro water system. This flat is located at Radhe Residency 4 Block-G, Urjanagar 1, Kudasan, Gandhinagar, Gujarat.",22000,44000,0,10,3,1 Covered,No,No,No,"Air Conditioned, Banquet Hall, Jogging and Strolling Track, Outdoor Tennis Courts",False,True,Agent,100,Immediately,2026-04-18T23:45:34.000Z,Today,True
N9ZKkWAEsT9zpSvf+uAgZw==,Magicbricks,https://www.magicbricks.com/property-details/3-BHK-1854-Sq-ft-Multistorey-Apartment-FOR-Rent-Sargasan-in-Gandhinagar&id=4d423834303131383031,2026-04-19 13:51:41,23.1848805,72.615856,,Sargasan,Sargasan,,,,Apartment,Semi-Furnished,,,East,1854,Sq-ft,5 to 10 years,"2bhk spacious flat , garden location, best locality You can explore this 3 BHK flat on rent in Sargasan Gandhinagar. ₹23,000 is the monthly rent of this 3 BHK flat. There is also facility of 1 Covered parking. The property features power back up, reserved parking, security, service/goods lift. You can visit the flat at Sargasan, Gandhinagar..",23000,23000,0,12,3,1 Covered,Yes,No,No,Service/Goods Lift,True,True,Agent,100,Immediately,2026-04-17T23:45:21.000Z,Yesterday,True
i9vB9vCQmYNzpSvf+uAgZw==,Magicbricks,https://www.magicbricks.com/property-details/3-BHK-1908-Sq-ft-Multistorey-Apartment-FOR-Rent-Raysan-in-Gandhinagar&id=4d423833393839313931,2026-04-19 13:51:41,23.16672,72.66059,,Raysan,Raysan pdpu.,19210|GNLU Metro Station|5 minutes,,,Apartment,Semi-Furnished,6,12,,1908,Sq-ft,New Construction,"You can avail the 3 BHK flat for rent in the well-known location of Raysan. You can get this flat at monthly rent of ₹25,000. Located on the 6 floor, the flat comprises 3 bathrooms, 3 balcony, and has a covered area of 1908 sqft. The property encompasses 12 floor and provides Kids play area amenities. The apartment is equipped with power back up, security. Visit the apartment at Near Shree Rang Upvan Bunglows, PDPU Road, Raysan, Gandhinagar Gujarat. The brokerage amount of the 3 BHK apartment is zero.",25000,75000,,13,3,,No,No,No,,False,True,Owner,71,Immediately,2026-04-07T06:01:22.000Z,"Apr 07, '26",True
xCgzCJk7IxBzpSvf+uAgZw==,Magicbricks,https://www.magicbricks.com/property-details/3-BHK-1246-Sq-ft-Multistorey-Apartment-FOR-Rent-Kudasan-in-Gandhinagar&id=4d423833373335303533,2026-04-19 13:51:41,23.1698784,72.6232479,,Kudasan,"Span Elegance, Kudasan, Gandhinagar",,,,Apartment,Semi-Furnished,3,5,North - East,1246,Sq-ft,New Construction,"Find 3 BHK flat for rent in Kudasan Gandhinagar. The multistorey apartment is available at rent of ₹23,000. Some added-on facilities available with the flat are Gas Connection. Located on the 3 floor, the flat has 3 bathrooms, 1 balcony in carpet area of 950 sqft. There is also facility of 1 Covered parking. This residential building features 5 floor and ensures Kids play area comfort. The apartment comes furnished with power back up, reserved parking, security. The address is R S No.144, F P No. 150, S P No. 150B, Kudasan T P 6, Guda, Sargaasan, Gandhinagar.",23000,23000,1000,18,3,1 Covered,Yes,Yes,No,Jogging and Strolling Track,True,True,Agent,100,Immediately,2026-04-18T23:45:34.000Z,Today,True
2VzDVutpzolzpSvf+uAgZw==,Magicbricks,https://www.magicbricks.com/property-details/3-BHK-1795-Sq-ft-Multistorey-Apartment-FOR-Rent-Raysan-in-Gandhinagar&id=4d423833313534303333,2026-04-19 13:51:41,23.16672,72.66059,,Raysan,"Raysan,Gandhinagar",19210|GNLU Metro Station|5 minutes,,,Apartment,Semi-Furnished,1,11,East,1795,Sq-ft,New Construction,"A beautiful 3 BHK flat is available for rent in Raysan. The apartment is available at an affordable rental price of ₹25,000. The apartment is on the 1 floor, has a carpet area of 1000 sqft with 3 bathrooms and 4 balcony. The property consists of 11 floor and offers Kids play area conveniences. This property offers power back up, reserved parking, security. The flat can be visited at Devanshi Prime, Nr. Vrundavan Arcade, PDPU Road, Raysan, Gandhinagar. This is a no-brokerage flat because the owner has posted the ad on this 3 BHK apartment.",25000,50000,2500,14,3,,No,No,No,,False,True,Owner,82,Immediately,2026-04-02T23:32:18.000Z,"Apr 03, '26",True
1zaOHwjnWr9zpSvf+uAgZw==,Magicbricks,https://www.magicbricks.com/property-details/3-BHK-1800-Sq-ft-Multistorey-Apartment-FOR-Rent-Randesan-in-Gandhinagar&id=4d423733363639363531,2026-04-19 13:51:41,23.17588,72.65443,,Randesan,Randesan,,,,Apartment,Unfurnished,3,5,East,1800,Sq-ft,5 to 10 years,"24HOURS security, 24hours water , Main Road Society If you are planning to rent a flat, you can consider this 3 BHK flat situated in the prime location of Randesan. The Rent amount of this 3 BHK apartment is set at an attractive price of ₹23,000. The flat is located on the 3 floor which includes 3 bathrooms, 1 balcony, and covers a carpet area of 1800 sqft. There is also facility of 1 Covered parking. The property has 5 floor and is equipped with Early Learning Centre facilities. The apartment comes furnished with power back up, reserved parking, security, intercom facility. This flat is located at Opp Infocity, Nr Sabarmati River Bank, GIFT City Road, Randesan, Gandhinagar, Ahmedabad.",23000,20000,1500,13,3,1 Covered,No,No,No,"Intercom Facility, Internet/Wi-Fi Connectivity, Banquet Hall, Jogging and Strolling Track",True,True,Agent,80,Immediately,2026-04-16T11:07:58.000Z,"Apr 16, '26",True
RbLPrOmWsAVzpSvf+uAgZw==,Magicbricks,https://www.magicbricks.com/property-details/3-BHK-1845-Sq-ft-Multistorey-Apartment-FOR-Rent-Zundal-in-Gandhinagar&id=4d423833353339313435,2026-04-19 13:51:41,23.139555,72.584531,,Kedar Properties,"Gandhinagar, Gujarat",,,,Apartment,Semi-Furnished,5,14,East,1845,Sq-ft,New Construction,"Check out this newly constructed 3 BHK flat on rent in the prime location of Zundal Gandhinagar. The multistorey apartment is available at rent of ₹18,000. Located on the 5 floor, the flat has 3 bathrooms, 1 balcony in covered area of 1845 sqft. The flat comes with power back up, reserved parking, security. Visit the flat at Omkar Lifestyle,Zundal Circle to Vaishnodevi Circle, S.P.Ring road,Opp. CBD Mall, Gandhinagar.",18000,36000,0,10,3,,Yes,No,No,Internet/Wi-Fi Connectivity,True,True,Agent,72,Immediately,2026-02-27T08:13:28.000Z,"Feb 27, '26",True
zLVQqL5MiqdzpSvf+uAgZw==,Magicbricks,https://www.magicbricks.com/property-details/3-BHK-1750-Sq-ft-Multistorey-Apartment-FOR-Rent-Adalaj-in-Gandhinagar&id=4d423832393134373933,2026-04-19 13:51:41,23.164356,72.581158,,Adalaj,"Gandhinagar, Gujarat",,,,Apartment,Semi-Furnished,4,13,West,1750,Sq-ft,New Construction,"Best Direction 3 BHK flat is available for rent in Adalaj immediately. The multistorey apartment is available at rent of ₹25,000. Located on the 4 floor, the flat comprises 3 bathrooms, 1 balcony, and has a carpet area of 1250 sqft. 1 Covered parking facility are also available. The building comprises 13 floor and includes Kids play area features. The apartment comes furnished with security. The flat can be visited at Survey No. 849/B, F.P. No. 79/1, TPS No. 10, Nr. Sabarmati Canal, Opp. Shantiniketan Senior Living.",25000,50000,0,14,3,1 Covered,Yes,No,No,Banquet Hall,False,True,Agent,85,Immediately,2026-04-08T07:43:13.000Z,"Apr 08, '26",True
qHMjxng2Xi1zpSvf+uAgZw==,Magicbricks,https://www.magicbricks.com/property-details/3-BHK-230-Sq-yrd-Multistorey-Apartment-FOR-Rent-in-Gandhinagar&id=4d423833393333333237,2026-04-19 13:51:41,,,,Swastik Estate,"Gandhinagar, Gujarat",,,,Apartment,Unfurnished,3,7,North,,,New Construction,"3bhk new property in raysan If you are planning to rent a flat, you can consider this 3 BHK flat situated in the prime location of meera. The 3 BHK apartment is available at a reasonable rent of ₹25,000. The flat is on the 3 floor and includes 3 bathrooms, 1 balcony with a carpet area of 230 sqyrd. The property features power back up, reserved parking, security, service/goods lift.",25000,25000,,,3,,Yes,No,No,"Service/Goods Lift, Banquet Hall, Conference Room",False,True,Agent,73,Immediately,2026-03-25T07:49:32.000Z,"Mar 25, '26",True
PrTxv1VsDgNzpSvf+uAgZw==,Magicbricks,https://www.magicbricks.com/property-details/3-BHK-1827-Sq-ft-Multistorey-Apartment-FOR-Rent-Vavol-in-Gandhinagar&id=4d423830353834383339,2026-04-19 13:51:41,23.2248961,72.619552,,Vavol,"Near reliance Smart bajar,new vavol",,,,Apartment,Semi-Furnished,6,12,West,1827,Sq-ft,New Construction,"Best Location And Locality You can explore this 3 BHK flat on rent in Vavol Gandhinagar. The rent of the 3 BHK flat is ₹18,000. Located on the 6 floor, the flat comprises 3 bathrooms, 1 balcony, and has a carpet area of 1270 sqft. The apartment comes furnished with power back up, reserved parking, security, service/goods lift, visitor parking. Visit the flat at New, Vavol, Gandhinagar, Gujarat .",18000,,,10,3,,Yes,No,No,"Service/Goods Lift, Visitor Parking, Laundry Service",False,True,Agent,81,Immediately,2026-04-09T06:33:19.000Z,"Apr 09, '26",True
+E1/qFUa+bVzpSvf+uAgZw==,Magicbricks,https://www.magicbricks.com/property-details/3-BHK-220-Sq-yrd-Multistorey-Apartment-FOR-Rent-Randesan-in-Gandhinagar&id=4d423834313134313831,2026-04-19 13:51:41,23.17588,72.65443,,Randesan,"Gandhinagar, Gujarat",,,,Apartment,Semi-Furnished,2,7,East,220,Sq-yrd,New Construction,"good location and good locality 3 BHK flat is available for rent in Randesan immediately. The multistorey apartment is available at rent of ₹23,000. The flat is located on the 2 floor which includes 3 bathrooms, 3 balcony, and covers a carpet area of 180 sqyrd. The building includes 7 floor and supports Early Learning Centre, Guest Accommodation, Kids Club living. This unit is designed with power back up, reserved parking, security, service/goods lift. Visit the apartment at Near Royal Villa, Haridarshan Cross Road, Nikol, Ahmedabad. .",23000,46000,1000,12,3,,Yes,No,No,"Service/Goods Lift, Laundry Service, Banquet Hall, Outdoor Tennis Courts",True,True,Agent,78,Immediately,2026-04-07T06:28:17.000Z,"Apr 07, '26",True
fHrMvBqhgO1zpSvf+uAgZw==,Magicbricks,https://www.magicbricks.com/property-details/3-BHK-1847-Sq-ft-Multistorey-Apartment-FOR-Rent-Sargasan-in-Gandhinagar&id=4d423833323436313533,2026-04-19 13:51:41,23.1848805,72.615856,,Sargasan,"Gandhinagar, Gujarat",,,,Apartment,Semi-Furnished,6,14,East,1847,Sq-ft,New Construction,"Check out this newly constructed 3 BHK flat on rent in the prime location of Sargasan Gandhinagar. The apartment is available at an affordable rental price of ₹25,000. The flat is on the 6 floor and includes 3 bathrooms, 3 balcony with a carpet area of 1130 sqft. The property has 14 floor and is equipped with Kids play area facilities. This home provides power back up, reserved parking, security, intercom facility. You can visit the flat at Opp. Pramukh Arista, Bh. Swagat Flamingo, S.G. Highway, Sargasan, Gandhingar.",25000,25000,,14,3,,Yes,No,No,"Intercom Facility, Banquet Hall",True,True,Agent,51,Immediately,2026-04-09T08:11:21.000Z,"Apr 09, '26",True
o+FWt1/mVB5zpSvf+uAgZw==,Magicbricks,https://www.magicbricks.com/property-details/3-BHK-340-Sq-yrd-Multistorey-Apartment-FOR-Rent-Raysan-in-Gandhinagar&id=4d423737393632363437,2026-04-19 13:51:41,23.16672,72.66059,,Raysan,Gandhinagar Rayasan,19210|GNLU Metro Station|5 minutes,,,Apartment,Semi-Furnished,3,7,East,340,Sq-yrd,Less than 5 years,"This property is new construction, well maintained property, allowed parking fix, many amenities available, 24h security and water line. You can explore this 3 BHK flat on rent in Raysan Gandhinagar. The rent of the 3 BHK flat is ₹20,000. The flat is on the 3 floor and includes 3 bathrooms, 3 balcony with a carpet area of 250 sqyrd. You will also find 1 Open parking facility. The property features power back up, reserved parking, security, service/goods lift, air conditioned, intercom facility, ro water system. Visit the flat at Raysan, Gandhinagar, Gujarat.",20000,40000,1500,7,3,1 Open,No,No,No,"Air Conditioned, Banquet Hall, Bar/Lounge, Jogging and Strolling Track",True,True,Agent,100,Immediately,2026-03-25T22:53:36.000Z,"Mar 26, '26",True
hqYAPWS6mHVzpSvf+uAgZw==,Magicbricks,https://www.magicbricks.com/property-details/3-BHK-2400-Sq-ft-Multistorey-Apartment-FOR-Rent-Sargasan-in-Gandhinagar&id=4d423731323734313037,2026-04-19 13:51:41,23.1848805,72.615856,,Sargasan,Sargasan.,,,,Apartment,Semi-Furnished,2,7,East,2400,Sq-ft,5 to 10 years,"Brand new flat available for rent in Sargasan near pantaloons and dmart. Find this 3 BHK rental flat in Sargasan Gandhinagar. The multistorey apartment is available at rent of ₹23,000. The apartment is on the 2 floor, has a carpet area of 2400 sqft with 3 bathrooms and 2 balcony. You will also find 2 Covered, 1 Open parking facility. This unit features power back up, reserved parking, security, service/goods lift, air conditioned, ro water system. Find this apartment at Nr. info city & TCS IT park, sargasan circle, sargasan, gandhinagar..",23000,23000,0,10,3,"2 Covered, 1 Open",Yes,No,No,"Service/Goods Lift, Air Conditioned, RO Water System",True,True,Agent,98,Immediately,2026-04-07T06:20:54.000Z,"Apr 07, '26",True
tmCE8yuV8UdzpSvf+uAgZw==,Magicbricks,https://www.magicbricks.com/property-details/3-BHK-2254-Sq-ft-Multistorey-Apartment-FOR-Rent-Kudasan-in-Gandhinagar&id=4d423833333737303339,2026-04-19 13:51:41,23.1698784,72.6232479,,Kudasan,"Randesan, Gandhinagar, Gujarat",,,,Apartment,Semi-Furnished,5,13,East,2254,Sq-ft,Less than 5 years,"A beautiful 3 BHK flat is available for rent in Kudasan. The apartment is available at an affordable rental price of ₹26,000. Some premium add-on facilities bundled with the flat are 2 Bed, 1 AC and Gas Connection. Located on the 5 floor, the flat has 3 bathrooms, 1 balcony in carpet area of 1845 sqft. The apartment comes furnished with reserved parking. Visit the flat at Randesan, Gandhinagar, Gujarat .",26000,26000,0,12,3,,No,No,No,,False,True,Agent,92,Immediately,2026-04-18T23:45:33.000Z,Today,True
fPJuT7JluVtzpSvf+uAgZw==,Magicbricks,https://www.magicbricks.com/property-details/3-BHK-293-Sq-yrd-Multistorey-Apartment-FOR-Rent-Kudasan-in-Gandhinagar&id=4d423632323637333237,2026-04-19 13:51:41,23.1698784,72.6232479,,Kudasan,"Kudasan,Gandhinagar",,,,Apartment,Unfurnished,7,7,East,293,Sq-yrd,Less than 5 years,East facing flat with good location and good for living.Society have a own garden and this garden well maintain by society members.Society location is also a best location and good condition flat.society have also a children play area for a small children.Landmarks and neighbourhoodThis property close to a main road and good colleges also a good view.,35000,70000,4000,13,3,1 Covered,Yes,No,No,Jogging and Strolling Track,False,True,Agent,100,Immediately,2026-04-17T23:45:19.000Z,Yesterday,True
iUvnkSdrwa5zpSvf+uAgZw==,Magicbricks,https://www.magicbricks.com/property-details/3-BHK-2580-Sq-ft-Multistorey-Apartment-FOR-Rent-Kudasan-in-Gandhinagar&id=4d423832303137353931,2026-04-19 13:51:41,23.1698784,72.6232479,,Kudasan,"Kudasan, Gandhinagar - Ahmedabad Rd, Gandhinagar, Gujarat",,,,Apartment,Furnished,4,7,East,2580,Sq-ft,New Construction,"3BHK Full Furnished Flat with great locality with the near shopping market where all can have to access to basic needs for everyday. Find this 3 BHK rental flat in Kudasan Gandhinagar. Available at a rental price of ₹35,500, this 3 BHK flat is worth considering. Some attractive additional facilities available with the flat are 4 Wardrobe, 3 Bed, 1 TV, Fridge, Microwave, 4 AC, Sofa, Washing Machine, Dining Table and Gas Connection. The apartment is on the 4 floor, has a carpet area of 1638 sqft with 3 bathrooms and 1 balcony. You will also find 2 Covered, 1 Open parking facility. This unit is designed with power back up, reserved parking, security. Visit the apartment at Kudasan, Gandhinagar - Ahmedabad Rd, Gandhinagar, Gujarat .",35500,35000,200,14,3,"2 Covered, 1 Open",Yes,No,No,Jogging and Strolling Track,False,True,Agent,100,Immediately,2026-04-18T23:45:32.000Z,Today,True
+61fD47SaTBzpSvf+uAgZw==,Magicbricks,https://www.magicbricks.com/property-details/3-BHK-225-Sq-yrd-Multistorey-Apartment-FOR-Rent-Randesan-in-Gandhinagar&id=4d423833363136333633,2026-04-19 13:51:41,23.17588,72.65443,,Randesan,"B1104, Sanskruti, Randesan",,,,Apartment,Semi-Furnished,11,13,,225,Sq-yrd,Less than 5 years,"If you are planning to rent a flat, you can consider this 3 BHK flat situated in the prime location of Randesan. The rent of the 3 BHK flat is ₹37,000. Located on the 11 floor, the flat comprises 3 bathrooms, 1 balcony, and has a covered area of 225 sqyrd. The property has 13 floor and is equipped with Guest Accommodation facilities. The residence includes reserved parking, security. Visit the apartment at F.P.No.113,R.S.No.226,T.P.No.05(GUDA), Gandhinagar, Gandhinagar, Gujarat,. This 3 BHK apartment ad is listed by the owner, so there is no brokerage fee.",37000,,,18,3,,No,No,No,,False,True,Owner,64,Select Date,2026-04-14T07:21:25.000Z,"Apr 14, '26",True
9HSo3I1LquRzpSvf+uAgZw==,Magicbricks,https://www.magicbricks.com/property-details/3-BHK-1750-Sq-ft-Multistorey-Apartment-FOR-Rent-Gandhinagar-in-Gandhinagar&id=4d423834303236373537,2026-04-19 13:51:41,23.0395677,72.5660045,,Gandhinagar,"Gandhinagar,Gandhinagar",,,,Apartment,Semi-Furnished,2,12,,1750,Sq-ft,New Construction,"3 bhk flat for rent in sargasan gandhinagar 5 min distance from tcs and 15 min distance from gift city. 3 BHK apartment is available on rent in Gandhinagar Gandhinagar right away. This 3 BHK flat is available at the reasonable rent amount of ₹30,000. If you rent the flat, you will have access to facilities like 3 Wardrobe, 2 Bed, Fridge, 3 AC and Gas Connection. The flat is located on the 2 floor which includes 3 bathrooms, 2 balcony, and covers a covered area of 1750 sqft. This flat is fitted with power back up, security.",30000,30000,,17,3,,No,No,No,,False,True,Agent,83,Immediately,2026-04-18T23:45:34.000Z,Today,True
+1XOIpP2ovdzpSvf+uAgZw==,Magicbricks,https://www.magicbricks.com/property-details/3-BHK-225-Sq-yrd-Multistorey-Apartment-FOR-Rent-Kudasan-in-Gandhinagar&id=4d423635363933313135,2026-04-19 13:51:41,23.1698784,72.6232479,,Kudasan,"Kudasan,Gandhinagar",,,,Apartment,Unfurnished,8,13,East,225,Sq-yrd,5 to 10 years,"This is Brand new property available on rent for family. This property is located besides Pratik mall and road touch well maintained property. Grab the chance to own this affordable 3 BHK flat for rent in the Kudasan area. This 3 BHK flat is available at the reasonable rent amount of ₹27,000. Located on the 8 floor, the flat has 3 bathrooms, 3 balcony in carpet area of 170 sqyrd. The property includes 1 Covered parking. This flat is fitted with power back up, reserved parking, security.",27000,54000,0,13,3,1 Covered,Yes,No,No,Jogging and Strolling Track,False,True,Agent,100,Immediately,2026-04-16T23:45:20.000Z,"Apr 17, '26",True
NxvsRiJi4LNzpSvf+uAgZw==,Magicbricks,https://www.magicbricks.com/property-details/3-BHK-225-Sq-yrd-Multistorey-Apartment-FOR-Rent-Kudasan-in-Gandhinagar&id=4d423736303833333039,2026-04-19 13:51:41,23.1698784,72.6232479,,Kudasan,"Kudasan,Gandhinagar",,,,Apartment,Semi-Furnished,4,8,East,225,Sq-yrd,Less than 5 years,"This ready to move flat in Kudasan can be availed at a reasonable price of INR 54 Lac. It is an semifurnished apartment with all basic amenities. The cost of ... Grab the chance to own this affordable 3 BHK flat for rent in the Kudasan area. The multistorey apartment is available at rent of ₹37,000. Additional amenities available with the flat are 2 Wardrobe, 1 Bed, 1 AC and Gas Connection. The flat is located on the 4 floor which includes 3 bathrooms, 1 balcony, and covers a carpet area of 135 sqyrd. 1 Covered parking facility are also available. The property features power back up, reserved parking, security. Visit the flat at Kudasan,Gandhinagar, Kudasan, Gandhinagar, Gujarat.",37000,37000,0,18,3,1 Covered,Yes,No,No,Jogging and Strolling Track,False,True,Agent,100,Immediately,2026-04-17T23:45:19.000Z,Yesterday,True
p4jHXmMBXlVzpSvf+uAgZw==,Magicbricks,https://www.magicbricks.com/property-details/3-BHK-240-Sq-yrd-Multistorey-Apartment-FOR-Rent-Sargasan-in-Gandhinagar&id=4d423733313736323435,2026-04-19 13:51:41,23.1848805,72.615856,,Sargasan,"Gandhinagar, Gujarat",,,,Apartment,Semi-Furnished,5,8,North - East,240,Sq-yrd,New Construction,"this property is located in well developed area. this property is newly constructed. this property is located in sargasan. You can avail the 3 BHK flat for rent in the well-known location of Sargasan. ₹35,000 is the monthly rent of this 3 BHK flat. The flat is on the 5 floor and includes 3 bathrooms, 2 balcony with a carpet area of 170 sqyrd. This unit features power back up, reserved parking, security. Visit the apartment at Sargasan, Gandhinagar, Gujarat .",35000,70000,2500,16,3,,No,No,No,,False,True,Agent,78,Immediately,2026-04-17T23:45:19.000Z,Yesterday,True
RrzuKh4TUKhzpSvf+uAgZw==,Magicbricks,https://www.magicbricks.com/property-details/3-BHK-265-Sq-yrd-Multistorey-Apartment-FOR-Rent-Koba-in-Gandhinagar&id=4d423831303636393339,2026-04-19 13:51:41,23.150331,72.640657,,Dishi Assets Management,"PARKLANE GREEN, beside KAKAMALAM BJP OFFICE, Koba, Gujarat 382426",,382426,,Apartment,Furnished,5,7,East,265,Sq-yrd,Less than 5 years,"3bhk Fullyfurnished flat with great locality with near shopping market where all can have to access to basic needs for everyday If you are planning to rent a flat, you can consider this 3 BHK flat situated in the prime location of Koba. This 3 BHK flat is available at the reasonable rent amount of ₹34,999. Live in this lovely flat and get access to various useful facilities such as 2 Wardrobe, 2 Bed, 1 TV, 2 AC, Sofa and Gas Connection. Located on the 5 floor, the flat has 3 bathrooms, 2 balcony in carpet area of 159 sqyrd. 1 Covered parking space is also available. This home provides power back up, reserved parking, security. Find this apartment at PARKLANE GREEN, beside KAKAMALAM BJP OFFICE, Koba, Gujarat 382426, Koba, Gandhinagar, Gujarat.",34999,70000,1600,15,3,1 Covered,No,No,No,,True,True,Agent,98,Immediately,2026-04-18T23:45:31.000Z,Today,True
BHyfc10dhyJzpSvf+uAgZw==,Magicbricks,https://www.magicbricks.com/property-details/3-BHK-2124-Sq-ft-Multistorey-Apartment-FOR-Rent-Sargasan-in-Gandhinagar&id=4d423833383339353931,2026-04-19 13:51:41,23.1848805,72.615856,,Sargasan,"Gandhinagar, Gujarat",,,,Apartment,Furnished,3,13,East,2124,Sq-ft,New Construction,"fresh furniture 3 BHK apartment is available on rent in Sargasan Gandhinagar right away. The Rent amount of this 3 BHK apartment is set at an attractive price of ₹30,000. The flat is on the 3 floor and includes 3 bathrooms, 2 balcony with a carpet area of 1078 sqft. Find this apartment at B/H. Ved International School, Near Info City Junior School, Sargasan, Dist. Gandhinagar..",30000,60000,0,14,3,,No,No,No,Banquet Hall,False,True,Agent,75,Immediately,2026-04-16T23:45:22.000Z,"Apr 17, '26",True
emOSP8ZY7oBzpSvf+uAgZw==,Magicbricks,https://www.magicbricks.com/property-details/3-BHK-2500-Sq-ft-Multistorey-Apartment-FOR-Rent-Sargasan-in-Gandhinagar&id=4d423736343632373737,2026-04-19 13:51:41,23.1848805,72.615856,,Sargasan,"opposite by swagat queens land , sargasan",,,,Apartment,Furnished,3,11,East,2500,Sq-ft,New Construction,"A higher quality of leaving, you can afford to dwell well, experience the samved life style If you are planning to rent a flat, you can consider this 3 BHK flat situated in the prime location of Sargasan. The apartment is available at an affordable rental price of ₹31,000. The flat is on the 3 floor and includes 3 bathrooms, 1 balcony with a carpet area of 1700 sqft. The building has 11 floor and offers Kids Club amenities. This flat is fitted with power back up, reserved parking, security, service/goods lift, visitor parking. You can visit the flat at Samved Green Valley, Near Swagat Afford, Sargasan Cross Road, Gandhinagar, Gujarat..",31000,,,12,3,,Yes,No,No,"Service/Goods Lift, Laundry Service, Jogging and Strolling Track, Outdoor Tennis Courts",True,True,Agent,81,Immediately,2026-04-17T23:45:20.000Z,Yesterday,True
WhisXz86stZzpSvf+uAgZw==,Magicbricks,https://www.magicbricks.com/property-details/3-BHK-285-Sq-yrd-Multistorey-Apartment-FOR-Rent-PDPU-Road-in-Gandhinagar&id=4d423833303033303535,2026-04-19 13:51:41,23.1540460891807,72.6665273263145,,Akshar Estate,"Gandhinagar, Gujarat",,,,Apartment,Unfurnished,4,13,East,285,Sq-yrd,New Construction,"the canvas wapa road good location well maintain building new project spacious size Find 3 BHK flat for rent in PDPU Road Gandhinagar. ₹30,000 is the monthly rent of this 3 BHK flat. Located on the 4 floor, the flat has 3 bathrooms, 1 balcony in carpet area of 180 sqyrd. The property consists of 13 floor and offers Kids play area conveniences. This unit features power back up, reserved parking, security. Visit the flat at The Gate By Dev Aashish, Royal Street, Near Gujarat National Law University, PDPU Road, Gandhinagar.",30000,60000,2500,12,3,,No,No,No,,True,True,Agent,63,Immediately,2026-04-18T23:45:33.000Z,Today,True
568FMpj+HYZzpSvf+uAgZw==,Magicbricks,https://www.magicbricks.com/property-details/3-BHK-2259-Sq-ft-Multistorey-Apartment-FOR-Rent-Randesan-in-Gandhinagar&id=4d423833373237373639,2026-04-19 13:51:41,23.17588,72.65443,,Randesan,"Pramukh omkar rivanta,dholeshwar mahdev randesan  gandhinagar 382007.",,382007,,Apartment,Furnished,6,13,East,2259,Sq-ft,New Construction,"If you are planning to rent a flat, you can consider this 3 BHK flat situated in the prime location of Randesan. The Rent amount of this 3 BHK apartment is set at an attractive price of ₹35,000. The residents of the flat have access to additional facilities such as 3 Wardrobe, 3 Bed, 2 TV, Fridge, Microwave, 4 AC, Sofa, Washing Machine, Dining Table and Gas Connection. Located on the 6 floor, the flat has 3 bathrooms, 1 balcony in carpet area of 1287 sqft. 1 Covered parking facility are also available. The building includes 13 floor and supports Kids play area, Guest Accommodation living. This unit is designed with power back up, reserved parking, security. Visit the apartment at PRAMUKH OMKAR RIVANTA,DHOLESHWAR MAHDEV RANDESAN GANDHINAGAR 382007.",35000,70000,0,15,3,1 Covered,Yes,No,No,Jogging and Strolling Track,True,True,Agent,80,Immediately,2026-04-18T23:45:32.000Z,Today,True
tAAq8fd9omJzpSvf+uAgZw==,Magicbricks,https://www.magicbricks.com/property-details/3-BHK-268-Sq-yrd-Multistorey-Apartment-FOR-Rent-Kudasan-in-Gandhinagar&id=4d423834323933323439,2026-04-19 13:51:41,23.1698784,72.6232479,,Kudasan,"Kudasan,Gandhinagar",,,,Apartment,Furnished,7,13,East,268,Sq-yrd,2010,"all residents have easy access to some of the truly desired facilities such as Gymnasium, Power Backup. Other facilities include Conference Room, provisions in the project. Some other provisions include access to Landscaping Tree Planting, There is provision for Closed Car Parking.",35000,70000,0,15,3,1 Covered,Yes,Yes,No,Jogging and Strolling Track,False,True,Agent,98,Immediately,2026-04-18T05:49:55.000Z,Yesterday,True
hFYFO6QsLZJzpSvf+uAgZw==,Magicbricks,https://www.magicbricks.com/property-details/3-BHK-1950-Sq-ft-Multistorey-Apartment-FOR-Rent-Raysan-in-Gandhinagar&id=4d423834313537323839,2026-04-19 13:51:41,23.16672,72.66059,,Raysan,"Raysan, Ahmedabad, Gujarat",19210|GNLU Metro Station|5 minutes,,,Apartment,Furnished,5,12,East,1950,Sq-ft,New Construction,"Welcome to Sri Vinayaka Realtors family This property is new semi furnished apartment only allow family nearby d Mart SG Highway touch not allowed bachelors and students Shree VinayakaRealtors Find this 3 BHK rental flat in Raysan Gandhinagar. The Rent amount of this 3 BHK apartment is set at an attractive price of ₹32,000. Some premium add-on facilities bundled with the flat are 3 Wardrobe, 2 Bed, 1 TV, Fridge, Microwave, 2 AC, Sofa, Washing Machine, Dining Table and Gas Connection. Located on the 5 floor, the flat has 3 bathrooms, 1 balcony in carpet area of 1119 sqft. 1 Covered, 1 Open parking space is also available. This unit features power back up, reserved parking, security. The address is Raysan, Ahmedabad, Gujarat.",32000,64000,1500,16,3,"1 Covered, 1 Open",Yes,Yes,No,Jogging and Strolling Track,False,True,Agent,100,Immediately,2026-04-17T23:45:21.000Z,Yesterday,True
eN3u0brgCqVzpSvf+uAgZw==,Magicbricks,https://www.magicbricks.com/property-details/3-BHK-225-Sq-yrd-Multistorey-Apartment-FOR-Rent-Randesan-in-Gandhinagar&id=4d423833373337343235,2026-04-19 13:51:41,23.17588,72.65443,,Randesan,"Ayunam Greens, Randesan, Gandhinagar",,,,Apartment,Semi-Furnished,7,13,North - East,225,Sq-yrd,New Construction,"If you are searching a 3 BHK apartment for rent in Randesan, check out this amazing rental flat. This 3 BHK flat can be availed at the rental price of ₹26,000. Some added-on facilities available with the flat are Gas Connection. Located on the 7 floor, the flat has 3 bathrooms, 1 balcony in carpet area of 150 sqyrd. 1 Covered parking space is also available. This unit features power back up, reserved parking, security. Visit the flat at Ayunam Greens, Randesan, Gandhinagar, Randesan, Gandhinagar, Gujarat.",26000,26000,1500,13,3,1 Covered,No,No,No,,False,True,Agent,100,Immediately,2026-04-18T23:45:34.000Z,Today,True
4Xwzay7yiJpzpSvf+uAgZw==,Magicbricks,https://www.magicbricks.com/property-details/3-BHK-1500-Sq-ft-Multistorey-Apartment-FOR-Rent-Sargasan-in-Gandhinagar&id=4d423833373139393131,2026-04-19 13:51:41,23.1848805,72.615856,,Sargasan,"Gandhinagar, Gujarat",,,,Apartment,Furnished,3,12,North - East,1500,Sq-ft,Less than 5 years,"Find 3 BHK flat for rent in Sargasan Gandhinagar. The flat is available for rent at a competitive amount of ₹37,000. Located on the 3 floor, the flat has 3 bathrooms, 3 balcony in covered area of 1500 sqft. 1 Covered, 1 Open parking facility are also available. The property features power back up, security. The full address of the apartment is Opp Surya Retreat Bunglows, S G Road, Sargsan, Gandhinagar.",37000,74000,1500,25,3,"1 Covered, 1 Open",No,No,No,,False,True,Agent,85,Immediately,2026-04-17T23:45:21.000Z,Yesterday,True
OFXUULRUGp5zpSvf+uAgZw==,Magicbricks,https://www.magicbricks.com/property-details/3-BHK-1800-Sq-ft-Multistorey-Apartment-FOR-Rent-Randesan-in-Gandhinagar&id=4d423833363138343833,2026-04-19 13:51:41,23.17588,72.65443,,Randesan,"Randesan,Gandhinagar",,382007,,Apartment,Furnished,1,1,,1800,Sq-ft,2005,"Grab the chance to own this affordable 3 BHK flat for rent in the Randesan area. This 3 BHK flat can be availed at the rental price of ₹37,000. The flat comes with some add-on facilities such as Fridge, Microwave and Gas Connection. Located on the 1 floor, the flat comprises 3 bathrooms, 1 balcony, and has a carpet area of 990 sqft. This building features 1 floor and provides Kids play area, Guest Accommodation facilities. Visit the flat at PRAMUKH OMKAR RIVANTA,DHOLESHWAR MAHDEV RANDESAN GANDHINAGAR 382007.",37000,37000,,21,3,,No,No,No,,True,True,Agent,38,Immediately,2026-04-18T23:45:34.000Z,Today,True
KTecY6uqWjxzpSvf+uAgZw==,Magicbricks,https://www.magicbricks.com/property-details/3-BHK-351-Sq-yrd-Multistorey-Apartment-FOR-Rent-Randesan-in-Gandhinagar&id=4d423831373833393433,2026-04-19 13:51:41,23.17588,72.65443,,Randesan,"Gandhinagar, Gujarat",,,,Apartment,Unfurnished,7,14,,351,Sq-yrd,New Construction,"Grab the chance to own this affordable 3 BHK flat for rent in the Randesan area. This 3 BHK flat is available at the reasonable rent amount of ₹26,000. The flat is located on the 7 floor which includes 3 bathrooms, 2 balcony, and covers a carpet area of 205 sqyrd. The property has 14 floor and is equipped with Early Learning Centre, Guest Accommodation, Kids Club facilities. The apartment is located at Near Royal Villa, Haridarshan Cross Road, Nikol, Ahmedabad. .",26000,26000,0,8,3,,No,No,No,,False,True,Agent,58,Immediately,2026-04-18T23:45:34.000Z,Today,True
CRbEBk5h+r1zpSvf+uAgZw==,Magicbricks,https://www.magicbricks.com/property-details/3-BHK-2313-Sq-ft-Multistorey-Apartment-FOR-Rent-Sargasan-in-Gandhinagar&id=4d423833383435343637,2026-04-19 13:51:41,23.1848805,72.615856,,Sargasan,"Gandhinagar, Gujarat",,,,Apartment,Semi-Furnished,4,14,East,2313,Sq-ft,New Construction,"spacious flat, new project, unused flat , good connectivity If you are planning to rent a flat, you can consider this 3 BHK flat situated in the prime location of Sargasan. You can get this flat at monthly rent of ₹26,000. The flat is on the 4 floor and includes 3 bathrooms, 2 balcony with a covered area of 2313 sqft. The building includes 14 floor and supports Kids play area living. This property offers power back up, reserved parking, security, service/goods lift. The apartment is located at Survey No 344/003,344/001,345,344/002,342/003/002, Gandhinagar, Gandhinagar, Gujarat,.",26000,23000,0,11,3,,No,No,No,"Banquet Hall, Bar/Lounge, Jogging and Strolling Track, Outdoor Tennis Courts",True,True,Agent,78,Immediately,2026-04-17T23:45:21.000Z,Yesterday,True
Bf1Umy6B0f1zpSvf+uAgZw==,Magicbricks,https://www.magicbricks.com/property-details/3-BHK-236-Sq-yrd-Multistorey-Apartment-FOR-Rent-Kudasan-in-Gandhinagar&id=4d423833373035333531,2026-04-19 13:51:41,23.1698784,72.6232479,,Kudasan,"Kudasan,Gandhinagar",,,,Apartment,Semi-Furnished,2,7,East,236,Sq-yrd,2006,"Available On Rent 2bhk Flat In Kudasan Near By Smvs Temple Semi Furnished Flat Only Family Members Allowed You can avail the 3 BHK flat for rent in the well-known location of Kudasan. The Rent amount of this 3 BHK apartment is set at an attractive price of ₹30,000. Live in this lovely flat and get access to various useful facilities such as Gas Connection. Located on the 2 floor, the flat comprises 3 bathrooms, 1 balcony, and has a carpet area of 142 sqyrd. The property includes 1 Covered, 1 Open parking. This property offers power back up, reserved parking, security. You can visit the flat at Kudasan, Gandhinagar, Gujarat .",30000,60000,2000,14,3,"1 Covered, 1 Open",No,No,No,,True,True,Agent,98,Immediately,2026-04-16T23:45:22.000Z,"Apr 17, '26",True
QZhaLcsRXypzpSvf+uAgZw==,Magicbricks,https://www.magicbricks.com/property-details/3-BHK-2070-Sq-ft-Multistorey-Apartment-FOR-Rent-Randesan-in-Gandhinagar&id=4d423834323637383733,2026-04-19 13:51:41,23.17588,72.65443,,Randesan,"Randesan,Gandhinagar",,,,Apartment,Semi-Furnished,11,13,East,2070,Sq-ft,New Construction,"Thi property near by gift city , raksha shakti circal , near by westside showroom near by tcs, nift, diict , near by hospitels. Find this 3 BHK rental flat in Randesan Gandhinagar. The Rent amount of this 3 BHK apartment is set at an attractive price of ₹31,000. Additional amenities available with the flat are 2 Wardrobe, 1 Bed, Fridge, 3 AC, Sofa, Washing Machine, Dining Table and Gas Connection. The apartment is on the 11 floor, has a carpet area of 1478 sqft with 3 bathrooms and 1 balcony. There is also facility of 1 Covered parking. This property includes 13 floor and provides Guest Accommodation benefits. The apartment is equipped with power back up, reserved parking, security. Visit the flat at F.P.No.113,R.S.No.226,T.P.No.05(GUDA), Gandhinagar, Gandhinagar, Gujarat,.",31000,62000,2500,15,3,1 Covered,Yes,Yes,No,Jogging and Strolling Track,False,True,Agent,100,Immediately,2026-04-16T11:54:05.000Z,"Apr 16, '26",True
eFHfCiidugZzpSvf+uAgZw==,Magicbricks,https://www.magicbricks.com/property-details/3-BHK-1900-Sq-ft-Multistorey-Apartment-FOR-Rent-Kudasan-in-Gandhinagar&id=4d423833363739373537,2026-04-19 13:51:41,23.1698784,72.6232479,,Kudasan,Kudasan,,,,Apartment,Semi-Furnished,3,8,North - East,1900,Sq-ft,New Construction,"You can explore this 3 BHK flat on rent in Kudasan Gandhinagar. The rent of the 3 BHK flat is ₹28,000. The apartment is on the 3 floor, has a carpet area of 1600 sqft with 3 bathrooms and 3 balcony. The property features reserved parking, security. The full address of the apartment is Kudasan, Kudasan, Gandhinagar, Gujarat. This 3 BHK rental flat comes with no brokerage fees.",28000,28000,2000,15,3,,No,No,No,,False,True,Owner,78,Immediately,2026-04-14T05:50:39.000Z,"Apr 14, '26",True
0CbCo42DnrRzpSvf+uAgZw==,Magicbricks,https://www.magicbricks.com/property-details/3-BHK-230-Sq-yrd-Multistorey-Apartment-FOR-Rent-Sargasan-in-Gandhinagar&id=4d423832383639313233,2026-04-19 13:51:41,23.1848805,72.615856,,Sargasan,"Gandhinagar, Gujarat",,,,Apartment,Semi-Furnished,8,10,North - East,230,Sq-yrd,Less than 5 years,"best location Find 3 BHK flat for rent in Sargasan Gandhinagar. The flat is available for rent at a competitive amount of ₹28,000. The flat is located on the 8 floor which includes 2 bathrooms, 3 balcony, and covers a carpet area of 155 sqyrd. The residence includes power back up, reserved parking, security, service/goods lift, air conditioned, intercom facility, ro water system. Visit the flat at 1, Vasna Hadmatiya Rd, Sector 4/A, Sector 4, Gandhinagar, Gujarat .",28000,28000,0,14,2,,No,No,No,"Air Conditioned, Banquet Hall, Bar/Lounge, Jogging and Strolling Track",False,True,Agent,78,Immediately,2026-03-09T11:34:08.000Z,"Mar 09, '26",True
G5pYlQPWUaVzpSvf+uAgZw==,Magicbricks,https://www.magicbricks.com/property-details/3-BHK-290-Sq-yrd-Multistorey-Apartment-FOR-Rent-Kudasan-in-Gandhinagar&id=4d423831343639323237,2026-04-19 13:51:41,23.1698784,72.6232479,,Kudasan,"Opp School of Achiever, Nr. Kansar Garden Restaurant, Koba, Rd, Kudasan, Hghway, Gandhinagar, Gujarat 382419",,382419,,Apartment,Semi-Furnished,5,13,West,290,Sq-yrd,New Construction,"A WELLDESIGNED DREAM HOME IS READY TO WELCOME YOU. There are around 52 units on offer.Infra Group is the epitome of modern living in Gandhinagar A beautiful 3 BHK flat is available for rent in Kudasan. The apartment is available at an affordable rental price of ₹26,000. Some attractive additional facilities available with the flat are 1 Wardrobe and Gas Connection. The apartment is on the 5 floor, has a carpet area of 180 sqyrd with 3 bathrooms and 1 balcony. 1 Covered parking facility are also available. This property offers power back up, reserved parking, security. The full address of the apartment is Opp School of Achiever, Nr. Kansar Garden Restaurant, Koba, Rd, Kudasan, Hghway, Gandhinagar, Gujarat 382419, Kudasan, Gandhinagar, Gujarat.",26000,52000,2000,10,3,1 Covered,Yes,Yes,No,Jogging and Strolling Track,False,True,Agent,100,Immediately,2026-03-26T05:35:19.000Z,"Mar 26, '26",True
snP/hL3jKx5zpSvf+uAgZw==,Magicbricks,https://www.magicbricks.com/property-details/3-BHK-2700-Sq-ft-Multistorey-Apartment-FOR-Rent-Kudasan-in-Gandhinagar&id=4d423834323536373031,2026-04-19 13:51:41,23.1698784,72.6232479,,Kudasan,Hari Gold Near Kudasan And Hotel Prominent and Sardar Chowk,,,,Apartment,Furnished,4,5,East,2700,Sq-ft,Less than 5 years,"It is 2 BHK Flat For sale Semi Furnished Property Road Facing Flat Fully Ventilated Home 3 BHK apartment is available on rent in Kudasan Gandhinagar right away. ₹32,000 is the monthly rent of this 3 BHK flat. Located on the 4 floor, the flat comprises 3 bathrooms, 1 balcony, and has a carpet area of 1890 sqft. The apartment comes furnished with power back up, reserved parking, security, service/goods lift, air conditioned, intercom facility, ro water system. The flat can be visited at Urjanagar 1, Kudasan, Gandhinagar, Gujarat.",32000,65000,2000,12,3,,No,No,No,"Air Conditioned, Banquet Hall, Bar/Lounge, Jogging and Strolling Track",True,True,Agent,80,Immediately,2026-04-16T05:37:46.000Z,"Apr 16, '26",True
O3qF4tkroVxzpSvf+uAgZw==,Magicbricks,https://www.magicbricks.com/property-details/3-BHK-1400-Sq-ft-Multistorey-Apartment-FOR-Rent-Sargasan-in-Gandhinagar&id=4d423833313339303533,2026-04-19 13:51:41,23.1848805,72.615856,,Sargasan,"Sargasan,Gandhinagar",,,,Apartment,Furnished,5,5,East,1400,Sq-ft,5 to 10 years,"Check out this newly constructed 3 BHK flat on rent in the prime location of Sargasan Gandhinagar. The Rent amount of this 3 BHK apartment is set at an attractive price of ₹30,000. Get access to smart facilities such as 3 Wardrobe, 3 Bed, 1 TV, Fridge, 2 AC, Sofa, Washing Machine, Dining Table and Gas Connection simply by choosing this flat for rent. The flat is located on the 5 floor which includes 3 bathrooms, 1 balcony, and covers a carpet area of 1300 sqft. 1 Covered parking facility are also available. The residence includes reserved parking, security. The address is Opp. Swagat Flamingo, S.G Highway, Sargaasan, Gandhinagar.",30000,64000,2500,21,3,1 Covered,Yes,Yes,No,Jogging and Strolling Track,False,True,Agent,98,Immediately,2026-04-12T09:13:06.000Z,"Apr 12, '26",True
/EX9Gh0S+ftzpSvf+uAgZw==,Magicbricks,https://www.magicbricks.com/property-details/3-BHK-225-Sq-yrd-Multistorey-Apartment-FOR-Rent-Kudasan-in-Gandhinagar&id=4d423832363833363431,2026-04-19 13:51:41,23.1698784,72.6232479,,Kudasan,3bhk flat on rent furnished fully furnished,,,,Apartment,Furnished,7,12,East,225,Sq-yrd,New Construction,"3bhk flat on rent furnished fully furnished and TCS office Nift NID college DICT college A beautiful 3 BHK flat is available for rent in Kudasan. The flat is available for rent at a competitive amount of ₹30,500. Located on the 7 floor, the flat has 3 bathrooms, 3 balcony in carpet area of 225 sqyrd. The property encompasses 12 floor and provides Kids play area amenities. The flat comes with power back up, reserved parking, security, service/goods lift, air conditioned, visitor parking, intercom facility, ro water system. The address is Sur No 260 Fp No 64 Tps 4, Opp City Pulse Kudasan, Gandhinagar, Gujarat.",30500,30500,0,15,3,,No,No,No,"Air Conditioned, Banquet Hall, Bar/Lounge, Jogging and Strolling Track",True,True,Agent,60,Immediately,2026-04-13T07:47:01.000Z,"Apr 13, '26",True
Q+C8I8eZdNJzpSvf+uAgZw==,Magicbricks,https://www.magicbricks.com/property-details/3-BHK-2160-Sq-ft-Multistorey-Apartment-FOR-Rent-Adalaj-in-Gandhinagar&id=4d423833333630343039,2026-04-19 13:51:41,23.164356,72.581158,,Adalaj,Sharnam Aayan Adalaj,,,,Apartment,Furnished,14,14,East,2160,Sq-ft,New Construction,"All Furniture Done by Owner Grab the chance to own this affordable 3 BHK flat for rent in the Adalaj area. You can get this flat at monthly rent of ₹27,000. The flat is on the 14 floor and includes 3 bathrooms, 2 balcony with a carpet area of 1550 sqft. You will also find 1 Covered parking facility. The property has 14 floor and is equipped with Kids play area facilities. This flat is fitted with security. Find this apartment at Survey No. 849/B, F.P. No. 79/1, TPS No. 10, Nr. Sabarmati Canal, Opp. Shantiniketan Senior Living.",27000,54000,0,12,3,1 Covered,Yes,No,No,Banquet Hall,False,True,Agent,100,Immediately,2026-04-08T07:42:20.000Z,"Apr 08, '26",True
V1JUTw6dQl5zpSvf+uAgZw==,Magicbricks,https://www.magicbricks.com/property-details/3-BHK-2232-Sq-ft-Multistorey-Apartment-FOR-Rent-Kudasan-in-Gandhinagar&id=4d423833383134323839,2026-04-19 13:51:41,23.1698784,72.6232479,,Kudasan,"SRUSHTI BY KAAVYARATNA, PDPU Cross Road, nr. Sarthak Pulse Mall, South, Kudasan, Bhaijipura, Gujarat 382421",,,,Apartment,Furnished,4,13,North,2232,Sq-ft,New Construction,"2bhk furnished flat in kudasan, newly constructed property A beautiful 3 BHK flat is available for rent in Kudasan. The multistorey apartment is available at rent of ₹32,000. The apartment is on the 4 floor, has a covered area of 2232 sqft with 3 bathrooms and 1 balcony. 1 Covered parking space is also available. This building features 13 floor and provides Kids play area, Kids Play Pool With Water Slides, Sand pit facilities. The apartment is equipped with power back up, reserved parking, security, service/goods lift. Visit the flat at Srushti By Kaavyaratan, Near Sarthak Pulse Mall,PDPU Cross Road,Bhaijupura,South kudasan Gandhinagar.",32000,32000,,14,3,1 Covered,Yes,No,No,"Service/Goods Lift, Banquet Hall, Bar/Lounge, Jogging and Strolling Track",False,True,Agent,93,Immediately,2026-03-17T04:57:02.000Z,"Mar 17, '26",True
vjuhob0H30BzpSvf+uAgZw==,Magicbricks,https://www.magicbricks.com/property-details/2-BHK-1200-Sq-ft-Multistorey-Apartment-FOR-Rent-GIFT-City-in-Gandhinagar&id=4d423736343934363533,2026-04-19 13:51:41,23.1587037,72.6837981,,GIFT City,Gandhinagar Gujarat gift city,,,,Apartment,Furnished,19,30,East,1200,Sq-ft,New Construction,"This property is new construction, well maintained property, allowed parking fix, many amenities available, 24h security and water line. You can avail the 2 BHK flat for rent in the well-known location of GIFT City. The 2 BHK apartment is available at a reasonable rent of ₹30,000. The apartment is on the 19 floor, has a carpet area of 700 sqft with 2 bathrooms and 2 balcony. The property includes 1 Open parking. This flat is fitted with power back up, reserved parking, security, air conditioned, intercom facility, ro water system. The flat can be visited at Gandhinagar Road, Ahmedabad.",30000,90000,1500,25,2,1 Open,No,No,No,"Air Conditioned, Banquet Hall, Bar/Lounge, Jogging and Strolling Track",True,True,Agent,100,Immediately,2026-03-24T07:26:01.000Z,"Mar 24, '26",True
iwUtDkCFg+NzpSvf+uAgZw==,Magicbricks,https://www.magicbricks.com/property-details/2-BHK-1300-Sq-ft-Multistorey-Apartment-FOR-Rent-Koba-in-Gandhinagar&id=4d423834313534363333,2026-04-19 13:51:41,23.150331,72.640657,,Best Boy Realtors,"Gandhinagar, Gujarat",,,,Apartment,Furnished,4,10,East,1300,Sq-ft,Less than 5 years,"Grab the chance to own this affordable 2 BHK flat for rent in the Koba area. The rent of the 2 BHK flat is ₹32,000. The apartment is on the 4 floor, has a carpet area of 1100 sqft with 2 bathrooms and 1 balcony. This flat is fitted with power back up, reserved parking, security, service/goods lift, air conditioned, intercom facility. Find this apartment at Koba, Gandhinagar, Gujarat.",32000,64000,2000,25,2,,No,No,No,"Air Conditioned, Banquet Hall, Bar/Lounge, Jogging and Strolling Track",True,True,Agent,71,Immediately,2026-04-10T06:49:22.000Z,"Apr 10, '26",True
YujawHV3JvdzpSvf+uAgZw==,Magicbricks,https://www.magicbricks.com/property-details/2-BHK-107-Sq-yrd-Multistorey-Apartment-FOR-Rent-Sargasan-in-Gandhinagar&id=4d423736363136353331,2026-04-19 13:51:41,23.1848805,72.615856,,Sargasan,Swagat afford.,,,,Apartment,Furnished,3,7,East,107,Sq-yrd,5 to 10 years,"Available for rent for bachelors and family. Check out this newly constructed 2 BHK flat on rent in the prime location of Sargasan Gandhinagar. You can get this flat at monthly rent of ₹28,000. The flat is on the 3 floor and includes 2 bathrooms, 2 balcony with a covered area of 107 sqyrd. There is also facility of 1 Covered, 1 Open parking. This unit features reserved parking, security, ro water system. Find this apartment at Nr. info city & TCS IT park, sargasan circle, sargasan, gandhinagar..",28000,56000,0,29,2,"1 Covered, 1 Open",Yes,Yes,No,RO Water System,True,True,Agent,98,Immediately,2026-03-27T07:47:27.000Z,"Mar 27, '26",True
2Z0wiTRZte1zpSvf+uAgZw==,Magicbricks,https://www.magicbricks.com/property-details/2-BHK-145-Sq-yrd-Multistorey-Apartment-FOR-Rent-in-Gandhinagar&id=4d423834303834303839,2026-04-19 13:51:41,,,,MBS Real Estate,"Gandhinagar, Gujarat",,,,Apartment,Furnished,2,7,East,145,Sq-yrd,New Construction,"Good location property in gandhinagar 2 BHK apartment is available on rent in parmukh Gandhinagar right away. The apartment is available at an affordable rental price of ₹27,000. The apartment is on the 2 floor, has a carpet area of 145 sqyrd with 2 bathrooms and 2 balcony. This flat is fitted with power back up.",27000,54000,27000,21,2,,No,Yes,No,Conference Room,False,True,Agent,78,Immediately,2026-04-05T07:29:16.000Z,"Apr 05, '26",True
yJz9o7gqUYlzpSvf+uAgZw==,Magicbricks,https://www.magicbricks.com/property-details/2-BHK-155-Sq-ft-Multistorey-Apartment-FOR-Rent-Kudasan-in-Gandhinagar&id=4d423833353734313739,2026-04-19 13:51:41,23.1698784,72.6232479,,Kudasan,"Urjanagar 1, Kudasan, Gandhinagar, Gujarat",,,,Apartment,Furnished,1,8,North - East,155,Sq-ft,5 to 10 years,"Clubhouse Gym Includes a dedicated clubhouse and a wellequipped gymnasium.Sports Courts Facilities for badminton and basketball.Recreation A dedicated childrens play area, indoor games room, and joggingstrolling tracks.Wellness A meditation hallzone and a senior citizen plaza with an acupressure pathway.",30000,60000,,194,2,1 Covered,No,No,No,,True,True,Agent,95,Immediately,2026-03-19T05:57:17.000Z,"Mar 19, '26",True
zb9q+SLpLZVzpSvf+uAgZw==,Magicbricks,https://www.magicbricks.com/property-details/2-BHK-1503-Sq-ft-Multistorey-Apartment-FOR-Rent-Kudasan-in-Gandhinagar&id=4d423833353635333437,2026-04-19 13:51:41,23.1698784,72.6232479,,Kudasan,"Kudasan,Gandhinagar",,,,Apartment,Furnished,4,13,East,1503,Sq-ft,2009,"Available 2 bhk furnished flta On Rent In Kudasan Gandhinagar. New Scheme Ready to move Property . Prime location with Good Locality . Highrise Building, Total 13th floor Property is 4th floor . Only for family. Soga in Living Room. Furnished kitchen with Gas line, RO Store room. All Modern Property features are available .Very close to School, Bank, Hospital Shopping mall.",32000,64000,0,21,2,"1 Covered, 1 Open",Yes,No,No,Jogging and Strolling Track,False,True,Agent,95,Immediately,2026-02-26T10:08:49.000Z,"Feb 26, '26",True
zv1Idy2hED9zpSvf+uAgZw==,Magicbricks,https://www.magicbricks.com/property-details/2-BHK-1210-Sq-ft-Multistorey-Apartment-FOR-Rent-GIFT-City-in-Gandhinagar&id=4d423833393734363037,2026-04-19 13:51:41,23.1587037,72.6837981,,GIFT City,Gift city.,,,,Apartment,Furnished,20,33,North - East,1210,Sq-ft,New Construction,"A beautiful 2 BHK flat is available for rent in GIFT City. ₹40,000 is the monthly rent of this 2 BHK flat. The apartment is on the 20 floor, has a carpet area of 710 sqft with 2 bathrooms and 2 balcony. The property includes 1 Covered, 1 Open parking. The flat comes with power back up, reserved parking, security, service/goods lift, air conditioned, intercom facility, ro water system. Visit the flat at Block 41, Zone - 04, Shram Marg (Road 4B, Near Indian Oil Petrol Pump, Gujarat International Finance Tec-City, Gandhinagar, Gujarat.",40000,80000,4000,33,2,"1 Covered, 1 Open",No,No,No,"Air Conditioned, Banquet Hall, Bar/Lounge, Jogging and Strolling Track",True,True,Agent,100,Immediately,2026-03-28T11:45:05.000Z,"Mar 28, '26",True
ZAkjbGlK9K1zpSvf+uAgZw==,Magicbricks,https://www.magicbricks.com/property-details/2-BHK-822-Sq-ft-Multistorey-Apartment-FOR-Rent-GIFT-City-in-Gandhinagar&id=4d423831383834313331,2026-04-19 13:51:41,23.1587037,72.6837981,,GIFT City,"Gandhinagar, Gujarat",,,,Apartment,Furnished,4,6,East,822,Sq-ft,5 to 10 years,"A beautiful 2 BHK flat is available for rent in GIFT City. The flat is available for rent at a competitive amount of ₹28,000. The flat is on the 4 floor and includes 2 bathrooms, 1 balcony with a carpet area of 700 sqft. The building includes 6 floor and supports Kids play area living. The flat comes with power back up, reserved parking, security, service/goods lift, intercom facility. The flat can be visited at Randesan, GIFT CITY ROAD, Gandhinagar, Gujarat.",28000,28000,,34,2,,Yes,No,No,"Service/Goods Lift, Internet/Wi-Fi Connectivity, Bar/Lounge, Jogging and Strolling Track",True,True,Agent,46,Immediately,2026-02-28T00:36:44.000Z,"Feb 28, '26",True
+RQ4rMw1lTdzpSvf+uAgZw==,Magicbricks,https://www.magicbricks.com/property-details/2-BHK-1395-Sq-ft-Multistorey-Apartment-FOR-Rent-Raysan-in-Gandhinagar&id=4d423831313536393937,2026-04-19 13:51:41,23.16672,72.66059,,Raysan,"capital crown, raysan, gandhinagar Gujarat",19210|GNLU Metro Station|5 minutes,,,Apartment,Furnished,5,13,East,1395,Sq-ft,New Construction,"this is brand new flat and limited society in flat only 1 unit Find this 2 BHK rental flat in Raysan Gandhinagar. The apartment is available at an affordable rental price of ₹27,500. Located on the 5 floor, the flat has 2 bathrooms, 2 balcony in covered area of 1395 sqft. This property features 13 floor and offers a range of Kids play area facilities. The apartment is equipped with power back up, reserved parking, security, service/goods lift. You can visit the flat at Nr BAPS School, B/H IOC Petrol Pump, Raysan Rd, Raysan, Gujarat .",27500,53000,0,20,2,,Yes,No,No,"Service/Goods Lift, Jogging and Strolling Track",True,True,Agent,80,Immediately,2026-02-18T12:35:00.000Z,"Feb 18, '26",True
xfGWl9mWTqhzpSvf+uAgZw==,Magicbricks,https://www.magicbricks.com/property-details/2-BHK-140-Sq-yrd-Multistorey-Apartment-FOR-Rent-Kudasan-in-Gandhinagar&id=4d423833393338373633,2026-04-19 13:51:41,23.1698784,72.6232479,,Kudasan,"Gandhinagar, Gujarat",,,,Apartment,Furnished,8,8,North - East,140,Sq-yrd,Less than 5 years,"2bhk on rent at kudasan. fully furnished flat. Check out this newly constructed 2 BHK flat on rent in the prime location of Kudasan Gandhinagar. This 2 BHK flat can be availed at the rental price of ₹28,000. Here you can enjoy world class facilities like 2 Wardrobe, 2 Bed, 1 TV, Fridge, Microwave, 3 AC, Sofa, Washing Machine, Dining Table and Gas Connection. The flat is on the 8 floor and includes 2 bathrooms, 3 balcony with a carpet area of 110 sqyrd. 1 Covered, 1 Open parking space is also available. This flat is fitted with reserved parking. The apartment is located at Kudasan, Gandhinagar, Gujarat.",28000,56000,2000,22,2,"1 Covered, 1 Open",No,No,No,,False,True,Agent,93,Immediately,2026-04-17T23:45:21.000Z,Yesterday,True
NiB9uMPGqdRzpSvf+uAgZw==,Magicbricks,https://www.magicbricks.com/property-details/2-BHK-128-Sq-ft-Multistorey-Apartment-FOR-Rent-Sargasan-in-Gandhinagar&id=4d423834303733323037,2026-04-19 13:51:41,23.1848805,72.615856,,Sargasan,"Gandhinagar, Gujarat",,,,Apartment,Semi-Furnished,3,5,,128,Sq-ft,5 to 10 years,"main road attach , near sp ring road Find this 2 BHK rental flat in Sargasan Gandhinagar. The Rent amount of this 2 BHK apartment is set at an attractive price of ₹26,000. The apartment is located at Sargasan, Gandhinagar, Gujarat.",26000,,,203,2,,No,No,No,,False,True,Agent,63,Immediately,2026-04-18T23:45:35.000Z,Today,True
FfjUGSxrDBVzpSvf+uAgZw==,Magicbricks,https://www.magicbricks.com/property-details/2-BHK-165-Sq-ft-Multistorey-Apartment-FOR-Rent-in-Gandhinagar&id=4d423735303034373737,2026-04-19 13:51:41,,,,Himanshu,sargasan,,,,Apartment,Furnished,3,5,East,165,Sq-ft,5 to 10 years,"2 BHK apartment is available on rent in Pramukh permonut Gandhinagar right away. The multistorey apartment is available at rent of ₹27,000. Located on the 3 floor, the flat comprises 2 bathrooms, 1 balcony, and has a carpet area of 155 sqft. The residence includes power back up, security.",27000,27000,2000,164,2,,Yes,No,No,"Jogging and Strolling Track, Outdoor Tennis Courts",True,True,Agent,55,Immediately,2026-04-16T23:45:22.000Z,"Apr 17, '26",True
OvstR+kLO5pzpSvf+uAgZw==,Magicbricks,https://www.magicbricks.com/property-details/2-BHK-1140-Sq-ft-Multistorey-Apartment-FOR-Rent-GIFT-City-in-Gandhinagar&id=4d423832363938333033,2026-04-19 13:51:41,23.1587037,72.6837981,,GIFT City,Gift city.,,,,Apartment,Semi-Furnished,5,33,,1140,Sq-ft,New Construction,"First Premium Residential only scheme in GIFT city Find 2 BHK flat for rent in GIFT City Gandhinagar. The flat is available for rent at a competitive amount of ₹30,000. Located on the 5 floor, the flat comprises 2 bathrooms, 3 balcony, and has a covered area of 1140 sqft. The flat comes with power back up, reserved parking, security, air conditioned, intercom facility. The apartment is located at Block 41, Zone - 04, Shram Marg (Road 4B, Near Indian Oil Petrol Pump, Gujarat International Finance Tec-City, Gandhinagar, Gujarat. You can find the 2 BHK flat without any brokerage.",30000,,5000,26,2,,No,No,No,"Air Conditioned, Intercom Facility, Jogging and Strolling Track, Outdoor Tennis Courts",False,True,Owner,75,Immediately,2026-03-31T23:40:50.000Z,"Apr 01, '26",True
WQgtxLQ1rLVzpSvf+uAgZw==,Magicbricks,https://www.magicbricks.com/property-details/2-BHK-800-Sq-ft-Multistorey-Apartment-FOR-Rent-Sargasan-in-Gandhinagar&id=4d423530373038343130,2026-04-19 13:51:41,23.1848805,72.615856,,Sargasan,B-204.,,,,Apartment,Furnished,2,5,East,800,Sq-ft,5 to 10 years,"Gated society with swimming pool, gym and club house 2 BHK flat is available for rent in Sargasan immediately. The multistorey apartment is available at rent of ₹28,000. Located on the 2 floor, the flat comprises 2 bathrooms, 1 balcony, and has a carpet area of 780 sqft. 1 Covered parking facility are also available. This unit features power back up, security. The full address of the apartment is Nr. info city & TCS IT park, sargasan circle, sargasan, gandhinagar.. This 2 BHK rental flat comes with no brokerage fees.",28000,28000,,35,2,1 Covered,Yes,No,No,Jogging and Strolling Track,False,False,Owner,80,Immediately,2026-03-23T07:27:48.000Z,"Mar 23, '26",True
oP3Uf6mXpDBzpSvf+uAgZw==,Magicbricks,https://www.magicbricks.com/property-details/2-BHK-1090-Sq-ft-Multistorey-Apartment-FOR-Rent-GIFT-City-in-Gandhinagar&id=4d423834333034333033,2026-04-19 13:51:41,23.1587037,72.6837981,,GIFT City,Gift City,,,,Apartment,Furnished,19,33,East,1090,Sq-ft,New Construction,"one of the finest builder in India Find 2 BHK flat for rent in GIFT City Gandhinagar. Available at a rental price of ₹40,000, this 2 BHK flat is worth considering. The flat is located on the 19 floor which includes 2 bathrooms, 2 balcony, and covers a covered area of 1090 sqft. This home provides power back up, reserved parking, security, service/goods lift, air conditioned, intercom facility. Visit the flat at Block 41, Zone - 04, Shram Marg (Road 4B, Near Indian Oil Petrol Pump, Gujarat International Finance Tec-City, Gandhinagar, Gujarat. The owner has posted this 2 BHK flat for rent, so the brokerage fees is zero on this multistorey apartment.",40000,120000,,37,2,,No,No,No,"Air Conditioned, Banquet Hall, Jogging and Strolling Track, Outdoor Tennis Courts",False,False,Owner,71,Select Date,2026-04-18T14:24:27.000Z,Yesterday,True
DzLwY/itVgJzpSvf+uAgZw==,Magicbricks,https://www.magicbricks.com/property-details/2-BHK-1152-Sq-ft-Multistorey-Apartment-FOR-Rent-Sargasan-in-Gandhinagar&id=4d423737383737343937,2026-04-19 13:51:41,23.1848805,72.615856,,Sargasan,"Gandhinagar, Gujarat",,,,Apartment,Furnished,13,14,East,1152,Sq-ft,,"Find this 2 BHK rental flat in Sargasan Gandhinagar. The flat is available for rent at a competitive amount of ₹31,000. 1 Covered parking facility are also available. This flat is located at Nr. Swagat Afford & TCS IT Park, Sargasan Circle, S. G. Highway, Ahmedabad - Gandhinagar Twin City. This 2 BHK flat is directly posted by the owner, so you don't need to pay any brokerage on this property.",31000,,,27,2,1 Covered,No,No,No,,False,False,Owner,52,Immediately,2026-02-23T21:35:42.000Z,"Feb 24, '26",True
akoRBj7Td7tzpSvf+uAgZw==,Magicbricks,https://www.magicbricks.com/property-details/2-BHK-1395-Sq-ft-Multistorey-Apartment-FOR-Rent-Raysan-in-Gandhinagar&id=4d423833363330323431,2026-04-19 13:51:41,23.16672,72.66059,,Raysan,"Raysan Gam road, near Swaminarayan School",19210|GNLU Metro Station|5 minutes,,,Apartment,Semi-Furnished,12,14,West,1395,Sq-ft,New Construction,"with a nice view of GIFT city and PDP University . 80 feet road side balcony. nearby Raysan metro station. Check out this newly constructed 2 BHK flat on rent in the prime location of Raysan Gandhinagar. This 2 BHK flat is available at the reasonable rent amount of ₹30,000. The flat is located on the 12 floor which includes 2 bathrooms, 1 balcony, and covers a covered area of 1395 sqft. The property has 14 floor and is equipped with Kids play area facilities. The apartment comes furnished with power back up, reserved parking, security, service/goods lift, air conditioned, ro water system. This flat is located at Nr BAPS School, B/H IOC Petrol Pump, Raysan Rd, Raysan, Gujarat . This 2 BHK rental flat comes with no brokerage fees.",30000,30000,1500,22,2,,No,No,No,"Air Conditioned, RO Water System, Banquet Hall, Jogging and Strolling Track",False,False,Owner,71,Immediately,2026-04-07T17:48:30.000Z,"Apr 07, '26",True
S1x1ekegE4RzpSvf+uAgZw==,Magicbricks,https://www.magicbricks.com/property-details/2-BHK-700-Sq-ft-Multistorey-Apartment-FOR-Rent-Gandhinagar-in-Gandhinagar&id=4d423638373439333839,2026-04-19 13:51:41,23.0395677,72.5660045,,Gandhinagar,"Gandhinagar, Gujarat",,,,Apartment,Furnished,2,5,,700,Sq-ft,,"2 BHK apartment is available on rent in Gandhinagar Gandhinagar right away. The multistorey apartment is available at rent of ₹28,000. Visit the flat at Opp. Infocity, Gandhinagar. This 2 BHK rental flat comes with no brokerage fees.",28000,,,40,2,,No,No,No,,False,False,Owner,0,Immediately,2026-03-19T21:34:14.000Z,"Mar 20, '26",True
2aS+HoT1k0ZzpSvf+uAgZw==,Magicbricks,https://www.magicbricks.com/property-details/2-BHK-107-Sq-yrd-Multistorey-Apartment-FOR-Rent-Sargasan-in-Gandhinagar&id=4d423731393739383539,2026-04-19 13:51:41,23.1848805,72.615856,,Sargasan,Sargasan,,,,Apartment,Unfurnished,3,5,North - East,107,Sq-yrd,5 to 10 years,"Best place to stay for Students, working people, Family. Close to DAICT, NID, NIFT, TCS, INFOCITY. A beautiful 2 BHK flat is available for rent in Sargasan. This 2 BHK flat can be availed at the rental price of ₹28,000. Located on the 3 floor, the flat has 2 bathrooms, 1 balcony in carpet area of 107 sqyrd. This flat is fitted with reserved parking, security, air conditioned, ro water system. The full address of the apartment is Nr. info city & TCS IT park, sargasan circle, sargasan, gandhinagar.. This 2 BHK flat is directly posted by the owner, so you don't need to pay any brokerage on this property.",28000,54000,,29,2,,No,No,No,"Air Conditioned, RO Water System, Jogging and Strolling Track, Outdoor Tennis Courts",False,False,Owner,69,Immediately,2026-03-29T15:00:44.000Z,"Mar 29, '26",True
T34twV24sBdzpSvf+uAgZw==,Magicbricks,https://www.magicbricks.com/property-details/2-BHK-1140-Sq-ft-Multistorey-Apartment-FOR-Rent-GIFT-City-in-Gandhinagar&id=4d423834303233333137,2026-04-19 13:51:41,23.1587037,72.6837981,,GIFT City,"Gandhinagar, Gujarat",,,,Apartment,Furnished,8,33,West,1140,Sq-ft,New Construction,"2 BHK apartment is available on rent in GIFT City Gandhinagar right away. Available at a rental price of ₹40,000, this 2 BHK flat is worth considering. Located on the 8 floor, the flat comprises 2 bathrooms, 3 balcony, and has a covered area of 1140 sqft. This unit features power back up, reserved parking, security, service/goods lift, air conditioned, intercom facility, ro water system. The flat can be visited at Block 41, Zone - 04, Shram Marg (Road 4B, Near Indian Oil Petrol Pump, Gujarat International Finance Tec-City, Gandhinagar, Gujarat. You can find the 2 BHK flat without any brokerage.",40000,80000,,35,2,,No,No,No,"Air Conditioned, Banquet Hall, Jogging and Strolling Track, Outdoor Tennis Courts",False,False,Owner,59,Select Date,2026-04-01T10:37:49.000Z,"Apr 01, '26",True
s5l6kmvYU+lzpSvf+uAgZw==,Magicbricks,https://www.magicbricks.com/property-details/2-BHK-1095-Sq-ft-Multistorey-Apartment-FOR-Rent-GIFT-City-in-Gandhinagar&id=4d423737313239393231,2026-04-19 13:51:41,23.1587037,72.6837981,,GIFT City,"Sobha Dream Height,Shram Marg, Nr Indian oil petrol pump",,,,Apartment,Furnished,6,33,North,1095,Sq-ft,New Construction,"Located at prime location of gift city. all major IT companies just walking distance away. Find 2 BHK flat for rent in GIFT City Gandhinagar. The multistorey apartment is available at rent of ₹35,000. 2 Wardrobe, 2 Bed, 1 TV, Fridge, 3 AC, Sofa, Washing Machine, Dining Table and Gas Connection are some of the additional amenities available with the apartment. Located on the 6 floor, the flat comprises 2 bathrooms, 1 balcony, and has a carpet area of 630 sqft. 1 Covered parking space is also available. This home provides reserved parking, security. Visit the flat at Block 41, Zone - 04, Shram Marg (Road 4B, Near Indian Oil Petrol Pump, Gujarat International Finance Tec-City, Gandhinagar, Gujarat. The brokerage amount of the 2 BHK apartment is zero.",35000,70000,0,32,2,1 Covered,Yes,Yes,No,Jogging and Strolling Track,False,False,Owner,98,Select Date,2026-03-19T06:56:18.000Z,"Mar 19, '26",True
cLgjpet0tXZzpSvf+uAgZw==,Magicbricks,https://www.magicbricks.com/property-details/2-BHK-810-Sq-ft-Multistorey-Apartment-FOR-Rent-Sargasan-in-Gandhinagar&id=4d423833363130303531,2026-04-19 13:51:41,23.1848805,72.615856,,Sargasan,F1204 Swagat Queensland Near Saragasan Cross road Gandhinagar,,,,Apartment,Furnished,12,14,,810,Sq-ft,Less than 5 years,"Check out this newly constructed 2 BHK flat on rent in the prime location of Sargasan Gandhinagar. Available at a rental price of ₹30,000, this 2 BHK flat is worth considering. The apartment is equipped with security. Visit the flat at Nr. Swagat Afford & TCS IT Park, Sargasan Circle, S. G. Highway, Ahmedabad - Gandhinagar Twin City. This is a no-brokerage flat, as the owner is offering this 2 BHK flat on rent.",30000,60000,,37,2,,No,Yes,Yes,Concierge Services,False,False,Owner,57,Immediately,2026-03-02T05:01:23.000Z,"Mar 02, '26",True
g88+inxgoLhzpSvf+uAgZw==,Magicbricks,https://www.magicbricks.com/property-details/2-BHK-1500-Sq-ft-Multistorey-Apartment-FOR-Rent-Kudasan-in-Gandhinagar&id=4d423833343438353331,2026-04-19 13:51:41,23.1698784,72.6232479,,Kudasan,"Gandhinagar, Gujarat",,,,Apartment,Furnished,4,7,,,,5 to 10 years,"If you are searching a 2 BHK apartment for rent in Kudasan, check out this amazing rental flat. The rent of the 2 BHK flat is ₹28,000. The apartment is on the 4 floor, has a carpet area of 1500 sqft with 2 bathrooms and 2 balcony. Visit the flat at Opp. SwaminarayanDham, Dholeshwar Mahadev Rd, Kudasan, Gujarat . This 2 BHK flat is directly posted by the owner, so you don't need to pay any brokerage on this property.",28000,56000,,,2,,No,No,No,,False,False,Owner,33,Immediately,2026-02-17T12:29:54.000Z,"Feb 17, '26",True
jYjFFhSzcTpzpSvf+uAgZw==,Magicbricks,https://www.magicbricks.com/property-details/2-BHK-1400-Sq-ft-Multistorey-Apartment-FOR-Rent-Kudasan-in-Gandhinagar&id=4d423833393132383431,2026-04-19 13:51:41,23.1698784,72.6232479,,Kudasan,"Gandhinagar, Gujarat",,,,Apartment,Furnished,3,8,,1400,Sq-ft,5 to 10 years,"2 bhk flat for rent in kudasan gandhinagar 5 min distance from tcs and 15 min distance from gift city for more information please contact usthank you. Find 2 BHK flat for rent in Kudasan Gandhinagar. The 2 BHK apartment is available at a reasonable rent of ₹26,000. If you rent the flat, you will have access to facilities like 2 Wardrobe, 2 Bed, 1 TV, Fridge, 2 AC, Sofa, Washing Machine, Dining Table and Gas Connection. The flat is on the 3 floor and includes 2 bathrooms, 2 balcony with a covered area of 1400 sqft. This unit features power back up, security. Visit the flat at Kudasan, Gandhinagar, Gujarat.",26000,56000,2000,19,2,,No,No,No,,True,True,Agent,63,Immediately,2026-04-18T23:45:34.000Z,Today,True
SjyY8kd6zlRzpSvf+uAgZw==,Magicbricks,https://www.magicbricks.com/property-details/2-BHK-1395-Sq-ft-Multistorey-Apartment-FOR-Rent-Raysan-in-Gandhinagar&id=4d423833393832373737,2026-04-19 13:51:41,23.16672,72.66059,,Raysan,"Gandhinagar, Gujarat",19210|GNLU Metro Station|5 minutes,,,Apartment,Furnished,1,11,,1395,Sq-ft,New Construction,"If you are planning to rent a flat, you can consider this 2 BHK flat situated in the prime location of Raysan. This 2 BHK flat can be availed at the rental price of ₹30,000. Located on the 1 floor, the flat comprises 2 bathrooms, 1 balcony, and has a covered area of 1395 sqft. The property encompasses 11 floor and provides Kids play area amenities. This property offers power back up, reserved parking, security, air conditioned. The flat can be visited at Nr BAPS School, B/H IOC Petrol Pump, Raysan Rd, Raysan, Gujarat .",30000,,,22,2,,No,No,No,"Air Conditioned, Internet/Wi-Fi Connectivity, Banquet Hall, Jogging and Strolling Track",False,True,Agent,66,Immediately,2026-04-18T23:45:34.000Z,Today,True
Z3fvZyr/F8hzpSvf+uAgZw==,Magicbricks,https://www.magicbricks.com/property-details/2-BHK-1395-Sq-ft-Multistorey-Apartment-FOR-Rent-Raysan-in-Gandhinagar&id=4d423833343338393231,2026-04-19 13:51:41,23.16672,72.66059,,Raysan,"Gandhinagar, Gujarat",19210|GNLU Metro Station|5 minutes,,,Apartment,Furnished,11,14,North - East,1395,Sq-ft,New Construction,"The residential project, CAPITAL CROWN is a great opportunity for all who are in search of good quality homes and also for entrepreneurs in search of place to start their business. The architecture of the building is so eye catching that you can boast of it in front of others. The project is a perfect combination of class, luxury and comfort.",27000,54000,0,19,2,"1 Covered, 1 Open",No,No,No,"Air Conditioned, Banquet Hall, Bar/Lounge, Jogging and Strolling Track",False,True,Agent,95,Immediately,2026-04-17T23:45:19.000Z,Yesterday,True
vD5BfQWGiH5zpSvf+uAgZw==,Magicbricks,https://www.magicbricks.com/property-details/2-BHK-1305-Sq-ft-Multistorey-Apartment-FOR-Rent-in-Gandhinagar&id=4d423831303331313333,2026-04-19 13:51:41,,,,3 D Property,1002.,,,,Apartment,Furnished,10,14,,1305,Sq-ft,New Construction,"Find this 2 BHK rental flat in swagat Queensland Gandhinagar. The Rent amount of this 2 BHK apartment is set at an attractive price of ₹27,000. The flat is on the 10 floor and includes 2 bathrooms, 2 balcony with a carpet area of 945 sqft.",27000,54000,0,21,2,,No,No,No,,False,True,Agent,63,Immediately,2026-04-16T23:45:22.000Z,"Apr 17, '26",True
UKJ+4cBxin9zpSvf+uAgZw==,Magicbricks,https://www.magicbricks.com/property-details/2-BHK-1575-Sq-ft-Multistorey-Apartment-FOR-Rent-Kudasan-in-Gandhinagar&id=4d423833353538313135,2026-04-19 13:51:41,23.1698784,72.6232479,,Kudasan,Bhaijipura Cross Road,,,,Apartment,Furnished,4,13,East,1575,Sq-ft,New Construction,"High Demanding society Srushti by kaavyaratna You can explore this 2 BHK flat on rent in Kudasan Gandhinagar. This 2 BHK flat is available at the reasonable rent amount of ₹32,000. Located on the 4 floor, the flat comprises 2 bathrooms, 1 balcony, and has a carpet area of 890 sqft. 1 Covered parking space is also available. This property includes 13 floor and provides Kids play area, Kids Play Pool With Water Slides, Sand pit benefits. The residence includes power back up, reserved parking, security, intercom facility. The address is Srushti By Kaavyaratan, Near Sarthak Pulse Mall,PDPU Cross Road,Bhaijupura,South kudasan Gandhinagar.",32000,64000,0,20,2,1 Covered,No,No,No,"Intercom Facility, Banquet Hall, Conference Room, Jogging and Strolling Track",False,True,Agent,100,Immediately,2026-04-17T23:45:21.000Z,Yesterday,True
TOrWVbw4Ci9zpSvf+uAgZw==,Magicbricks,https://www.magicbricks.com/property-details/2-BHK-1530-Sq-ft-Multistorey-Apartment-FOR-Rent-Raysan-in-Gandhinagar&id=4d423833353034353639,2026-04-19 13:51:41,23.16672,72.66059,,Raysan,"Raysan,Gandhinagar",19210|GNLU Metro Station|5 minutes,,,Apartment,Furnished,2,9,East,1530,Sq-ft,2023,"2 BHK Premium Living Shops with Central open space in Gandhinagar. If you are searching a 2 BHK apartment for rent in Raysan, check out this amazing rental flat. The Rent amount of this 2 BHK apartment is set at an attractive price of ₹26,000. Get access to smart facilities such as 2 Wardrobe, 1 Bed, Fridge, 1 AC, Sofa and Gas Connection simply by choosing this flat for rent. The flat is located on the 2 floor which includes 2 bathrooms, 1 balcony, and covers a carpet area of 747 sqft. You will also find 1 Covered parking facility. This unit is designed with power back up, reserved parking, security. The address is Survey No. 421/ P, F.P. No.22/2/2, Gandhinagar, Gandhinagar, Gujarat.",26000,26000,0,17,2,1 Covered,No,No,No,,False,True,Agent,95,Immediately,2026-04-18T23:45:34.000Z,Today,True
lhPKr5yLZB5zpSvf+uAgZw==,Magicbricks,https://www.magicbricks.com/property-details/2-BHK-800-Sq-ft-Multistorey-Apartment-FOR-Rent-Gandhinagar-in-Gandhinagar&id=4d423833353739353531,2026-04-19 13:51:41,23.0395677,72.5660045,,Gandhinagar,Randesan gift city road,,,,Apartment,Furnished,3,5,,800,Sq-ft,New Construction,"You can explore this 2 BHK flat on rent in Gandhinagar Gandhinagar. This 2 BHK flat is available at the reasonable rent amount of ₹26,500. The flat is on the 3 floor and includes 2 bathrooms, 1 balcony with a carpet area of 1215 sqft. This flat is fitted with reserved parking, security, visitor parking. The address is Opp. Infocity, Gandhinagar.",26500,,,33,2,,No,Yes,No,Visitor Parking,False,True,Agent,67,Immediately,2026-04-18T23:45:34.000Z,Today,True
jReVzBVhqkxzpSvf+uAgZw==,Magicbricks,https://www.magicbricks.com/property-details/2-BHK-120-Sq-ft-Multistorey-Apartment-FOR-Rent-Sargasan-in-Gandhinagar&id=4d423832333336373631,2026-04-19 13:51:41,23.1848805,72.615856,,Sargasan,pranukh glory near by rediant school,,,,Apartment,Furnished,1,5,,120,Sq-ft,Less than 5 years,"good condition flat and near bay karnavti dent college and bachelor allowed 2 BHK flat is available for rent in Sargasan immediately. The rent of the 2 BHK flat is ₹25,000. Located on the 1 floor, the flat has 2 bathrooms, 2 balcony in carpet area of 120 sqft. The property has 5 floor and is equipped with Kids play area facilities. The residence includes power back up, security. The address is Pramukh Glory, PSY Rd, Gandhinagar, Gujarat .",25000,,,208,2,,No,No,No,,False,True,Agent,71,Immediately,2026-03-28T09:04:48.000Z,"Mar 28, '26",True
/m1U+lxj/ThzpSvf+uAgZw==,Magicbricks,https://www.magicbricks.com/property-details/2-BHK-1395-Sq-ft-Multistorey-Apartment-FOR-Rent-Vavol-in-Gandhinagar&id=4d423832303732323031,2026-04-19 13:51:41,23.2248961,72.619552,,Vavol,"Near Hotel Lila,New Vavol",,382016,,Apartment,Unfurnished,2,7,North,1395,Sq-ft,Less than 5 years,"Best SocietyBest Location Near Reliance Smart Bajar,Vavol You can explore this 2 BHK flat on rent in Vavol Gandhinagar. This 2 BHK flat is available at the reasonable rent amount of ₹15,000. Located on the 2 floor, the flat has 2 bathrooms, 1 balcony in covered area of 1395 sqft. The property has 7 floor and is equipped with Kids play area facilities. The flat comes with power back up, reserved parking, security, service/goods lift, air conditioned, intercom facility, ro water system. The apartment is located at Behind Sharda Residency, Beside Shalin-2, Nr. Keshav Park, K-Road, Vavol,Gandhinagar, Gujarat-382016.",15000,15000,1000,11,2,,No,No,No,"Air Conditioned, Banquet Hall, Jogging and Strolling Track, Outdoor Tennis Courts",False,True,Agent,80,Immediately,2026-02-19T14:55:24.000Z,"Feb 19, '26",True
or8gYFl11TlzpSvf+uAgZw==,Magicbricks,https://www.magicbricks.com/property-details/2-BHK-168-Sq-yrd-Multistorey-Apartment-FOR-Rent-Raysan-in-Gandhinagar&id=4d423834313133383839,2026-04-19 13:51:41,23.16672,72.66059,,Raysan,"Gandhinagar, Gujarat",19210|GNLU Metro Station|5 minutes,,,Apartment,Semi-Furnished,4,7,East,168,Sq-yrd,New Construction,"good location and good locality You can avail the 2 BHK flat for rent in the well-known location of Raysan. The flat is available for rent at a competitive amount of ₹17,000. The flat is located on the 4 floor which includes 2 bathrooms, 2 balcony, and covers a carpet area of 155 sqyrd. The residence includes power back up, reserved parking, security, service/goods lift. Visit the flat at Janvi Farm Rd, Gandhinagar, Gujarat .",17000,34000,1000,11,2,,Yes,No,No,"Service/Goods Lift, Laundry Service, Banquet Hall, Outdoor Tennis Courts",True,True,Agent,78,Immediately,2026-04-07T06:22:17.000Z,"Apr 07, '26",True
viZ0u4927VxzpSvf+uAgZw==,Magicbricks,https://www.magicbricks.com/property-details/2-BHK-1465-Sq-ft-Multistorey-Apartment-FOR-Rent-Gandhinagar-in-Gandhinagar&id=4d423637383533353533,2026-04-19 13:51:41,23.0395677,72.5660045,,Gandhinagar,302.,,,,Apartment,Unfurnished,2,5,North - East,1465,Sq-ft,Less than 5 years,"this property is near by tcs and gift city rode good location in this flat full furniture laxurish flat on rent all room ac You can avail the 2 BHK flat for rent in the well-known location of Gandhinagar. The Rent amount of this 2 BHK apartment is set at an attractive price of ₹25,000. Located on the 2 floor, the flat comprises 2 bathrooms, 1 balcony, and has a carpet area of 1165 sqft. This unit features power back up, reserved parking, security, service/goods lift, air conditioned, intercom facility, ro water system.",25000,50000,0,17,2,,No,No,No,"Air Conditioned, Banquet Hall, Bar/Lounge, Outdoor Tennis Courts",False,True,Agent,85,Immediately,2026-04-08T06:43:06.000Z,"Apr 08, '26",True
IJ3RHK8nBANzpSvf+uAgZw==,Magicbricks,https://www.magicbricks.com/property-details/2-BHK-170-Sq-yrd-Multistorey-Apartment-FOR-Rent-Raysan-in-Gandhinagar&id=4d423737303935333531,2026-04-19 13:51:41,23.16672,72.66059,,Raysan,gift city Gandhinagar,19210|GNLU Metro Station|5 minutes,,,Apartment,Semi-Furnished,4,8,East,170,Sq-yrd,Less than 5 years,"This property is new construction, well maintained property, allowed parking fix, many amenities available, 24h security and water line. 2 BHK flat is available for rent in Raysan immediately. Available at a rental price of ₹22,000, this 2 BHK flat is worth considering. Located on the 4 floor, the flat comprises 2 bathrooms, 2 balcony, and has a carpet area of 150 sqyrd. 1 Covered parking facility are also available. The property features power back up, reserved parking, security, service/goods lift, air conditioned, intercom facility, ro water system. Visit the flat at Raysan, Gandhinagar..",22000,44000,1500,14,2,1 Covered,No,No,No,"Air Conditioned, Banquet Hall, Bar/Lounge, Jogging and Strolling Track",True,True,Agent,100,Immediately,2026-03-22T21:28:47.000Z,"Mar 23, '26",True
nOKCDmrflFZzpSvf+uAgZw==,Magicbricks,https://www.magicbricks.com/property-details/2-BHK-707-Sq-ft-Multistorey-Apartment-FOR-Rent-Uvarsad-in-Gandhinagar&id=4d423735363439363735,2026-04-19 13:51:41,23.209984,72.587686,,Shree Ram Real Estate,samarth royal sargasan,,,,Apartment,Unfurnished,3,8,East,707,Sq-ft,New Construction,"Multistorey apartment is available for rent. East facing, New scheme available only for family. Grab the chance to own this affordable 2 BHK flat for rent in the Uvarsad area. Available at a rental price of ₹14,000, this 2 BHK flat is worth considering. The flat is on the 3 floor and includes 2 bathrooms, 1 balcony with a carpet area of 707 sqft. There is also facility of 2 Covered parking. The apartment comes furnished with reserved parking, security, service/goods lift. The flat can be visited at 18, Bhudarpura Rd, Behind C.N.School, Utkarsh Society, Tatsat Society, Ambawadi, Ahmedabad, Gujarat .",14000,14000,0,20,2,2 Covered,Yes,No,No,Service/Goods Lift,True,True,Agent,98,Immediately,2026-04-07T06:03:26.000Z,"Apr 07, '26",True
9KbSenienC1zpSvf+uAgZw==,Magicbricks,https://www.magicbricks.com/property-details/2-BHK-1530-Sq-ft-Multistorey-Apartment-FOR-Rent-Kudasan-in-Gandhinagar&id=4d423833393830393839,2026-04-19 13:51:41,23.1698784,72.6232479,,Kudasan,Kudasan.,,,,Apartment,Furnished,6,8,South - East,1530,Sq-ft,5 to 10 years,"open space around You can avail the 2 BHK flat for rent in the well-known location of Kudasan. The rent of the 2 BHK flat is ₹25,000. The apartment is on the 6 floor, has a carpet area of 1071 sqft with 2 bathrooms and 2 balcony. This property offers power back up, security, service/goods lift, visitor parking. Visit the apartment at Opp. SwaminarayanDham, Dholeshwar Mahadev Rd, Kudasan, Gujarat .",25000,,,16,2,,Yes,No,No,"Service/Goods Lift, Visitor Parking",False,True,Agent,79,Immediately,2026-03-28T15:08:23.000Z,"Mar 28, '26",True
BTDkkwjqXnhzpSvf+uAgZw==,Magicbricks,https://www.magicbricks.com/property-details/2-BHK-107-Sq-yrd-Multistorey-Apartment-FOR-Rent-Vavol-in-Gandhinagar&id=4d423535393636373037,2026-04-19 13:51:41,23.2248961,72.619552,,Vavol,"Gandhinagar, Ahmedabad, Gujarat  ",,,,Apartment,Furnished,4,7,,107,Sq-yrd,,"2 BHK flat is available for rent in Vavol immediately. You can get this flat at monthly rent of ₹21,000. Located on the 4 floor, the flat comprises 2 bathrooms, 1 balcony, and has a covered area of 107 sqyrd. The residence includes security, air conditioned, intercom facility. Find this apartment at Gandhinagar, Ahmedabad, Gujarat . The owner has posted this 2 BHK flat for rent, so the brokerage fees is zero on this multistorey apartment.",21000,,,22,2,,Yes,Yes,No,"Air Conditioned, Intercom Facility",False,True,Owner,61,Immediately,2026-04-10T23:32:07.000Z,"Apr 11, '26",True
OssFGxHnqbZzpSvf+uAgZw==,Magicbricks,https://www.magicbricks.com/property-details/2-BHK-90-Sq-yrd-Multistorey-Apartment-FOR-Rent-Sector-26-in-Gandhinagar&id=4d423834303736383139,2026-04-19 13:51:41,23.2534964,72.6432047,,Sector 26,"Gandhinagar, Gujarat",,,,Apartment,Unfurnished,Ground,3,East,90,Sq-yrd,New Construction,"Good location property in gandhinagar If you are searching a 2 BHK apartment for rent in Sector 26, check out this amazing rental flat. Available at a rental price of ₹12,000, this 2 BHK flat is worth considering. Located on the Ground floor, the flat comprises 2 bathrooms, 2 balcony, and has a carpet area of 81 sqyrd. The residence includes power back up. The address is K-7, Sector 26Corner, Gandhinagar, Gandhinagar, Gujarat,.",12000,24000,0,15,2,,No,Yes,No,Conference Room,True,True,Agent,58,Immediately,2026-04-04T12:17:54.000Z,"Apr 04, '26",True
sMgc0LzulT5zpSvf+uAgZw==,Magicbricks,https://www.magicbricks.com/property-details/2-BHK-145-Sq-ft-Multistorey-Apartment-FOR-Rent-Sargasan-in-Gandhinagar&id=4d423831393834323135,2026-04-19 13:51:41,23.1848805,72.615856,,Sargasan,"Gandhinagar, Gujarat",,,,Apartment,Unfurnished,11,12,South,145,Sq-ft,Less than 5 years,"2 BHK flat is available for rent in Sargasan immediately. The multistorey apartment is available at rent of ₹22,000. The apartment is on the 11 floor, has a covered area of 145 sqft with 2 bathrooms and 2 balcony. The flat comes with power back up, reserved parking, security, intercom facility. Find this apartment at Nr. Swagat Afford & TCS IT Park, Sargasan Circle, S. G. Highway, Ahmedabad - Gandhinagar Twin City.",22000,28000,1500,152,2,,Yes,No,No,"Intercom Facility, Jogging and Strolling Track",True,True,Agent,55,Immediately,2026-02-28T00:39:31.000Z,"Feb 28, '26",True
z3zkT2fPRyJzpSvf+uAgZw==,Magicbricks,https://www.magicbricks.com/property-details/2-BHK-1260-Sq-ft-Multistorey-Apartment-FOR-Rent-Sargasan-in-Gandhinagar&id=4d423833353834313435,2026-04-19 13:51:41,23.1848805,72.615856,,Sargasan,Sargasan Gandhinagar,,,,Apartment,Furnished,4,5,East,1260,Sq-ft,10 to 15 years,"Available 2 bhk Furnished flat On Rent In Sargasan Gandhinagar. Prime location with Good Locality. Low rise building Total 5th floor Property is 4th floor. Children play arae with Garden space . Sofa in Living Room. Furnished kitchen with Store room. Furnished bedroom with Double bed with AC Cupboard .Very Close to School, Bank, College, Hospital Shopping mall .",21000,42000,0,17,2,"1 Covered, 1 Open",Yes,No,No,Jogging and Strolling Track,False,True,Agent,93,Immediately,2026-02-27T12:01:58.000Z,"Feb 27, '26",True
UTsQMgpXraZzpSvf+uAgZw==,Magicbricks,https://www.magicbricks.com/property-details/2-BHK-1900-Sq-ft-Multistorey-Apartment-FOR-Rent-Kudasan-in-Gandhinagar&id=4d423831313637393635,2026-04-19 13:51:41,23.1698784,72.6232479,,Kudasan,"sarthak fortune, randesan gandhinagar",,,,Apartment,Semi-Furnished,3,7,East,1900,Sq-ft,Less than 5 years,"this property is near by gift city and kudasan Find 2 BHK flat for rent in Kudasan Gandhinagar. The flat is available for rent at a competitive amount of ₹20,000. Located on the 3 floor, the flat comprises 2 bathrooms, 2 balcony, and has a carpet area of 1700 sqft. The apartment is equipped with power back up, reserved parking, security, service/goods lift, ro water system. The full address of the apartment is Randesan Rd, Urjanagar 1, Randesan, Gandhinagar, Gujarat .",20000,20000,0,11,2,,Yes,No,No,"Service/Goods Lift, RO Water System, Banquet Hall",True,True,Agent,80,Immediately,2026-02-18T12:35:54.000Z,"Feb 18, '26",True
RbLRRY4gTp1zpSvf+uAgZw==,Magicbricks,https://www.magicbricks.com/property-details/2-BHK-133-Sq-ft-Multistorey-Apartment-FOR-Rent-Sargasan-in-Gandhinagar&id=4d423834303733333639,2026-04-19 13:51:41,23.1848805,72.615856,,Sargasan,"Sargasan,Gandhinagar",,,,Apartment,Semi-Furnished,1,5,,133,Sq-ft,,"Check out this newly constructed 2 BHK flat on rent in the prime location of Sargasan Gandhinagar. The multistorey apartment is available at rent of ₹22,000. The flat is on the 1 floor and includes 2 bathrooms, 1 balcony with a covered area of 133 sqft. Visit the flat at Nr. info city & TCS IT park, sargasan circle, sargasan, gandhinagar..",22000,,,165,2,,No,No,No,,False,True,Agent,48,Immediately,2026-04-18T23:45:35.000Z,Today,True
Ka1+AFQSDHVzpSvf+uAgZw==,Magicbricks,https://www.magicbricks.com/property-details/2-BHK-1314-Sq-ft-Multistorey-Apartment-FOR-Rent-Sughad-in-Gandhinagar&id=4d423833393437363333,2026-04-19 13:51:41,23.1213755,72.6224208,,Sughad,"Sughad,Gandhinagar",,,,Apartment,Furnished,2,3,North - East,1314,Sq-ft,5 to 10 years,"2bhk on rent fully furnished.Nr to agora mall Find 2 BHK flat for rent in Sughad Gandhinagar. This 2 BHK flat is available at the reasonable rent amount of ₹24,000. The residents of the flat have access to additional facilities such as 2 Wardrobe, 2 Bed, 1 TV, Fridge, Microwave, 2 AC, Sofa, Washing Machine, Dining Table and Gas Connection. Located on the 2 floor, the flat has 2 bathrooms, 3 balcony in carpet area of 900 sqft. There is also facility of 1 Covered, 1 Open parking. This unit is designed with reserved parking. The address is Sughad,Gandhinagar, Sughad, Gandhinagar, Gujarat.",24000,48000,2000,18,2,"1 Covered, 1 Open",No,No,No,,False,True,Agent,90,Immediately,2026-04-18T23:45:34.000Z,Today,True
cfPkb8BsnsNzpSvf+uAgZw==,Magicbricks,https://www.magicbricks.com/property-details/2-BHK-145-Sq-ft-Multistorey-Apartment-FOR-Rent-Kudasan-in-Gandhinagar&id=4d423834323933313035,2026-04-19 13:51:41,23.1698784,72.6232479,,Kudasan,kudasan,,,,Apartment,Semi-Furnished,3,4,East,,,5 to 10 years,"kitchen furniture ready, curtain,light,fen,gas line, car parking personal, full sun light all day and all rooms, 2 BHK apartment is available on rent in Kudasan Gandhinagar right away. This 2 BHK flat can be availed at the rental price of ₹17,000. The flat is on the 3 floor and includes 2 bathrooms, 3 balcony with a carpet area of 145 sqft. This home provides reserved parking, security, service/goods lift. Find this apartment at Urjanagar 1, Kudasan, Gandhinagar, Gujarat. The owner has posted this 2 BHK flat for rent, so the brokerage fees is zero on this multistorey apartment.",17000,34000,1400,,2,,Yes,No,Yes,Service/Goods Lift,False,False,Owner,78,Select Date,2026-04-18T05:43:43.000Z,Yesterday,True
jJ2BV9hZjx9zpSvf+uAgZw==,Magicbricks,https://www.magicbricks.com/property-details/2-BHK-1000-Sq-ft-Penthouse-FOR-Rent-in-Gandhinagar&id=4d423632333738333437,2026-04-19 13:51:41,,,,vipul,koba,,,,Penthouse,Unfurnished,3,3,South,1000,Sq-ft,5 to 10 years,"nice and easy to access from hospital 2 BHK flat is available for rent in sangath bliss immediately. The rent of the 2 BHK flat is ₹20,500. The apartment is on the 3 floor, has a carpet area of 650 sqft with 2 bathrooms and 3 balcony. The apartment comes furnished with reserved parking, security, ro water system. You can find the 2 BHK flat without any brokerage.",20500,25000,500,20,2,,Yes,No,Yes,RO Water System,False,False,Owner,75,Immediately,2026-04-14T15:40:59.000Z,"Apr 14, '26",True
K3jHV73Hx4dzpSvf+uAgZw==,Magicbricks,https://www.magicbricks.com/property-details/2-BHK-1530-Sq-ft-Multistorey-Apartment-FOR-Rent-Koba-in-Gandhinagar&id=4d423833383835363733,2026-04-19 13:51:41,23.150331,72.640657,,Dilip Sharma,"Gandhinagar, Gujarat",,,,Apartment,Semi-Furnished,9,13,,1530,Sq-ft,,"Grab the chance to own this affordable 2 BHK flat for rent in the Koba area. The multistorey apartment is available at rent of ₹25,000. Live in this lovely flat and get access to various useful facilities such as 2 Wardrobe, 1 Bed, 2 AC and Gas Connection. The flat is on the 9 floor and includes 2 bathrooms, 1 balcony with a covered area of 1530 sqft. This property includes 13 floor and provides Kids play area benefits. You can visit the flat at Koba, Gujarat . You can find the 2 BHK flat without any brokerage.",25000,,2000,16,2,,No,No,No,,False,False,Owner,31,Immediately,2026-03-21T05:10:14.000Z,"Mar 21, '26",True
oQR6AKTbt7tzpSvf+uAgZw==,Magicbricks,https://www.magicbricks.com/property-details/2-BHK-789-Sq-ft-Multistorey-Apartment-FOR-Rent-Gandhinagar-in-Gandhinagar&id=4d423833313932323537,2026-04-19 13:51:41,23.0395677,72.5660045,,Gandhinagar,"Gandhinagar, Gujarat",,,,Apartment,Semi-Furnished,3,10,,789,Sq-ft,,"Multistorey apartment is available for rent. It is a good location property. Please contact for more details. 2 BHK flat is available for rent in Gandhinagar immediately. The Rent amount of this 2 BHK apartment is set at an attractive price of ₹23,000. Find this apartment at Behind Parijat bungalow, Beside pramukh aura, Sarghasan cross road, Gandhinagar. The brokerage amount of the 2 BHK apartment is zero.",23000,,,29,2,,No,No,No,,False,False,Owner,53,Immediately,2026-04-09T16:59:35.000Z,"Apr 09, '26",True
tJWL/3M10s9zpSvf+uAgZw==,Magicbricks,https://www.magicbricks.com/property-details/2-BHK-102-Sq-yrd-Multistorey-Apartment-FOR-Rent-Kudasan-in-Gandhinagar&id=4d423732363436353435,2026-04-19 13:51:41,23.1698784,72.6232479,,Kudasan,"Kudasan, Gandhinagar",,,,Apartment,Furnished,4,5,East,,,5 to 10 years,"You can explore this 2 BHK flat on rent in Kudasan Gandhinagar. This 2 BHK flat can be availed at the rental price of ₹25,000. The flat is located on the 4 floor which includes 2 bathrooms, 1 balcony, and covers a carpet area of 102 sqyrd. The apartment comes furnished with security, intercom facility. You can find the 2 BHK flat without any brokerage.",25000,50000,3000,,2,,Yes,Yes,No,Intercom Facility,False,False,Owner,74,Immediately,2026-04-12T17:44:23.000Z,"Apr 12, '26",True
o2KpX2lTPuVzpSvf+uAgZw==,Magicbricks,https://www.magicbricks.com/property-details/2-BHK-740-Sq-ft-Multistorey-Apartment-FOR-Rent-Pethapur-in-Gandhinagar&id=4d423832353731373337,2026-04-19 13:51:41,23.264967,72.6679214,,Pethapur,"Siddheshwari  Greens,Mahudi Road, pethapur",,,,Apartment,Furnished,3,5,North,740,Sq-ft,5 to 10 years,"Fully furnished,well maintained If you are planning to rent a flat, you can consider this 2 BHK flat situated in the prime location of Pethapur. The apartment is available at an affordable rental price of ₹20,000. Located on the 3 floor, the flat comprises 2 bathrooms, 2 balcony, and has a carpet area of 525 sqft. This unit is designed with security, ro water system. Visit the flat at Pethapur, Gandhinagar, Gujarat . Do not pay any brokerage fee for this 2 BHK rental flat since the property ad is posted by the flat owner.",20000,20000,1100,27,2,,Yes,No,Yes,RO Water System,False,False,Owner,73,Immediately,2026-03-04T16:37:46.000Z,"Mar 04, '26",True
grG6V2FYnNFzpSvf+uAgZw==,Magicbricks,https://www.magicbricks.com/property-details/2-BHK-125-Sq-yrd-Multistorey-Apartment-FOR-Rent-Sargasan-in-Gandhinagar&id=4d423832343630323931,2026-04-19 13:51:41,23.1848805,72.615856,,Sargasan,"Gandhinagar, Gujarat",,,,Apartment,Furnished,3,4,,125,Sq-yrd,,"If you are planning to rent a flat, you can consider this 2 BHK flat situated in the prime location of Sargasan. The 2 BHK apartment is available at a reasonable rent of ₹25,000. Located on the 3 floor, the flat has 2 bathrooms, 1 balcony in covered area of 125 sqyrd. This property includes 4 floor and provides Kids Club benefits. The apartment is located at B/H. Swagat Flamingo, Near Sargasan Cross Road, Sargasan, Ahmedabad. This is a no-brokerage flat, as the owner is offering this 2 BHK flat on rent.",25000,,,22,2,,No,No,No,,True,True,Owner,51,Immediately,2026-04-18T23:31:10.000Z,Today,True
cJkCBO4OpCNzpSvf+uAgZw==,Magicbricks,https://www.magicbricks.com/property-details/2-BHK-950-Sq-ft-Multistorey-Apartment-FOR-Rent-Kudasan-in-Gandhinagar&id=4d423834303733343939,2026-04-19 13:51:41,23.1698784,72.6232479,,Kudasan,"Gandhinagar, Gujarat",,,,Apartment,Semi-Furnished,6,8,North - East,,,5 to 10 years,"Grab the chance to own this affordable 2 BHK flat for rent in the Kudasan area. The 2 BHK apartment is available at a reasonable rent of ₹17,000. Located on the 6 floor, the flat has 2 bathrooms, 2 balcony in carpet area of 950 sqft. This property offers power back up, reserved parking, security. The address is Urjanagar 1, Kudasan, Gandhinagar, Gujarat . This is a no-brokerage flat, as the owner is offering this 2 BHK flat on rent.",17000,25000,,,2,,No,No,No,,True,True,Owner,51,Immediately,2026-04-11T06:15:29.000Z,"Apr 11, '26",True
qZ7dkVJGdn5zpSvf+uAgZw==,Magicbricks,https://www.magicbricks.com/property-details/2-BHK-90-Sq-yrd-Multistorey-Apartment-FOR-Rent-Zundal-in-Gandhinagar&id=4d423634303338393535,2026-04-19 13:51:41,23.139555,72.584531,,modi,maitri lakeview,,,,Apartment,Semi-Furnished,3,7,,90,Sq-yrd,New Construction,"2bhk If you are searching a 2 BHK apartment for rent in Zundal, check out this amazing rental flat. The flat is available for rent at a competitive amount of ₹10,000. The flat is on the 3 floor and includes 2 bathrooms, 1 balcony with a carpet area of 60 sqyrd. Find this apartment at maitri lakeview, Zundal, Gandhinagar, Gujarat. Do not pay any brokerage fee for this 2 BHK rental flat since the property ad is posted by the flat owner.",10000,20000,750,12,2,,No,No,No,,False,False,Owner,43,Immediately,2026-04-09T16:59:00.000Z,"Apr 09, '26",True
xp/PjS/m255zpSvf+uAgZw==,Magicbricks,https://www.magicbricks.com/property-details/2-BHK-150-Sq-yrd-Multistorey-Apartment-FOR-Rent-Kudasan-in-Gandhinagar&id=4d423630353436323437,2026-04-19 13:51:41,23.1698784,72.6232479,,Kudasan,D block,,,,Apartment,Semi-Furnished,7,8,West,150,Sq-yrd,5 to 10 years,"Find this 2 BHK rental flat in Kudasan Gandhinagar. The 2 BHK apartment is available at a reasonable rent of ₹21,000. The apartment is on the 7 floor, has a carpet area of 130 sqyrd with 2 bathrooms and 2 balcony. The flat comes with reserved parking. The full address of the apartment is Next to Hotel Ashoka Inn, Opposite Baghban, Near TIME, Urjanagar 1, Kudasan, Gandhinagar, Gujarat. The owner has posted this 2 BHK flat for rent, so the brokerage fees is zero on this multistorey apartment.",21000,34000,,16,2,,No,No,No,,False,False,Owner,53,Immediately,2026-03-18T01:13:34.000Z,"Mar 18, '26",True
iIMDw+WRdlhzpSvf+uAgZw==,Magicbricks,https://www.magicbricks.com/property-details/2-BHK-145-Sq-ft-Multistorey-Apartment-FOR-Rent-in-Gandhinagar&id=4d423834303734363635,2026-04-19 13:51:41,,,,Balaji Realtors,"Gandhinagar, Gujarat",,,,Apartment,Unfurnished,4,4,,,,New Construction,"Find 2 BHK flat for rent in riverview 77 Gandhinagar. The multistorey apartment is available at rent of ₹20,000. Located on the 4 floor, the flat comprises 2 bathrooms, 1 balcony, and has a carpet area of 145 sqft.",20000,,,,2,,No,No,No,,False,True,Agent,51,Immediately,2026-04-18T23:45:34.000Z,Today,True
VrvAkz+Gq3ZzpSvf+uAgZw==,Magicbricks,https://www.magicbricks.com/property-details/2-BHK-1500-Sq-ft-Multistorey-Apartment-FOR-Rent-Raysan-in-Gandhinagar&id=4d423832313430383531,2026-04-19 13:51:41,23.16672,72.66059,,Raysan,"Gandhinagar, Gujarat",19210|GNLU Metro Station|5 minutes,,,Apartment,Furnished,5,10,North - East,1500,Sq-ft,New Construction,"New scim You can explore this 2 BHK flat on rent in Raysan Gandhinagar. This 2 BHK flat can be availed at the rental price of ₹25,000. Located on the 5 floor, the flat comprises 2 bathrooms, 2 balcony, and has a carpet area of 1300 sqft. The property includes 1 Covered parking. This property offers power back up, reserved parking, security, service/goods lift, air conditioned, intercom facility, ro water system. This flat is located at Janvi Farm Rd, Gandhinagar, Gujarat .",25000,50000,0,17,2,1 Covered,No,No,No,"Air Conditioned, Banquet Hall, Bar/Lounge, Jogging and Strolling Track",False,True,Agent,88,Immediately,2026-04-17T23:45:19.000Z,Yesterday,True
HG5pLYUjbFFzpSvf+uAgZw==,Magicbricks,https://www.magicbricks.com/property-details/2-BHK-1600-Sq-ft-Multistorey-Apartment-FOR-Rent-in-Gandhinagar&id=4d423830303738303231,2026-04-19 13:51:41,,,,3 D Property,504.,,,,Apartment,Furnished,4,5,East,1600,Sq-ft,5 to 10 years,"Grab the chance to own this affordable 2 BHK flat for rent in the sukan eye area. The multistorey apartment is available at rent of ₹25,000. Located on the 4 floor, the flat comprises 2 bathrooms, 2 balcony, and has a carpet area of 1200 sqft.",25000,25000,0,16,2,,No,No,No,,False,True,Agent,70,Immediately,2026-04-16T23:45:22.000Z,"Apr 17, '26",True
okg4PqE/kcFzpSvf+uAgZw==,Magicbricks,https://www.magicbricks.com/property-details/2-BHK-882-Sq-ft-Multistorey-Apartment-FOR-Rent-Sargasan-in-Gandhinagar&id=4d423733363137303537,2026-04-19 13:51:41,23.1848805,72.615856,,Sargasan,"Gandhinagar, Gujarat",,,,Apartment,Semi-Furnished,3,5,,882,Sq-ft,5 to 10 years,"You can avail the 2 BHK flat for rent in the well-known location of Sargasan. You can get this flat at monthly rent of ₹18,800. Located on the 3 floor, the flat has 2 bathrooms, 1 balcony in covered area of 882 sqft. The property has 5 floor and is equipped with Kids Club facilities. Visit the flat at F P No 97, Off. S.g. Highway, Sargasan, Gandhinagar.. There are no brokerage fees on this 2 BHK multistorey apartment.",18800,25000,800,21,2,,No,No,No,,False,False,Owner,38,Immediately,2026-04-02T21:31:44.000Z,"Apr 03, '26",True
l488MJebh7xzpSvf+uAgZw==,Magicbricks,https://www.magicbricks.com/property-details/2-BHK-800-Sq-ft-Multistorey-Apartment-FOR-Rent-Kudasan-in-Gandhinagar&id=4d423834303439383933,2026-04-19 13:51:41,23.1698784,72.6232479,,Kudasan,"Gandhinagar, Gujarat",,,,Apartment,Semi-Furnished,3,6,,800,Sq-ft,,"2 BHK flat is available for rent in Kudasan immediately. The multistorey apartment is available at rent of ₹22,000. Visit the apartment at Kudasan, Gandhinagar, Gujarat. This is a no-brokerage flat because the owner has posted the ad on this 2 BHK apartment.",22000,,,28,2,,No,No,No,,False,False,Owner,43,Immediately,2026-04-03T06:04:56.000Z,"Apr 03, '26",True
S0R9gAcaozBzpSvf+uAgZw==,Magicbricks,https://www.magicbricks.com/property-details/2-BHK-145-Sq-yrd-Multistorey-Apartment-FOR-Rent-Kudasan-in-Gandhinagar&id=4d423833393339323039,2026-04-19 13:51:41,23.1698784,72.6232479,,Kudasan,"Palm Rd, Urjanagar 1, Kudasan, Gandhinagar, Gujarat",,,,Apartment,Furnished,3,5,North - East,145,Sq-yrd,5 to 10 years,"Check out this newly constructed 2 BHK flat on rent in the prime location of Kudasan Gandhinagar. The apartment is available at an affordable rental price of ₹25,000. Get access to smart facilities such as 2 Wardrobe, 2 Bed, Fridge, 2 AC, Sofa, Washing Machine and Gas Connection simply by choosing this flat for rent. The flat is on the 3 floor and includes 2 bathrooms, 2 balcony with a carpet area of 98 sqyrd. There is also facility of 1 Covered parking. This unit is designed with reserved parking, security. You can visit the flat at Palm Rd, Urjanagar 1, Kudasan, Gandhinagar, Gujarat .",25000,50000,1500,19,2,1 Covered,No,No,No,,False,True,Agent,100,Immediately,2026-04-17T23:45:21.000Z,Yesterday,True
mOAcwY+Mig1zpSvf+uAgZw==,Magicbricks,https://www.magicbricks.com/property-details/2-BHK-800-Sq-ft-Multistorey-Apartment-FOR-Rent-GIFT-City-in-Gandhinagar&id=4d423833353731333435,2026-04-19 13:51:41,23.1587037,72.6837981,,GIFT City,"Gandhinagar, Gujarat",,,,Apartment,Furnished,10,14,,800,Sq-ft,New Construction,"You can avail the 2 BHK flat for rent in the well-known location of GIFT City. The rent of the 2 BHK flat is ₹50,000. The flat is located on the 10 floor which includes 2 bathrooms, 1 balcony, and covers a carpet area of 1215 sqft. The flat comes with reserved parking, security. Visit the flat at Sangath Smart Life, GIFT City, Gandhinagar, Gujrat .",50000,,,62,2,,No,No,No,,False,True,Agent,65,Immediately,2026-04-17T23:45:21.000Z,Yesterday,True
+8UGcHBO9uNzpSvf+uAgZw==,Magicbricks,https://www.magicbricks.com/property-details/2-BHK-800-Sq-ft-Multistorey-Apartment-FOR-Rent-GIFT-City-in-Gandhinagar&id=4d423833353731333337,2026-04-19 13:51:41,23.1587037,72.6837981,,GIFT City,"Gandhinagar, Gujarat",,,,Apartment,Furnished,7,14,,800,Sq-ft,New Construction,"2 BHK apartment is available on rent in GIFT City Gandhinagar right away. The multistorey apartment is available at rent of ₹50,000. Located on the 7 floor, the flat has 2 bathrooms, 1 balcony in carpet area of 1215 sqft. This property offers reserved parking, security. This flat is located at Sangath Smart Life, GIFT City, Gandhinagar, Gujrat .",50000,,,62,2,,No,No,No,,False,True,Agent,65,Immediately,2026-04-17T23:45:21.000Z,Yesterday,True
1iFgO+wJlCtzpSvf+uAgZw==,Magicbricks,https://www.magicbricks.com/property-details/2-BHK-900-Sq-ft-Multistorey-Apartment-FOR-Rent-GIFT-City-in-Gandhinagar&id=4d423833353739363039,2026-04-19 13:51:41,23.1587037,72.6837981,,GIFT City,"Gandhinagar, Gujarat",,,,Apartment,Furnished,17,26,,900,Sq-ft,New Construction,"If you are searching a 2 BHK apartment for rent in GIFT City, check out this amazing rental flat. The flat is available for rent at a competitive amount of ₹48,000. Located on the 17 floor, the flat comprises 2 bathrooms, 1 balcony, and has a carpet area of 1350 sqft. The property features power back up, reserved parking, security, visitor parking. Find this apartment at Block 41, Zone - 04, Shram Marg (Road 4B, Near Indian Oil Petrol Pump, Gujarat International Finance Tec-City, Gandhinagar, Gujarat.",48000,,,53,2,,No,No,No,"Visitor Parking, Jogging and Strolling Track, Outdoor Tennis Courts",False,True,Agent,60,Immediately,2026-04-18T23:45:34.000Z,Today,True
H3ZEdVvcIltzpSvf+uAgZw==,Magicbricks,https://www.magicbricks.com/property-details/2-BHK-1150-Sq-ft-Multistorey-Apartment-FOR-Rent-GIFT-City-in-Gandhinagar&id=4d423833363330373531,2026-04-19 13:51:41,23.1587037,72.6837981,,GIFT City,"Gandhinagar, Gujarat",,,,Apartment,Furnished,8,26,,1150,Sq-ft,New Construction,"2 BHK flat is available for rent in GIFT City immediately. The multistorey apartment is available at rent of ₹45,000. Located on the 8 floor, the flat has 2 bathrooms, 1 balcony in carpet area of 800 sqft. The property features power back up, reserved parking, security, visitor parking. The apartment is located at Block 41, Zone - 04, Shram Marg (Road 4B, Near Indian Oil Petrol Pump, Gujarat International Finance Tec-City, Gandhinagar, Gujarat.",45000,,,39,2,,No,No,No,"Visitor Parking, Jogging and Strolling Track, Outdoor Tennis Courts",False,True,Agent,61,Immediately,2026-04-16T23:45:22.000Z,"Apr 17, '26",True
m6SOs1Kfm5dzpSvf+uAgZw==,Magicbricks,https://www.magicbricks.com/property-details/2-BHK-900-Sq-ft-Multistorey-Apartment-FOR-Rent-GIFT-City-in-Gandhinagar&id=4d423833353535383835,2026-04-19 13:51:41,23.1587037,72.6837981,,GIFT City,"sangath ipl smart life, Gift City",,,,Apartment,Furnished,3,14,East,900,Sq-ft,New Construction,"greater gift City Experience Find 2 BHK flat for rent in GIFT City Gandhinagar. This 2 BHK flat is available at the reasonable rent amount of ₹45,000. The flat is on the 3 floor and includes 2 bathrooms, 1 balcony with a carpet area of 1350 sqft. The residence includes power back up, reserved parking, security. Find this apartment at GIFT City, Gandhinagar.",45000,,,50,2,,Yes,No,No,Laundry Service,False,True,Agent,74,Immediately,2026-04-16T23:45:22.000Z,"Apr 17, '26",True
qStLgxOBPKdzpSvf+uAgZw==,Magicbricks,https://www.magicbricks.com/property-details/3-BHK-2100-Sq-ft-Multistorey-Apartment-FOR-Rent-Kudasan-in-Gandhinagar&id=4d423739373836343031,2026-04-19 13:51:41,23.1698784,72.6232479,,Kudasan,"Kudasan,Gandhinagar",,,,Apartment,Furnished,Lower Basement,7,North - East,2100,Sq-ft,Less than 5 years,"Grab the chance to own this affordable 3 BHK flat for rent in the Kudasan area. ₹45,000 is the monthly rent of this 3 BHK flat. 3 Wardrobe, 3 Bed, 1 TV, Fridge, Microwave, 3 AC, Sofa, Washing Machine, Dining Table and Gas Connection are some of the additional amenities available with the apartment. Located on the Lower Basement floor, the flat comprises 3 bathrooms, 1 balcony, and has a carpet area of 1854 sqft. The flat comes with power back up, reserved parking, security. You can visit the flat at Kudasan, Gandhinagar, Gujarat .",45000,45000,0,21,3,,No,No,No,,True,True,Agent,100,Immediately,2026-04-16T23:45:22.000Z,"Apr 17, '26",True
4aeCYWXkFjBzpSvf+uAgZw==,Magicbricks,https://www.magicbricks.com/property-details/3-BHK-258-Sq-yrd-Multistorey-Apartment-FOR-Rent-Raysan-in-Gandhinagar&id=4d423732363235353835,2026-04-19 13:51:41,23.16672,72.66059,,Raysan,"Raysan, Gandhinagar, Gujarat",19210|GNLU Metro Station|5 minutes,,,Apartment,Furnished,9,14,East,258,Sq-yrd,New Construction,"3 BHK apartment is available on rent in Raysan Gandhinagar right away. This 3 BHK flat is available at the reasonable rent amount of ₹42,000. Additional amenities available with the flat are 3 Wardrobe, 3 Bed, 1 TV, 2 AC, Sofa, Dining Table and Gas Connection. Located on the 9 floor, the flat has 3 bathrooms, 1 balcony in carpet area of 149 sqyrd. You will also find 1 Covered parking facility. The apartment comes furnished with power back up, reserved parking, security. Visit the flat at Raysan, Ahmedabad, Gujarat.",42000,84000,3000,18,3,1 Covered,No,No,No,,False,True,Agent,100,Immediately,2026-04-17T23:45:19.000Z,Yesterday,True
607Jvldt8p5zpSvf+uAgZw==,Magicbricks,https://www.magicbricks.com/property-details/3-BHK-305-Sq-yrd-Multistorey-Apartment-FOR-Rent-Kudasan-in-Gandhinagar&id=4d423736393438333639,2026-04-19 13:51:41,23.1698784,72.6232479,,Kudasan,"Shubh Candid, Urjanagar 1, Kudasan, Gandhinagar, Gujarat",,,,Apartment,Furnished,1,10,East,305,Sq-yrd,2014,"This is very beautiful property located behind Raysan petrol pump. Fully furnished luxurious flat with POP work and light effects. only available for family. Grab the chance to own this affordable 3 BHK flat for rent in the Kudasan area. ₹45,000 is the monthly rent of this 3 BHK flat. Some attractive additional facilities available with the flat are 3 Wardrobe, 3 Bed, 1 TV, Fridge, 3 AC, Sofa, Washing Machine, Dining Table and Gas Connection. The apartment is on the 1 floor, has a carpet area of 225 sqyrd with 3 bathrooms and 3 balcony. There is also facility of 1 Covered parking. This property offers power back up, reserved parking, security. The apartment is located at Shubh Candid, Urjanagar 1, Kudasan, Gandhinagar, Gujarat .",45000,90000,0,16,3,1 Covered,Yes,Yes,No,Jogging and Strolling Track,False,True,Agent,98,Immediately,2026-04-16T23:45:20.000Z,"Apr 17, '26",True
7tBKu6RzkidzpSvf+uAgZw==,Magicbricks,https://www.magicbricks.com/property-details/3-BHK-260-Sq-ft-Multistorey-Apartment-FOR-Rent-Randesan-in-Gandhinagar&id=4d423732343536323137,2026-04-19 13:51:41,23.17588,72.65443,,Randesan,Antriksh by kaavyaratna.,,,,Apartment,Furnished,4,13,East,260,Sq-ft,Less than 5 years,"Antriksh best property Check out this newly constructed 3 BHK flat on rent in the prime location of Randesan Gandhinagar. The Rent amount of this 3 BHK apartment is set at an attractive price of ₹50,000. The flat is located on the 4 floor which includes 3 bathrooms, 2 balcony, and covers a carpet area of 180 sqft. There is also facility of 1 Covered parking. The property features power back up, security, intercom facility.",50000,100000,0,192,3,1 Covered,Yes,No,No,Intercom Facility,False,True,Agent,100,Immediately,2026-04-18T23:45:32.000Z,Today,True
0WEHHiXBbUhzpSvf+uAgZw==,Magicbricks,https://www.magicbricks.com/property-details/3-BHK-2066-Sq-ft-Multistorey-Apartment-FOR-Rent-Raysan-in-Gandhinagar&id=4d423738383630363439,2026-04-19 13:51:41,23.16672,72.66059,,Raysan,"Gandhinagar, Gujarat",19210|GNLU Metro Station|5 minutes,,,Apartment,Unfurnished,7,13,,2066,Sq-ft,New Construction,"3 BHK apartment is available on rent in Raysan Gandhinagar right away. The 3 BHK apartment is available at a reasonable rent of ₹55,000. The flat is located on the 7 floor which includes 3 bathrooms, 3 balcony, and covers a carpet area of 1899 sqft. The apartment is located at Raysan, Ahmedabad, Gujarat.",55000,110000,0,27,3,,No,No,No,,False,True,Agent,58,Immediately,2026-04-16T23:45:22.000Z,"Apr 17, '26",True
xVgCmnOoDIFzpSvf+uAgZw==,Magicbricks,https://www.magicbricks.com/property-details/3-BHK-2232-Sq-ft-Multistorey-Apartment-FOR-Rent-Randesan-in-Gandhinagar&id=4d423833343638313033,2026-04-19 13:51:41,23.17588,72.65443,,Randesan,"Siddhraj Zoey, Besides Maruti magnum, Nr.Axis Bank, Randesan, Gandhinagar",,,,Apartment,Furnished,9,13,East,2232,Sq-ft,New Construction,"If you are planning to rent a flat, you can consider this 3 BHK flat situated in the prime location of Randesan. You can get this flat at monthly rent of ₹55,000. Some premium add-on facilities bundled with the flat are 3 Wardrobe, 3 Bed, 2 TV, Fridge, Microwave, 4 AC, Sofa, Washing Machine, Dining Table and Gas Connection. The apartment is on the 9 floor, has a carpet area of 1273 sqft with 3 bathrooms and 1 balcony. You will also find 1 Covered parking facility. The building includes 13 floor and supports Kids play area living. This unit is designed with power back up, reserved parking, security. Find this apartment at Siddhraj Zoey, Besides Maruti magnum, Nr.Axis Bank, Randesan, Gandhinagar.",55000,110000,3000,25,3,1 Covered,Yes,No,No,Jogging and Strolling Track,True,True,Agent,80,Immediately,2026-04-16T23:45:20.000Z,"Apr 17, '26",True
1HmSa1ycvc5zpSvf+uAgZw==,Magicbricks,https://www.magicbricks.com/property-details/3-BHK-2250-Sq-ft-Multistorey-Apartment-FOR-Rent-Sargasan-in-Gandhinagar&id=4d423834323034343131,2026-04-19 13:51:41,23.1848805,72.615856,,Sargasan,Sargasan,,,,Apartment,Furnished,,,East,2250,Sq-ft,New Construction,"3bhk spacious flat,well furnished, new contraction,good locality, A beautiful 3 BHK flat is available for rent in Sargasan. This 3 BHK flat can be availed at the rental price of ₹46,000. You will also find 1 Covered parking facility. This home provides power back up, reserved parking, security, service/goods lift. The flat can be visited at Block No.166/1,F.P.no 25, Gandhinagar, Gandhinagar, Gujarat.",46000,100000,3000,20,3,1 Covered,Yes,No,No,"Service/Goods Lift, Banquet Hall, Jogging and Strolling Track, Outdoor Tennis Courts",False,True,Agent,100,Immediately,2026-04-17T23:45:21.000Z,Yesterday,True
5D5y/VktFo1zpSvf+uAgZw==,Magicbricks,https://www.magicbricks.com/property-details/3-BHK-1540-Sq-ft-Multistorey-Apartment-FOR-Rent-Raysan-in-Gandhinagar&id=4d423834313538343039,2026-04-19 13:51:41,23.16672,72.66059,,Raysan,"Raysan,Gandhinagar",19210|GNLU Metro Station|5 minutes,382421,,Apartment,Furnished,5,12,East,1540,Sq-ft,New Construction,"Welcome to Sri Vinayaka Realtors family This property is new semi furnished apartment only allow family nearby d Mart SG Highway touch not allowed bachelors and students Shree VinayakaRealtors You can explore this 3 BHK flat on rent in Raysan Gandhinagar. The 3 BHK apartment is available at a reasonable rent of ₹55,000. The residents of the flat have access to additional facilities such as 3 Wardrobe, 3 Bed, 1 TV, Fridge, Microwave, 4 AC, Sofa, Washing Machine, Dining Table and Gas Connection. The flat is located on the 5 floor which includes 3 bathrooms, 1 balcony, and covers a carpet area of 840 sqft. There is also facility of 1 Covered, 1 Open parking. This property includes 12 floor and provides Kids play area benefits. This unit is designed with power back up, reserved parking, security. The full address of the apartment is Survey No. 101 Paiki, Fp No. 121, Gandhinagar, Gujarat, 382421.",55000,110000,3000,36,3,"1 Covered, 1 Open",Yes,Yes,No,Jogging and Strolling Track,False,True,Agent,100,Immediately,2026-04-17T23:45:21.000Z,Yesterday,True
2z1w1cc2rCNzpSvf+uAgZw==,Magicbricks,https://www.magicbricks.com/property-details/3-BHK-260-Sq-yrd-Multistorey-Apartment-FOR-Rent-Randesan-in-Gandhinagar&id=4d423833373137323739,2026-04-19 13:51:41,23.17588,72.65443,,Randesan,"Gandhinagar, Gujarat",,,,Apartment,Furnished,3,8,North - East,260,Sq-yrd,Less than 5 years,"You can avail the 3 BHK flat for rent in the well-known location of Randesan. The Rent amount of this 3 BHK apartment is set at an attractive price of ₹45,000. The flat is on the 3 floor and includes 3 bathrooms, 2 balcony with a carpet area of 156 sqyrd. 1 Covered, 1 Open parking space is also available. This home provides power back up, reserved parking, security, air conditioned, intercom facility.",45000,90000,1500,19,3,"1 Covered, 1 Open",Yes,No,No,"Air Conditioned, Intercom Facility",False,True,Agent,95,Immediately,2026-04-17T23:45:21.000Z,Yesterday,True
pqXDGv8DRdJzpSvf+uAgZw==,Magicbricks,https://www.magicbricks.com/property-details/3-BHK-272-Sq-yrd-Multistorey-Apartment-FOR-Rent-Kudasan-in-Gandhinagar&id=4d423731373231313539,2026-04-19 13:51:41,23.1698784,72.6232479,,Kudasan,"Kudasan,Gandhinagar",,,,Apartment,Semi-Furnished,2,8,East,272,Sq-yrd,New Construction,"3bhk semi furnished flat in live location and good locality in kudasan. A beautiful 3 BHK flat is available for rent in Kudasan. You can get this flat at monthly rent of ₹50,000. Some attractive additional facilities available with the flat are 2 Wardrobe, 2 Bed, 1 AC and Gas Connection. Located on the 2 floor, the flat comprises 3 bathrooms, 1 balcony, and has a carpet area of 170 sqyrd. 1 Covered, 1 Open parking space is also available. The building has 8 floor and offers Kids play area amenities. This property offers power back up, reserved parking, security. The full address of the apartment is Kudasan, Gandhinagar, Gujarat.",50000,40000,0,20,3,"1 Covered, 1 Open",No,No,No,,True,True,Agent,80,Immediately,2026-04-18T23:45:34.000Z,Today,True
/rcQRAdqplNzpSvf+uAgZw==,Magicbricks,https://www.magicbricks.com/property-details/3-BHK-1800-Sq-ft-Multistorey-Apartment-FOR-Rent-Kudasan-in-Gandhinagar&id=4d423833393930343537,2026-04-19 13:51:41,23.1698784,72.6232479,,Kudasan,"FP NO. 371, Sub Plot No. 2, Near SMVS Swaminarayan Dham, Urjanagar, Kudasan, Gandhinagar, Gujarat  382421.",,382421,,Apartment,Furnished,7,7,North,1800,Sq-ft,New Construction,"nice flat A beautiful 3 BHK flat is available for rent in Kudasan. Available at a rental price of ₹50,000, this 3 BHK flat is worth considering. Located on the 7 floor, the flat has 3 bathrooms, 3 balcony in carpet area of 1170 sqft. 2 Covered parking space is also available. The property features power back up, reserved parking, security, service/goods lift, air conditioned, intercom facility. The full address of the apartment is FP NO. 371, Sub Plot No. 2, Near SMVS Swaminarayan Dham, Urjanagar, Kudasan, Gandhinagar, Gujarat 382421., Kudasan, Gandhinagar, Gujarat.",50000,100000,0,28,3,2 Covered,Yes,No,No,"Service/Goods Lift, Air Conditioned, Jogging and Strolling Track, Outdoor Tennis Courts",False,True,Agent,100,Immediately,2026-04-16T23:45:23.000Z,"Apr 17, '26",True
0O4U/wuyKXFzpSvf+uAgZw==,Magicbricks,https://www.magicbricks.com/property-details/3-BHK-300-Sq-ft-Multistorey-Apartment-FOR-Rent-PDPU-Road-in-Gandhinagar&id=4d423834323332303037,2026-04-19 13:51:41,23.1540460891807,72.6665273263145,,Shree Visat Estate,the gate by dev aashish,,,,Apartment,Furnished,2,7,East,300,Sq-ft,New Construction,"Check out this newly constructed 3 BHK flat on rent in the prime location of PDPU Road Gandhinagar. This 3 BHK flat can be availed at the rental price of ₹50,000. The apartment is on the 2 floor, has a carpet area of 300 sqft with 3 bathrooms and 2 balcony. The building includes 7 floor and supports Kids play area living. The apartment comes furnished with power back up. Find this apartment at The Gate By Dev Aashish, Royal Street, Near Gujarat National Law University, PDPU Road, Gandhinagar.",50000,,,167,3,,Yes,No,No,Jogging and Strolling Track,False,True,Agent,66,Immediately,2026-04-14T09:52:01.000Z,"Apr 14, '26",True
kUzSqodjh2RzpSvf+uAgZw==,Magicbricks,https://www.magicbricks.com/property-details/3-BHK-245-Sq-yrd-Multistorey-Apartment-FOR-Rent-Sargasan-in-Gandhinagar&id=4d423834323033303939,2026-04-19 13:51:41,23.1848805,72.615856,,Sargasan,"Sargasan,Gandhinagar",,,,Apartment,Furnished,4,9,East,245,Sq-yrd,Less than 5 years,"This project offers wellplanned homes in a prime location with easy access to schools, markets, and daily essentials. Designed for comfort and convenience, it features spacious layouts, good ventilation, and a peaceful environmentideal for families looking for a practical and connected lifestyle.",45000,90000,2500,20,3,1 Covered,No,No,No,"Visitor Parking, Intercom Facility, Banquet Hall, Jogging and Strolling Track",False,True,Agent,100,Immediately,2026-04-12T04:01:37.000Z,"Apr 12, '26",True
yup/EXlZabFzpSvf+uAgZw==,Magicbricks,https://www.magicbricks.com/property-details/3-BHK-248-Sq-yrd-Multistorey-Apartment-FOR-Rent-Randesan-in-Gandhinagar&id=4d423833373635323839,2026-04-19 13:51:41,23.17588,72.65443,,Randesan,"Siddhraj Zoey, Besides Maruti magnum, Nr.Axis Bank, Randesan, Gandhinagar",,,,Apartment,Furnished,13,13,East,248,Sq-yrd,2007,"East facing flat fully furnicher with moduler kichen. Grab the chance to own this affordable 3 BHK flat for rent in the Randesan area. ₹45,000 is the monthly rent of this 3 BHK flat. If you rent the flat, you will have access to facilities like 2 Wardrobe, 3 Bed, 1 TV, Fridge, 3 AC, Sofa, Washing Machine and Gas Connection. The flat is located on the 13 floor which includes 3 bathrooms, 1 balcony, and covers a carpet area of 180 sqyrd. 1 Covered parking space is also available. This property includes 13 floor and provides Kids play area benefits. This home provides power back up, reserved parking, security. The full address of the apartment is Siddhraj Zoey, Besides Maruti magnum, Nr.Axis Bank, Randesan, Gandhinagar.",45000,90000,,20,3,1 Covered,Yes,Yes,No,Jogging and Strolling Track,True,True,Agent,85,Immediately,2026-03-13T09:25:53.000Z,"Mar 13, '26",True
wrRFpLJtPmRzpSvf+uAgZw==,Magicbricks,https://www.magicbricks.com/property-details/3-BHK-2448-Sq-ft-Multistorey-Apartment-FOR-Rent-Kudasan-in-Gandhinagar&id=4d423834313133393433,2026-04-19 13:51:41,23.1698784,72.6232479,,Kudasan,"Gandhinagar, Gujarat",,,,Apartment,Furnished,1,11,East,2448,Sq-ft,New Construction,"Grab the chance to own this affordable 3 BHK flat for rent in the Kudasan area. The 3 BHK apartment is available at a reasonable rent of ₹55,000. The apartment is on the 1 floor, has a covered area of 2448 sqft with 3 bathrooms and 2 balcony. The building has 11 floor and offers Kids play area amenities. The flat comes with power back up, reserved parking, security, air conditioned. You can visit the flat at Kudasan, Gandhinagar, Gujarat.",55000,0,,22,3,,No,No,No,"Air Conditioned, Banquet Hall, Bar/Lounge",True,True,Agent,71,Immediately,2026-04-07T06:25:01.000Z,"Apr 07, '26",True
/Cw4Zc1mmZJzpSvf+uAgZw==,Magicbricks,https://www.magicbricks.com/property-details/3-BHK-2565-Sq-ft-Multistorey-Apartment-FOR-Rent-Kudasan-in-Gandhinagar&id=4d423538303137393533,2026-04-19 13:51:41,23.1698784,72.6232479,,Kudasan,402.,,,,Apartment,Unfurnished,4,5,North - East,2565,Sq-ft,New Construction,this property is near by Tcs and nift and gift city area full furnish laxurish flat on rent all are new brand furniture and all aminitys in this skim gym swimming pool indore game all are new brand skim,51000,100000,0,20,3,,No,No,No,"Air Conditioned, Banquet Hall, Bar/Lounge, Jogging and Strolling Track",False,True,Agent,85,Immediately,2026-04-08T06:46:45.000Z,"Apr 08, '26",True
o1vnbUpk5LVzpSvf+uAgZw==,Magicbricks,https://www.magicbricks.com/property-details/3-BHK-210-Sq-yrd-Multistorey-Apartment-FOR-Rent-Randesan-in-Gandhinagar&id=4d423833343337363231,2026-04-19 13:51:41,23.17588,72.65443,,Randesan,"Gandhinagar, Gujarat",,,,Apartment,Furnished,9,13,East,210,Sq-yrd,New Construction,"good location and good locality You can avail the 3 BHK flat for rent in the well-known location of Randesan. ₹55,000 is the monthly rent of this 3 BHK flat. The flat is located on the 9 floor which includes 3 bathrooms, 3 balcony, and covers a carpet area of 180 sqyrd. The property has 13 floor and is equipped with Kids play area facilities. This unit is designed with power back up, reserved parking, security, service/goods lift, ro water system. The flat can be visited at Siddhraj Zoey, Besides Maruti magnum, Nr.Axis Bank, Randesan, Gandhinagar.",55000,110000,1500,29,3,,No,No,No,"Laundry Service, Banquet Hall, Bar/Lounge, Outdoor Tennis Courts",True,True,Agent,78,Immediately,2026-02-17T04:46:36.000Z,"Feb 17, '26",True
RitmHESjhrJzpSvf+uAgZw==,Magicbricks,https://www.magicbricks.com/property-details/3-BHK-2115-Sq-ft-Multistorey-Apartment-FOR-Rent-Sargasan-in-Gandhinagar&id=4d423833393934353035,2026-04-19 13:51:41,23.1848805,72.615856,,Sargasan,"swagat Agacia,behind Holiday Mall,SG Highway,Gandhinagar",,,,Apartment,Furnished,4,13,North - East,2115,Sq-ft,Less than 5 years,"Find this 3 BHK rental flat in Sargasan Gandhinagar. This 3 BHK flat can be availed at the rental price of ₹45,000. Located on the 4 floor, the flat comprises 3 bathrooms, 2 balcony, and has a carpet area of 1170 sqft. The property has 13 floor and is equipped with Kids Play Pool With Water Slides facilities. The flat comes with power back up, reserved parking, security, service/goods lift, visitor parking. You can visit the flat at Swagat Agacia,Opp. Swagat Flamingo, Nr. TCS IT Park & Sargasan,Cross Roads,Sargasan,Gandhinagar. This 3 BHK rental flat comes with no brokerage fees.",45000,,,21,3,,Yes,No,No,"Service/Goods Lift, Visitor Parking, Banquet Hall, Jogging and Strolling Track",False,True,Owner,81,Immediately,2026-03-31T07:50:07.000Z,"Mar 31, '26",True
XYhhUIHA7i9zpSvf+uAgZw==,Magicbricks,https://www.magicbricks.com/property-details/3-BHK-260-Sq-ft-Multistorey-Apartment-FOR-Rent-Randesan-in-Gandhinagar&id=4d423832373333393037,2026-04-19 13:51:41,23.17588,72.65443,,Randesan,"Gandhinagar, Gujarat",,,,Apartment,Furnished,4,9,East,260,Sq-ft,New Construction,"Check out this newly constructed 3 BHK flat on rent in the prime location of Randesan Gandhinagar. You can get this flat at monthly rent of ₹42,000. Located on the 4 floor, the flat comprises 3 bathrooms, 1 balcony, and has a covered area of 260 sqft. The flat comes with power back up, reserved parking, security, intercom facility.",42000,90000,2500,162,3,,Yes,No,No,Intercom Facility,True,True,Agent,53,Immediately,2026-03-14T15:00:03.000Z,"Mar 14, '26",True
zS3inPAg0sRzpSvf+uAgZw==,Magicbricks,https://www.magicbricks.com/property-details/3-BHK-3000-Sq-ft-Multistorey-Apartment-FOR-Rent-in-Gandhinagar&id=4d423733313338333433,2026-04-19 13:51:41,,,,Yash Property Management,"shree rang pearl randesan,Gandhinagar",,,,Apartment,Unfurnished,1,10,East,3000,Sq-ft,New Construction,"newly fully furnished 2 and 3 flats available You can avail the 3 BHK flat for rent in the well-known location of sreerang pearl. You can get this flat at monthly rent of ₹45,000. The apartment is on the 1 floor, has a carpet area of 2700 sqft with 3 bathrooms and 3 balcony. The apartment is equipped with power back up, reserved parking, security, service/goods lift, intercom facility, ro water system.",45000,90000,0,15,3,,No,No,No,"Internet/Wi-Fi Connectivity, Bar/Lounge, Jogging and Strolling Track, Outdoor Tennis Courts",True,True,Agent,75,Immediately,2026-02-18T12:36:51.000Z,"Feb 18, '26",True
jLhsxZR9VjZzpSvf+uAgZw==,Magicbricks,https://www.magicbricks.com/property-details/3-BHK-325-Sq-yrd-Multistorey-Apartment-FOR-Rent-Raysan-in-Gandhinagar&id=4d423834323135303733,2026-04-19 13:51:41,23.16672,72.66059,,Raysan,raysan,19210|GNLU Metro Station,,,Apartment,Furnished,8,13,East,325,Sq-yrd,New Construction,"Near to gift city and pdpu metrostation You can explore this 3 BHK flat on rent in Raysan Gandhinagar. This 3 BHK flat is available at the reasonable rent amount of ₹49,000. Located on the 8 floor, the flat has 3 bathrooms, 3 balcony in carpet area of 195 sqyrd. This flat is fitted with power back up, reserved parking, security, intercom facility, ro water system. Visit the flat at raysan, Raysan, Gandhinagar, Gujarat.",49000,98000,2000,17,3,,No,No,No,"Internet/Wi-Fi Connectivity, Banquet Hall, Jogging and Strolling Track, Outdoor Tennis Courts",False,True,Agent,80,Immediately,2026-04-18T23:45:34.000Z,Today,True
4t5/UIYnyLFzpSvf+uAgZw==,Magicbricks,https://www.magicbricks.com/property-details/3-BHK-300-Sq-yrd-Multistorey-Apartment-FOR-Rent-Raysan-in-Gandhinagar&id=4d423834323930383637,2026-04-19 13:51:41,23.16672,72.66059,,Raysan,"Gandhinagar, Gujarat",19210|GNLU Metro Station|5 minutes,,,Apartment,Furnished,3,13,,300,Sq-yrd,,"Find 3 BHK flat for rent in Raysan Gandhinagar. ₹53,000 is the monthly rent of this 3 BHK flat. This flat is located at Raysan, Ahmedabad, Gujarat. The brokerage amount of the 3 BHK apartment is zero.",53000,,,20,3,,No,No,No,,False,False,Owner,28,Select Date,2026-04-17T18:37:15.000Z,Yesterday,True
Rv2ddI+8ZMZzpSvf+uAgZw==,Magicbricks,https://www.magicbricks.com/property-details/3-BHK-255-Sq-yrd-Multistorey-Apartment-FOR-Rent-in-Gandhinagar&id=4d423831363932373639,2026-04-19 13:51:41,,,,Mangal Murti Property Solution,behind swagat holiday mall Sargasan,,,,Apartment,Furnished,6,12,North - East,255,Sq-yrd,New Construction,"this property is located near sg highway. this property is located behind swagat holiday mall Sargasan. this property is fully furnished. this property is for family and company guest house. 3 BHK flat is available for rent in akashat paradise immediately. The Rent amount of this 3 BHK apartment is set at an attractive price of ₹50,000. The apartment is on the 6 floor, has a carpet area of 145 sqyrd with 3 bathrooms and 3 balcony. This property offers power back up, reserved parking, security, air conditioned, ro water system.",50000,100000,2500,22,3,,No,No,No,"Air Conditioned, RO Water System, Banquet Hall",False,True,Agent,94,Immediately,2026-04-18T23:45:32.000Z,Today,True
1fpnq2jJFbBzpSvf+uAgZw==,Magicbricks,https://www.magicbricks.com/property-details/3-BHK-267-Sq-ft-Multistorey-Apartment-FOR-Rent-Kudasan-in-Gandhinagar&id=4d423732343730333131,2026-04-19 13:51:41,23.1698784,72.6232479,,Kudasan,"Gandhinagar, Gujarat",,,,Apartment,Furnished,4,14,North - East,267,Sq-ft,New Construction,"If you are planning to rent a flat, you can consider this 3 BHK flat situated in the prime location of Kudasan. ₹50,000 is the monthly rent of this 3 BHK flat. The flat is located on the 4 floor which includes 3 bathrooms, 3 balcony, and covers a covered area of 267 sqft. There is also facility of 1 Covered parking. The property features reserved parking, security. The full address of the apartment is RADHE INFINITY RAKSHASHAKTI CIRCLE, Gandhinagar, Gandhinagar, Gujarat.",50000,100000,0,187,3,1 Covered,No,No,No,,False,True,Agent,88,Immediately,2026-04-16T23:45:21.000Z,"Apr 17, '26",True
1bEIupi/ML9zpSvf+uAgZw==,Magicbricks,https://www.magicbricks.com/property-details/3-BHK-248-Sq-yrd-Multistorey-Apartment-FOR-Rent-Randesan-in-Gandhinagar&id=4d423833353137343037,2026-04-19 13:51:41,23.17588,72.65443,,Randesan,"randesan,Near Metro station",,,,Apartment,Furnished,5,14,East,248,Sq-yrd,New Construction,"This is club class living with full of amenities in Prime area of Gandhinagar Find 3 BHK flat for rent in Randesan Gandhinagar. The flat is available for rent at a competitive amount of ₹55,000. The flat is on the 5 floor and includes 3 bathrooms, 1 balcony with a carpet area of 145 sqyrd. The property includes 1 Covered parking. The building has 14 floor and offers Kids play area amenities. The apartment is equipped with power back up, reserved parking, security, service/goods lift, intercom facility, ro water system. Visit the flat at Siddhraj Zoey, Besides Maruti magnum, Nr.Axis Bank, Randesan, Gandhinagar.",55000,110000,0,25,3,1 Covered,No,No,No,"Internet/Wi-Fi Connectivity, Banquet Hall, Jogging and Strolling Track, Outdoor Tennis Courts",False,True,Agent,100,Immediately,2026-04-17T23:45:21.000Z,Yesterday,True
Sj0ODYxF/VhzpSvf+uAgZw==,Magicbricks,https://www.magicbricks.com/property-details/3-BHK-2196-Sq-ft-Multistorey-Apartment-FOR-Rent-Kudasan-in-Gandhinagar&id=4d423833373131333035,2026-04-19 13:51:41,23.1698784,72.6232479,,Kudasan,keshav Aaradhyam,,,,Apartment,Furnished,3,8,East,2196,Sq-ft,Less than 5 years,"Check out this newly constructed 3 BHK flat on rent in the prime location of Kudasan Gandhinagar. The Rent amount of this 3 BHK apartment is set at an attractive price of ₹47,000. Located on the 3 floor, the flat has 3 bathrooms, 1 balcony in carpet area of 1350 sqft. The property includes 1 Covered parking. This property includes 8 floor and provides Kids play area benefits. The residence includes power back up, reserved parking, security, air conditioned. Find this apartment at Kudasan, Gandhinagar, Gujarat.",47000,100000,2500,21,3,1 Covered,No,No,No,"Air Conditioned, Banquet Hall, Outdoor Tennis Courts",False,True,Agent,100,Immediately,2026-04-17T23:45:21.000Z,Yesterday,True
3GuzHUVZvixzpSvf+uAgZw==,Magicbricks,https://www.magicbricks.com/property-details/3-BHK-1500-Sq-ft-Multistorey-Apartment-FOR-Rent-Raysan-in-Gandhinagar&id=4d423833393332343933,2026-04-19 13:51:41,23.16672,72.66059,,Raysan,"Gandhinagar, Gujarat",19210|GNLU Metro Station,,,Apartment,Furnished,7,11,,1500,Sq-ft,,"Find 3 BHK flat for rent in Raysan Gandhinagar. The rent of the 3 BHK flat is ₹46,000. Visit the apartment at Raysan, Gandhinagar, Gujarat. This is a no-brokerage flat because the owner has posted the ad on this 3 BHK apartment.",46000,,,31,3,,No,No,No,,False,False,Owner,0,Immediately,2026-03-25T07:17:44.000Z,"Mar 25, '26",True
vtMhcUOsM6ZzpSvf+uAgZw==,Magicbricks,https://www.magicbricks.com/property-details/3-BHK-2376-Sq-ft-Multistorey-Apartment-FOR-Rent-Kudasan-in-Gandhinagar&id=4d423833363235303533,2026-04-19 13:51:41,23.1698784,72.6232479,,Kudasan,"Gandhinagar, Gujarat",,,,Apartment,Furnished,14,14,,2376,Sq-ft,,"Multistorey apartment is available for rent. It is a good location property. Please contact for more details. You can avail the 3 BHK flat for rent in the well-known location of Kudasan. The Rent amount of this 3 BHK apartment is set at an attractive price of ₹54,000. Visit the flat at RADHE INFINITY RAKSHASHAKTI CIRCLE, Gandhinagar, Gandhinagar, Gujarat. Do not pay any brokerage fee for this 3 BHK rental flat since the property ad is posted by the flat owner.",54000,,,23,3,,No,No,No,,False,False,Owner,33,Select Date,2026-03-03T08:04:00.000Z,"Mar 03, '26",True
SjiEjRQ2SRRzpSvf+uAgZw==,Magicbricks,https://www.magicbricks.com/property-details/3-BHK-2646-Sq-ft-Multistorey-Apartment-FOR-Rent-Randesan-in-Gandhinagar&id=4d423834323033343333,2026-04-19 13:51:41,23.17588,72.65443,,Randesan,"The Gate By Dev Aashish, Royal Street, Near Gujarat National Law University, PDPU Road, Gandhinagar",,,,Apartment,Furnished,5,13,East,2646,Sq-ft,New Construction,"Located near Padpu Road, this impressive gated scheme offers spacious 3 and 4 BHK homes with modern design and premium amenities. The grand entrance gate ensures security and elegance, welcoming residents into a wellplanned community that combines comfort, convenience, greenery, and a refined lifestyle in a peaceful residential setting.",55000,110000,0,21,3,1 Covered,Yes,No,No,Jogging and Strolling Track,False,True,Agent,100,Immediately,2026-04-12T05:17:54.000Z,"Apr 12, '26",True
QULd3P6rCchzpSvf+uAgZw==,Magicbricks,https://www.magicbricks.com/property-details/3-BHK-236-Sq-yrd-Multistorey-Apartment-FOR-Rent-Kudasan-in-Gandhinagar&id=4d423732363235323035,2026-04-19 13:51:41,23.1698784,72.6232479,,Kudasan,"Kudasan,Gandhinagar",,,,Apartment,Furnished,4,7,East,236,Sq-yrd,New Construction,"If you are planning to rent a flat, you can consider this 3 BHK flat situated in the prime location of Kudasan. The rent of the 3 BHK flat is ₹41,000. Additional amenities available with the flat are 3 Wardrobe, 3 Bed, Fridge, 4 AC, Sofa, Washing Machine, Dining Table and Gas Connection. Located on the 4 floor, the flat comprises 3 bathrooms, 1 balcony, and has a carpet area of 141 sqyrd. There is also facility of 1 Covered parking. This home provides power back up, reserved parking, security. Visit the flat at Kudasan, Gandhinagar, Gujarat .",41000,82000,3000,19,3,1 Covered,No,No,No,,False,True,Agent,100,Immediately,2026-04-17T23:45:19.000Z,Yesterday,True
zpgMsq8165NzpSvf+uAgZw==,Magicbricks,https://www.magicbricks.com/property-details/3-BHK-2646-Sq-ft-Multistorey-Apartment-FOR-Rent-Raysan-in-Gandhinagar&id=4d423834313935323439,2026-04-19 13:51:41,23.16672,72.66059,,Raysan,"The Gate By Dev Aashish, Royal Street, Near Gujarat National Law University, PDPU Road, Gandhinagar",19210|GNLU Metro Station|5 minutes,,,Apartment,Furnished,7,13,East,2646,Sq-ft,New Construction,"3 BHK flat is available for rent in Raysan immediately. The flat is available for rent at a competitive amount of ₹60,000. Some premium add-on facilities bundled with the flat are 3 Wardrobe, 3 Bed, 1 TV, Fridge, 3 AC, Sofa, Washing Machine, Dining Table and Gas Connection. The apartment is on the 7 floor, has a carpet area of 180 sqyrd with 3 bathrooms and 1 balcony. You will also find 1 Covered parking facility. The building includes 13 floor and supports Kids play area living. The apartment comes furnished with power back up, reserved parking, security. The address is The Gate By Dev Aashish, Royal Street, Near Gujarat National Law University, PDPU Road, Gandhinagar.",60000,120000,3000,23,3,1 Covered,Yes,No,No,Jogging and Strolling Track,False,True,Agent,100,Immediately,2026-04-11T08:42:58.000Z,"Apr 11, '26",True
G/FKd+hqTrxzpSvf+uAgZw==,Magicbricks,https://www.magicbricks.com/property-details/3-BHK-4500-Sq-ft-Multistorey-Apartment-FOR-Rent-Kudasan-in-Gandhinagar&id=4d423831343931353931,2026-04-19 13:51:41,23.1698784,72.6232479,,Kudasan,"Gandhinagar, Gujarat",,,,Apartment,Furnished,3,3,South -West,4500,Sq-ft,5 to 10 years,"If you are planning to rent a flat, you can consider this 3 BHK flat situated in the prime location of Kudasan. The multistorey apartment is available at rent of ₹65,000. Located on the 3 floor, the flat comprises 2 bathrooms, 2 balcony, and has a carpet area of 3506 sqft. The apartment is equipped with reserved parking, security, air conditioned. Visit the flat at Shubh Candid, Urjanagar 1, Kudasan, Gandhinagar, Gujarat .",65000,,,14,2,,Yes,No,No,"Air Conditioned, Bar/Lounge, Conference Room",True,True,Agent,48,Immediately,2026-03-18T05:29:21.000Z,"Mar 18, '26",True
3uK9gxTSEzNzpSvf+uAgZw==,Magicbricks,https://www.magicbricks.com/property-details/3-BHK-265-Sq-ft-Multistorey-Apartment-FOR-Rent-Kudasan-in-Gandhinagar&id=4d423833373830323833,2026-04-19 13:51:41,23.1698784,72.6232479,,Kudasan,"Gandhinagar, Gujarat",,,,Apartment,Furnished,3,8,North - East,265,Sq-ft,Less than 5 years,"Grab the chance to own this affordable 3 BHK flat for rent in the Kudasan area. This 3 BHK flat is available at the reasonable rent amount of ₹60,000. The flat is on the 3 floor and includes 3 bathrooms, 1 balcony with a covered area of 265 sqft. The property consists of 8 floor and offers Kids play area conveniences. The apartment is equipped with power back up, reserved parking, security. Visit the flat at Nr. Sarthak Heaven, P.D.P.U Cross Road, Kudasan, Urjanagar, Gandhinagar.",60000,120000,,226,3,,No,No,No,,True,True,Agent,53,Immediately,2026-03-14T09:26:49.000Z,"Mar 14, '26",True
jk3TpC9JoQxzpSvf+uAgZw==,Magicbricks,https://www.magicbricks.com/property-details/3-BHK-2502-Sq-ft-Multistorey-Apartment-FOR-Rent-Sargasan-in-Gandhinagar&id=4d423833353139313839,2026-04-19 13:51:41,23.1848805,72.615856,,Sargasan,"Behind Swagat holiday mall, Sargasan",,,,Apartment,Furnished,8,10,East,2502,Sq-ft,New Construction,"Main SG highway Touch Property 3 BHK apartment is available on rent in Sargasan Gandhinagar right away. The multistorey apartment is available at rent of ₹65,000. Located on the 8 floor, the flat has 3 bathrooms, 1 balcony in carpet area of 1388 sqft. The property includes 1 Covered parking. This residential building features 10 floor and ensures Kids play area comfort. This property offers power back up, reserved parking, security, service/goods lift, intercom facility, ro water system. Visit the flat at B/H SWAGAT HOLIDAY MALL,Nr.SARGASAN CROSS ROAD,Off. S G HIGHWAY,SARGASAN,GANDINAGAR.",65000,130000,0,26,3,1 Covered,No,No,No,"Internet/Wi-Fi Connectivity, Banquet Hall, Jogging and Strolling Track, Outdoor Tennis Courts",False,True,Agent,100,Immediately,2026-04-17T23:45:21.000Z,Yesterday,True
mTaQFJso+DtzpSvf+uAgZw==,Magicbricks,https://www.magicbricks.com/property-details/2-BHK-144-Sq-yrd-Multistorey-Apartment-FOR-Rent-Raysan-in-Gandhinagar&id=4d423834323134343337,2026-04-19 13:51:41,23.16672,72.66059,,Raysan,"RAYSAN, TP-19, Raysan, Gujarat",19210|GNLU Metro Station|5 minutes,,,Apartment,Furnished,3,5,North,144,Sq-yrd,10 to 15 years,"If you are searching a 2 BHK apartment for rent in Raysan, check out this amazing rental flat. Available at a rental price of ₹28,000, this 2 BHK flat is worth considering. Some premium add-on facilities bundled with the flat are 2 Wardrobe, 2 Bed, 1 TV, Fridge, 2 AC, Sofa, Washing Machine and Gas Connection. Located on the 3 floor, the flat has 2 bathrooms, 1 balcony in carpet area of 100 sqyrd. 1 Covered parking facility are also available. The apartment comes furnished with reserved parking, security. Visit the flat at RAYSAN, TP-19, Raysan, Gujarat .",28000,56000,2000,22,2,1 Covered,No,No,No,,True,True,Agent,78,Select Date,2026-04-18T23:45:34.000Z,Today,True
1xwTTfUBHxhzpSvf+uAgZw==,Magicbricks,https://www.magicbricks.com/property-details/2-BHK-270-Sq-ft-Multistorey-Apartment-FOR-Rent-GIFT-City-in-Gandhinagar&id=4d423739313034373931,2026-04-19 13:51:41,23.1587037,72.6837981,,GIFT City,"Gandhinagar, Gujarat",,,,Apartment,Furnished,14,21,,270,Sq-ft,New Construction,"If you are planning to rent a flat, you can consider this 2 BHK flat situated in the prime location of GIFT City. ₹40,000 is the monthly rent of this 2 BHK flat. Located on the 14 floor, the flat comprises 2 bathrooms, 1 balcony, and has a carpet area of 270 sqft. This unit is designed with power back up, reserved parking, security. Find this apartment at GIFT City, Gandhinagar. This is a no-brokerage flat, as the owner is offering this 2 BHK flat on rent.",40000,,,148,2,,Yes,No,No,Laundry Service,False,False,Owner,60,Immediately,2026-03-15T17:48:35.000Z,"Mar 15, '26",True
eACKiyOg/FpzpSvf+uAgZw==,Magicbricks,https://www.magicbricks.com/property-details/2-BHK-1090-Sq-ft-Multistorey-Apartment-FOR-Rent-GIFT-City-in-Gandhinagar&id=4d423832343936333537,2026-04-19 13:51:41,23.1587037,72.6837981,,GIFT City,"T1 16th floor, Giftcity Gandhinagar",,,,Apartment,Furnished,16,33,North - East,1090,Sq-ft,New Construction,"Find 2 BHK flat for rent in GIFT City Gandhinagar. This 2 BHK flat is available at the reasonable rent amount of ₹36,000. The apartment is on the 16 floor, has a covered area of 1090 sqft with 2 bathrooms and 2 balcony. The apartment is equipped with power back up, reserved parking, security, air conditioned, intercom facility. Visit the flat at Block 41, Zone - 04, Shram Marg (Road 4B, Near Indian Oil Petrol Pump, Gujarat International Finance Tec-City, Gandhinagar, Gujarat. This is a no-brokerage flat because the owner has posted the ad on this 2 BHK apartment.",36000,110000,,33,2,,No,No,No,"Air Conditioned, Banquet Hall, Jogging and Strolling Track, Outdoor Tennis Courts",False,False,Owner,68,Immediately,2026-02-24T07:36:54.000Z,"Feb 24, '26",True
G4q4bMM6ZNRzpSvf+uAgZw==,Magicbricks,https://www.magicbricks.com/property-details/2-BHK-1140-Sq-ft-Multistorey-Apartment-FOR-Rent-GIFT-City-in-Gandhinagar&id=4d423833383438363837,2026-04-19 13:51:41,23.1587037,72.6837981,,GIFT City,"Gandhinagar, Gujarat",,,,Apartment,Semi-Furnished,5,30,,1140,Sq-ft,New Construction,"A beautiful 2 BHK flat is available for rent in GIFT City. The 2 BHK apartment is available at a reasonable rent of ₹35,000. The flat comes with some add-on facilities such as 2 Wardrobe, 2 Bed, 2 AC and Gas Connection. The flat is located on the 5 floor which includes 2 bathrooms, 3 balcony, and covers a covered area of 1140 sqft. The flat can be visited at Block 41, Zone - 04, Shram Marg (Road 4B, Near Indian Oil Petrol Pump, Gujarat International Finance Tec-City, Gandhinagar, Gujarat. This is a no-brokerage flat because the owner has posted the ad on this 2 BHK apartment.",35000,70000,2500,31,2,,No,No,No,,False,False,Owner,36,Immediately,2026-03-19T07:47:48.000Z,"Mar 19, '26",True
G7d5dphrvIRzpSvf+uAgZw==,Magicbricks,https://www.magicbricks.com/property-details/2-BHK-1090-Sq-ft-Multistorey-Apartment-FOR-Rent-GIFT-City-in-Gandhinagar&id=4d423833373837313839,2026-04-19 13:51:41,23.1587037,72.6837981,,GIFT City,"Gandhinagar, Gujarat",,,,Apartment,Furnished,18,32,,1090,Sq-ft,New Construction,"2 BHK flat is available for rent in GIFT City immediately. The 2 BHK apartment is available at a reasonable rent of ₹40,000. The flat is located on the 18 floor which includes 2 bathrooms, 1 balcony, and covers a covered area of 1090 sqft. The flat can be visited at Block 41, Zone - 04, Shram Marg (Road 4B, Near Indian Oil Petrol Pump, Gujarat International Finance Tec-City, Gandhinagar, Gujarat. This 2 BHK rental flat comes with no brokerage fees.",40000,120000,,37,2,,No,No,No,,False,False,Owner,33,Immediately,2026-03-15T04:35:19.000Z,"Mar 15, '26",True
ZxwrFl/uL6ZzpSvf+uAgZw==,Magicbricks,https://www.magicbricks.com/property-details/2-BHK-1310-Sq-ft-Multistorey-Apartment-FOR-Rent-GIFT-City-in-Gandhinagar&id=4d423833363236333139,2026-04-19 13:51:41,23.1587037,72.6837981,,GIFT City,B1 1003.,,,,Apartment,Semi-Furnished,10,22,,1310,Sq-ft,Less than 5 years,"Find this 2 BHK rental flat in GIFT City Gandhinagar. The apartment is available at an affordable rental price of ₹40,000. The flat is on the 10 floor and includes 2 bathrooms, 1 balcony with a covered area of 1310 sqft. This unit is designed with power back up, reserved parking, security, service/goods lift, air conditioned, visitor parking. This flat is located at B1 1003., GIFT City, Gandhinagar, Gujarat. You can find the 2 BHK flat without any brokerage.",40000,40000,5000,31,2,,Yes,No,No,"Service/Goods Lift, Air Conditioned, Visitor Parking, Laundry Service",False,False,Owner,70,Immediately,2026-03-03T09:47:37.000Z,"Mar 03, '26",True
zIcOhls9+OBzpSvf+uAgZw==,Magicbricks,https://www.magicbricks.com/property-details/2-BHK-1395-Sq-ft-Penthouse-FOR-Rent-in-Gandhinagar&id=4d423833353732393331,2026-04-19 13:51:41,,,,Vikram parmar,"Gandhinagar, Gujarat",,,,Penthouse,Furnished,3,3,,1395,Sq-ft,,"Find this 2 BHK rental flat in Neelkanthvila flate vavol Gandhinagar. This 2 BHK flat is available at the reasonable rent amount of ₹30,000. This 2 BHK flat is directly posted by the owner, so you don't need to pay any brokerage on this property.",30000,,,22,2,,No,No,No,,False,False,Owner,47,Immediately,2026-02-27T04:08:43.000Z,"Feb 27, '26",True
8whkjVpeiFhzpSvf+uAgZw==,Magicbricks,https://www.magicbricks.com/property-details/2-BHK-1395-Sq-ft-Penthouse-FOR-Rent-in-Gandhinagar&id=4d423833343234353933,2026-04-19 13:51:41,,,,Hemal,"Gandhinagar, Gujarat",,,,Penthouse,Furnished,3,3,,1395,Sq-ft,,"Grab the chance to own this affordable 2 BHK flat for rent in the neelkanthvila flate vavol area. This 2 BHK flat can be availed at the rental price of ₹30,000. There are no brokerage fees on this 2 BHK multistorey apartment.",30000,,,22,2,,No,No,No,,False,False,Owner,0,Immediately,2026-02-16T05:01:11.000Z,"Feb 16, '26",True
xqK74n/BnXNzpSvf+uAgZw==,Magicbricks,https://www.magicbricks.com/property-details/2-BHK-1325-Sq-ft-Multistorey-Apartment-FOR-Rent-GIFT-City-in-Gandhinagar&id=4d423833343333353535,2026-04-19 13:51:41,23.1587037,72.6837981,,GIFT City,"Gandhinagar, Gujarat",,,,Apartment,Furnished,14,24,North - West,1325,Sq-ft,New Construction,"You can explore this 2 BHK flat on rent in GIFT City Gandhinagar. The flat is available for rent at a competitive amount of ₹38,000. The apartment is on the 14 floor, has a carpet area of 777 sqft with 2 bathrooms and 1 balcony. This property offers reserved parking, security. Find this apartment at Sangath Smart Life, GIFT City, Gandhinagar, Gujrat . The brokerage amount of the 2 BHK apartment is zero.",38000,,,29,2,,No,No,No,,False,False,Owner,64,Immediately,2026-03-02T13:41:15.000Z,"Mar 02, '26",True
LoA/LJ3WMFpzpSvf+uAgZw==,Magicbricks,https://www.magicbricks.com/property-details/2-BHK-1377-Sq-ft-Multistorey-Apartment-FOR-Rent-Sargasan-in-Gandhinagar&id=4d423833373236353833,2026-04-19 13:51:41,23.1848805,72.615856,,Sargasan,"Gandhinagar, Gujarat",,,,Apartment,Furnished,9,14,,1377,Sq-ft,,"Check out this newly constructed 2 BHK flat on rent in the prime location of Sargasan Gandhinagar. ₹27,000 is the monthly rent of this 2 BHK flat. Visit the flat at Sargasan, Gandhinagar, Gujarat. This is a no-brokerage flat because the owner has posted the ad on this 2 BHK apartment.",27000,,,20,2,,No,No,No,,False,False,Owner,0,Immediately,2026-03-11T04:41:10.000Z,"Mar 11, '26",True
0cvoUK9a321zpSvf+uAgZw==,Magicbricks,https://www.magicbricks.com/property-details/2-BHK-200-Sq-ft-Multistorey-Apartment-FOR-Rent-Sargasan-in-Gandhinagar&id=4d423833353633333033,2026-04-19 13:51:41,23.1848805,72.615856,,Sargasan,swagat Afford,,,,Apartment,Furnished,4,5,East,200,Sq-ft,New Construction,"family Girls boys Check out this newly constructed 2 BHK flat on rent in the prime location of Sargasan Gandhinagar. Available at a rental price of ₹26,000, this 2 BHK flat is worth considering. Located on the 4 floor, the flat comprises 2 bathrooms, 2 balcony, and has a carpet area of 100 sqft. The apartment comes furnished with reserved parking, security, visitor parking. The apartment is located at Nr. info city & TCS IT park, sargasan circle, sargasan, gandhinagar.. The brokerage amount of the 2 BHK apartment is zero.",26000,,,130,2,,No,Yes,No,Visitor Parking,False,False,Owner,76,Immediately,2026-02-26T08:40:01.000Z,"Feb 26, '26",True
a8rfzIevBQ5zpSvf+uAgZw==,Magicbricks,https://www.magicbricks.com/property-details/2-BHK-1100-Sq-ft-Multistorey-Apartment-FOR-Rent-GIFT-City-in-Gandhinagar&id=4d423739313433363033,2026-04-19 13:51:41,23.1587037,72.6837981,,GIFT City,"Gandhinagar, Gujarat",,,,Apartment,Semi-Furnished,26,30,East,1100,Sq-ft,New Construction,"2 BHK apartment is available on rent in GIFT City Gandhinagar right away. You can get this flat at monthly rent of ₹35,000. Located on the 26 floor, the flat comprises 2 bathrooms, 2 balcony, and has a carpet area of 720 sqft. This property offers reserved parking, security, visitor parking. Visit the flat at Block 41, Zone - 04, Shram Marg (Road 4B, Near Indian Oil Petrol Pump, Gujarat International Finance Tec-City, Gandhinagar, Gujarat. There are no brokerage fees on this 2 BHK multistorey apartment.",35000,,,32,2,,Yes,No,No,"Visitor Parking, Outdoor Tennis Courts",False,False,Owner,64,Immediately,2026-02-07T21:32:44.000Z,"Feb 08, '26",True
ZCjZDjQw2y9zpSvf+uAgZw==,Magicbricks,https://www.magicbricks.com/property-details/2-BHK-145-Sq-yrd-Multistorey-Apartment-FOR-Rent-Sargasan-in-Gandhinagar&id=4d423833373930303935,2026-04-19 13:51:41,23.1848805,72.615856,,Sargasan,"Gandhinagar, Gujarat",,,,Apartment,Furnished,11,14,,145,Sq-yrd,,"A beautiful 2 BHK flat is available for rent in Sargasan. The flat is available for rent at a competitive amount of ₹28,000. Visit the flat at Nr. Swagat Afford & TCS IT Park, Sargasan Circle, S. G. Highway, Ahmedabad - Gandhinagar Twin City. You can find the 2 BHK flat without any brokerage.",28000,,,21,2,,No,No,No,,False,False,Owner,26,Immediately,2026-03-15T08:20:15.000Z,"Mar 15, '26",True
WAgGRLBtuuJzpSvf+uAgZw==,Magicbricks,https://www.magicbricks.com/property-details/2-BHK-825-Sq-ft-Multistorey-Apartment-FOR-Rent-GIFT-City-in-Gandhinagar&id=4d423831303632363335,2026-04-19 13:51:41,23.1587037,72.6837981,,GIFT City,16th floor,,,,Apartment,Furnished,16,21,East,825,Sq-ft,New Construction,"A beautiful 2 BHK flat is available for rent in GIFT City. The 2 BHK apartment is available at a reasonable rent of ₹32,000. The apartment is on the 16 floor, has a carpet area of 825 sqft with 2 bathrooms and 1 balcony. The property includes 1 Covered parking. This unit features power back up, reserved parking, security. The full address of the apartment is Sangath Smart Life, GIFT City, Gandhinagar, Gujrat . This is a no-brokerage flat because the owner has posted the ad on this 2 BHK apartment.",32000,,,39,2,1 Covered,No,No,No,,False,True,Owner,73,Immediately,2026-02-24T23:32:44.000Z,"Feb 25, '26",True
9JpQx6l2y9tzpSvf+uAgZw==,Magicbricks,https://www.magicbricks.com/property-details/2-BHK-1604-Sq-ft-Multistorey-Apartment-FOR-Rent-Raysan-in-Gandhinagar&id=4d423833323435373239,2026-04-19 13:51:41,23.16672,72.66059,,Raysan,H-804 vinayak courtyard raysan pdpu university road,19210|GNLU Metro Station|5 minutes,,,Apartment,Furnished,8,11,,1604,Sq-ft,New Construction,"Find this 2 BHK rental flat in Raysan Gandhinagar. You can get this flat at monthly rent of ₹35,000. The apartment is on the 8 floor, has a covered area of 1604 sqft with 2 bathrooms and 1 balcony. This property features 11 floor and offers a range of Kids play area, Kids Club facilities. Find this apartment at PDPU University Road, Opp. GNLU University, New GIFT City Road, Raysan, Gujarat. You can find the 2 BHK flat without any brokerage.",35000,70000,,22,2,,No,No,No,,False,False,Owner,38,Immediately,2026-02-04T04:54:02.000Z,"Feb 04, '26",True
r2uTrSt6/XBzpSvf+uAgZw==,Magicbricks,https://www.magicbricks.com/property-details/2-BHK-862-Sq-ft-Multistorey-Apartment-FOR-Rent-GIFT-City-in-Gandhinagar&id=4d423830323239363235,2026-04-19 13:51:41,23.1587037,72.6837981,,GIFT City,GIFT City,,,,Apartment,Furnished,2,21,East,862,Sq-ft,New Construction,"2 BHK apartment is available on rent in GIFT City Gandhinagar right away. The flat is available for rent at a competitive amount of ₹40,000. The flat is located on the 2 floor which includes 2 bathrooms, 3 balcony, and covers a covered area of 862 sqft. The apartment comes furnished with power back up, reserved parking, security, service/goods lift, air conditioned, visitor parking, intercom facility, ro water system. Visit the flat at Sangath Smart Life, GIFT City, Gandhinagar, Gujrat . This 2 BHK flat is directly posted by the owner, so you don't need to pay any brokerage on this property.",40000,40000,3500,46,2,,No,No,No,"Air Conditioned, Banquet Hall, Jogging and Strolling Track, Outdoor Tennis Courts",False,True,Owner,78,Immediately,2026-02-14T23:35:12.000Z,"Feb 15, '26",True
wWNLH+qAMi9zpSvf+uAgZw==,Magicbricks,https://www.magicbricks.com/property-details/2-BHK-900-Sq-ft-Multistorey-Apartment-FOR-Rent-Kudasan-in-Gandhinagar&id=4d423733343038393635,2026-04-19 13:51:41,23.1698784,72.6232479,,Kudasan,"Pramukh Paramount, Kudasan, Gandhinagar",,,,Apartment,Furnished,2,5,North - West,900,Sq-ft,5 to 10 years,"This flat looks like new. This flat is main road facing which fulfills the requirement of the sunlight and satisfies the wind flow. The society makes each and every festival enjoyable...All required items are within 1KM radios eg. School , hospital, Malls like Reliance, Dmart, Zudio , Pentalon , Box Cricket , Malls and restaurant..",30000,54000,2000,33,2,203 Covered,Yes,No,Yes,RO Water System,False,False,Owner,100,Select Date,2026-03-09T22:30:36.000Z,"Mar 10, '26",True
YX2iLnM271lzpSvf+uAgZw==,Magicbricks,https://www.magicbricks.com/property-details/2-BHK-1050-Sq-ft-Multistorey-Apartment-FOR-Rent-GIFT-City-in-Gandhinagar&id=4d423830363530303035,2026-04-19 13:51:41,23.1587037,72.6837981,,GIFT City,"Gandhinagar, Gujarat",,,,Apartment,Semi-Furnished,14,33,,1050,Sq-ft,,"Find this 2 BHK rental flat in GIFT City Gandhinagar. The rent of the 2 BHK flat is ₹35,000. The full address of the apartment is GIFT City, Gandhinagar, Gujarat. This 2 BHK flat is directly posted by the owner, so you don't need to pay any brokerage on this property.",35000,,,33,2,,No,No,No,,False,False,Owner,0,Immediately,2026-03-12T21:34:00.000Z,"Mar 13, '26",True
kO5iv8ZgZsxzpSvf+uAgZw==,Magicbricks,https://www.magicbricks.com/property-details/2-BHK-1095-Sq-ft-Multistorey-Apartment-FOR-Rent-GIFT-City-in-Gandhinagar&id=4d423737343730363339,2026-04-19 13:51:41,23.1587037,72.6837981,,GIFT City,"Block 41, Zone - 04, Shram Marg Road 4B, Near Indian Oil Petrol Pump, Gujarat International Finance Tec-City, Gandhinagar, Gujarat",,,,Apartment,Furnished,15,33,East,1095,Sq-ft,Less than 5 years,"Sobha Dream Heights in GIFT City, Gandhinagar, is Gujarats tallest residential project with 33 floors. Spread over 2 acres, it offers 1 and 2 BHK premium apartments with modern amenities. Designed for luxury and convenience, the project is newly built, with possession starting from March 2024.",35000,35000,2000,32,2,1 Covered,No,No,No,,False,True,Agent,100,Immediately,2026-04-17T23:45:20.000Z,Yesterday,True
fJzbFN/AZ0dzpSvf+uAgZw==,Magicbricks,https://www.magicbricks.com/property-details/2-BHK-1847-Sq-ft-Multistorey-Apartment-FOR-Rent-Kudasan-in-Gandhinagar&id=4d423832303137323233,2026-04-19 13:51:41,23.1698784,72.6232479,,Kudasan,"C-101 Kanam Residency 1, opposite Shivalaya Kudasan road, Gandhinagar",,,,Apartment,Furnished,4,8,East,1847,Sq-ft,New Construction,"2BHK Full Furnished Flat with great locality with the near shopping market where all can have to access to basic needs for everyday. Check out this newly constructed 2 BHK flat on rent in the prime location of Kudasan Gandhinagar. The rent of the 2 BHK flat is ₹26,000. Some attractive additional facilities available with the flat are 2 Wardrobe, 2 Bed, 1 TV, Fridge, Microwave, 2 AC, Sofa, Washing Machine, Dining Table and Gas Connection. The apartment is on the 4 floor, has a carpet area of 1265 sqft with 2 bathrooms and 1 balcony. 2 Covered, 1 Open parking facility are also available. This property offers power back up, reserved parking, security. The address is C-101 Kanam Residency 1, opposite Shivalaya Kudasan road, Gandhinagar.",26000,26000,200,14,2,"2 Covered, 1 Open",Yes,No,No,Jogging and Strolling Track,True,True,Agent,80,Immediately,2026-04-16T23:45:21.000Z,"Apr 17, '26",True
ujF0qEd3w5JzpSvf+uAgZw==,Magicbricks,https://www.magicbricks.com/property-details/2-BHK-145-Sq-yrd-Multistorey-Apartment-FOR-Rent-Kudasan-in-Gandhinagar&id=4d423730363834373137,2026-04-19 13:51:41,23.1698784,72.6232479,,Kudasan,"Kudasan,Gandhinagar",,,,Apartment,Furnished,4,9,East,145,Sq-yrd,5 to 10 years,"Find this 2 BHK rental flat in Kudasan Gandhinagar. Available at a rental price of ₹26,000, this 2 BHK flat is worth considering. Some premium add-on facilities bundled with the flat are 2 Wardrobe, 2 Bed, 1 TV, Fridge, 2 AC, Sofa, Washing Machine, Dining Table and Gas Connection. Located on the 4 floor, the flat comprises 2 bathrooms, 1 balcony, and has a carpet area of 100 sqyrd. There is also facility of 1 Covered parking. The building has 9 floor and offers Early Learning Centre, Kids Club amenities. This home provides power back up, reserved parking, security. You can visit the flat at Poojan residency akshat residency kudasan Gandhinagar.",26000,52000,2500,20,2,1 Covered,Yes,No,No,Jogging and Strolling Track,False,True,Agent,100,Immediately,2026-03-19T08:11:41.000Z,"Mar 19, '26",True
mG9je3fHBmZzpSvf+uAgZw==,Magicbricks,https://www.magicbricks.com/property-details/2-BHK-140-Sq-yrd-Multistorey-Apartment-FOR-Rent-Kudasan-in-Gandhinagar&id=4d423739373434323731,2026-04-19 13:51:41,23.1698784,72.6232479,,Kudasan,"Siddhidhata Aastha, Kudasan, Gandhinagar, Gujrat",,,,Apartment,Furnished,4,5,East,140,Sq-yrd,5 to 10 years,"This property is located just beside podar international school. this is very well decorated and maintained property. If you are planning to rent a flat, you can consider this 2 BHK flat situated in the prime location of Kudasan. The rent of the 2 BHK flat is ₹30,000. Live in this lovely flat and get access to various useful facilities such as 2 Wardrobe, 2 Bed, 1 TV, Fridge, Microwave, 2 AC, Sofa, Washing Machine, Dining Table and Gas Connection. Located on the 4 floor, the flat has 2 bathrooms, 2 balcony in carpet area of 100 sqyrd. The property includes 1 Covered parking. This unit features power back up, reserved parking, security. Visit the flat at Siddhidhata Aastha, Kudasan, Gandhinagar, Gujrat .",30000,60000,0,24,2,1 Covered,Yes,No,No,Jogging and Strolling Track,False,True,Agent,100,Immediately,2026-04-16T23:45:20.000Z,"Apr 17, '26",True
2XScPNea3JZzpSvf+uAgZw==,Magicbricks,https://www.magicbricks.com/property-details/2-BHK-126-Sq-yrd-Multistorey-Apartment-FOR-Rent-GIFT-City-in-Gandhinagar&id=4d423830343934343031,2026-04-19 13:51:41,23.1587037,72.6837981,,GIFT City,"GIFT City,Gandhinagar",,,,Apartment,Unfurnished,25,33,East,126,Sq-yrd,New Construction,"The project has good Construction quality. Good Layout plan. Prominent location.first time in Gujarat residential project. Most prestigious builders are now in Gujarat at gift city A beautiful 2 BHK flat is available for rent in GIFT City. ₹40,000 is the monthly rent of this 2 BHK flat. Here you can enjoy world class facilities like 2 Wardrobe, 2 Bed, 1 TV, Fridge, 2 AC, Sofa, Washing Machine, Dining Table and Gas Connection. Located on the 25 floor, the flat has 2 bathrooms, 2 balcony in carpet area of 76 sqyrd. The flat comes with power back up, reserved parking, security. Find this apartment at GIFT City,Gandhinagar, GIFT City, Gandhinagar, Gujarat.",40000,80000,0,35,2,,Yes,No,No,Jogging and Strolling Track,False,True,Agent,92,Immediately,2026-04-16T23:45:20.000Z,"Apr 17, '26",True
T+W1ku9dV35zpSvf+uAgZw==,Magicbricks,https://www.magicbricks.com/property-details/2-BHK-140-Sq-yrd-Multistorey-Apartment-FOR-Rent-Kudasan-in-Gandhinagar&id=4d423739313536353837,2026-04-19 13:51:41,23.1698784,72.6232479,,Kudasan,suyash status,,,,Apartment,Furnished,3,5,North - East,140,Sq-yrd,5 to 10 years,"this property is near by giftcity. this property is fully furnished and all new brand furniture as per requirement. this property is for family and bachlour. You can explore this 2 BHK flat on rent in Kudasan Gandhinagar. You can get this flat at monthly rent of ₹27,000. The flat is on the 3 floor and includes 2 bathrooms, 2 balcony with a carpet area of 88 sqyrd. This flat is fitted with power back up, reserved parking, security.",27000,54000,1500,21,2,,No,No,No,,False,True,Agent,90,Immediately,2026-04-17T23:45:19.000Z,Yesterday,True
gah4YMD3wepzpSvf+uAgZw==,Magicbricks,https://www.magicbricks.com/property-details/2-BHK-145-Sq-yrd-Multistorey-Apartment-FOR-Rent-Sargasan-in-Gandhinagar&id=4d423831373930393131,2026-04-19 13:51:41,23.1848805,72.615856,,Sargasan,"Sargasan,Gandhinagar",,,,Apartment,Furnished,8,14,East,145,Sq-yrd,New Construction,"wagat Queensland by Swagat Group is a readytomove residential project located in Sargasan, Gandhinagar. The project offers spacious 2 and 3 BHK apartments with an area ranging from 1152 to 1809 sq.ft. It consists of 11 towers and a total of 556 units, providing ample options for home seekers. The apartments",30000,60000,2500,23,2,"1 Covered, 1 Open",Yes,Yes,No,Jogging and Strolling Track,False,True,Agent,100,Immediately,2026-04-18T23:45:34.000Z,Today,True
ns07RNWwcW5zpSvf+uAgZw==,Magicbricks,https://www.magicbricks.com/property-details/2-BHK-1136-Sq-ft-Multistorey-Apartment-FOR-Rent-GIFT-City-in-Gandhinagar&id=4d423832393938373337,2026-04-19 13:51:41,23.1587037,72.6837981,,GIFT City,"GIFT City,Gandhinagar",,,,Apartment,Semi-Furnished,15,33,East,1136,Sq-ft,New Construction,"Welcome to Smart Living, that helps you live smarter, healthier balanced life. The Dream Series of residences is a bold new design statement from SOBHA. Sobha Dream Heights homes come with meticulous design, layouts maximised for space utilization, superior amenities, an unmatched location, complemented by the impeccable SOBHA Quality. These homes have been crafted with attention to detail",32000,64000,0,28,2,1 Covered,Yes,No,No,Jogging and Strolling Track,False,True,Agent,100,Immediately,2026-04-18T23:45:33.000Z,Today,True
DfWjO1auytlzpSvf+uAgZw==,Magicbricks,https://www.magicbricks.com/property-details/2-BHK-1095-Sq-ft-Multistorey-Apartment-FOR-Rent-GIFT-City-in-Gandhinagar&id=4d423833393830353637,2026-04-19 13:51:41,23.1587037,72.6837981,,GIFT City,"Shobha Dream heights, Gift City, Gandhinagar",,,,Apartment,Furnished,18,33,West,1095,Sq-ft,Less than 5 years,"You can avail the 2 BHK flat for rent in the well-known location of GIFT City. The rent of the 2 BHK flat is ₹40,000. The apartment is on the 18 floor, has a carpet area of 629 sqft with 2 bathrooms and 2 balcony. The property includes 1 Covered parking. This flat is fitted with power back up, reserved parking, security. Find this apartment at Block 41, Zone - 04, Shram Marg (Road 4B, Near Indian Oil Petrol Pump, Gujarat International Finance Tec-City, Gandhinagar, Gujarat.",40000,80000,0,37,2,1 Covered,Yes,No,No,Jogging and Strolling Track,True,True,Agent,100,Immediately,2026-04-17T23:45:21.000Z,Yesterday,True
NDm8DI6IsadzpSvf+uAgZw==,Magicbricks,https://www.magicbricks.com/property-details/2-BHK-135-Sq-yrd-Multistorey-Apartment-FOR-Rent-Sargasan-in-Gandhinagar&id=4d423833353034353233,2026-04-19 13:51:41,23.1848805,72.615856,,Sargasan,"Sargasan,Gandhinagar",,,,Apartment,Furnished,10,14,East,135,Sq-yrd,Less than 5 years,"this flate is full furnished flate and best for family living nature If you are searching a 2 BHK apartment for rent in Sargasan, check out this amazing rental flat. The apartment is available at an affordable rental price of ₹27,000. Some premium add-on facilities bundled with the flat are 2 Wardrobe, 1 Bed, 1 AC, Sofa, Washing Machine and Gas Connection. The flat is located on the 10 floor which includes 2 bathrooms, 1 balcony, and covers a carpet area of 81 sqyrd. The property includes 1 Covered, 1 Open parking. The building has 14 floor and offers Kids Play Pool With Water Slides amenities. The residence includes power back up, reserved parking, security. Find this apartment at SG Highway, Ahmedabad..",27000,54000,1500,22,2,"1 Covered, 1 Open",Yes,No,No,Jogging and Strolling Track,True,True,Agent,80,Immediately,2026-04-18T23:45:34.000Z,Today,True
vvQqtlE0/zJzpSvf+uAgZw==,Magicbricks,https://www.magicbricks.com/property-details/2-BHK-118-Sq-yrd-Multistorey-Apartment-FOR-Rent-Sargasan-in-Gandhinagar&id=4d423833373139333531,2026-04-19 13:51:41,23.1848805,72.615856,,Sargasan,"Gandhinagar, Gujarat",,,,Apartment,Furnished,2,5,North - East,118,Sq-yrd,5 to 10 years,"Find 2 BHK flat for rent in Sargasan Gandhinagar. This 2 BHK flat can be availed at the rental price of ₹27,000. The apartment is on the 2 floor, has a carpet area of 90 sqyrd with 2 bathrooms and 1 balcony. The residence includes power back up, reserved parking, security, air conditioned. The apartment is located at Nr. info city & TCS IT park, sargasan circle, sargasan, gandhinagar..",27000,54000,,25,2,,Yes,No,No,Air Conditioned,False,True,Agent,73,Immediately,2026-04-17T23:45:21.000Z,Yesterday,True
q92IJFGBgglzpSvf+uAgZw==,Magicbricks,https://www.magicbricks.com/property-details/2-BHK-825-Sq-ft-Multistorey-Apartment-FOR-Rent-GIFT-City-in-Gandhinagar&id=4d423834303237343031,2026-04-19 13:51:41,23.1587037,72.6837981,,GIFT City,"Gandhinagar, Gujarat",,,,Apartment,Furnished,1,24,,825,Sq-ft,New Construction,"A beautiful 2 BHK flat is available for rent in GIFT City. ₹38,000 is the monthly rent of this 2 BHK flat. The apartment is on the 1 floor, has a covered area of 825 sqft with 2 bathrooms and 1 balcony. Visit the flat at GIFT City, Gandhinagar.",38000,38000,0,46,2,,No,No,No,,True,True,Agent,58,Immediately,2026-04-18T23:45:34.000Z,Today,True
tQTms3vALw1zpSvf+uAgZw==,Magicbricks,https://www.magicbricks.com/property-details/3-BHK-245-Sq-yrd-Multistorey-Apartment-FOR-Rent-Raysan-in-Gandhinagar&id=4d423830303733373135,2026-04-19 13:51:41,23.16672,72.66059,,Raysan,"Raysan, Ahmedabad, Gujarat",19210|GNLU Metro Station|5 minutes,,,Apartment,Furnished,3,14,East,245,Sq-yrd,Less than 5 years,"3 BHK flat is available for rent in Raysan immediately. This 3 BHK flat is available at the reasonable rent amount of ₹50,000. Get access to smart facilities such as 3 Wardrobe, 3 Bed, 1 TV, Fridge, 3 AC, Sofa, Washing Machine, Dining Table and Gas Connection simply by choosing this flat for rent. The flat is on the 3 floor and includes 3 bathrooms, 1 balcony with a carpet area of 200 sqyrd. You will also find 1 Covered, 1 Open parking facility. This home provides power back up, reserved parking, security. You can visit the flat at Raysan, Ahmedabad, Gujarat, Raysan, Gandhinagar, Gujarat.",50000,100000,3000,23,3,"1 Covered, 1 Open",No,No,No,,False,True,Agent,100,Immediately,2026-04-16T23:45:20.000Z,"Apr 17, '26",True
aIs+cWDqaXBzpSvf+uAgZw==,Magicbricks,https://www.magicbricks.com/property-details/3-BHK-1366-Sq-ft-Multistorey-Apartment-FOR-Rent-Sargasan-in-Gandhinagar&id=4d423732313730313035,2026-04-19 13:51:41,23.1848805,72.615856,,Sargasan,sangath ipl terraces,,,,Apartment,Furnished,4,5,East,1366,Sq-ft,5 to 10 years,"Sangath Terraces has been designed with a concept of thorough understanding of how its residents will make use of the apartments and live individual lifestyles. Based on this foundation, the project has been painstakingly planned and deftly defined to provide a sublime living experience.",50000,100000,0,37,3,1 Covered,Yes,No,No,"Service/Goods Lift, Air Conditioned, Banquet Hall, Bar/Lounge",False,True,Agent,100,Immediately,2026-04-17T23:45:19.000Z,Yesterday,True
V7c2LtRmrgJzpSvf+uAgZw==,Magicbricks,https://www.magicbricks.com/property-details/3-BHK-2115-Sq-ft-Multistorey-Apartment-FOR-Rent-Sargasan-in-Gandhinagar&id=4d423739343136363039,2026-04-19 13:51:41,23.1848805,72.615856,,Sargasan,"Gandhinagar, Gujarat",,,,Apartment,Furnished,4,13,,2115,Sq-ft,New Construction,"3 BHK flat is available for rent in Sargasan immediately. The apartment is available at an affordable rental price of ₹45,000. The flat is located on the 4 floor which includes 3 bathrooms, 2 balcony, and covers a covered area of 2115 sqft. This residential building features 13 floor and ensures Kids Play Pool With Water Slides comfort. This home provides power back up, reserved parking, security, air conditioned. The apartment is located at Swagat Agacia,Opp. Swagat Flamingo, Nr. TCS IT Park & Sargasan,Cross Roads,Sargasan,Gandhinagar.",45000,90000,0,21,3,,No,No,No,"Air Conditioned, Internet/Wi-Fi Connectivity, Banquet Hall, Jogging and Strolling Track",True,True,Agent,50,Immediately,2026-04-16T23:45:22.000Z,"Apr 17, '26",True
jqOpx5Gx2v1zpSvf+uAgZw==,Magicbricks,https://www.magicbricks.com/property-details/3-BHK-2448-Sq-ft-Multistorey-Apartment-FOR-Rent-Kudasan-in-Gandhinagar&id=4d423736343931393331,2026-04-19 13:51:41,23.1698784,72.6232479,,Kudasan,"Kudasan,Gandhinagar",,,,Apartment,Furnished,2,8,East,2448,Sq-ft,New Construction,"If you are searching a 3 BHK apartment for rent in Kudasan, check out this amazing rental flat. You can get this flat at monthly rent of ₹50,000. Live in this lovely flat and get access to various useful facilities such as 3 Wardrobe, 3 Bed, 1 TV, Fridge, Microwave, 3 AC, Sofa, Washing Machine, Dining Table and Gas Connection. The flat is located on the 2 floor which includes 3 bathrooms, 2 balcony, and covers a carpet area of 1591 sqft. The property includes 2 Covered, 1 Open parking. This residential building features 8 floor and ensures Kids play area comfort. This unit features power back up, reserved parking, security. The full address of the apartment is Kudasan, Gandhinagar, Gujarat.",50000,100000,2000,20,3,"2 Covered, 1 Open",No,No,No,,False,True,Agent,100,Immediately,2026-04-18T23:45:34.000Z,Today,True
MWf3oCfU/fVzpSvf+uAgZw==,Magicbricks,https://www.magicbricks.com/property-details/3-BHK-2637-Sq-ft-Multistorey-Apartment-FOR-Rent-Kudasan-in-Gandhinagar&id=4d423834303831393337,2026-04-19 13:51:41,23.1698784,72.6232479,,Kudasan,"Gandhinagar, Gujarat",,,,Apartment,Furnished,3,7,North - East,2637,Sq-ft,5 to 10 years,"A beautiful 3 BHK flat is available for rent in Kudasan. The 3 BHK apartment is available at a reasonable rent of ₹50,000. The apartment is on the 3 floor, has a covered area of 2637 sqft with 3 bathrooms and 3 balcony. The property features power back up, security. Visit the flat at Opp Kanam Residency, Urjanagar 1, Kudasan, Gandhinagar, Gujarat.",50000,100000,,19,3,,Yes,No,No,"Jogging and Strolling Track, Outdoor Tennis Courts",True,True,Agent,66,Immediately,2026-04-16T23:45:22.000Z,"Apr 17, '26",True
j1rhu332DRRzpSvf+uAgZw==,Magicbricks,https://www.magicbricks.com/property-details/3-BHK-260-Sq-yrd-Multistorey-Apartment-FOR-Rent-Randesan-in-Gandhinagar&id=4d423637343735373237,2026-04-19 13:51:41,23.17588,72.65443,,Randesan,"Randesan,Gandhinagar",,,,Apartment,Furnished,4,8,East,260,Sq-yrd,New Construction,"3bhk fully furnished flat in Antriksh, Randesan Check out this newly constructed 3 BHK flat on rent in the prime location of Randesan Gandhinagar. The Rent amount of this 3 BHK apartment is set at an attractive price of ₹45,000. If you rent the flat, you will have access to facilities like 3 Wardrobe, 3 Bed, 1 TV, Fridge, 2 AC, Sofa, Washing Machine, Dining Table and Gas Connection. Located on the 4 floor, the flat has 3 bathrooms, 1 balcony in carpet area of 170 sqyrd. There is also facility of 1 Covered, 1 Open parking. The apartment is equipped with power back up, reserved parking, security.",45000,90000,0,19,3,"1 Covered, 1 Open",No,No,No,,True,True,Agent,80,Immediately,2026-04-18T23:45:34.000Z,Today,True
74CYiem6EDxzpSvf+uAgZw==,Magicbricks,https://www.magicbricks.com/property-details/3-BHK-236-Sq-yrd-Multistorey-Apartment-FOR-Rent-Kudasan-in-Gandhinagar&id=4d423834303733363433,2026-04-19 13:51:41,23.1698784,72.6232479,,Kudasan,"Kudasan,Gandhinagar",,,,Apartment,Furnished,5,7,East,236,Sq-yrd,Less than 5 years,"This project offers wellplanned homes in a prime location with easy access to schools, markets, and daily essentials. Designed for comfort and convenience, it features spacious layouts, good ventilation, and a peaceful environmentideal for families looking for a practical and connected lifestyle.",45000,90000,2000,21,3,1 Covered,No,No,No,,False,True,Agent,100,Immediately,2026-04-04T10:13:48.000Z,"Apr 04, '26",True
xGXGAXOQSw1zpSvf+uAgZw==,Magicbricks,https://www.magicbricks.com/property-details/3-BHK-2250-Sq-ft-Multistorey-Apartment-FOR-Rent-Raysan-in-Gandhinagar&id=4d423737363230363835,2026-04-19 13:51:41,23.16672,72.66059,,Raysan,Near by Rayasan petrol pump,19210|GNLU Metro Station|5 minutes,,,Apartment,Furnished,6,11,East,2250,Sq-ft,New Construction,"Near Radesan Metro Station 3 BHK 165 Sqyd Specious 3 BHK Road Facing Unit A beautiful 3 BHK flat is available for rent in Raysan. You can get this flat at monthly rent of ₹55,000. Located on the 6 floor, the flat has 3 bathrooms, 2 balcony in carpet area of 1845 sqft. There is also facility of 1 Covered parking. The apartment comes furnished with power back up, security, service/goods lift, air conditioned. The address is Raysan, Ahmedabad, Gujarat.",55000,110000,2000,24,3,1 Covered,No,No,No,"Air Conditioned, Laundry Service, Internet/Wi-Fi Connectivity, Banquet Hall",True,True,Agent,75,Immediately,2026-03-18T05:28:56.000Z,"Mar 18, '26",True
RJK6EVQtkXdzpSvf+uAgZw==,Magicbricks,https://www.magicbricks.com/property-details/3-BHK-2065-Sq-ft-Multistorey-Apartment-FOR-Rent-Kudasan-in-Gandhinagar&id=4d423633353733363237,2026-04-19 13:51:41,23.1698784,72.6232479,,Kudasan,702.,,,,Apartment,Furnished,7,7,North - East,2065,Sq-ft,Less than 5 years,"this property is near by Tcs and nift uid good location in this flat full furnish laxurish flat on rent in near by Tcs all aminitys is this skim gym good location in this pint house If you are searching a 3 BHK apartment for rent in Kudasan, check out this amazing rental flat. Available at a rental price of ₹45,000, this 3 BHK flat is worth considering. The apartment is on the 7 floor, has a carpet area of 1765 sqft with 3 bathrooms and 2 balcony. This unit is designed with power back up, reserved parking, security, air conditioned, intercom facility, ro water system. The full address of the apartment is 702., Kudasan, Gandhinagar, Gujarat.",45000,80000,0,22,3,,No,No,No,"Air Conditioned, Banquet Hall, Bar/Lounge, Jogging and Strolling Track",False,True,Agent,78,Immediately,2026-03-16T11:17:45.000Z,"Mar 16, '26",True
XVbs4cIrR7NzpSvf+uAgZw==,Magicbricks,https://www.magicbricks.com/property-details/3-BHK-2259-Sq-ft-Multistorey-Apartment-FOR-Rent-Randesan-in-Gandhinagar&id=4d423833393935323939,2026-04-19 13:51:41,23.17588,72.65443,,Randesan,randesan,,382007,,Apartment,Furnished,6,13,North,2259,Sq-ft,New Construction,"good condition Find 3 BHK flat for rent in Randesan Gandhinagar. ₹50,000 is the monthly rent of this 3 BHK flat. The flat is on the 6 floor and includes 3 bathrooms, 1 balcony with a covered area of 2259 sqft. The property encompasses 13 floor and provides Kids play area, Guest Accommodation amenities. This home provides power back up, reserved parking, security, service/goods lift. Visit the flat at PRAMUKH OMKAR RIVANTA,DHOLESHWAR MAHDEV RANDESAN GANDHINAGAR 382007.",50000,100000,0,22,3,,Yes,No,No,"Service/Goods Lift, Banquet Hall, Jogging and Strolling Track, Outdoor Tennis Courts",False,True,Agent,80,Immediately,2026-04-16T23:45:21.000Z,"Apr 17, '26",True
76ZOS83bcOhzpSvf+uAgZw==,Magicbricks,https://www.magicbricks.com/property-details/3-BHK-248-Sq-yrd-Multistorey-Apartment-FOR-Rent-Randesan-in-Gandhinagar&id=4d423833343834393335,2026-04-19 13:51:41,23.17588,72.65443,,Randesan,Randesan Metro station,,,,Apartment,Furnished,5,14,East,248,Sq-yrd,New Construction,"3BHK club class living A beautiful 3 BHK flat is available for rent in Randesan. The 3 BHK apartment is available at a reasonable rent of ₹55,000. The apartment is on the 5 floor, has a carpet area of 145 sqyrd with 3 bathrooms and 1 balcony. There is also facility of 1 Covered parking. The building includes 14 floor and supports Kids play area living. The apartment is equipped with power back up, reserved parking, security, service/goods lift, air conditioned, intercom facility. Visit the apartment at Siddhraj Zoey, Besides Maruti magnum, Nr.Axis Bank, Randesan, Gandhinagar.",55000,110000,0,25,3,1 Covered,Yes,No,No,"Service/Goods Lift, Air Conditioned, Banquet Hall, Jogging and Strolling Track",False,True,Agent,100,Immediately,2026-04-17T23:45:21.000Z,Yesterday,True
wLJu9asV2kpzpSvf+uAgZw==,Magicbricks,https://www.magicbricks.com/property-details/3-BHK-2145-Sq-ft-Multistorey-Apartment-FOR-Rent-Raysan-in-Gandhinagar&id=4d423832303538383639,2026-04-19 13:51:41,23.16672,72.66059,,Raysan,"Raysan,Gandhinagar",19210|GNLU Metro Station|5 minutes,,,Apartment,Furnished,8,13,East,2145,Sq-ft,2011,"Imperial Sky offers a luxurious lifestyle with contemporary architecture and premium amenities. Designed for modern comfort, it features spacious apartments, stylish interiors, and beautiful surroundings. Located in a prime area, it ensures excellent connectivity, security, and convenience, making it a perfect destination for elegant and elevated urban living.",42000,90000,0,20,3,2 Covered,No,No,No,,False,True,Agent,98,Immediately,2026-04-17T23:45:20.000Z,Yesterday,True
chzTdwnKoDJzpSvf+uAgZw==,Magicbricks,https://www.magicbricks.com/property-details/3-BHK-293-Sq-yrd-Multistorey-Apartment-FOR-Rent-Kudasan-in-Gandhinagar&id=4d423738303337373831,2026-04-19 13:51:41,23.1698784,72.6232479,,Kudasan,"Opp Kanam Residency, Urjanagar 1, Kudasan, Gandhinagar, Gujarat",,,,Apartment,Furnished,5,12,East,293,Sq-yrd,Less than 5 years,"3 BHK flat is available for rent in Kudasan immediately. This 3 BHK flat is available at the reasonable rent amount of ₹55,000. Some premium add-on facilities bundled with the flat are 3 Wardrobe, 3 Bed, Fridge, 3 AC, Sofa, Washing Machine, Dining Table and Gas Connection. Located on the 5 floor, the flat comprises 3 bathrooms, 1 balcony, and has a carpet area of 176 sqyrd. There is also facility of 1 Covered parking. This unit is designed with power back up, reserved parking, security. The flat can be visited at Opp Kanam Residency, Urjanagar 1, Kudasan, Gandhinagar, Gujarat.",55000,110000,3500,21,3,1 Covered,Yes,No,No,Jogging and Strolling Track,False,True,Agent,100,Immediately,2026-03-06T13:37:29.000Z,"Mar 06, '26",True
6kw4NDbiZExzpSvf+uAgZw==,Magicbricks,https://www.magicbricks.com/property-details/3-BHK-1404-Sq-ft-Multistorey-Apartment-FOR-Rent-Kudasan-in-Gandhinagar&id=4d423732323436343039,2026-04-19 13:51:41,23.1698784,72.6232479,,Kudasan,"petrol pump, Nr. Sarthak shreeji, opp raysan, Kudasan, Gandhinagar, Gujarat",,,,Apartment,Furnished,4,12,East,1404,Sq-ft,New Construction,"This property is located at Kudasan Prime location. 1.5 kms from podar international school. 5kms from international airport. 3 side open property with limited units availability. A beautiful 3 BHK flat is available for rent in Kudasan. The Rent amount of this 3 BHK apartment is set at an attractive price of ₹45,000. Some attractive additional facilities available with the flat are 3 Wardrobe, 3 Bed, 1 TV, Fridge, 4 AC, Sofa, Dining Table and Gas Connection. Located on the 4 floor, the flat has 3 bathrooms, 1 balcony in carpet area of 156 sqft. 1 Covered parking facility are also available. The property features power back up, reserved parking, security. Visit the apartment at petrol pump, Nr. Sarthak shreeji, opp raysan, Kudasan, Gandhinagar, Gujarat.",45000,90000,0,32,3,1 Covered,No,No,No,,False,True,Agent,100,Immediately,2026-04-17T23:45:19.000Z,Yesterday,True
XPEze9OBdwRzpSvf+uAgZw==,Magicbricks,https://www.magicbricks.com/property-details/3-BHK-236-Sq-ft-Multistorey-Apartment-FOR-Rent-Kudasan-in-Gandhinagar&id=4d423739343136383631,2026-04-19 13:51:41,23.1698784,72.6232479,,Kudasan,"Gandhinagar, Gujarat",,,,Apartment,Furnished,6,7,,236,Sq-ft,New Construction,"If you are searching a 3 BHK apartment for rent in Kudasan, check out this amazing rental flat. You can get this flat at monthly rent of ₹46,000. Located on the 6 floor, the flat comprises 3 bathrooms, 1 balcony, and has a covered area of 236 sqft. The apartment comes furnished with power back up, reserved parking, security. The apartment is located at Kudasan, Gandhinagar, Gujarat .",46000,92000,0,195,3,,No,No,No,,True,True,Agent,43,Immediately,2026-04-16T23:45:22.000Z,"Apr 17, '26",True
sRO9e0JpvqxzpSvf+uAgZw==,Magicbricks,https://www.magicbricks.com/property-details/3-BHK-1855-Sq-ft-Multistorey-Apartment-FOR-Rent-Kudasan-in-Gandhinagar&id=4d423834303233303239,2026-04-19 13:51:41,23.1698784,72.6232479,,Kudasan,"Kudasan,Gandhinagar",,,,Apartment,Furnished,8,13,East,1855,Sq-ft,Less than 5 years,"Atishay Shivalay II is one of the emerging projects of the Shreeji Infrastructure Gandhinagar in the Urjanagar region in the city of Gandhinagar. 3 BHK flat is available for rent in Kudasan immediately. This 3 BHK flat can be availed at the rental price of ₹55,000. Some premium add-on facilities bundled with the flat are 3 Wardrobe, 3 Bed, 1 TV, Fridge, Microwave, 4 AC, Sofa, Washing Machine, Dining Table and Gas Connection. Located on the 8 floor, the flat comprises 3 bathrooms, 1 balcony, and has a carpet area of 1502 sqft. You will also find 2 Covered, 1 Open parking facility. This flat is fitted with power back up, reserved parking, security.",55000,110000,2500,30,3,"2 Covered, 1 Open",Yes,Yes,No,Jogging and Strolling Track,False,True,Agent,100,Immediately,2026-04-18T23:45:34.000Z,Today,True
Jrrl1Q5gs0lzpSvf+uAgZw==,Magicbricks,https://www.magicbricks.com/property-details/3-BHK-215-Sq-yrd-Multistorey-Apartment-FOR-Rent-Gandhinagar-in-Gandhinagar&id=4d423834323136303033,2026-04-19 13:51:41,23.0395677,72.5660045,,Gandhinagar,"Sargasan,Gandhinagar",,,,Apartment,Furnished,5,9,North - East,215,Sq-yrd,Less than 5 years,"flat on rent kindly contact us for more information. If you are planning to rent a flat, you can consider this 3 BHK flat situated in the prime location of Gandhinagar. The flat is available for rent at a competitive amount of ₹42,000. The residents of the flat have access to additional facilities such as 3 Wardrobe, 3 Bed, 1 TV, Fridge, 3 AC, Sofa, Washing Machine, Dining Table and Gas Connection. Located on the 5 floor, the flat comprises 3 bathrooms, 3 balcony, and has a carpet area of 170 sqyrd. You will also find 1 Covered, 1 Open parking facility. This unit is designed with power back up, reserved parking, security. Visit the apartment at Behind Parijat bungalow, Beside pramukh aura, Sarghasan cross road, Gandhinagar.",42000,84000,,22,3,"1 Covered, 1 Open",Yes,No,No,Jogging and Strolling Track,False,True,Agent,85,Immediately,2026-04-13T07:43:39.000Z,"Apr 13, '26",True
dVe7thkWMDhzpSvf+uAgZw==,Magicbricks,https://www.magicbricks.com/property-details/3-BHK-2178-Sq-ft-Multistorey-Apartment-FOR-Rent-Sargasan-in-Gandhinagar&id=4d423834313131343331,2026-04-19 13:51:41,23.1848805,72.615856,,Sargasan,Sargasan,,,,Apartment,Furnished,5,12,East,2178,Sq-ft,New Construction,"This Property Is Located At Sargasan Near SG Highway And DMart near School Collage And Malls Find 3 BHK flat for rent in Sargasan Gandhinagar. Available at a rental price of ₹52,000, this 3 BHK flat is worth considering. The flat is on the 5 floor and includes 3 bathrooms, 1 balcony with a carpet area of 1368 sqft. This flat is fitted with power back up, reserved parking, security, service/goods lift, air conditioned, intercom facility, ro water system. You can visit the flat at Sargasan, Sargasan, Gandhinagar, Gujarat.",52000,104000,2000,24,3,,No,No,No,"Air Conditioned, Banquet Hall, Bar/Lounge, Jogging and Strolling Track",True,True,Agent,78,Select Date,2026-04-07T08:09:18.000Z,"Apr 07, '26",True
IlF9wgjMNxJzpSvf+uAgZw==,Magicbricks,https://www.magicbricks.com/property-details/3-BHK-2565-Sq-ft-Multistorey-Apartment-FOR-Rent-Sargasan-in-Gandhinagar&id=4d423538343737343439,2026-04-19 13:51:41,23.1848805,72.615856,,Sargasan,ridiyant skim sargsan,,,,Apartment,Unfurnished,2,5,North - East,2565,Sq-ft,New Construction,"this flat is near by Tcs and nift uid good location in this flat full furnish laxurish flat all are furnish new brand skim all new construction in this skim near all are 3 BHK apartment is available on rent in Sargasan Gandhinagar right away. Available at a rental price of ₹50,000, this 3 BHK flat is worth considering. The apartment is on the 2 floor, has a carpet area of 2165 sqft with 3 bathrooms and 1 balcony. This residential building features 5 floor and ensures Kids play area, Kids Splash Pool comfort. This flat is fitted with power back up, reserved parking, security, service/goods lift, air conditioned, intercom facility, ro water system. Visit the flat at R.S BLOCK NO 13, Gandhinagar, Gujarat.",50000,70000,0,19,3,,No,No,No,"Air Conditioned, Laundry Service, Banquet Hall, Jogging and Strolling Track",False,True,Agent,85,Immediately,2026-03-07T04:52:14.000Z,"Mar 07, '26",True
OTQ97HDYnFVzpSvf+uAgZw==,Magicbricks,https://www.magicbricks.com/property-details/3-BHK-268-Sq-yrd-Multistorey-Apartment-FOR-Rent-Sargasan-in-Gandhinagar&id=4d423632333538393739,2026-04-19 13:51:41,23.1848805,72.615856,,Sargasan,"Sargasan,Gandhinagar",,,,Apartment,Furnished,3,7,East,268,Sq-yrd,New Construction,East facing flat with good location and good for living.Society have a own garden and this garden well maintain by society members.Society location is also a best location and good condition flat.society have also a children play area for a small children.Landmarks and neighbourhoodThis property close to a main road and good colleges also a good view.,50000,100000,4000,21,3,1 Covered,Yes,No,No,Jogging and Strolling Track,False,True,Agent,100,Immediately,2026-04-17T23:45:19.000Z,Yesterday,True
49pMjgs6j8VzpSvf+uAgZw==,Magicbricks,https://www.magicbricks.com/property-details/3-BHK-225-Sq-yrd-Multistorey-Apartment-FOR-Rent-Raysan-in-Gandhinagar&id=4d423633313237323639,2026-04-19 13:51:41,23.16672,72.66059,,Raysan,"Raysan, Gandhinagar",19210|GNLU Metro Station|5 minutes,,,Apartment,Furnished,4,7,East,225,Sq-yrd,Less than 5 years,"You can avail the 3 BHK flat for rent in the well-known location of Raysan. ₹46,000 is the monthly rent of this 3 BHK flat. If you rent the flat, you will have access to facilities like 3 Wardrobe, 3 Bed, 1 TV, Fridge, 3 AC, Sofa, Washing Machine, Dining Table and Gas Connection. Located on the 4 floor, the flat has 3 bathrooms, 3 balcony in carpet area of 185 sqyrd. You will also find 1 Covered, 1 Open parking facility. The apartment comes furnished with reserved parking, security. The address is Raysan, Gandhinagar.",46000,92000,0,23,3,"1 Covered, 1 Open",No,No,No,,False,True,Agent,100,Immediately,2026-04-16T23:45:20.000Z,"Apr 17, '26",True
0jp/VEsvBkFzpSvf+uAgZw==,Magicbricks,https://www.magicbricks.com/property-details/3-BHK-2502-Sq-ft-Multistorey-Apartment-FOR-Rent-Sargasan-in-Gandhinagar&id=4d423834323134353537,2026-04-19 13:51:41,23.1848805,72.615856,,Sargasan,"Sargasan,Gandhinagar",,,,Apartment,Furnished,5,12,East,2502,Sq-ft,New Construction,"Property for rent in Sargasan, Gandhinagar. This project, that is, Swara Sargam is a well designed project by Swara Developer. It is offering Under Construction units. If you are looking at Apartment, you should check out Swara Sargam.",47000,100000,2500,19,3,"1 Covered, 1 Open",Yes,Yes,No,Jogging and Strolling Track,False,True,Agent,100,Immediately,2026-04-18T23:45:34.000Z,Today,True
CfjwsvHw4WZzpSvf+uAgZw==,Magicbricks,https://www.magicbricks.com/property-details/3-BHK-236-Sq-ft-Multistorey-Apartment-FOR-Rent-Kudasan-in-Gandhinagar&id=4d423833393436303837,2026-04-19 13:51:41,23.1698784,72.6232479,,Kudasan,"Gandhinagar, Gujarat",,,,Apartment,Furnished,4,7,North - East,236,Sq-ft,Less than 5 years,"3 BHK flat is available for rent in Kudasan immediately. This 3 BHK flat can be availed at the rental price of ₹50,000. The flat is located on the 4 floor which includes 3 bathrooms, 1 balcony, and covers a covered area of 236 sqft. This unit is designed with power back up, reserved parking, security. The apartment is located at Kudasan, Gandhinagar, Gujarat .",50000,100000,,212,3,,No,No,No,,False,True,Agent,73,Immediately,2026-03-26T06:34:10.000Z,"Mar 26, '26",True
KaJ86WpMjCpzpSvf+uAgZw==,Magicbricks,https://www.magicbricks.com/property-details/3-BHK-2448-Sq-ft-Multistorey-Apartment-FOR-Rent-Kudasan-in-Gandhinagar&id=4d423833343339303533,2026-04-19 13:51:41,23.1698784,72.6232479,,Kudasan,"Gandhinagar, Gujarat",,,,Apartment,Furnished,1,8,East,2448,Sq-ft,New Construction,"You can explore this 3 BHK flat on rent in Kudasan Gandhinagar. The 3 BHK apartment is available at a reasonable rent of ₹55,000. Located on the 1 floor, the flat has 3 bathrooms, 2 balcony in covered area of 2448 sqft. The building comprises 8 floor and includes Kids play area features. The flat comes with power back up, reserved parking, security, ro water system. Visit the flat at Kudasan, Gandhinagar, Gujarat.",55000,110000,0,22,3,,Yes,No,No,RO Water System,True,True,Agent,53,Immediately,2026-02-17T06:26:43.000Z,"Feb 17, '26",True
WszHiy+GJbVzpSvf+uAgZw==,Magicbricks,https://www.magicbricks.com/property-details/3-BHK-2065-Sq-ft-Multistorey-Apartment-FOR-Rent-Sargasan-in-Gandhinagar&id=4d423538333231393733,2026-04-19 13:51:41,23.1848805,72.615856,,Sargasan,Sukan Vilas,,,,Apartment,Furnished,2,5,North - East,2065,Sq-ft,Less than 5 years,"this property is near by Tcs and nift and uid good location in this flat full furnish laxurish flat on rent new brand furniture in this flat all are new You can explore this 3 BHK flat on rent in Sargasan Gandhinagar. The flat is available for rent at a competitive amount of ₹45,000. The flat is located on the 2 floor which includes 3 bathrooms, 2 balcony, and covers a carpet area of 1765 sqft. This unit features power back up, reserved parking, security, service/goods lift, air conditioned, intercom facility, ro water system. Find this apartment at Sukan Vilas, Sargasan, Gandhinagar, Gujarat.",45000,54000,1000,22,3,,No,No,No,"Air Conditioned, Laundry Service, Banquet Hall, Bar/Lounge",False,True,Agent,83,Immediately,2026-02-23T06:50:06.000Z,"Feb 23, '26",True
5MX4FQAf+qZzpSvf+uAgZw==,Magicbricks,https://www.magicbricks.com/property-details/3-BHK-245-Sq-yrd-Multistorey-Apartment-FOR-Rent-Sargasan-in-Gandhinagar&id=4d423834303039373237,2026-04-19 13:51:41,23.1848805,72.615856,,Sargasan,"Sargasan,Gandhinagar",,,,Apartment,Furnished,1,9,East,245,Sq-yrd,Less than 5 years,"Sargaasan is a quaint locality in the neighborhood of SG Highway in Gandhinagar, Gujarat. Positioned alluringly close to the famous Sarkhej Gandhinagar SG Highway, the place enjoys excellent connectivity with",46000,92000,1500,21,3,"1 Covered, 1 Open",No,No,No,,False,True,Agent,100,Immediately,2026-04-17T23:45:21.000Z,Yesterday,True
b25ZIAK/9DhzpSvf+uAgZw==,Magicbricks,https://www.magicbricks.com/property-details/3-BHK-2115-Sq-ft-Multistorey-Apartment-FOR-Rent-Sargasan-in-Gandhinagar&id=4d423834303634303533,2026-04-19 13:51:41,23.1848805,72.615856,,Sargasan,"Swagat Agacia,Opp. Swagat Flamingo, Nr. TCS IT Park  Sargasan,Cross Roads,Sargasan,Gandhinagar",,,,Apartment,Furnished,5,13,East,2115,Sq-ft,Less than 5 years,"Swagat Group is Gujarats one of the most premier and prestigious award winning real estate developer. With its humble roots for more than 50 years, Swagat Group has emerged today a real estate developer company that builds projects that surpasses the standards of excellence.",50000,100000,2500,24,3,"1 Covered, 1 Open",Yes,No,No,Jogging and Strolling Track,False,True,Agent,100,Immediately,2026-04-17T23:45:21.000Z,Yesterday,True
ek4o3sXRT9xzpSvf+uAgZw==,Magicbricks,https://www.magicbricks.com/property-details/3-BHK-1925-Sq-ft-Multistorey-Apartment-FOR-Rent-Sargasan-in-Gandhinagar&id=4d423834313235363339,2026-04-19 13:51:41,23.1848805,72.615856,,Sargasan,"Sargasan,Gandhinagar",,382421,,Apartment,Unfurnished,2,14,East,1925,Sq-ft,2009,"2 BHK unfurnished flat available in prime Sargasan location. This readytomove property is situated in a wellmaintained 14storey building. The flat offers flexibility to design as per your needs. Enjoy a peaceful gardenfacing view with basic amenities like a childrens play area and landscaped garden. Wellconnected to GIFT City, Infocity, and Ahmedabad, making it ideal for comfortable family living.",23000,1,0,12,3,1 Covered,Yes,Yes,No,Jogging and Strolling Track,False,True,Agent,95,Immediately,2026-04-07T12:18:22.000Z,"Apr 07, '26",True
WLTNj1C7Sq1zpSvf+uAgZw==,Magicbricks,https://www.magicbricks.com/property-details/3-BHK-2394-Sq-ft-Multistorey-Apartment-FOR-Rent-Sargasan-in-Gandhinagar&id=4d423833393535323237,2026-04-19 13:51:41,23.1848805,72.615856,,Sargasan,sargasan,,,,Apartment,Semi-Furnished,1,7,North - West,2394,Sq-ft,New Construction,"A beautiful 3 BHK flat is available for rent in Sargasan. This 3 BHK flat is available at the reasonable rent amount of ₹23,000. The apartment is on the 1 floor, has a carpet area of 1436 sqft with 3 bathrooms and 2 balcony. The full address of the apartment is Sargasan, Gandhinagar, Gujarat .",23000,,,10,3,,No,No,No,,False,True,Agent,59,Immediately,2026-03-26T14:48:10.000Z,"Mar 26, '26",True
Q6CxIg2xZ1dzpSvf+uAgZw==,Magicbricks,https://www.magicbricks.com/property-details/3-BHK-150-Sq-yrd-Multistorey-Apartment-FOR-Rent-Koba-in-Gandhinagar&id=4d423833393737353631,2026-04-19 13:51:41,23.150331,72.640657,,The Property Point ,"Gandhinagar, Gujarat",,,,Apartment,Semi-Furnished,2,5,North - East,,,5 to 10 years,"A beautiful 3 BHK flat is available for rent in Koba. The flat is available for rent at a competitive amount of ₹23,000. The apartment is on the 2 floor, has a carpet area of 150 sqyrd with 3 bathrooms and 2 balcony. The apartment is equipped with power back up, security. The flat can be visited at Next to Hotel Ashoka Inn, Opposite Baghban, Near TIME, Urjanagar 1, Kudasan, Gandhinagar, Gujarat .",23000,46000,,,3,,No,No,No,,False,True,Agent,71,Immediately,2026-03-28T11:06:52.000Z,"Mar 28, '26",True
jyVu/I7AIQFzpSvf+uAgZw==,Magicbricks,https://www.magicbricks.com/property-details/3-BHK-190-Sq-yrd-Multistorey-Apartment-FOR-Rent-in-Gandhinagar&id=4d423736303830343731,2026-04-19 13:51:41,,,,Yash Property Management,"Ashwamegh Elight, sargasan",,,,Apartment,Unfurnished,5,13,East,190,Sq-yrd,New Construction,"newly constructed property And a beautiful environment to live in If you are planning to rent a flat, you can consider this 3 BHK flat situated in the prime location of ashwamegh Elight. This 3 BHK flat can be availed at the rental price of ₹22,000. The apartment is on the 5 floor, has a carpet area of 150 sqyrd with 3 bathrooms and 2 balcony. This home provides power back up, reserved parking, security.",22000,22000,0,13,3,,Yes,No,No,Jogging and Strolling Track,True,True,Agent,80,Immediately,2026-02-18T12:35:01.000Z,"Feb 18, '26",True
KJ0HoFzk4MpzpSvf+uAgZw==,Magicbricks,https://www.magicbricks.com/property-details/3-BHK-1872-Sq-ft-Multistorey-Apartment-FOR-Rent-Raysan-in-Gandhinagar&id=4d423832373333393737,2026-04-19 13:51:41,23.16672,72.66059,,Raysan,"Gandhinagar, Gujarat",19210|GNLU Metro Station|5 minutes,,,Apartment,Semi-Furnished,8,10,East,1872,Sq-ft,New Construction,"You can avail the 3 BHK flat for rent in the well-known location of Raysan. The apartment is available at an affordable rental price of ₹25,000. Located on the 8 floor, the flat has 3 bathrooms, 1 balcony in carpet area of 140 sqft. The apartment comes furnished with reserved parking, security. Visit the flat at Raysan, Gandhinagar.",25000,25000,0,13,3,,Yes,Yes,No,Jogging and Strolling Track,True,True,Agent,53,Immediately,2026-02-28T00:38:07.000Z,"Feb 28, '26",True
lCvqJcP9JTFzpSvf+uAgZw==,Magicbricks,https://www.magicbricks.com/property-details/3-BHK-2450-Sq-ft-Multistorey-Apartment-FOR-Rent-Kudasan-in-Gandhinagar&id=4d423834313335323135,2026-04-19 13:51:41,23.1698784,72.6232479,,Kudasan,kudasan,,,,Apartment,Semi-Furnished,4,10,East,2450,Sq-ft,Less than 5 years,"peaceful environment If you are planning to rent a flat, you can consider this 3 BHK flat situated in the prime location of Kudasan. The flat is available for rent at a competitive amount of ₹22,000. Located on the 4 floor, the flat comprises 3 bathrooms, 3 balcony, and has a carpet area of 1323 sqft. This unit is designed with power back up, security. The address is kudasan, Kudasan, Gandhinagar, Gujarat.",22000,22000,1800,9,3,,No,No,No,,False,True,Agent,80,Immediately,2026-04-16T23:45:23.000Z,"Apr 17, '26",True
k0SHveyCfgpzpSvf+uAgZw==,Magicbricks,https://www.magicbricks.com/property-details/3-BHK-251-Sq-ft-Multistorey-Apartment-FOR-Rent-Sargasan-in-Gandhinagar&id=4d423833373335383331,2026-04-19 13:51:41,23.1848805,72.615856,,Sargasan,8 floor.,,,,Apartment,Unfurnished,8,13,East,251,Sq-ft,New Construction,"New society good loction s. G. High only for 1 k. M. Famliy society Find 3 BHK flat for rent in Sargasan Gandhinagar. You can get this flat at monthly rent of ₹25,000. The apartment is on the 8 floor, has a carpet area of 160 sqft with 3 bathrooms and 1 balcony. There is also facility of 1 Covered parking. This flat is fitted with reserved parking, security. Visit the flat at 8 floor., Sargasan, Gandhinagar, Gujarat.",25000,50000,,100,3,1 Covered,No,No,No,,True,True,Agent,73,Immediately,2026-03-11T10:46:32.000Z,"Mar 11, '26",True
544tzsb7ZbZzpSvf+uAgZw==,Magicbricks,https://www.magicbricks.com/property-details/3-BHK-1820-Sq-ft-Multistorey-Apartment-FOR-Rent-Kudasan-in-Gandhinagar&id=4d423633373239383939,2026-04-19 13:51:41,23.1698784,72.6232479,,Kudasan,"Suyas Status, Near City Gold Theater, Randesan",,,,Apartment,Semi-Furnished,3,4,,1820,Sq-ft,5 to 10 years,"Very spacious flat, located in the well developed area A beautiful 3 BHK flat is available for rent in Kudasan. This 3 BHK flat can be availed at the rental price of ₹25,000. The residents of the flat have access to additional facilities such as 2 Wardrobe, 2 Bed and Gas Connection. The flat is on the 3 floor and includes 3 bathrooms, 3 balcony with a carpet area of 1240 sqft. 3 Covered, 3 Open parking facility are also available. The apartment is equipped with power back up, reserved parking, security. This is a no-brokerage flat, as the owner is offering this 3 BHK flat on rent.",25000,25000,1500,14,3,"3 Covered, 3 Open",Yes,No,No,Jogging and Strolling Track,False,False,Owner,94,Immediately,2026-04-16T12:18:59.000Z,"Apr 16, '26",True
7SbobdjwOqNzpSvf+uAgZw==,Magicbricks,https://www.magicbricks.com/property-details/3-BHK-168-Sq-yrd-Multistorey-Apartment-FOR-Rent-Kudasan-in-Gandhinagar&id=4d423538363933353737,2026-04-19 13:51:41,23.1698784,72.6232479,,Kudasan,"Gandhinagar,Kudasan",,,,Apartment,Semi-Furnished,4,8,,168,Sq-yrd,,"If you are searching a 3 BHK apartment for rent in Kudasan, check out this amazing rental flat. The multistorey apartment is available at rent of ₹21,000. Located on the 4 floor, the flat comprises 3 bathrooms, 1 balcony, and has a covered area of 168 sqyrd. This 3 BHK rental flat comes with no brokerage fees.",21000,,,14,3,,No,No,No,,False,True,Owner,63,Immediately,2026-03-23T23:38:50.000Z,"Mar 24, '26",True
exnbfDv/nsRzpSvf+uAgZw==,Magicbricks,https://www.magicbricks.com/property-details/3-BHK-2205-Sq-ft-Multistorey-Apartment-FOR-Rent-Koba-in-Gandhinagar&id=4d423833383238373633,2026-04-19 13:51:41,23.150331,72.640657,,Kartik Patel,Beside GNLU College,,,,Apartment,Semi-Furnished,8,13,East,2205,Sq-ft,New Construction,"You can explore this 3 BHK flat on rent in Koba Gandhinagar. This 3 BHK flat is available at the reasonable rent amount of ₹25,000. The flat is located on the 8 floor which includes 3 bathrooms, 4 balcony, and covers a carpet area of 1279 sqft. The property encompasses 13 floor and provides Kids play area amenities. This unit is designed with power back up, reserved parking, security. Visit the flat at Koba, Gujarat . There are no brokerage fees on this 3 BHK multistorey apartment.",25000,,,11,3,,No,No,No,,False,False,Owner,78,Immediately,2026-03-17T19:48:48.000Z,"Mar 18, '26",True
2aLeKRT6xCRzpSvf+uAgZw==,Magicbricks,https://www.magicbricks.com/property-details/3-BHK-1797-Sq-ft-Multistorey-Apartment-FOR-Rent-in-Gandhinagar&id=4d423439383935363838,2026-04-19 13:51:41,,,,Abhijit Mishra,"Gandhinagar, Gujarat",,,,Apartment,Furnished,5,5,,1797,Sq-ft,,"3 BHK, Multistorey Apartment is available for Rent in , Gandhinagar for 20,000",20000,,,11,3,,No,No,No,,False,False,Owner,41,Immediately,2026-04-18T21:31:51.000Z,Today,True
Plvfi3ro4PNzpSvf+uAgZw==,Magicbricks,https://www.magicbricks.com/property-details/3-BHK-225-Sq-yrd-Multistorey-Apartment-FOR-Rent-Adalaj-in-Gandhinagar&id=4d423834303833343233,2026-04-19 13:51:41,23.164356,72.581158,,Adalaj,G1201.,,,,Apartment,Semi-Furnished,12,14,,225,Sq-yrd,Less than 5 years,"Find this 3 BHK rental flat in Adalaj Gandhinagar. The flat is available for rent at a competitive amount of ₹20,000. The apartment is on the 12 floor, has a covered area of 225 sqyrd with 3 bathrooms and 1 balcony. The residence includes reserved parking, security. The address is G1201., Adalaj, Gandhinagar, Gujarat. The brokerage amount of the 3 BHK apartment is zero.",20000,50000,3000,10,3,,Yes,No,No,Banquet Hall,False,False,Owner,70,Select Date,2026-04-05T06:48:32.000Z,"Apr 05, '26",True
aEolkg4QioxzpSvf+uAgZw==,Magicbricks,https://www.magicbricks.com/property-details/3-BHK-1620-Sq-ft-Multistorey-Apartment-FOR-Rent-Sargasan-in-Gandhinagar&id=4d423637303931343939,2026-04-19 13:51:41,23.1848805,72.615856,,Sargasan,"Gandhinagar, Gujarat",,,,Apartment,Semi-Furnished,3,5,,,,5 to 10 years,"Multistorey apartment is available for rent. It is a good location property. Please contact for more details. 3 BHK flat is available for rent in Sargasan immediately. You can get this flat at monthly rent of ₹25,000. The residents of the flat have access to additional facilities such as 3 Wardrobe, 3 Bed, Fridge, 2 AC, Sofa, Washing Machine and Gas Connection. Located on the 3 floor, the flat has 2 bathrooms, 2 balcony in carpet area of 1620 sqft. The residence includes security. This 3 BHK apartment ad is listed by the owner, so there is no brokerage fee.",25000,46000,,,2,,No,No,No,,False,False,Owner,65,Immediately,2026-04-11T14:29:48.000Z,"Apr 11, '26",True
9Cxhv/eyealzpSvf+uAgZw==,Magicbricks,https://www.magicbricks.com/property-details/3-BHK-1886-Sq-ft-Multistorey-Apartment-FOR-Rent-Adalaj-in-Gandhinagar&id=4d423734313231393331,2026-04-19 13:51:41,23.164356,72.581158,,Adalaj,"Gandhinagar, Gujarat",,,,Apartment,Semi-Furnished,3,13,West,1886,Sq-ft,New Construction,"A beautiful 3 BHK flat is available for rent in Adalaj. The 3 BHK apartment is available at a reasonable rent of ₹23,000. The flat is on the 3 floor and includes 3 bathrooms, 1 balcony with a covered area of 1886 sqft. You will also find 1 Covered parking facility. This home provides power back up, reserved parking, security. The flat can be visited at Opp. Shantiniketan Senior Living Sabarmati Chandkheda, Kalol, Road, Adalaj, Gujarat . You can find the 3 BHK flat without any brokerage.",23000,,,12,3,1 Covered,Yes,No,No,Jogging and Strolling Track,False,False,Owner,61,Immediately,2026-04-12T17:44:04.000Z,"Apr 12, '26",True
neDPJ8pNHxdzpSvf+uAgZw==,Magicbricks,https://www.magicbricks.com/property-details/3-BHK-2061-Sq-ft-Multistorey-Apartment-FOR-Rent-Adalaj-in-Gandhinagar&id=4d423834303438343131,2026-04-19 13:51:41,23.164356,72.581158,,Adalaj,"Nr Water Tank, Opp. Anavya Parmeshwar, Sabaramti Mehsana Highway, Adalaj, Gandhinagar",,,,Apartment,Unfurnished,8,14,,2061,Sq-ft,,"Grab the chance to own this affordable 3 BHK flat for rent in the Adalaj area. The 3 BHK apartment is available at a reasonable rent of ₹20,000. The apartment is on the 8 floor, has a covered area of 2061 sqft with 3 bathrooms and 1 balcony. The property encompasses 14 floor and provides Kids play area amenities. You can visit the flat at Nr Water Tank, Opp. Anavya Parmeshwar, Sabaramti Mehsana Highway, Adalaj, Gandhinagar. The brokerage amount of the 3 BHK apartment is zero.",20000,20000,2000,10,3,,No,No,No,,False,False,Owner,38,Immediately,2026-04-03T04:48:00.000Z,"Apr 03, '26",True
ARKM08VH+6hzpSvf+uAgZw==,Magicbricks,https://www.magicbricks.com/property-details/3-BHK-1300-Sq-ft-Multistorey-Apartment-FOR-Rent-Adalaj-in-Gandhinagar&id=4d423830363137323037,2026-04-19 13:51:41,23.164356,72.581158,,Adalaj, Adalaj,,,,Apartment,Semi-Furnished,9,14,,1300,Sq-ft,,"Grab the chance to own this affordable 3 BHK flat for rent in the Adalaj area. The flat is available for rent at a competitive amount of ₹25,000. The property consists of 14 floor and offers Kids play area conveniences. The flat can be visited at Survey No. 849/B, F.P. No. 79/1, TPS No. 10, Nr. Sabarmati Canal, Opp. Shantiniketan Senior Living. This is a no-brokerage flat, as the owner is offering this 3 BHK flat on rent.",25000,,,19,3,,No,No,No,,False,False,Owner,48,Immediately,2026-04-06T21:32:11.000Z,"Apr 07, '26",True
zdZ/NKLG5P1zpSvf+uAgZw==,Magicbricks,https://www.magicbricks.com/property-details/3-BHK-1200-Sq-ft-Multistorey-Apartment-FOR-Rent-Randesan-in-Gandhinagar&id=4d423832363437343139,2026-04-19 13:51:41,23.17588,72.65443,,Randesan,"Gandhinagar, Gujarat",,,,Apartment,Semi-Furnished,7,7,,1200,Sq-ft,Less than 5 years,"Check out this newly constructed 3 BHK flat on rent in the prime location of Randesan Gandhinagar. Available at a rental price of ₹23,500, this 3 BHK flat is worth considering. The apartment is on the 7 floor, has a carpet area of 1200 sqft with 3 bathrooms and 2 balcony. The apartment is located at Randesan, Gandhinagar, Gujarat . You can find the 3 BHK flat without any brokerage.",23500,23500,1500,20,3,,No,No,No,,True,True,Owner,55,Immediately,2026-04-14T23:33:41.000Z,"Apr 15, '26",True
gexbaTfMk75zpSvf+uAgZw==,Magicbricks,https://www.magicbricks.com/property-details/3-BHK-1908-Sq-ft-Multistorey-Apartment-FOR-Rent-Raysan-in-Gandhinagar&id=4d423833333132383539,2026-04-19 13:51:41,23.16672,72.66059,,Raysan, Raysan,19210|GNLU Metro Station|5 minutes,,,Apartment,Semi-Furnished,10,11,East,1908,Sq-ft,New Construction,"Find this 3 BHK rental flat in Raysan Gandhinagar. The apartment is available at an affordable rental price of ₹25,000. Located on the 10 floor, the flat has 3 bathrooms, 2 balcony in carpet area of 1107 sqft. This building features 11 floor and provides Kids play area facilities. This home provides power back up, security. Visit the flat at Near Shree Rang Upvan Bunglows, PDPU Road, Raysan, Gandhinagar Gujarat. This 3 BHK flat is directly posted by the owner, so you don't need to pay any brokerage on this property.",25000,51000,2000,13,3,,Yes,No,No,Jogging and Strolling Track,False,True,Owner,74,Immediately,2026-04-06T23:37:02.000Z,"Apr 07, '26",True
mFrw2F2VVXtzpSvf+uAgZw==,Magicbricks,https://www.magicbricks.com/property-details/3-BHK-334-Sq-yrd-Multistorey-Apartment-FOR-Rent-Kudasan-in-Gandhinagar&id=4d423833353637313035,2026-04-19 13:51:41,23.1698784,72.6232479,,Kudasan,"Gandhinagar, Gujarat",,,,Apartment,Unfurnished,5,12,,334,Sq-yrd,,"Grab the chance to own this affordable 3 BHK flat for rent in the Kudasan area. Available at a rental price of ₹22,000, this 3 BHK flat is worth considering. Visit the apartment at Kudasan, Gandhinagar, Gujarat. This is a no-brokerage flat, as the owner is offering this 3 BHK flat on rent.",22000,,,7,3,,No,No,No,,False,False,Owner,26,Immediately,2026-04-10T13:22:26.000Z,"Apr 10, '26",True
lA2sLH/xzBhzpSvf+uAgZw==,Magicbricks,https://www.magicbricks.com/property-details/3-BHK-1800-Sq-ft-Multistorey-Apartment-FOR-Rent-Adalaj-in-Gandhinagar&id=4d423834313636323633,2026-04-19 13:51:41,23.164356,72.581158,,Adalaj,"Gandhinagar, Gujarat",,,,Apartment,Semi-Furnished,12,13,,1800,Sq-ft,,"If you are searching a 3 BHK apartment for rent in Adalaj, check out this amazing rental flat. The apartment is available at an affordable rental price of ₹18,000. Visit the flat at Adalaj, Gandhinagar, Gujarat. The owner has posted this 3 BHK flat for rent, so the brokerage fees is zero on this multistorey apartment.",18000,,,10,3,,No,No,No,,False,False,Owner,31,Immediately,2026-04-09T12:15:01.000Z,"Apr 09, '26",True
cF2My5/bXTVzpSvf+uAgZw==,Magicbricks,https://www.magicbricks.com/property-details/3-BHK-304-Sq-ft-Multistorey-Apartment-FOR-Rent-Sargasan-in-Gandhinagar&id=4d423834323634373633,2026-04-19 13:51:41,23.1848805,72.615856,,Sargasan,"Gandhinagar, Gujarat",,,,Apartment,Semi-Furnished,7,7,,304,Sq-ft,2006,"3 BHK flat is available for rent in Sargasan immediately. The apartment is available at an affordable rental price of ₹25,000. Located on the 7 floor, the flat comprises 3 bathrooms, 1 balcony, and has a covered area of 304 sqft. This residential building features 7 floor and ensures Kids play area, Kids Splash Pool comfort. The apartment comes furnished with power back up, reserved parking, security. Find this apartment at R.S BLOCK NO 13, Gandhinagar, Gujarat.",25000,,,82,3,,Yes,No,No,Jogging and Strolling Track,False,True,Agent,56,Immediately,2026-04-18T23:45:34.000Z,Today,True
MknRcoxPRZRzpSvf+uAgZw==,Magicbricks,https://www.magicbricks.com/property-details/3-BHK-1350-Sq-ft-Multistorey-Apartment-FOR-Rent-Zundal-in-Gandhinagar&id=4d423734363035393533,2026-04-19 13:51:41,23.139555,72.584531,,HeaveNest Realty LLP,Zundal,,,,Apartment,Semi-Furnished,5,14,North,1350,Sq-ft,New Construction,"3 BHK Rental Property New Society. its Well maintence society. You can explore this 3 BHK flat on rent in Zundal Gandhinagar. The 3 BHK apartment is available at a reasonable rent of ₹22,000. If you rent the flat, you will have access to facilities like Gas Connection. The flat is located on the 5 floor which includes 3 bathrooms, 1 balcony, and covers a covered area of 1350 sqft. There is also facility of 1 Covered parking. This flat is fitted with power back up, reserved parking, security. The full address of the apartment is Zundal, Zundal, Gandhinagar, Gujarat.",22000,44000,0,16,3,1 Covered,Yes,No,No,Jogging and Strolling Track,False,True,Agent,100,Immediately,2026-04-17T23:45:19.000Z,Yesterday,True
Ymw/x53/YkRzpSvf+uAgZw==,Magicbricks,https://www.magicbricks.com/property-details/3-BHK-2205-Sq-ft-Multistorey-Apartment-FOR-Rent-Koba-in-Gandhinagar&id=4d423833383235343133,2026-04-19 13:51:41,23.150331,72.640657,,Maa Real Estate,"Koba, Gandhinagar",,,,Apartment,Semi-Furnished,8,12,North - East,2205,Sq-ft,New Construction,"3 BHK apartment is available on rent in Koba Gandhinagar right away. The multistorey apartment is available at rent of ₹25,000. The flat is on the 8 floor and includes 3 bathrooms, 2 balcony with a covered area of 2205 sqft. The property includes 1 Covered parking. The property has 12 floor and is equipped with Kids play area facilities. The property features power back up, reserved parking, security, service/goods lift, air conditioned, intercom facility, ro water system. The apartment is located at Koba, Gujarat .",25000,25000,0,11,3,1 Covered,No,No,No,"Air Conditioned, Banquet Hall, Bar/Lounge, Jogging and Strolling Track",False,True,Agent,98,Immediately,2026-04-18T23:45:32.000Z,Today,True
FGDJglZn7xBzpSvf+uAgZw==,Magicbricks,https://www.magicbricks.com/property-details/3-BHK-2025-Sq-ft-Multistorey-Apartment-FOR-Rent-Gandhinagar-in-Gandhinagar&id=4d423833313033333835,2026-04-19 13:51:41,23.0395677,72.5660045,,Gandhinagar,"Gandhinagar, Gujarat",,,,Apartment,Semi-Furnished,1,5,,2025,Sq-ft,,"Multistorey apartment is available for rent. It is a good location property. Please contact for more details. Check out this newly constructed 3 BHK flat on rent in the prime location of Gandhinagar Gandhinagar. Available at a rental price of ₹25,000, this 3 BHK flat is worth considering. This 3 BHK apartment ad is listed by the owner, so there is no brokerage fee.",25000,,,12,3,,No,No,No,,False,False,Owner,53,Immediately,2026-04-01T16:13:20.000Z,"Apr 01, '26",True
GydN5KhfomNzpSvf+uAgZw==,Magicbricks,https://www.magicbricks.com/property-details/3-BHK-250-Sq-yrd-Multistorey-Apartment-FOR-Rent-in-Gandhinagar&id=4d423833333533303731,2026-04-19 13:51:41,,,,The Property House,Near By Gift City,,,,Apartment,Unfurnished,13,14,East,250,Sq-yrd,New Construction,"This property is located near gift city and near airport road. Grab the chance to own this affordable 3 BHK flat for rent in the pramukh omkar rivanta area. The 3 BHK apartment is available at a reasonable rent of ₹25,000. The apartment is on the 13 floor, has a carpet area of 150 sqyrd with 3 bathrooms and 1 balcony. The property includes 1 Covered parking. The apartment is equipped with power back up, reserved parking, security, service/goods lift, intercom facility.",25000,25000,2500,11,3,1 Covered,Yes,No,No,"Service/Goods Lift, Banquet Hall, Jogging and Strolling Track, Outdoor Tennis Courts",False,True,Agent,100,Immediately,2026-04-17T23:45:21.000Z,Yesterday,True
FkbhteAfV9xzpSvf+uAgZw==,Magicbricks,https://www.magicbricks.com/property-details/3-BHK-236-Sq-yrd-Multistorey-Apartment-FOR-Rent-Kudasan-in-Gandhinagar&id=4d423833353231343839,2026-04-19 13:51:41,23.1698784,72.6232479,,Kudasan,Near Rakshashakti Circle,,,,Apartment,Semi-Furnished,5,7,East,236,Sq-yrd,Less than 5 years,"Closely to main highway If you are planning to rent a flat, you can consider this 3 BHK flat situated in the prime location of Kudasan. The flat is available for rent at a competitive amount of ₹25,000. Located on the 5 floor, the flat has 3 bathrooms, 1 balcony in carpet area of 136 sqyrd. You will also find 1 Covered parking facility. The apartment is equipped with power back up, reserved parking, security, service/goods lift, intercom facility. Visit the apartment at Kudasan, Gandhinagar, Gujarat .",25000,25000,3000,12,3,1 Covered,Yes,No,No,"Service/Goods Lift, Intercom Facility, Banquet Hall, Jogging and Strolling Track",False,True,Agent,100,Immediately,2026-04-17T23:45:21.000Z,Yesterday,True
baQxrwZrYiZzpSvf+uAgZw==,Magicbricks,https://www.magicbricks.com/property-details/3-BHK-2205-Sq-ft-Multistorey-Apartment-FOR-Rent-Koba-in-Gandhinagar&id=4d423833353638383437,2026-04-19 13:51:41,23.150331,72.640657,,Gandhinagar Estate,"Koba, Gujarat",,,,Apartment,Semi-Furnished,4,13,East,2205,Sq-ft,2023,"Keshvam Skycity is a premium residential project by the Swaminarayan Group located in the Koba Raysan area of Gandhinagar, Gujarat. You can explore this 3 BHK flat on rent in Koba Gandhinagar. The apartment is available at an affordable rental price of ₹24,000. Additional amenities available with the flat are Gas Connection. The apartment is on the 4 floor, has a carpet area of 1323 sqft with 3 bathrooms and 1 balcony. There is also facility of 1 Covered parking. The apartment is equipped with power back up, reserved parking, security. Visit the apartment at Koba, Gujarat, Koba, Gandhinagar, Gujarat.",24000,48000,0,11,3,1 Covered,Yes,Yes,No,Jogging and Strolling Track,False,True,Agent,95,Immediately,2026-04-17T23:45:21.000Z,Yesterday,True
2P4nhYSmsVNzpSvf+uAgZw==,Magicbricks,https://www.magicbricks.com/property-details/3-BHK-2200-Sq-ft-Multistorey-Apartment-FOR-Rent-in-Gandhinagar&id=4d423534363235353739,2026-04-19 13:51:41,,,,Bhruguli Gandhi,"Swagat rainforest 1, Opp pratik mall",,,,Apartment,Furnished,1,7,,2200,Sq-ft,5 to 10 years,"It has all the 5 star amenities like temple,swimming pool, game zone, gym, theater, garden, kids play area,skating area, basket ball court A beautiful 3 BHK flat is available for rent in swagat rainforest 1. The apartment is available at an affordable rental price of ₹25,000. The flat is located on the 1 floor which includes 3 bathrooms, 3 balcony, and covers a carpet area of 2000 sqft. This unit is designed with power back up, reserved parking, security, service/goods lift, air conditioned, intercom facility, ro water system. This is a no-brokerage flat because the owner has posted the ad on this 3 BHK apartment.",25000,50000,1000,11,3,,No,No,No,"Air Conditioned, Laundry Service, Banquet Hall, Jogging and Strolling Track",False,False,Owner,71,Immediately,2026-04-04T17:11:34.000Z,"Apr 04, '26",True
PcOKlk4bSEFzpSvf+uAgZw==,Magicbricks,https://www.magicbricks.com/property-details/3-BHK-185-Sq-yrd-Multistorey-Apartment-FOR-Rent-Randesan-in-Gandhinagar&id=4d423833353230353539,2026-04-19 13:51:41,23.17588,72.65443,,Randesan,"Randesan,Gandhinagar",,,,Apartment,Furnished,3,5,East,185,Sq-yrd,5 to 10 years,"Available 3 bhk Furnished flat On Rent in Radesan Gandhinagar. Primlocation with Good Locality. Suitable for family. Children play area with Garden space. Sofa in Living Room. Furnished kitchen with RO, Gasline Store room. Double bed with Mattress, AC Cupboard in Bedroom.",25000,25000,0,15,3,"1 Covered, 2 Open",No,No,No,,True,False,Agent,98,Immediately,2026-02-24T12:51:48.000Z,"Feb 24, '26",True
ogjt76SVZ0FzpSvf+uAgZw==,Magicbricks,https://www.magicbricks.com/property-details/3-BHK-133-Sq-ft-Multistorey-Apartment-FOR-Rent-Sargasan-in-Gandhinagar&id=4d423833353331383737,2026-04-19 13:51:41,23.1848805,72.615856,,Sargasan,sargasan,,,,Apartment,Semi-Furnished,8,11,North - East,133,Sq-ft,Less than 5 years,"Find this 3 BHK rental flat in Sargasan Gandhinagar. You can get this flat at monthly rent of ₹23,000. Gas Connection are some of the additional amenities available with the apartment. The flat is located on the 8 floor which includes 3 bathrooms, 1 balcony, and covers a carpet area of 193 sqft. 1 Covered parking space is also available. The property features power back up, reserved parking, security. The flat can be visited at sargasan, Sargasan, Gandhinagar, Gujarat.",23000,46000,0,173,3,1 Covered,No,No,No,,True,True,Agent,80,Immediately,2026-02-24T06:57:47.000Z,"Feb 24, '26",True
yn1sGCWRd+hzpSvf+uAgZw==,Magicbricks,https://www.magicbricks.com/property-details/4-BHK-140-Sq-yrd-Multistorey-Apartment-FOR-Rent-Sargasan-in-Gandhinagar&id=4d423833353339333739,2026-04-19 13:51:41,23.1848805,72.615856,,Sargasan,"Sargasan,Gandhinagar",,,,Apartment,Semi-Furnished,5,7,,140,Sq-yrd,Less than 5 years,"4bhk flat available for rent in sargasan,gandhinagar,5mint. Distance from tcs andi nfocity,for more info. Please contact us. Thank you If you are planning to rent a flat, you can consider this 4 BHK flat situated in the prime location of Sargasan. The apartment is available at an affordable rental price of ₹23,000. The residents of the flat have access to additional facilities such as Gas Connection. Located on the 5 floor, the flat comprises 4 bathrooms, 1 balcony, and has a covered area of 140 sqyrd. There is also facility of 1 Covered, 1 Open parking. The property consists of 7 floor and offers Kids Club conveniences. This unit is designed with power back up, reserved parking, security. You can visit the flat at opp. surya retreat mahatma mandir KH road sarghasan, gandhinagar.",23000,23000,1500,18,4,"1 Covered, 1 Open",No,No,No,,False,True,Agent,78,Immediately,2026-04-18T23:45:34.000Z,Today,True
YQPjUsDOofZzpSvf+uAgZw==,Magicbricks,https://www.magicbricks.com/property-details/4-BHK-300-Sq-ft-Multistorey-Apartment-FOR-Rent-in-Gandhinagar&id=4d423831373036313039,2026-04-19 13:51:41,,,,Skyline Real Estate,kudasan,,,,Apartment,Unfurnished,2,2,,300,Sq-ft,5 to 10 years,"Find 4 BHK flat for rent in Shree Umiya Bunglow Kudasan Gandhinagar. Available at a rental price of ₹25,000, this 4 BHK flat is worth considering. The apartment is on the 2 floor, has a carpet area of 300 sqyrd with 4 bathrooms and 2 balcony.",25000,25000,0,83,4,,No,No,No,,False,True,Agent,60,Immediately,2026-04-18T23:45:34.000Z,Today,True
XdabGTduSqFzpSvf+uAgZw==,Magicbricks,https://www.magicbricks.com/property-details/4-BHK-270-Sq-yrd-Multistorey-Apartment-FOR-Rent-Sargasan-in-Gandhinagar&id=4d423736353935323637,2026-04-19 13:51:41,23.1848805,72.615856,,Sargasan,Gandhinagar,,,,Apartment,Semi-Furnished,1,3,East,270,Sq-yrd,Less than 5 years,"This property is new construction, well maintained property, allowed parking fix, many amenities available, 24h security and water line. Check out this newly constructed 4 BHK flat on rent in the prime location of Sargasan Gandhinagar. This 4 BHK flat is available at the reasonable rent amount of ₹22,000. The flat is on the 1 floor and includes 4 bathrooms, 4 balcony with a carpet area of 250 sqyrd. The property includes 1 Open parking. The apartment is equipped with power back up, reserved parking, security, air conditioned, intercom facility, ro water system. The full address of the apartment is FP-8,TP-8,Nr.Aashka Hospital, Sargasan, Gandhinagar, Gujarat .",22000,44000,1500,9,4,1 Open,No,No,No,"Air Conditioned, Banquet Hall, Bar/Lounge, Jogging and Strolling Track",True,True,Agent,100,Immediately,2026-03-25T22:57:08.000Z,"Mar 26, '26",True
c2bwYhZqlm9zpSvf+uAgZw==,Magicbricks,https://www.magicbricks.com/property-details/4-BHK-Multistorey-Apartment-FOR-Rent-Sargasan-in-Gandhinagar&id=4d423833373232373839,2026-04-19 13:51:41,23.1848805,72.615856,,Sargasan,"Gandhinagar, Gujarat",,,,Apartment,Semi-Furnished,1,5,,,,,You can avail the 4 BHK flat for rent in the well-known location of Sargasan. This 4 BHK rental flat comes with no brokerage fees.,,,,,3,,No,No,No,,False,False,Owner,24,Immediately,2026-03-10T13:15:37.000Z,"Mar 10, '26",True
CVpoVir+a45zpSvf+uAgZw==,Magicbricks,https://www.magicbricks.com/property-details/4-BHK-2200-Sq-ft-Multistorey-Apartment-FOR-Rent-Sargasan-in-Gandhinagar&id=4d423834303336343539,2026-04-19 13:51:41,23.1848805,72.615856,,Sargasan,"Sargasan,Gandhinagar",,,,Apartment,Semi-Furnished,4,10,,2200,Sq-ft,5 to 10 years,"3 bhk semi furnish flat available on rent in sargasan gandhinagar, 5 min distance from tcs and infocity. A beautiful 4 BHK flat is available for rent in Sargasan. ₹25,000 is the monthly rent of this 4 BHK flat. Some premium add-on facilities bundled with the flat are Gas Connection. The flat is located on the 4 floor which includes 4 bathrooms, 3 balcony, and covers a covered area of 2200 sqft. This unit features power back up, security. Find this apartment at Opp. Swagat Flamingo, S.G Highway, Sargaasan, Gandhinagar.",25000,25000,,11,4,,No,No,No,,True,True,Agent,63,Immediately,2026-04-16T23:45:22.000Z,"Apr 17, '26",True
JVtx7nHdUyNzpSvf+uAgZw==,Magicbricks,https://www.magicbricks.com/property-details/2-BHK-1530-Sq-ft-Multistorey-Apartment-FOR-Rent-Koba-in-Gandhinagar&id=4d423833353639313235,2026-04-19 13:51:41,23.150331,72.640657,,Gandhinagar Estate,"Koba, Gujarat",,,,Apartment,Semi-Furnished,8,13,East,1530,Sq-ft,2023,"Keshvam Skycity is a premium residential project by the Swaminarayan Group located in the KobaRaysan area of Gandhinagar, Gujarat. Check out this newly constructed 2 BHK flat on rent in the prime location of Koba Gandhinagar. ₹19,500 is the monthly rent of this 2 BHK flat. Some attractive additional facilities available with the flat are 1 Wardrobe, 1 AC and Gas Connection. The flat is on the 8 floor and includes 2 bathrooms, 1 balcony with a carpet area of 976 sqft. There is also facility of 1 Covered parking. The building has 13 floor and offers Kids play area amenities. This unit is designed with power back up, reserved parking, security. The flat can be visited at Koba, Gujarat .",19500,39000,0,13,2,1 Covered,Yes,Yes,No,Jogging and Strolling Track,False,True,Agent,95,Immediately,2026-04-17T23:45:21.000Z,Yesterday,True
kYZnkSCr4yVzpSvf+uAgZw==,Magicbricks,https://www.magicbricks.com/property-details/2-BHK-1408-Sq-ft-Multistorey-Apartment-FOR-Rent-Raysan-in-Gandhinagar&id=4d423833353338353131,2026-04-19 13:51:41,23.16672,72.66059,,Raysan,Raysan,19210|GNLU Metro Station,,,Apartment,Semi-Furnished,9,12,East,1408,Sq-ft,New Construction,"fantastic Open view Check out this newly constructed 2 BHK flat on rent in the prime location of Raysan Gandhinagar. This 2 BHK flat is available at the reasonable rent amount of ₹25,000. The flat is located on the 9 floor which includes 2 bathrooms, 1 balcony, and covers a carpet area of 960 sqft. You will also find 2 Covered parking facility. This unit is designed with power back up, reserved parking, security, intercom facility. Visit the apartment at Raysan, Raysan, Gandhinagar, Gujarat.",25000,25000,0,18,2,2 Covered,No,No,No,"Intercom Facility, Banquet Hall, Conference Room, Jogging and Strolling Track",False,True,Agent,100,Immediately,2026-04-18T23:45:34.000Z,Today,True
6idxC35tX+tzpSvf+uAgZw==,Magicbricks,https://www.magicbricks.com/property-details/2-BHK-1350-Sq-ft-Multistorey-Apartment-FOR-Rent-Raysan-in-Gandhinagar&id=4d423833363330383339,2026-04-19 13:51:41,23.16672,72.66059,,Raysan,"Gandhinagar, Gujarat",19210|GNLU Metro Station|5 minutes,,,Apartment,Unfurnished,8,11,,1350,Sq-ft,New Construction,"A beautiful 2 BHK flat is available for rent in Raysan. The flat is available for rent at a competitive amount of ₹21,500. Located on the 8 floor, the flat comprises 2 bathrooms, 1 balcony, and has a carpet area of 1053 sqft. This property features 11 floor and offers a range of Kids play area facilities. This flat is fitted with power back up, reserved parking, security. Visit the flat at Nr BAPS School, B/H IOC Petrol Pump, Raysan Rd, Raysan, Gujarat .",21500,,,16,2,,Yes,No,No,Jogging and Strolling Track,False,True,Agent,65,Immediately,2026-04-16T23:45:22.000Z,"Apr 17, '26",True
YE8KrJERVoxzpSvf+uAgZw==,Magicbricks,https://www.magicbricks.com/property-details/2-BHK-1125-Sq-ft-Multistorey-Apartment-FOR-Rent-Vavol-in-Gandhinagar&id=4d423832303134363435,2026-04-19 13:51:41,23.2248961,72.619552,,Vavol,"Gandhinagar, Gujarat",,,,Apartment,Semi-Furnished,3,3,South -West,,,5 to 10 years,"Multistorey apartment is available for rent. With parking nicely ventilated no building facing on the other side. Check out this newly constructed 2 BHK flat on rent in the prime location of Vavol Gandhinagar. You can get this flat at monthly rent of ₹14,000. Located on the 3 floor, the flat comprises 2 bathrooms, 4 balcony, and has a carpet area of 1125 sqft. You can visit the flat at Sankalp Residency, Vavol, Gandhinagar, Gujrat . There are no brokerage fees on this 2 BHK multistorey apartment.",14000,27000,500,,2,,No,No,No,,False,False,Owner,71,Immediately,2026-02-15T16:37:30.000Z,"Feb 15, '26",True
HGw0ubcF/9tzpSvf+uAgZw==,Magicbricks,https://www.magicbricks.com/property-details/2-BHK-1400-Sq-ft-Multistorey-Apartment-FOR-Rent-Raysan-in-Gandhinagar&id=4d423832343738393039,2026-04-19 13:51:41,23.16672,72.66059,,Raysan,near Raysan metro station,19210|GNLU Metro Station|5 minutes,,,Apartment,Semi-Furnished,12,14,East,1400,Sq-ft,New Construction,"Find 2 BHK flat for rent in Raysan Gandhinagar. The multistorey apartment is available at rent of ₹21,000. The flat is on the 12 floor and includes 2 bathrooms, 1 balcony with a carpet area of 800 sqft. The apartment is equipped with power back up, reserved parking, security. Visit the flat at near Raysan metro station, Raysan, Gandhinagar, Gujarat. This is a no-brokerage flat, as the owner is offering this 2 BHK flat on rent.",21000,,,15,2,,Yes,No,No,Jogging and Strolling Track,False,False,Owner,66,Immediately,2026-02-18T21:30:33.000Z,"Feb 19, '26",True
1f67NqGn50ZzpSvf+uAgZw==,Magicbricks,https://www.magicbricks.com/property-details/2-BHK-1170-Sq-ft-Multistorey-Apartment-FOR-Rent-in-Gandhinagar&id=4d423833383138303431,2026-04-19 13:51:41,,,,Hitesh Patel,"A-401, Pramukh Elysium, Near Fantasy world, Sargasan, Gandhinagar",,,,Apartment,Semi-Furnished,4,7,,1170,Sq-ft,5 to 10 years,"If you are planning to rent a flat, you can consider this 2 BHK flat situated in the prime location of . The multistorey apartment is available at rent of ₹15,500. Located on the 4 floor, the flat has 2 bathrooms, 4 balcony in carpet area of 900 sqft. The apartment comes furnished with security. This is a no-brokerage flat because the owner has posted the ad on this 2 BHK apartment.",15500,46500,1500,13,2,,No,No,No,,False,False,Owner,50,Immediately,2026-03-17T06:58:33.000Z,"Mar 17, '26",True
XDTQz1IsL2tzpSvf+uAgZw==,Magicbricks,https://www.magicbricks.com/property-details/2-BHK-1170-Sq-ft-Multistorey-Apartment-FOR-Rent-Sargasan-in-Gandhinagar&id=4d423833383433363237,2026-04-19 13:51:41,23.1848805,72.615856,,Sargasan,"A401, Pramukh Elysium, Near Fantasy World,",,,,Apartment,Semi-Furnished,4,7,,1170,Sq-ft,5 to 10 years,"Check out this newly constructed 2 BHK flat on rent in the prime location of Sargasan Gandhinagar. This 2 BHK flat is available at the reasonable rent amount of ₹16,000. The apartment is on the 4 floor, has a covered area of 1170 sqft with 2 bathrooms and 4 balcony. Visit the apartment at A401, Pramukh Elysium, Near Fantasy World,, Sargasan, Gandhinagar, Gujarat. This is a no-brokerage flat, as the owner is offering this 2 BHK flat on rent.",16000,48000,1500,14,2,,No,No,No,,False,False,Owner,40,Immediately,2026-03-19T04:01:18.000Z,"Mar 18, '26",True
ZSa580n6XUVzpSvf+uAgZw==,Magicbricks,https://www.magicbricks.com/property-details/2-BHK-797-Sq-ft-Multistorey-Apartment-FOR-Rent-Sargasan-in-Gandhinagar&id=4d423833333831323837,2026-04-19 13:51:41,23.1848805,72.615856,,Sargasan,"Gandhinagar, Gujarat",,,,Apartment,Semi-Furnished,4,14,,,,New Construction,"You can explore this 2 BHK flat on rent in Sargasan Gandhinagar. Available at a rental price of ₹25,000, this 2 BHK flat is worth considering. The flat is on the 4 floor and includes 2 bathrooms, 2 balcony with a carpet area of 797 sqft. This property includes 14 floor and provides Kids play area benefits. The property features power back up, reserved parking, security, intercom facility. Visit the flat at 200 ft Road, Nr. Aashka Hospital & Reliance Circle, Sargasan, Ahmedabad - Gandhingar Twin city. Do not pay any brokerage fee for this 2 BHK rental flat since the property ad is posted by the flat owner.",25000,50000,,,2,,Yes,No,No,Intercom Facility,False,False,Owner,38,Immediately,2026-02-12T14:56:40.000Z,"Feb 12, '26",True
V/UnP3bBo5FzpSvf+uAgZw==,Magicbricks,https://www.magicbricks.com/property-details/2-BHK-107-Sq-ft-Multistorey-Apartment-FOR-Rent-Adalaj-in-Gandhinagar&id=4d423833363833393539,2026-04-19 13:51:41,23.164356,72.581158,,Adalaj,"parshwanath royal residency, adalaj",,,,Apartment,Semi-Furnished,Ground,2,,107,Sq-ft,10 to 15 years,"You can avail the 2 BHK flat for rent in the well-known location of Adalaj. This 2 BHK flat is available at the reasonable rent amount of ₹12,000. The apartment is on the Ground floor, has a carpet area of 90 sqft with 1 bathrooms and 1 balcony. This property offers reserved parking, security. This flat is located at Parshwanath Om Residency, Adalaj, Gandhinagar, Gujrat . There are no brokerage fees on this 2 BHK multistorey apartment.",12000,,,112,1,,No,No,Yes,Jogging and Strolling Track,False,False,Owner,56,Immediately,2026-03-07T11:43:36.000Z,"Mar 07, '26",True
EBWoFramOtFzpSvf+uAgZw==,Magicbricks,https://www.magicbricks.com/property-details/2-BHK-155-Sq-yrd-Penthouse-FOR-Rent-Sargasan-in-Gandhinagar&id=4d423833353530323135,2026-04-19 13:51:41,23.1848805,72.615856,,Sargasan,"Gandhinagar, Gujarat",,,,Penthouse,Semi-Furnished,5,5,,155,Sq-yrd,5 to 10 years,"You can avail the 2 BHK flat for rent in the well-known location of Sargasan. The flat is available for rent at a competitive amount of ₹21,000. Visit the apartment at Near Santivilla Bunglow, Sargasan Cross Road, KH Road, Gandhinagar, Gujarat . There are no brokerage fees on this 2 BHK multistorey apartment.",21000,,1600,15,2,,No,No,No,,False,False,Owner,32,Immediately,2026-02-25T09:50:12.000Z,"Feb 25, '26",True
TdauGG/GKHlzpSvf+uAgZw==,Magicbricks,https://www.magicbricks.com/property-details/2-BHK-119-Sq-ft-Service-Apartment-FOR-Rent-GIFT-City-in-Gandhinagar&id=4d423833383438353139,2026-04-19 13:51:41,23.1587037,72.6837981,,GIFT City,"Gandhinagar, Gujarat",,,,Service Apartment,Furnished,9,33,,119,Sq-ft,,"2 BHK, Service Apartment is available for Rent in GIFT City, Gandhinagar for 3,500",3500,,,29,2,,No,No,No,,False,False,Owner,24,Immediately,2026-03-19T07:46:38.000Z,"Mar 19, '26",True
lMrxduHVTzVzpSvf+uAgZw==,Magicbricks,https://www.magicbricks.com/property-details/2-BHK-135-Sq-yrd-Multistorey-Apartment-FOR-Rent-Zundal-in-Gandhinagar&id=4d423639353338383935,2026-04-19 13:51:41,23.139555,72.584531,,anjali,zundal circle,,,,Apartment,Furnished,10,14,East,135,Sq-yrd,New Construction,"brand new flat available for families only with modular kitchen, store furnished, fridge, chairs, centre table, king size bed with mattress, 3 door wardrobe, laptop table, purit RO, You can explore this 2 BHK flat on rent in Zundal Gandhinagar. The 2 BHK apartment is available at a reasonable rent of ₹20,000. This unit features power back up, reserved parking, security. This flat is located at zundal circle, Zundal, Gandhinagar, Gujarat. The brokerage amount of the 2 BHK apartment is zero.",20000,40000,1500,16,2,,Yes,No,No,Jogging and Strolling Track,False,False,Owner,88,Immediately,2026-03-21T21:33:33.000Z,"Mar 22, '26",True
I5uHYNDddxpzpSvf+uAgZw==,Magicbricks,https://www.magicbricks.com/property-details/2-BHK-487-Sq-ft-Multistorey-Apartment-FOR-Rent-in-Gandhinagar&id=4d423833363235383337,2026-04-19 13:51:41,,,,vani nair,Katha Riverview 77,,,,Apartment,Semi-Furnished,6,12,East,487,Sq-ft,,"Newly built riverfacing property available for rent in a peaceful and wellconnected location. Enjoy scenic views while being just 15 minutes from GIFT City and 3 minutes from the nearest metro station, making daily commute extremely convenient. Perfect for those seeking a modern home with great connectivity.",18000,,,37,2,1 Covered,No,No,No,,False,False,Owner,57,Immediately,2026-03-03T09:08:14.000Z,"Mar 03, '26",True
xsAIdqXxhzlzpSvf+uAgZw==,Magicbricks,https://www.magicbricks.com/property-details/2-BHK-1377-Sq-ft-Multistorey-Apartment-FOR-Rent-Gandhinagar-in-Gandhinagar&id=4d423833363235393337,2026-04-19 13:51:41,23.0395677,72.5660045,,Gandhinagar,"Gandhinagar, Gujarat",,,,Apartment,Semi-Furnished,1,5,,,,5 to 10 years,"Grab the chance to own this affordable 2 BHK flat for rent in the Gandhinagar area. This 2 BHK flat is available at the reasonable rent amount of ₹17,000. Located on the 1 floor, the flat has 2 bathrooms, 4 balcony in carpet area of 1377 sqft. The full address of the apartment is Nr. Shanti villa Bungalows, B/h. pramukhnagar, Kh Road, Gandhinagar. This 2 BHK apartment ad is listed by the owner, so there is no brokerage fee.",17000,17000,0,,2,,No,No,No,,False,False,Owner,36,Immediately,2026-03-03T09:15:06.000Z,"Mar 03, '26",True
7o9pD5QtQhxzpSvf+uAgZw==,Magicbricks,https://www.magicbricks.com/property-details/2-BHK-1197-Sq-ft-Multistorey-Apartment-FOR-Rent-Sargasan-in-Gandhinagar&id=4d423737313233333031,2026-04-19 13:51:41,23.1848805,72.615856,,Sargasan,L-502.,,,,Apartment,Furnished,5,5,,1197,Sq-ft,5 to 10 years,"2 BHK flat is available for rent in Sargasan immediately. The 2 BHK apartment is available at a reasonable rent of ₹25,000. Get access to smart facilities such as 2 Wardrobe, 2 Bed, Fridge, 1 AC, Sofa, Washing Machine and Gas Connection simply by choosing this flat for rent. Located on the 5 floor, the flat comprises 2 bathrooms, 1 balcony, and has a covered area of 1197 sqft. 1 Covered parking facility are also available. The property features reserved parking, security. Visit the flat at Nr. info city & TCS IT park, sargasan circle, sargasan, gandhinagar.. The owner has posted this 2 BHK flat for rent, so the brokerage fees is zero on this multistorey apartment.",25000,50000,2000,21,2,1 Covered,No,No,No,,False,False,Owner,83,Immediately,2026-02-28T21:33:06.000Z,"Mar 01, '26",True
Elsnlcv6FM1zpSvf+uAgZw==,Magicbricks,https://www.magicbricks.com/property-details/2-BHK-166-Sq-yrd-Multistorey-Apartment-FOR-Rent-Raysan-in-Gandhinagar&id=4d423833323233333037,2026-04-19 13:51:41,23.16672,72.66059,,Raysan,near RAYSAN petrol pump,19210|GNLU Metro Station|5 minutes,,,Apartment,Furnished,2,9,,166,Sq-yrd,New Construction,"A beautiful 2 BHK flat is available for rent in Raysan. The Rent amount of this 2 BHK apartment is set at an attractive price of ₹25,000. The apartment is on the 2 floor, has a carpet area of 100 sqyrd with 2 bathrooms and 1 balcony. This flat is fitted with reserved parking, security. The apartment is located at Survey No. 421/ P, F.P. No.22/2/2, Gandhinagar, Gandhinagar, Gujarat. You can find the 2 BHK flat without any brokerage.",25000,60000,,17,2,,Yes,No,No,"Banquet Hall, Conference Room",False,False,Owner,70,Immediately,2026-03-05T22:30:44.000Z,"Mar 06, '26",True
BrUUTr5JBgpzpSvf+uAgZw==,Magicbricks,https://www.magicbricks.com/property-details/2-BHK-600-Sq-ft-Multistorey-Apartment-FOR-Rent-Sector-22-in-Gandhinagar&id=4d423733343835373139,2026-04-19 13:51:41,23.2350111,72.6579865,,Sector 22,"Gandhinagar, Gujarat",,,,Apartment,Semi-Furnished,3,3,,,,15 to 20 years,"Xitij Apartment, 2 BHK apartment on 3rd floor with private terrace, 2 bathrooms, 2 balcony, 1 kitchen, living area and dinning space. Available on immediate basis. If you are planning to rent a flat, you can consider this 2 BHK flat situated in the prime location of Sector 22. The rent of the 2 BHK flat is ₹20,000. If you rent the flat, you will have access to facilities like 1 Wardrobe. Located on the 3 floor, the flat comprises 2 bathrooms, 2 balcony, and has a carpet area of 600 sqft. The address is Sector 22, Gandhinagar, Gujarat. The owner has posted this 2 BHK flat for rent, so the brokerage fees is zero on this multistorey apartment.",20000,40000,0,,2,,No,No,No,,False,False,Owner,43,Immediately,2026-02-03T15:03:57.000Z,"Feb 03, '26",True
xbijw8N8QZRzpSvf+uAgZw==,Magicbricks,https://www.magicbricks.com/property-details/2-BHK-125-Sq-ft-Multistorey-Apartment-FOR-Rent-Sargasan-in-Gandhinagar&id=4d423830303230333931,2026-04-19 13:51:41,23.1848805,72.615856,,Sargasan,Pramukh Oasis,,,,Apartment,Furnished,4,5,,125,Sq-ft,5 to 10 years,"Near to market A beautiful 2 BHK flat is available for rent in Sargasan. The flat is available for rent at a competitive amount of ₹25,000. Located on the 4 floor, the flat comprises 2 bathrooms, 3 balcony, and has a covered area of 125 sqft. The building includes 5 floor and supports Kids Club living. The flat comes with reserved parking, security, air conditioned, ro water system. This flat is located at B/H. Swagat Flamingo, Near Sargasan Cross Road, Sargasan, Ahmedabad. This is a no-brokerage flat, as the owner is offering this 2 BHK flat on rent.",25000,50000,1700,200,2,,Yes,Yes,No,"Air Conditioned, RO Water System",False,False,Owner,79,Immediately,2026-02-27T21:31:51.000Z,"Feb 28, '26",True
OgBlZjeSpypzpSvf+uAgZw==,Magicbricks,https://www.magicbricks.com/property-details/2-BHK-560-Sq-ft-Multistorey-Apartment-FOR-Rent-Sargasan-in-Gandhinagar&id=4d423739383739323833,2026-04-19 13:51:41,23.1848805,72.615856,,Sargasan,"Sargasan, Gandhinagar, Gujarat 96 38 702410",,,,Apartment,Furnished,3,5,East,560,Sq-ft,5 to 10 years,"Multistorey apartment is available for rent. It is a good location property. Please contact for more details. Check out this newly constructed 2 BHK flat on rent in the prime location of Sargasan Gandhinagar. The 2 BHK apartment is available at a reasonable rent of ₹25,000. 3 Wardrobe, 2 Bed, 1 TV, Fridge, 1 AC, Sofa, Washing Machine and Gas Connection are some of the additional amenities available with the apartment. Located on the 3 floor, the flat has 2 bathrooms, 2 balcony in carpet area of 1500 sqft. The property includes 1 Covered, 1 Open parking. The flat comes with security. Visit the flat at Sargasan, Gandhinagar, Gujarat . There are no brokerage fees on this 2 BHK multistorey apartment.",25000,25000,,45,2,"1 Covered, 1 Open",No,No,No,,False,False,Owner,60,Immediately,2026-03-19T21:33:59.000Z,"Mar 20, '26",True
v5iO7a51RQVzpSvf+uAgZw==,Magicbricks,https://www.magicbricks.com/property-details/2-BHK-1400-Sq-ft-Penthouse-FOR-Rent-Sector-22-in-Gandhinagar&id=4d423436363035353433,2026-04-19 13:51:41,23.2350111,72.6579865,,Sector 22,"T-1, Plot No 184, Pramukhsneh Apt.",,,,Penthouse,Furnished,3,3,East,1400,Sq-ft,5 to 10 years,"Fully furnished penthouse including Refrigerator, washing machine, bed, sofa, geyser etc. If you are searching a 2 BHK apartment for rent in Sector 22, check out this amazing rental flat. This 2 BHK flat can be availed at the rental price of ₹21,000. Additional amenities available with the flat are Fridge, Sofa, Dining Table and Gas Connection. The flat is on the 3 floor and includes 2 bathrooms, 1 balcony with a covered area of 1400 sqft. The property includes 1 Covered, 2 Open parking. This home provides reserved parking. Visit the flat at T-1, Plot No 184, Pramukhsneh Apt., Sector 22, Gandhinagar, Gujarat. You can find the 2 BHK flat without any brokerage.",21000,21000,0,15,2,"1 Covered, 2 Open",No,No,No,Jogging and Strolling Track,False,False,Owner,95,Immediately,2026-02-28T08:03:22.000Z,"Feb 28, '26",True
71hV4imrZ/RzpSvf+uAgZw==,Magicbricks,https://www.magicbricks.com/property-details/2-BHK-967-Sq-ft-Multistorey-Apartment-FOR-Rent-Sughad-in-Gandhinagar&id=4d423735343738393533,2026-04-19 13:51:41,23.1213755,72.6224208,,Sughad,2q7.,,,,Apartment,Semi-Furnished,2,3,West,967,Sq-ft,5 to 10 years,"Find 2 BHK flat for rent in Sughad Gandhinagar. This 2 BHK flat can be availed at the rental price of ₹16,000. The apartment is on the 2 floor, has a covered area of 967 sqft with 2 bathrooms and 2 balcony. This 2 BHK apartment ad is listed by the owner, so there is no brokerage fee.",16000,,,17,2,,No,No,No,,False,False,Owner,41,Immediately,2026-03-29T15:12:06.000Z,"Mar 29, '26",True
WYkyQSV6pDtzpSvf+uAgZw==,Magicbricks,https://www.magicbricks.com/property-details/2-BHK-112-Sq-yrd-Multistorey-Apartment-FOR-Rent-Gandhinagar-in-Gandhinagar&id=4d423833343139373835,2026-04-19 13:51:41,23.0395677,72.5660045,,Gandhinagar,"Gandhinagar, Gujarat",,,,Apartment,Furnished,1,5,,112,Sq-yrd,New Construction,"Grab the chance to own this affordable 2 BHK flat for rent in the Gandhinagar area. The rent of the 2 BHK flat is ₹25,000. The flat is located on the 1 floor which includes 2 bathrooms, 1 balcony, and covers a covered area of 112 sqyrd. This property offers security, air conditioned, ro water system. The full address of the apartment is Gandhinagar, Gandhinagar, Gujarat. Do not pay any brokerage fee for this 2 BHK rental flat since the property ad is posted by the flat owner.",25000,25000,,25,2,,Yes,No,No,"Air Conditioned, RO Water System",False,False,Owner,62,Immediately,2026-02-15T09:37:52.000Z,"Feb 15, '26",True
5ZoyVygSTDpzpSvf+uAgZw==,Magicbricks,https://www.magicbricks.com/property-details/2-BHK-150-Sq-ft-Multistorey-Apartment-FOR-Rent-Palaj-in-Gandhinagar&id=4d423833383539323039,2026-04-19 13:51:41,23.221184,72.693282,,Devendra Dubey,"Gandhinagar, Gujarat",,,,Apartment,Unfurnished,2,4,,,,5 to 10 years,"Check out this newly constructed 2 BHK flat on rent in the prime location of Palaj Gandhinagar. ₹8,000 is the monthly rent of this 2 BHK flat. Located on the 2 floor, the flat comprises 2 bathrooms, 2 balcony, and has a carpet area of 150 sqft. The apartment is located at Palaj, Gandhinagar, Gujarat. This is a no-brokerage flat because the owner has posted the ad on this 2 BHK apartment.",8000,8000,500,,2,,No,No,No,,False,False,Owner,31,Immediately,2026-03-19T09:02:50.000Z,"Mar 19, '26",True
MYDhuOPxFFtzpSvf+uAgZw==,Magicbricks,https://www.magicbricks.com/property-details/2-BHK-1575-Sq-ft-Multistorey-Apartment-FOR-Rent-Adalaj-in-Gandhinagar&id=4d423833393633313235,2026-04-19 13:51:41,23.164356,72.581158,,Adalaj,"anant parmeshwar,near,anavya parmeshwar,water tank near, sabarmati mehsana highway",,,,Apartment,Furnished,2,14,,1575,Sq-ft,New Construction,"2 BHK flat is available for rent in Adalaj immediately. The apartment is available at an affordable rental price of ₹22,500. Located on the 2 floor, the flat has 2 bathrooms, 1 balcony in covered area of 1575 sqft. The building comprises 14 floor and includes Kids play area features. You can visit the flat at Nr Water Tank, Opp. Anavya Parmeshwar, Sabaramti Mehsana Highway, Adalaj, Gandhinagar. This 2 BHK rental flat comes with no brokerage fees.",22500,45000,2000,14,2,,No,No,No,,False,False,Owner,60,Immediately,2026-03-27T09:35:10.000Z,"Mar 27, '26",True
GyR74jOmisdzpSvf+uAgZw==,Magicbricks,https://www.magicbricks.com/property-details/2-BHK-630-Sq-ft-Multistorey-Apartment-FOR-Rent-Sargasan-in-Gandhinagar&id=4d423833343936323933,2026-04-19 13:51:41,23.1848805,72.615856,,Sargasan,"Palm Road,Sargasan",,,,Apartment,Semi-Furnished,10,11,North - East,630,Sq-ft,Less than 5 years,"If you are searching a 2 BHK apartment for rent in Sargasan, check out this amazing rental flat. The rent of the 2 BHK flat is ₹25,000. Located on the 10 floor, the flat comprises 2 bathrooms, 1 balcony, and has a covered area of 630 sqft. This property features 11 floor and offers a range of Kids Play Pool With Water Slides facilities. The apartment comes furnished with reserved parking, security, air conditioned, ro water system. Visit the apartment at SG Highway, Ahmedabad.. This 2 BHK flat is directly posted by the owner, so you don't need to pay any brokerage on this property.",25000,60000,0,40,2,,No,No,No,"Air Conditioned, Banquet Hall, Jogging and Strolling Track, Outdoor Tennis Courts",False,False,Owner,69,Immediately,2026-02-21T04:23:23.000Z,"Feb 21, '26",True
LOJYdRGnJYRzpSvf+uAgZw==,Magicbricks,https://www.magicbricks.com/property-details/2-BHK-98-Sq-yrd-Multistorey-Apartment-FOR-Rent-Sargasan-in-Gandhinagar&id=4d423833303232353533,2026-04-19 13:51:41,23.1848805,72.615856,,Sargasan,"Gandhinagar, Gujarat",,,,Apartment,Unfurnished,5,5,,98,Sq-yrd,5 to 10 years,"Grab the chance to own this affordable 2 BHK flat for rent in the Sargasan area. The multistorey apartment is available at rent of ₹16,000. Located on the 5 floor, the flat comprises 2 bathrooms, 1 balcony, and has a carpet area of 65 sqyrd. This property features 5 floor and offers a range of Early Learning Centre, Kids Club, Kids Play Pool With Water Slides facilities. Visit the flat at F P No 97, Off S G Highway, Sargasan, Gandhinagar. There are no brokerage fees on this 2 BHK multistorey apartment.",16000,17000,1000,18,2,,No,No,No,,False,False,Owner,38,Immediately,2026-02-21T22:30:43.000Z,"Feb 22, '26",True
4ob+Vsp14sBzpSvf+uAgZw==,Magicbricks,https://www.magicbricks.com/property-details/2-BHK-800-Sq-ft-Multistorey-Apartment-FOR-Rent-in-Gandhinagar&id=4d423833363533383831,2026-04-19 13:51:41,,,,arshad,"Gandhinagar, Gujarat",,,,Apartment,Semi-Furnished,6,7,,800,Sq-ft,,"Grab the chance to own this affordable 2 BHK flat for rent in the new 2bhk semi Furnished flat area. The flat is available for rent at a competitive amount of ₹15,000. This 2 BHK apartment ad is listed by the owner, so there is no brokerage fee.",15000,,,19,2,,No,No,No,,False,False,Owner,41,Immediately,2026-03-05T15:41:22.000Z,"Mar 05, '26",True
Asc7d1CIbIVzpSvf+uAgZw==,Magicbricks,https://www.magicbricks.com/property-details/2-BHK-140-Sq-yrd-Multistorey-Apartment-FOR-Rent-in-Gandhinagar&id=4d423833363532333339,2026-04-19 13:51:41,,,,Vivek Patel,"Gandhinagar, Gujarat",,,,Apartment,Furnished,2,5,,140,Sq-yrd,,"Multistorey apartment is available for rent. It is a good location property. Please contact for more details. Grab the chance to own this affordable 2 BHK flat for rent in the Kudasan, Gandhinagar area. ₹19,000 is the monthly rent of this 2 BHK flat. The brokerage amount of the 2 BHK apartment is zero.",19000,,,15,2,,No,No,No,,False,False,Owner,33,Immediately,2026-03-05T12:37:54.000Z,"Mar 05, '26",True
4gnKCNEWuGxzpSvf+uAgZw==,Magicbricks,https://www.magicbricks.com/property-details/2-BHK-147-Sq-yrd-Multistorey-Apartment-FOR-Rent-Gandhinagar-in-Gandhinagar&id=4d423335313132373933,2026-04-19 13:51:41,23.0395677,72.5660045,,Gandhinagar,Nr. Sargasan four roads,,,,Apartment,Furnished,3,5,East,147,Sq-yrd,5 to 10 years,"Find this 2 BHK rental flat in Gandhinagar Gandhinagar. This 2 BHK flat can be availed at the rental price of ₹24,500. Here you can enjoy world class facilities like 4 Wardrobe, 4 Bed, 1 TV, Fridge, 2 AC, Sofa, Dining Table and Gas Connection. Located on the 3 floor, the flat has 2 bathrooms, 5 balcony in carpet area of 100 sqyrd. 1 Covered parking space is also available. The flat comes with power back up, reserved parking, security. The flat can be visited at Gandhinagar,gujarat,India.. This is a no-brokerage flat, as the owner is offering this 2 BHK flat on rent.",24500,49000,1800,19,2,1 Covered,Yes,No,No,Jogging and Strolling Track,False,False,Owner,98,Immediately,2026-03-06T07:14:51.000Z,"Mar 06, '26",True
gbfUOSlaRgFzpSvf+uAgZw==,Magicbricks,https://www.magicbricks.com/property-details/2-BHK-135-Sq-yrd-Multistorey-Apartment-FOR-Rent-Gandhinagar-in-Gandhinagar&id=4d423735373437393731,2026-04-19 13:51:41,23.0395677,72.5660045,,Gandhinagar,A705.,,,,Apartment,Semi-Furnished,7,8,,135,Sq-yrd,10 to 15 years,"Find this 2 BHK rental flat in Gandhinagar Gandhinagar. This 2 BHK flat is available at the reasonable rent amount of ₹16,500. Some added-on facilities available with the flat are 4 Wardrobe, 4 Bed, 1 TV, Fridge and Dining Table. The apartment is on the 7 floor, has a carpet area of 90 sqyrd with 2 bathrooms and 2 balcony. This is a no-brokerage flat, as the owner is offering this 2 BHK flat on rent.",16500,30000,1250,14,2,,No,No,No,,False,False,Owner,60,Immediately,2026-03-20T21:30:47.000Z,"Mar 21, '26",True
pvtAnkOggQdzpSvf+uAgZw==,Magicbricks,https://www.magicbricks.com/property-details/3-BHK-1310-Sq-ft-Multistorey-Apartment-FOR-Rent-Randesan-in-Gandhinagar&id=4d423832383631383731,2026-04-19 13:51:41,23.17588,72.65443,,Randesan,"Pramukh omkar rivanta,dholeshwar mahdev randesan  gandhinagar 382007.",,382007,,Apartment,Semi-Furnished,13,14,East,1310,Sq-ft,2020,"Semi Furnished property located at Randesan. Prime location, Available only rental for Family. Best Residential Scheme in this Area for peaceful living and environment. 3 BHK apartment is available on rent in Randesan Gandhinagar right away. The Rent amount of this 3 BHK apartment is set at an attractive price of ₹27,000. The residents of the flat have access to additional facilities such as 3 Bed and Gas Connection. The apartment is on the 13 floor, has a carpet area of 1250 sqft with 3 bathrooms and 1 balcony. The property has 14 floor and is equipped with Kids play area, Guest Accommodation facilities. The apartment is equipped with power back up, reserved parking, security. You can visit the flat at PRAMUKH OMKAR RIVANTA,DHOLESHWAR MAHDEV RANDESAN GANDHINAGAR 382007.",27000,54000,2000,21,3,,Yes,No,No,Jogging and Strolling Track,False,True,Agent,87,Immediately,2026-03-09T07:57:11.000Z,"Mar 09, '26",True
wRXkrewD6QBzpSvf+uAgZw==,Magicbricks,https://www.magicbricks.com/property-details/3-BHK-2475-Sq-ft-Multistorey-Apartment-FOR-Rent-Vavol-in-Gandhinagar&id=4d423830323337303239,2026-04-19 13:51:41,23.2248961,72.619552,,Vavol,"Near Indian oil petrol pump,New Vavol",,,,Apartment,Furnished,1,12,West,2475,Sq-ft,New Construction,"Best Location And Locality Best Property 3 BHK flat is available for rent in Vavol immediately. Available at a rental price of ₹28,000, this 3 BHK flat is worth considering. Located on the 1 floor, the flat comprises 3 bathrooms, 1 balcony, and has a carpet area of 1485 sqft. The residence includes power back up, reserved parking, security, service/goods lift, air conditioned. This flat is located at Vavol, Gandhinagar, Gujarat .",28000,56000,1000,11,3,,No,No,No,"Air Conditioned, Laundry Service, Banquet Hall, Jogging and Strolling Track",False,True,Agent,80,Immediately,2026-02-19T14:52:22.000Z,"Feb 19, '26",True
R0wheAnO6hlzpSvf+uAgZw==,Magicbricks,https://www.magicbricks.com/property-details/3-BHK-309-Sq-yrd-Multistorey-Apartment-FOR-Rent-Randesan-in-Gandhinagar&id=4d423833373031333131,2026-04-19 13:51:41,23.17588,72.65443,,Randesan,9th floor,,,,Apartment,Semi-Furnished,13,13,East,309,Sq-yrd,New Construction,"eastfacing flat semi furnisht with modular kichen You can explore this 3 BHK flat on rent in Randesan Gandhinagar. The rent of the 3 BHK flat is ₹30,000. Additional amenities available with the flat are Gas Connection. The apartment is on the 13 floor, has a carpet area of 160 sqyrd with 3 bathrooms and 2 balcony. There is also facility of 2 Covered parking. This home provides reserved parking, security. You can visit the flat at 9th floor, Randesan, Gandhinagar, Gujarat.",30000,60000,,11,3,2 Covered,No,No,No,,True,True,Agent,90,Immediately,2026-03-09T06:37:13.000Z,"Mar 09, '26",True
MMdYkQ4fJwdzpSvf+uAgZw==,Magicbricks,https://www.magicbricks.com/property-details/3-BHK-230-Sq-yrd-Multistorey-Apartment-FOR-Rent-Randesan-in-Gandhinagar&id=4d423834313134353633,2026-04-19 13:51:41,23.17588,72.65443,,Randesan,"Gandhinagar, Gujarat",,382007,,Apartment,Furnished,1,13,East,230,Sq-yrd,New Construction,"good location and good locality If you are planning to rent a flat, you can consider this 3 BHK flat situated in the prime location of Randesan. The flat is available for rent at a competitive amount of ₹35,000. Located on the 1 floor, the flat has 3 bathrooms, 3 balcony in carpet area of 210 sqyrd. This building features 13 floor and provides Kids play area, Guest Accommodation facilities. The apartment comes furnished with power back up, reserved parking, security, service/goods lift. The flat can be visited at PRAMUKH OMKAR RIVANTA,DHOLESHWAR MAHDEV RANDESAN GANDHINAGAR 382007.",35000,70000,1000,17,3,,Yes,No,No,"Service/Goods Lift, Banquet Hall, Jogging and Strolling Track, Outdoor Tennis Courts",True,True,Agent,78,Immediately,2026-04-07T06:35:30.000Z,"Apr 07, '26",True
WmltOfTOLlBzpSvf+uAgZw==,Magicbricks,https://www.magicbricks.com/property-details/3-BHK-270-Sq-yrd-Multistorey-Apartment-FOR-Rent-Raysan-in-Gandhinagar&id=4d423833303932343539,2026-04-19 13:51:41,23.16672,72.66059,,Raysan,gandhinagar,19210|GNLU Metro Station|5 minutes,,,Apartment,Semi-Furnished,4,8,East,270,Sq-yrd,Less than 5 years,"This property is new construction and well maintained society, prime location and big gardan and children play area, many iminites and specious flat , alloted parking and big visitor parking available, only family members allow ,24 h security and water line available, nice one society",28000,56000,1500,12,3,2 Open,Yes,No,No,Jogging and Strolling Track,True,True,Agent,100,Immediately,2026-03-30T14:09:01.000Z,"Mar 30, '26",True
21EAxZAeEGBzpSvf+uAgZw==,Magicbricks,https://www.magicbricks.com/property-details/3-BHK-1800-Sq-ft-Multistorey-Apartment-FOR-Rent-Randesan-in-Gandhinagar&id=4d423637393935393239,2026-04-19 13:51:41,23.17588,72.65443,,Randesan,502.,,,,Apartment,Furnished,5,5,North - East,1800,Sq-ft,Less than 5 years,"this property is near by tcs and gift city rode full furniture flat on rent 3 ac 3 room all If you are searching a 3 BHK apartment for rent in Randesan, check out this amazing rental flat. This 3 BHK flat can be availed at the rental price of ₹32,000. The flat is located on the 5 floor which includes 3 bathrooms, 1 balcony, and covers a carpet area of 1465 sqft. This property features 5 floor and offers a range of Early Learning Centre facilities. The property features power back up, reserved parking, security, service/goods lift, air conditioned, intercom facility, ro water system. The full address of the apartment is Opp Infocity, Nr Sabarmati River Bank, GIFT City Road, Randesan, Gandhinagar, Ahmedabad.",32000,64000,0,18,3,,No,No,No,"Air Conditioned, Laundry Service, Banquet Hall, Bar/Lounge",False,True,Agent,85,Select Date,2026-03-05T09:30:04.000Z,"Mar 05, '26",True
jjw3qxtzFPJzpSvf+uAgZw==,Magicbricks,https://www.magicbricks.com/property-details/3-BHK-1500-Sq-ft-Multistorey-Apartment-FOR-Rent-Kudasan-in-Gandhinagar&id=4d423732313434383435,2026-04-19 13:51:41,23.1698784,72.6232479,,Kudasan,kudasan,,,,Apartment,Furnished,3,10,East,,,Less than 5 years,"3 bhk FULLY FURNISHED available for rent in kudasan. If you are planning to rent a flat, you can consider this 3 BHK flat situated in the prime location of Kudasan. The Rent amount of this 3 BHK apartment is set at an attractive price of ₹33,000. The apartment is on the 3 floor, has a carpet area of 1500 sqft with 3 bathrooms and 2 balcony. The property includes 1 Covered, 1 Open parking. This unit is designed with power back up, reserved parking, security. The apartment is located at Palm Rd, Urjanagar 1, Kudasan, Gandhinagar, Gujarat .",33000,64000,0,,3,"1 Covered, 1 Open",Yes,No,No,"Laundry Service, Outdoor Tennis Courts",True,True,Agent,95,Immediately,2026-04-07T06:16:21.000Z,"Apr 07, '26",True
b10chEDaJohzpSvf+uAgZw==,Magicbricks,https://www.magicbricks.com/property-details/3-BHK-1655-Sq-ft-Multistorey-Apartment-FOR-Rent-Sargasan-in-Gandhinagar&id=4d423834303838303031,2026-04-19 13:51:41,23.1848805,72.615856,,Sargasan,"Nr. info city  TCS IT park, sargasan circle, sargasan, gandhinagar.",,,,Apartment,Furnished,1,5,North - East,1655,Sq-ft,10 to 15 years,"ncludes beds with mattresses, wardrobes, sofa sets, dining tables, ACs, TV, fridge, washing machine, and a modular kitchen with a chimney and RO system.Swimming pool, club house, and a landscaped park with a childrens play",35000,70000,0,21,3,1 Covered,Yes,No,No,Jogging and Strolling Track,True,True,Agent,78,Immediately,2026-04-05T10:57:16.000Z,"Apr 05, '26",True
N5Of9OB1Mb1zpSvf+uAgZw==,Magicbricks,https://www.magicbricks.com/property-details/3-BHK-1400-Sq-ft-Multistorey-Apartment-FOR-Rent-Sargasan-in-Gandhinagar&id=4d423833343633313439,2026-04-19 13:51:41,23.1848805,72.615856,,Sargasan,sargasan,,,,Apartment,Furnished,5,7,,1400,Sq-ft,10 to 15 years,"3 BHK flat is available for rent in Sargasan immediately. This 3 BHK flat can be availed at the rental price of ₹30,000. Located on the 5 floor, the flat has 3 bathrooms, 3 balcony in covered area of 1400 sqft. Visit the apartment at Opp. Swagat Flamingo, S.G Highway, Sargaasan, Gandhinagar.",30000,60000,0,21,3,,No,No,No,,False,True,Agent,60,Immediately,2026-02-18T13:13:17.000Z,"Feb 18, '26",True
/q9E8QcTmMVzpSvf+uAgZw==,Magicbricks,https://www.magicbricks.com/property-details/3-BHK-1925-Sq-ft-Multistorey-Apartment-FOR-Rent-Randesan-in-Gandhinagar&id=4d423834313431383531,2026-04-19 13:51:41,23.17588,72.65443,,Randesan,"Randesan,Gandhinagar",,382007,,Apartment,Furnished,6,14,East,1925,Sq-ft,2009,"3 BHK flat is available for rent in Randesan immediately. Available at a rental price of ₹38,000, this 3 BHK flat is worth considering. 2 Wardrobe, 3 Bed, 1 TV, Fridge, 1 AC, Sofa, Washing Machine and Gas Connection are some of the additional amenities available with the apartment. The apartment is on the 6 floor, has a carpet area of 1260 sqft with 3 bathrooms and 1 balcony. 1 Covered parking facility are also available. The building comprises 14 floor and includes Kids play area, Guest Accommodation features. The residence includes power back up, reserved parking, security. This flat is located at PRAMUKH OMKAR RIVANTA,DHOLESHWAR MAHDEV RANDESAN GANDHINAGAR 382007.",38000,1,0,20,3,1 Covered,Yes,No,No,Jogging and Strolling Track,False,True,Agent,95,Select Date,2026-04-08T09:45:09.000Z,"Apr 08, '26",True
seIMVC7HYO9zpSvf+uAgZw==,Magicbricks,https://www.magicbricks.com/property-details/3-BHK-1944-Sq-ft-Multistorey-Apartment-FOR-Rent-Sargasan-in-Gandhinagar&id=4d423833393939313439,2026-04-19 13:51:41,23.1848805,72.615856,,Sargasan,sargasan,,,,Apartment,Furnished,9,13,South - East,1944,Sq-ft,New Construction,"If you are searching a 3 BHK apartment for rent in Sargasan, check out this amazing rental flat. This 3 BHK flat can be availed at the rental price of ₹35,000. The flat is located on the 9 floor which includes 3 bathrooms, 2 balcony, and covers a carpet area of 1166 sqft. The flat comes with security. The apartment is located at Callisto Sapphire, The Palm Road, Gandhinagar, Gandhinagar, Gujarat.",35000,,,18,3,,No,No,No,,False,True,Agent,71,Immediately,2026-03-30T13:24:45.000Z,"Mar 30, '26",True
S+hfGs+WgupzpSvf+uAgZw==,Magicbricks,https://www.magicbricks.com/property-details/3-BHK-1096-Sq-ft-Multistorey-Apartment-FOR-Rent-Kudasan-in-Gandhinagar&id=4d423832373730313633,2026-04-19 13:51:41,23.1698784,72.6232479,,Kudasan,"Gandhinagar, Gujarat",,,,Apartment,Semi-Furnished,3,5,East,1096,Sq-ft,Less than 5 years,"A beautiful 3 BHK flat is available for rent in Kudasan. This 3 BHK flat can be availed at the rental price of ₹30,000. Located on the 3 floor, the flat has 3 bathrooms, 2 balcony in covered area of 1096 sqft. The building has 5 floor and offers Kids play area amenities. The flat comes with reserved parking, security. Visit the flat at R S No.144, F P No. 150, S P No. 150B, Kudasan T P 6, Guda, Sargaasan, Gandhinagar.",30000,60000,0,27,3,,No,Yes,No,Jogging and Strolling Track,True,True,Agent,53,Immediately,2026-03-14T14:58:05.000Z,"Mar 14, '26",True
jdeR34ZuSnxzpSvf+uAgZw==,Magicbricks,https://www.magicbricks.com/property-details/3-BHK-2000-Sq-ft-Multistorey-Apartment-FOR-Rent-Sargasan-in-Gandhinagar&id=4d423736313535373739,2026-04-19 13:51:41,23.1848805,72.615856,,Sargasan,"swagat blossom,sargasan",,,,Apartment,Furnished,4,7,East,2000,Sq-ft,Less than 5 years,"near by NIFT, TCS, NID, and infocity allow to beachlers Check out this newly constructed 3 BHK flat on rent in the prime location of Sargasan Gandhinagar. The apartment is available at an affordable rental price of ₹32,000. The flat is located on the 4 floor which includes 3 bathrooms, 3 balcony, and covers a carpet area of 1700 sqft. 1 Covered parking facility are also available. This home provides power back up, reserved parking, security, service/goods lift, ro water system. You can visit the flat at Nr. info city & TCS IT park, sargasan circle, sargasan, gandhinagar..",32000,62000,0,16,3,1 Covered,Yes,No,No,"Service/Goods Lift, RO Water System, Jogging and Strolling Track",True,True,Agent,92,Immediately,2026-02-18T12:35:01.000Z,"Feb 18, '26",True
Xuu6M6AXAj9zpSvf+uAgZw==,Magicbricks,https://www.magicbricks.com/property-details/3-BHK-2070-Sq-ft-Multistorey-Apartment-FOR-Rent-Raysan-in-Gandhinagar&id=4d423833393630323633,2026-04-19 13:51:41,23.16672,72.66059,,Raysan,3bhk on rent at Raysan,19210|GNLU Metro Station,,,Apartment,Semi-Furnished,7,10,North - East,2070,Sq-ft,Less than 5 years,"3bhk on rent at raysan fully furnished flat You can avail the 3 BHK flat for rent in the well-known location of Raysan. The rent of the 3 BHK flat is ₹27,000. Additional amenities available with the flat are 2 Wardrobe, 2 Bed, Sofa and Gas Connection. The flat is on the 7 floor and includes 3 bathrooms, 3 balcony with a carpet area of 1345 sqft. You will also find 1 Covered, 1 Open parking facility. This unit features power back up, reserved parking, security. Find this apartment at 3bhk on rent at Raysan, Raysan, Gandhinagar, Gujarat.",27000,27000,1500,13,3,"1 Covered, 1 Open",Yes,No,No,Jogging and Strolling Track,False,True,Agent,90,Immediately,2026-04-16T23:45:23.000Z,"Apr 17, '26",True
yvgzYnUofGdzpSvf+uAgZw==,Magicbricks,https://www.magicbricks.com/property-details/3-BHK-2700-Sq-ft-Multistorey-Apartment-FOR-Rent-PDPU-Road-in-Gandhinagar&id=4d423832303635363731,2026-04-19 13:51:41,23.1540460891807,72.6665273263145,,Pooja Modi,5th floor,,,,Apartment,Semi-Furnished,5,12,East,2700,Sq-ft,New Construction,"The apartment is located at Royal Street, PDPU road. Modular kitchen, Air conditioners, Gas pipeline, light and fan, etc. will be provided. Connect me on my WhatsApp contact 97240 85872 3 BHK flat is available for rent in PDPU Road immediately. You can get this flat at monthly rent of ₹40,000. The flat is located on the 5 floor which includes 3 bathrooms, 1 balcony, and covers a carpet area of 1400 sqft. This property includes 12 floor and provides Kids play area benefits. This unit features power back up, reserved parking, security, service/goods lift, air conditioned, visitor parking, intercom facility. Visit the flat at The Gate By Dev Aashish, Royal Street, Near Gujarat National Law University, PDPU Road, Gandhinagar. This 3 BHK flat is directly posted by the owner, so you don't need to pay any brokerage on this property.",40000,,,15,3,,No,No,No,"Air Conditioned, Banquet Hall, Jogging and Strolling Track, Skyline View",False,False,Owner,79,Immediately,2026-04-08T15:46:04.000Z,"Apr 08, '26",True
9qVL2JcOpt9zpSvf+uAgZw==,Magicbricks,https://www.magicbricks.com/property-details/3-BHK-264-Sq-yrd-Multistorey-Apartment-FOR-Rent-Kudasan-in-Gandhinagar&id=4d423736373639303035,2026-04-19 13:51:41,23.1698784,72.6232479,,Kudasan,"Radhe Infinity, Raksha Shakti Circle, Gandhinagar ByPass Road, Nr Swaminarayan Dham, Kudasan, Gandhinagar - 382421",,,,Apartment,Semi-Furnished,10,14,East,264,Sq-yrd,New Construction,"This project is situated adjacent to Metro Terminal. The best feature of the project is its proximity to GIFT City, Infocity, D Mart, as also a host of Commercial Complexes between Kudasan and Sargasan. Even though its located at the Cross Roads, the noise from the traffic is completely cut off by the Radhe Infinity Commercial Complex, which nestles the residential complex.",29900,59000,2000,13,3,224 Covered,No,No,No,"Laundry Service, RO Water System, Banquet Hall, Jogging and Strolling Track",False,False,Owner,100,Select Date,2026-04-14T12:08:33.000Z,"Apr 14, '26",True
mG8ZTR/sAOxzpSvf+uAgZw==,Magicbricks,https://www.magicbricks.com/property-details/3-BHK-220-Sq-yrd-Multistorey-Apartment-FOR-Rent-Kudasan-in-Gandhinagar&id=4d423833313835383837,2026-04-19 13:51:41,23.1698784,72.6232479,,Kudasan,"Kudasan,Gandhinagar",,,,Apartment,Furnished,1,7,,220,Sq-yrd,10 to 15 years,"Multistorey apartment is available for rent. It is a good location property. Please contact for more details. Grab the chance to own this affordable 3 BHK flat for rent in the Kudasan area. ₹35,000 is the monthly rent of this 3 BHK flat. 3 Wardrobe, 3 Bed, 2 TV, Fridge, Microwave, 3 AC, Sofa, Washing Machine, Dining Table and Gas Connection are some of the additional amenities available with the apartment. The flat is on the 1 floor and includes 3 bathrooms, 2 balcony with a covered area of 220 sqyrd. The property consists of 7 floor and offers Early Learning Centre, Kids Club conveniences. The apartment is located at Poojan residency akshat residency kudasan Gandhinagar. This is a no-brokerage flat, as the owner is offering this 3 BHK flat on rent.",35000,50000,2000,18,3,,No,No,No,,False,False,Owner,58,Immediately,2026-04-09T21:30:38.000Z,"Apr 10, '26",True
j9J64UOUO81zpSvf+uAgZw==,Magicbricks,https://www.magicbricks.com/property-details/3-BHK-2475-Sq-ft-Multistorey-Apartment-FOR-Rent-Kudasan-in-Gandhinagar&id=4d423834333037363939,2026-04-19 13:51:41,23.1698784,72.6232479,,Kudasan,"Kudasan,Gandhinagar",,,,Apartment,Semi-Furnished,9,13,North - East,2475,Sq-ft,,"Spacious and wellventilated 3 BHK apartment available for rent near PDPU Cross, Gandhinagar, ideal for families or professionals.Located in a prime, well-connected area with easy access to colleges, offices, and daily essentials",26000,26000,1800,11,3,1 Covered,Yes,Yes,No,Jogging and Strolling Track,False,False,Owner,73,Immediately,2026-04-19T06:55:00.000Z,Today,True
DPKVwXTdxJ5zpSvf+uAgZw==,Magicbricks,https://www.magicbricks.com/property-details/3-BHK-1500-Sq-ft-Multistorey-Apartment-FOR-Rent-Koba-in-Gandhinagar&id=4d423739393130343133,2026-04-19 13:51:41,23.150331,72.640657,,Roopika, Koba,,,,Apartment,Furnished,11,12,East,1500,Sq-ft,New Construction,"New flat with all facilities and great connectivity to all areas. Grab the chance to own this affordable 3 BHK flat for rent in the Koba area. ₹38,000 is the monthly rent of this 3 BHK flat. The apartment is on the 11 floor, has a carpet area of 1500 sqft with 3 bathrooms and 1 balcony. The building comprises 12 floor and includes Kids play area features. This unit is designed with air conditioned. Visit the apartment at Survey No 121/4,121/5,121/7,122/3/002 Paiki 1, Tp Scheme No.2 Fp No. 67, K Raheja Road,Koba, Gandhinagar, Gujarat. The brokerage amount of the 3 BHK apartment is zero.",38000,35000,,25,3,,Yes,No,No,Air Conditioned,False,False,Owner,70,Immediately,2026-04-15T13:52:21.000Z,"Apr 15, '26",True
6gsTUFyx63RzpSvf+uAgZw==,Magicbricks,https://www.magicbricks.com/property-details/3-BHK-250-Sq-yrd-Multistorey-Apartment-FOR-Rent-Kudasan-in-Gandhinagar&id=4d423732323135363139,2026-04-19 13:51:41,23.1698784,72.6232479,,Kudasan,"Gandhinagar, Gujarat",,,,Apartment,,,,,250,Sq-yrd,,"You can explore this 3 BHK flat on rent in Kudasan Gandhinagar. The flat is available for rent at a competitive amount of ₹26,500. This flat is located at Nr. Sarthak Heaven, P.D.P.U Cross Road, Kudasan, Urjanagar, Gandhinagar. This is a no-brokerage flat, as the owner is offering this 3 BHK flat on rent.",26500,,,12,,,No,No,No,,False,False,Owner,19,Immediately,2026-04-14T15:41:15.000Z,"Apr 14, '26",True
w/t1FNGl7O5zpSvf+uAgZw==,Magicbricks,https://www.magicbricks.com/property-details/3-BHK-215-Sq-yrd-Multistorey-Apartment-FOR-Rent-Gandhinagar-in-Gandhinagar&id=4d423833323433353131,2026-04-19 13:51:41,23.0395677,72.5660045,,Gandhinagar,"Gandhinagar, Gujarat",,,,Apartment,Semi-Furnished,5,12,,215,Sq-yrd,,"A multistorey apartment is available for rent. It is a good location. Please contact for more details. You can explore this 3 BHK flat on rent in Gandhinagar Gandhinagar. Available at a rental price of ₹30,000, this 3 BHK flat is worth considering. The apartment is located at Behind Parijat bungalow, Beside pramukh aura, Sarghasan cross road, Gandhinagar. Do not pay any brokerage fee for this 3 BHK rental flat since the property ad is posted by the flat owner.",30000,,,16,3,,No,No,No,,False,False,Owner,53,Immediately,2026-04-15T21:30:37.000Z,"Apr 16, '26",True
QxtKm9QltftzpSvf+uAgZw==,Magicbricks,https://www.magicbricks.com/property-details/3-BHK-2025-Sq-ft-Multistorey-Apartment-FOR-Rent-Adalaj-in-Gandhinagar&id=4d423834323033373535,2026-04-19 13:51:41,23.164356,72.581158,,Adalaj,Adalaj to Zundal road,,,,Apartment,Semi-Furnished,11,14,East,2025,Sq-ft,New Construction,"spacious Balcony with Kitchen furnished 3 BHK flat is available for rent in Adalaj immediately. ₹27,000 is the monthly rent of this 3 BHK flat. Located on the 11 floor, the flat has 3 bathrooms, 1 balcony in covered area of 2025 sqft. The property consists of 14 floor and offers Kids play area conveniences. The apartment is equipped with power back up, reserved parking, security, service/goods lift. Visit the flat at Survey No. 849/B, F.P. No. 79/1, TPS No. 10, Nr. Sabarmati Canal, Opp. Shantiniketan Senior Living. This 3 BHK rental flat comes with no brokerage fees.",27000,54000,2500,13,3,,Yes,No,No,"Service/Goods Lift, Banquet Hall, Conference Room, Jogging and Strolling Track",False,False,Owner,78,Immediately,2026-04-12T05:41:10.000Z,"Apr 12, '26",True
z6bls44HYvVzpSvf+uAgZw==,Magicbricks,https://www.magicbricks.com/property-details/3-BHK-2000-Sq-ft-Multistorey-Apartment-FOR-Rent-Kudasan-in-Gandhinagar&id=4d423735373830383135,2026-04-19 13:51:41,23.1698784,72.6232479,,Kudasan,"Gandhinagar, Gujarat",,,,Apartment,Furnished,8,8,,,,5 to 10 years,"Multistorey apartment is available for rent. It has carpet area 2000 sq-ft, it is 3 BHK apartment. Please contact for more details. A beautiful 3 BHK flat is available for rent in Kudasan. The apartment is available at an affordable rental price of ₹27,000. Located on the 8 floor, the flat comprises 3 bathrooms, 3 balcony, and has a carpet area of 2000 sqft. Visit the flat at Next to Radhe Arcade and Residency, Gandhinagar - Ahmedabad Rd, near Hotel A, Urjanagar 1, Kudasan, . This 3 BHK flat is directly posted by the owner, so you don't need to pay any brokerage on this property.",27000,,,,3,,No,No,No,,False,False,Owner,33,Immediately,2026-02-13T21:33:13.000Z,"Feb 14, '26",True
jVohM32mLFlzpSvf+uAgZw==,Magicbricks,https://www.magicbricks.com/property-details/3-BHK-2475-Sq-ft-Multistorey-Apartment-FOR-Rent-Kudasan-in-Gandhinagar&id=4d423738383838343939,2026-04-19 13:51:41,23.1698784,72.6232479,,Kudasan,"Nr. Sarthak Heaven, P.D.P.U Cross Road, Kudasan, Urjanagar, Gandhinagar",,,,Apartment,Semi-Furnished,9,13,North - East,2475,Sq-ft,New Construction,Spacious and wellmaintained 3 BHK semifurnished flat available for rent from 1st April. The flat is in good condition and ideal for families or working professionals. Features Semifurnished Wellventilated rooms Good condition Ready to move in,26000,50000,2000,11,3,,No,No,No,"Air Conditioned, Laundry Service, Banquet Hall, Jogging and Strolling Track",False,True,Owner,82,Immediately,2026-03-23T11:35:59.000Z,"Mar 23, '26",True
EYbHdtRucC5zpSvf+uAgZw==,Magicbricks,https://www.magicbricks.com/property-details/3-BHK-1800-Sq-ft-Multistorey-Apartment-FOR-Rent-Sargasan-in-Gandhinagar&id=4d423739303535333439,2026-04-19 13:51:41,23.1848805,72.615856,,Sargasan,"Gandhinagar, Gujarat",,,,Apartment,Furnished,6,10,,1800,Sq-ft,Less than 5 years,"You can avail the 3 BHK flat for rent in the well-known location of Sargasan. Available at a rental price of ₹39,000, this 3 BHK flat is worth considering. The residents of the flat have access to additional facilities such as 3 Wardrobe, 3 Bed, 1 TV, Fridge, 3 AC, Sofa, Washing Machine, Dining Table and Gas Connection. Located on the 6 floor, the flat comprises 3 bathrooms, 2 balcony, and has a carpet area of 1080 sqft. The property includes 1 Covered parking. The building includes 10 floor and supports Kids Play Pool With Water Slides living. The apartment comes furnished with reserved parking, security. You can visit the flat at SG Highway, Ahmedabad.. The owner has posted this 3 BHK flat for rent, so the brokerage fees is zero on this multistorey apartment.",39000,39000,2700,22,3,1 Covered,No,No,No,,False,True,Owner,73,Immediately,2026-04-09T07:38:32.000Z,"Apr 09, '26",True
9Jj538VatCRzpSvf+uAgZw==,Magicbricks,https://www.magicbricks.com/property-details/3-BHK-186-Sq-ft-Multistorey-Apartment-FOR-Rent-Gandhinagar-in-Gandhinagar&id=4d423834303532373531,2026-04-19 13:51:41,23.0395677,72.5660045,,Gandhinagar,"Gandhinagar, Gujarat",,,,Apartment,Furnished,4,4,,,,2006,"You can avail the 3 BHK flat for rent in the well-known location of Gandhinagar. The flat is available for rent at a competitive amount of ₹35,000. Located on the 4 floor, the flat comprises 3 bathrooms, 2 balcony, and has a carpet area of 186 sqft. The residence includes security, service/goods lift, intercom facility.",35000,,,,3,,Yes,No,No,"Service/Goods Lift, Intercom Facility, Jogging and Strolling Track, Outdoor Tennis Courts",False,True,Agent,62,Immediately,2026-04-17T23:45:21.000Z,Yesterday,True
IPA2U7MD6xpzpSvf+uAgZw==,Magicbricks,https://www.magicbricks.com/property-details/3-BHK-236-Sq-yrd-Multistorey-Apartment-FOR-Rent-Sargasan-in-Gandhinagar&id=4d423833343438383839,2026-04-19 13:51:41,23.1848805,72.615856,,Sargasan,Sargasan,,,,Apartment,Furnished,8,13,North - East,236,Sq-yrd,New Construction,"The exact address of this famous project is Near Shiva Blessing, behind Swagat flamingo, Sarkhej Gandhinagar Hwy, Sargasan, Gandhinagar, Guja. The pin code of this masterpiece project is 382421. Relish the benefits of living in SHILP SERENITY, which offers all modern comforts.",30000,60000,0,14,3,1 Covered,No,No,No,"Air Conditioned, Banquet Hall, Bar/Lounge, Jogging and Strolling Track",False,True,Agent,100,Immediately,2026-04-17T23:45:19.000Z,Yesterday,True
CILKVVdC1h9zpSvf+uAgZw==,Magicbricks,https://www.magicbricks.com/property-details/3-BHK-1611-Sq-ft-Multistorey-Apartment-FOR-Rent-in-Gandhinagar&id=4d423834313232333837,2026-04-19 13:51:41,,,,3 D Property,1103.,,,,Apartment,Furnished,11,14,East,1611,Sq-ft,New Construction,"nice property 3 BHK flat is available for rent in the skylark immediately. The Rent amount of this 3 BHK apartment is set at an attractive price of ₹35,000. Located on the 11 floor, the flat comprises 3 bathrooms, 3 balcony, and has a covered area of 1611 sqft. This home provides air conditioned.",35000,70000,0,22,3,,No,No,No,"Air Conditioned, Laundry Service, Internet/Wi-Fi Connectivity, Jogging and Strolling Track",True,True,Agent,79,Immediately,2026-04-18T23:45:34.000Z,Today,True
mXquiKTDNVFzpSvf+uAgZw==,Magicbricks,https://www.magicbricks.com/property-details/3-BHK-2232-Sq-ft-Multistorey-Apartment-FOR-Rent-Kudasan-in-Gandhinagar&id=4d423833353231363535,2026-04-19 13:51:41,23.1698784,72.6232479,,Kudasan,Bhaijipura Cross Road,,,,Apartment,Semi-Furnished,4,13,East,2232,Sq-ft,New Construction,"High Demanding society for Cosmo culture You can explore this 3 BHK flat on rent in Kudasan Gandhinagar. This 3 BHK flat can be availed at the rental price of ₹29,000. Located on the 4 floor, the flat comprises 3 bathrooms, 1 balcony, and has a carpet area of 11222 sqft. 1 Covered parking space is also available. This property features 13 floor and offers a range of Kids play area, Kids Play Pool With Water Slides, Sand pit facilities. The flat comes with power back up, reserved parking, security, intercom facility. Visit the flat at Srushti By Kaavyaratan, Near Sarthak Pulse Mall,PDPU Cross Road,Bhaijupura,South kudasan Gandhinagar.",29000,29000,0,13,3,1 Covered,No,No,No,"Intercom Facility, Banquet Hall, Conference Room, Jogging and Strolling Track",False,True,Agent,100,Immediately,2026-04-17T23:45:21.000Z,Yesterday,True
eyDstlSOa0lzpSvf+uAgZw==,Magicbricks,https://www.magicbricks.com/property-details/3-BHK-268-Sq-yrd-Multistorey-Apartment-FOR-Rent-Raysan-in-Gandhinagar&id=4d423833343033323833,2026-04-19 13:51:41,23.16672,72.66059,,Raysan,Raysan,19210|GNLU Metro Station|5 minutes,,,Apartment,Furnished,3,11,East,268,Sq-yrd,New Construction,"Luxurious Apartments in Rayan area with full of amenities and open space. there is colleges hospital gift city nearby. If you are searching a 3 BHK apartment for rent in Raysan, check out this amazing rental flat. This 3 BHK flat can be availed at the rental price of ₹37,000. Located on the 3 floor, the flat has 3 bathrooms, 1 balcony in carpet area of 137 sqyrd. There is also facility of 2 Covered parking. This property includes 11 floor and provides Kids play area, Kids Club benefits. The flat comes with power back up, reserved parking, security, visitor parking. This flat is located at PDPU University Road, Opp. GNLU University, New GIFT City Road, Raysan, Gujarat.",37000,37000,0,15,3,2 Covered,No,No,No,"Visitor Parking, Banquet Hall, Jogging and Strolling Track",False,True,Agent,100,Immediately,2026-04-17T23:45:21.000Z,Yesterday,True
iDnWFT+NZA1zpSvf+uAgZw==,Magicbricks,https://www.magicbricks.com/property-details/4-BHK-2970-Sq-ft-Multistorey-Apartment-FOR-Rent-Randesan-in-Gandhinagar&id=4d423833373334353837,2026-04-19 13:51:41,23.17588,72.65443,,Randesan,"Survey No.233, 234 paiki 23, FP No.107, Gandhinagar, Gujarat",,,,Apartment,Unfurnished,11,14,East,2970,Sq-ft,2011,"Keshav Elitus is a modern residential project offering comfortable and stylish living. It features wellplanned homes with quality construction, spacious layouts, and essential amenities. Located in a developing area, it provides good connectivity to schools, markets, and daily conveniences, making it an ideal choice for families seeking a peaceful and convenient lifestyle.",40000,40000,0,13,4,1 Covered,Yes,Yes,No,Jogging and Strolling Track,True,True,Agent,98,Immediately,2026-04-18T23:45:32.000Z,Today,True
mnI9NtKCqlxzpSvf+uAgZw==,Magicbricks,https://www.magicbricks.com/property-details/4-BHK-458-Sq-yrd-Multistorey-Apartment-FOR-Rent-Kudasan-in-Gandhinagar&id=4d423732383437303635,2026-04-19 13:51:41,23.1698784,72.6232479,,Kudasan,"Urjanagar 1, Randesan, Gandhinagar, Gujarat",,,,Apartment,Unfurnished,11,13,East,458,Sq-yrd,New Construction,"4 BHK flat is available for rent in Kudasan immediately. This 4 BHK flat is available at the reasonable rent amount of ₹36,000. The apartment is on the 11 floor, has a carpet area of 275 sqyrd with 4 bathrooms and 1 balcony. 2 Covered parking space is also available. This flat is fitted with power back up, reserved parking, security. The flat can be visited at Urjanagar 1, Randesan, Gandhinagar, Gujarat .",36000,36000,3000,9,4,2 Covered,Yes,Yes,No,Jogging and Strolling Track,False,True,Agent,100,Immediately,2026-03-06T13:43:46.000Z,"Mar 06, '26",True
qKyrJoP47m9zpSvf+uAgZw==,Magicbricks,https://www.magicbricks.com/property-details/4-BHK-450-Sq-yrd-Multistorey-Apartment-FOR-Rent-Raysan-in-Gandhinagar&id=4d423738343230393637,2026-04-19 13:51:41,23.16672,72.66059,,Raysan,"Raysan, Ahmedabad, Gujarat",19210|GNLU Metro Station|5 minutes,,,Apartment,Semi-Furnished,9,9,East,450,Sq-yrd,New Construction,"4BHK Paint House Semi Furnished Flat with great locality with the near shopping market where all can have to access to basic needs for everyday Find 4 BHK flat for rent in Raysan Gandhinagar. The apartment is available at an affordable rental price of ₹35,000. The flat is located on the 9 floor which includes 4 bathrooms, 3 balcony, and covers a carpet area of 270 sqyrd. You will also find 2 Covered parking facility. This property offers power back up, reserved parking, security. This flat is located at Raysan, Ahmedabad, Gujarat.",35000,70000,1500,9,4,2 Covered,No,No,No,,True,True,Agent,100,Immediately,2026-04-17T23:45:18.000Z,Yesterday,True
rX9rYvIrI6hzpSvf+uAgZw==,Magicbricks,https://www.magicbricks.com/property-details/4-BHK-3000-Sq-ft-Multistorey-Apartment-FOR-Rent-Randesan-in-Gandhinagar&id=4d423736343537353933,2026-04-19 13:51:41,23.17588,72.65443,,Randesan,"near gift city, opposite randesan metro station, randesan",,,,Apartment,Furnished,1,9,East,3000,Sq-ft,New Construction,"all type of amenities in this society, near by metro stations, near by school, near by hospital, good locality You can avail the 4 BHK flat for rent in the well-known location of Randesan. ₹40,000 is the monthly rent of this 4 BHK flat. The flat is located on the 1 floor which includes 4 bathrooms, 2 balcony, and covers a carpet area of 1700 sqft. The building comprises 9 floor and includes Kids play area features. This flat is fitted with power back up, reserved parking, security, service/goods lift, visitor parking. Visit the flat at Siddhraj Zoey, Besides Maruti magnum, Nr.Axis Bank, Randesan, Gandhinagar.",40000,,,13,4,,No,No,No,"Laundry Service, Banquet Hall, Jogging and Strolling Track, Outdoor Tennis Courts",True,True,Agent,81,Immediately,2026-04-17T23:45:20.000Z,Yesterday,True
40TlQ/Vkj4FzpSvf+uAgZw==,Magicbricks,https://www.magicbricks.com/property-details/4-BHK-330-Sq-yrd-Multistorey-Apartment-FOR-Rent-Randesan-in-Gandhinagar&id=4d423833393930373939,2026-04-19 13:51:41,23.17588,72.65443,,Randesan,"Survey No.233, 234 paiki 23, FP No.107, Gandhinagar, Gujarat",,,,Apartment,Semi-Furnished,9,13,East,330,Sq-yrd,2023,"If you are planning to rent a flat, you can consider this 4 BHK flat situated in the prime location of Randesan. The rent of the 4 BHK flat is ₹35,000. Additional amenities available with the flat are 3 Wardrobe, 3 Bed, 1 AC and 1 TV. Located on the 9 floor, the flat has 4 bathrooms, 1 balcony in carpet area of 230 sqyrd. 2 Covered parking space is also available. The building includes 13 floor and supports Kids play area living. This property offers reserved parking, security. You can visit the flat at Survey No.233, 234 paiki 23, FP No.107, Gandhinagar, Gujarat.",35000,35000,2000,12,4,2 Covered,Yes,Yes,No,Jogging and Strolling Track,True,True,Agent,78,Immediately,2026-04-16T23:45:20.000Z,"Apr 17, '26",True
SLTeihOQnRRzpSvf+uAgZw==,Magicbricks,https://www.magicbricks.com/property-details/4-BHK-3200-Sq-ft-Penthouse-FOR-Rent-PDPU-Road-in-Gandhinagar&id=4d423732383135303933,2026-04-19 13:51:41,23.1540460891807,72.6665273263145,,Patidar Property Solution,"k raheja road, koba",,382426,,Penthouse,Semi-Furnished,8,9,East,3200,Sq-ft,New Construction,"4bhk duplex type penthouse in prime location and goo dlocality. airy rooms, huge size rooms, new construction and live area. nr by gift city, pdpu, gnlu and ahmedabad gandhinagar highway. 4 BHK apartment is available on rent in PDPU Road Gandhinagar right away. This 4 BHK flat can be availed at the rental price of ₹40,000. Some attractive additional facilities available with the flat are Gas Connection. Located on the 8 floor, the flat has 4 bathrooms, 1 balcony in carpet area of 2250 sqft. 2 Covered, 2 Open parking facility are also available. This unit features power back up, reserved parking, security. Visit the flat at Saamarth Heaven 6, K Raheja Road, TP-02, Koba- Gandhinagar. 382426.",40000,100000,0,12,4,"2 Covered, 2 Open",No,No,No,,True,True,Agent,80,Immediately,2026-04-16T23:45:22.000Z,"Apr 17, '26",True
zNpxNb54vzlzpSvf+uAgZw==,Magicbricks,https://www.magicbricks.com/property-details/4-BHK-290-Sq-yrd-Multistorey-Apartment-FOR-Rent-Gandhinagar-in-Gandhinagar&id=4d423832333138363433,2026-04-19 13:51:41,23.0395677,72.5660045,,Gandhinagar,"Gandhinagar, Gujarat",,,,Apartment,Furnished,5,6,,290,Sq-yrd,5 to 10 years,"4 BHK apartment is available on rent in Gandhinagar Gandhinagar right away. This 4 BHK flat can be availed at the rental price of ₹40,000. The apartment is on the 5 floor, has a carpet area of 235 sqyrd with 4 bathrooms and 1 balcony. Visit the flat at Behind Parijat bungalow, Beside pramukh aura, Sarghasan cross road, Gandhinagar.",40000,80000,0,15,4,,No,No,No,,True,True,Agent,58,Immediately,2026-04-18T23:45:34.000Z,Today,True
DmtTpzwLQUtzpSvf+uAgZw==,Magicbricks,https://www.magicbricks.com/property-details/4-BHK-1632-Sq-ft-Multistorey-Apartment-FOR-Rent-Randesan-in-Gandhinagar&id=4d423831383137343333,2026-04-19 13:51:41,23.17588,72.65443,,Randesan,"Gandhinagar, Gujarat",,,,Apartment,Semi-Furnished,1,5,North - East,,,Less than 5 years,"Multistorey apartment is available for rent. It is a good location property. Please contact for more details. Find 4 BHK flat for rent in Randesan Gandhinagar. The apartment is available at an affordable rental price of ₹30,000. This flat is fitted with power back up, reserved parking, security, service/goods lift. The flat can be visited at Randesan, Gandhinagar, Gujarat.",30000,,,,3,,Yes,No,No,Service/Goods Lift,False,True,Agent,64,Immediately,2026-03-08T11:25:04.000Z,"Mar 08, '26",True
a58Wp5yhEdpzpSvf+uAgZw==,Magicbricks,https://www.magicbricks.com/property-details/4-BHK-350-Sq-yrd-Multistorey-Apartment-FOR-Rent-in-Gandhinagar&id=4d423737303836343239,2026-04-19 13:51:41,,,,Best Boy Realtors,"Gandhinagar, Gujarat",,,,Apartment,Unfurnished,5,13,East,350,Sq-yrd,New Construction,"Near Radesan Metro Station 3 BHK 165 Sqyd Specious 3 BHK Road Facing Unit Find 4 BHK flat for rent in swastik Atulyam Gandhinagar. The flat is available for rent at a competitive amount of ₹35,000. The flat is on the 5 floor and includes 4 bathrooms, 2 balcony with a carpet area of 180 sqyrd. There is also facility of 2 Covered parking. The flat comes with power back up, reserved parking, security, service/goods lift, air conditioned, intercom facility, ro water system.",35000,35000,2500,11,4,2 Covered,No,No,No,"Air Conditioned, Banquet Hall, Bar/Lounge, Jogging and Strolling Track",True,True,Agent,93,Immediately,2026-03-18T05:30:08.000Z,"Mar 18, '26",True
/fjUoP8WoJhzpSvf+uAgZw==,Magicbricks,https://www.magicbricks.com/property-details/4-BHK-270-Sq-yrd-Multistorey-Apartment-FOR-Rent-Raysan-in-Gandhinagar&id=4d423737333436373637,2026-04-19 13:51:41,23.16672,72.66059,,Raysan,Gandhinagar Rayasan gift city ke pass,19210|GNLU Metro Station|5 minutes,,,Apartment,Unfurnished,3,8,East,270,Sq-yrd,Less than 5 years,"This property is new construction, well maintained property, allowed parking fix, many amenities available, 24h security and water line. Check out this newly constructed 4 BHK flat on rent in the prime location of Raysan Gandhinagar. The 4 BHK apartment is available at a reasonable rent of ₹35,000. The apartment is on the 3 floor, has a carpet area of 250 sqyrd with 4 bathrooms and 3 balcony. 1 Open parking space is also available. The apartment comes furnished with power back up, reserved parking, security, service/goods lift, air conditioned, intercom facility, ro water system. Visit the flat at Survey No. 421/ P, F.P. No.22/2/2, Gandhinagar, Gandhinagar, Gujarat.",35000,70000,1500,14,4,1 Open,No,No,No,"Air Conditioned, Banquet Hall, Bar/Lounge, Jogging and Strolling Track",True,True,Agent,100,Immediately,2026-04-03T12:36:24.000Z,"Apr 03, '26",True
/0C7J7wabH1zpSvf+uAgZw==,Magicbricks,https://www.magicbricks.com/property-details/4-BHK-2700-Sq-ft-Multistorey-Apartment-FOR-Rent-Kudasan-in-Gandhinagar&id=4d423833373437333439,2026-04-19 13:51:41,23.1698784,72.6232479,,Kudasan,Kudasan Gandhinagar,,,,Apartment,Semi-Furnished,7,13,East,2700,Sq-ft,New Construction,"Find 4 BHK flat for rent in Kudasan Gandhinagar. The multistorey apartment is available at rent of ₹35,000. Some premium add-on facilities bundled with the flat are Gas Connection. The flat is on the 7 floor and includes 4 bathrooms, 2 balcony with a carpet area of 1456 sqft. 2 Covered, 1 Open parking space is also available. This property offers power back up, reserved parking, security. Visit the apartment at Kudasan Gandhinagar, Kudasan, Gandhinagar, Gujarat.",35000,35000,0,13,4,"2 Covered, 1 Open",No,No,No,,False,True,Agent,98,Immediately,2026-03-12T08:08:09.000Z,"Mar 12, '26",True
nb4+pOheSIFzpSvf+uAgZw==,Magicbricks,https://www.magicbricks.com/property-details/4-BHK-350-Sq-ft-Multistorey-Apartment-FOR-Rent-Kudasan-in-Gandhinagar&id=4d423734393834313033,2026-04-19 13:51:41,23.1698784,72.6232479,,Kudasan,kudasan,,,,Apartment,Unfurnished,3,9,East,350,Sq-ft,New Construction,"A beautiful 4 BHK flat is available for rent in Kudasan. This 4 BHK flat is available at the reasonable rent amount of ₹40,000. Located on the 3 floor, the flat has 3 bathrooms, 2 balcony in carpet area of 315 sqft. This unit features power back up, security.",40000,40000,2000,114,3,,Yes,No,No,"Jogging and Strolling Track, Outdoor Tennis Courts",True,True,Agent,55,Immediately,2026-04-16T23:45:22.000Z,"Apr 17, '26",True
FPWi6mfewltzpSvf+uAgZw==,Magicbricks,https://www.magicbricks.com/property-details/4-BHK-397-Sq-yrd-Multistorey-Apartment-FOR-Rent-Kudasan-in-Gandhinagar&id=4d423830393233373735,2026-04-19 13:51:41,23.1698784,72.6232479,,Kudasan,kudasan,,,,Apartment,Semi-Furnished,4,13,North - East,397,Sq-yrd,New Construction,"If you are searching a 4 BHK apartment for rent in Kudasan, check out this amazing rental flat. The multistorey apartment is available at rent of ₹35,000. The flat is located on the 4 floor which includes 4 bathrooms, 3 balcony, and covers a carpet area of 300 sqyrd. This unit is designed with power back up, security, ro water system. Visit the apartment at Sarthak Sarjak, Ch Road, Gandhinagar, Gujrat .",35000,70000,0,10,4,,Yes,No,Yes,RO Water System,False,True,Agent,92,Immediately,2026-04-18T23:45:32.000Z,Today,True
NK43LJG1J35zpSvf+uAgZw==,Magicbricks,https://www.magicbricks.com/property-details/4-BHK-300-Sq-yrd-Multistorey-Apartment-FOR-Rent-in-Gandhinagar&id=4d423831383834333833,2026-04-19 13:51:41,,,,Property Edge Solutions,"Gandhinagar, Gujarat",,,,Apartment,Unfurnished,2,5,East,300,Sq-yrd,5 to 10 years,"Grab the chance to own this affordable 4 BHK flat for rent in the shree rang aroma area. You can get this flat at monthly rent of ₹30,000. The flat is on the 2 floor and includes 4 bathrooms, 3 balcony with a carpet area of 200 sqyrd. This unit features reserved parking, security.",30000,30000,2000,11,4,,No,No,No,,True,True,Agent,48,Immediately,2026-02-28T00:34:12.000Z,"Feb 28, '26",True
hRrKZx+7DexzpSvf+uAgZw==,Magicbricks,https://www.magicbricks.com/property-details/4-BHK-2458-Sq-ft-Multistorey-Apartment-FOR-Rent-Kudasan-in-Gandhinagar&id=4d423832343136303437,2026-04-19 13:51:41,23.1698784,72.6232479,,Kudasan,"Kudasan,Gandhinagar",,,,Apartment,Furnished,3,7,East,2458,Sq-ft,5 to 10 years,"Mahalaxmi 4 offers spacious living with modern planning, ample ventilation and quality construction. Located in a peaceful and wellconnected area, it provides essential amenities, secure surroundings and convenient access to schools, markets and daily needs. A comfortable and familyfriendly residential choice designed for a balanced and serene lifestyle.",40000,80000,0,16,4,2 Covered,No,No,No,,True,True,Agent,100,Immediately,2026-04-18T23:45:33.000Z,Today,True
uDbrSoiSDVZzpSvf+uAgZw==,Magicbricks,https://www.magicbricks.com/property-details/4-BHK-300-Sq-yrd-Multistorey-Apartment-FOR-Rent-Kudasan-in-Gandhinagar&id=4d423833383331393435,2026-04-19 13:51:41,23.1698784,72.6232479,,Kudasan,"Kudasan,Gandhinagar",,,,Apartment,Furnished,7,8,East,300,Sq-yrd,5 to 10 years,"You can explore this 4 BHK flat on rent in Kudasan Gandhinagar. ₹40,000 is the monthly rent of this 4 BHK flat. Some premium add-on facilities bundled with the flat are 4 Wardrobe, 4 Bed, 1 TV, Fridge, Microwave, 3 AC, Sofa, Washing Machine, Dining Table and Gas Connection. Located on the 7 floor, the flat has 2 bathrooms, 2 balcony in carpet area of 250 sqyrd. The property includes 1 Covered parking. The apartment comes furnished with power back up, reserved parking.",40000,80000,0,15,2,1 Covered,Yes,Yes,No,Jogging and Strolling Track,True,True,Agent,78,Immediately,2026-04-16T23:45:22.000Z,"Apr 17, '26",True
zl1+BGyMj3FzpSvf+uAgZw==,Magicbricks,https://www.magicbricks.com/property-details/4-BHK-2450-Sq-ft-Multistorey-Apartment-FOR-Rent-in-Gandhinagar&id=4d423832323538383837,2026-04-19 13:51:41,,,,Best Boy Realtors,Aawas Riverfront Near By Gift City Randesan,,,,Apartment,Furnished,5,5,,2450,Sq-ft,5 to 10 years,"Hari Aalayam Gandhinagar presents an exclusive opportunity to own a stunning home that offers all kinds of amenities and facilities. This includes a s If you are planning to rent a flat, you can consider this 4 BHK flat situated in the prime location of Aawas Riverfront. The Rent amount of this 4 BHK apartment is set at an attractive price of ₹40,000. Located on the 5 floor, the flat has 4 bathrooms, 1 balcony in carpet area of 1700 sqft. This property offers power back up, reserved parking, security, service/goods lift, air conditioned, intercom facility, ro water system.",40000,80000,,16,4,,No,No,No,"Air Conditioned, Banquet Hall, Bar/Lounge, Jogging and Strolling Track",True,True,Agent,71,Immediately,2026-03-18T15:56:26.000Z,"Mar 18, '26",True
Zen4V6zt5oBzpSvf+uAgZw==,Magicbricks,https://www.magicbricks.com/property-details/4-BHK-400-Sq-yrd-Multistorey-Apartment-FOR-Rent-Raysan-in-Gandhinagar&id=4d423737383431333437,2026-04-19 13:51:41,23.16672,72.66059,,Raysan,Gandhinagar Rayasan gift city ke pass,19210|GNLU Metro Station|5 minutes,382007,,Apartment,Semi-Furnished,1,4,East,400,Sq-yrd,Less than 5 years,"This property is new construction, well maintained property, allowed parking fix, many amenities available, 24h security and water line. 4 BHK flat is available for rent in Raysan immediately. The rent of the 4 BHK flat is ₹35,000. Located on the 1 floor, the flat has 4 bathrooms, 4 balcony in carpet area of 350 sqyrd. The property includes 2 Open parking. The building comprises 4 floor and includes Kids play area features. This unit features power back up, reserved parking, security, service/goods lift, air conditioned, intercom facility, ro water system. This flat is located at TP NO.19, FP 181/2,NEAR PDPU, RAYSAN, Gandhinagar, Gujarat-382007.",35000,75000,1500,10,4,2 Open,No,No,No,"Air Conditioned, Banquet Hall, Bar/Lounge, Jogging and Strolling Track",True,True,Agent,100,Immediately,2026-03-25T22:47:57.000Z,"Mar 26, '26",True
QoO9N4od1ZRzpSvf+uAgZw==,Magicbricks,https://www.magicbricks.com/property-details/4-BHK-2400-Sq-ft-Multistorey-Apartment-FOR-Rent-Koba-in-Gandhinagar&id=4d423833363530333837,2026-04-19 13:51:41,23.150331,72.640657,,Propzone Real Estate,Koba,,,,Apartment,Semi-Furnished,9,10,East,2400,Sq-ft,New Construction,"Check out this newly constructed 4 BHK flat on rent in the prime location of Koba Gandhinagar. The apartment is available at an affordable rental price of ₹35,000. Some attractive additional facilities available with the flat are Gas Connection. The apartment is on the 9 floor, has a carpet area of 1791 sqft with 4 bathrooms and 1 balcony. 2 Covered, 1 Open parking space is also available. The apartment comes furnished with power back up, reserved parking, security. This flat is located at Koba, Koba, Gandhinagar, Gujarat.",35000,35000,0,15,4,"2 Covered, 1 Open",Yes,Yes,No,Jogging and Strolling Track,False,True,Agent,98,Immediately,2026-03-05T11:19:20.000Z,"Mar 05, '26",True
OZ1UOLoiSGZzpSvf+uAgZw==,Magicbricks,https://www.magicbricks.com/property-details/4-BHK-2254-Sq-ft-Multistorey-Apartment-FOR-Rent-Raysan-in-Gandhinagar&id=4d423833343239333739,2026-04-19 13:51:41,23.16672,72.66059,,Raysan,"PDPU Road,Gandhinagar",19210|GNLU Metro Station|5 minutes,,,Apartment,Furnished,5,13,East,2254,Sq-ft,New Construction,"If you are planning to rent a flat, you can consider this 4 BHK flat situated in the prime location of Raysan. This 4 BHK flat can be availed at the rental price of ₹40,000. Some attractive additional facilities available with the flat are 3 Bed, 1 TV, Fridge, Microwave, 3 AC, Sofa, Washing Machine, Dining Table and Gas Connection. The apartment is on the 5 floor, has a carpet area of 1785 sqft with 3 bathrooms and 1 balcony. You will also find 1 Covered parking facility. The property consists of 13 floor and offers Kids play area conveniences. This flat is fitted with power back up, reserved parking. The flat can be visited at The Gate By Dev Aashish, Royal Street, Near Gujarat National Law University, PDPU Road, Gandhinagar.",40000,80000,3200,18,3,1 Covered,Yes,No,No,Jogging and Strolling Track,False,True,Agent,100,Immediately,2026-04-16T23:45:22.000Z,"Apr 17, '26",True
NUsX4iYH5zhzpSvf+uAgZw==,Magicbricks,https://www.magicbricks.com/property-details/4-BHK-345-Sq-yrd-Multistorey-Apartment-FOR-Rent-Sargasan-in-Gandhinagar&id=4d423734363431353535,2026-04-19 13:51:41,23.1848805,72.615856,,Sargasan,"Sargasan, Gandhinagar, Gujarat",,,,Apartment,Semi-Furnished,4,13,East,345,Sq-yrd,New Construction,"on rent 4bhk semi furnished flat in sargasan. new scheme, prime location and all aminities available. You can explore this 4 BHK flat on rent in Sargasan Gandhinagar. This 4 BHK flat can be availed at the rental price of ₹34,999. Gas Connection are some of the additional amenities available with the apartment. The flat is located on the 4 floor which includes 4 bathrooms, 1 balcony, and covers a carpet area of 210 sqyrd. 2 Covered, 2 Open parking facility are also available. The residence includes power back up, reserved parking, security. Visit the flat at Sargasan, Gandhinagar, Gujarat.",34999,35000,2000,11,4,"2 Covered, 2 Open",Yes,Yes,No,Jogging and Strolling Track,True,True,Agent,80,Immediately,2026-04-16T23:45:22.000Z,"Apr 17, '26",True
bACjQE4SpkdzpSvf+uAgZw==,Magicbricks,https://www.magicbricks.com/property-details/2-BHK-129-Sq-yrd-Multistorey-Apartment-FOR-Rent-Sargasan-in-Gandhinagar&id=4d423833363133323137,2026-04-19 13:51:41,23.1848805,72.615856,,Sargasan,g-604,,,,Apartment,Furnished,6,7,East,129,Sq-yrd,5 to 10 years,"Situated in Gandhinagar at Sargaasan, PSY Pramukh Elysium is a residential development launched by PSY Group. This project provides a vast range of amenities including . Prominent suburbs of Gandhinagar are close by and with several schools, hospitals, banks and offices situated in the proximity, the project is a preferred choice for home seekers.",27000,34000,0,23,2,1 Covered,Yes,Yes,No,Jogging and Strolling Track,True,True,Agent,80,Immediately,2026-04-18T23:45:34.000Z,Today,True
msVeMlwPsadzpSvf+uAgZw==,Magicbricks,https://www.magicbricks.com/property-details/2-BHK-175-Sq-yrd-Multistorey-Apartment-FOR-Rent-Kudasan-in-Gandhinagar&id=4d423834313130313331,2026-04-19 13:51:41,23.1698784,72.6232479,,Kudasan,"Kudasan,Gandhinagar",,,,Apartment,Furnished,4,13,East,175,Sq-yrd,New Construction,"This project offers wellplanned homes in a prime location with easy access to schools, markets, and daily essentials. Designed for comfort and convenience, it features spacious layouts, good ventilation, and a peaceful environmentideal for families looking for a practical and connected lifestyle.",30000,60000,2500,19,2,1 Covered,Yes,Yes,No,Jogging and Strolling Track,False,True,Agent,100,Immediately,2026-04-06T17:18:50.000Z,"Apr 06, '26",True
SNC+Jr8fiFpzpSvf+uAgZw==,Magicbricks,https://www.magicbricks.com/property-details/2-BHK-133-Sq-yrd-Multistorey-Apartment-FOR-Rent-Sargasan-in-Gandhinagar&id=4d423833393434313235,2026-04-19 13:51:41,23.1848805,72.615856,,Sargasan,"Sargasan,Gandhinagar",,,,Apartment,Furnished,5,5,East,133,Sq-yrd,5 to 10 years,"2 BHK apartment is available on rent in Sargasan Gandhinagar right away. ₹30,000 is the monthly rent of this 2 BHK flat. Additional amenities available with the flat are 4 Wardrobe, 2 Bed, 1 TV, Fridge, 2 AC, Sofa, Washing Machine and Gas Connection. The flat is on the 5 floor and includes 2 bathrooms, 1 balcony with a covered area of 133 sqyrd. The property includes 1 Covered parking. The property features power back up, reserved parking, security. The apartment is located at Nr. info city & TCS IT park, sargasan circle, sargasan, gandhinagar..",30000,60000,0,25,2,1 Covered,Yes,No,No,Jogging and Strolling Track,False,True,Agent,100,Select Date,2026-03-26T05:14:48.000Z,"Mar 26, '26",True
+EubZygZ4XpzpSvf+uAgZw==,Magicbricks,https://www.magicbricks.com/property-details/2-BHK-1140-Sq-ft-Multistorey-Apartment-FOR-Rent-GIFT-City-in-Gandhinagar&id=4d423833383331383031,2026-04-19 13:51:41,23.1587037,72.6837981,,GIFT City,"GIFT City,Gandhinagar",,,,Apartment,Semi-Furnished,10,33,East,1140,Sq-ft,New Construction,"SOBHA Dream Heights, GIFT City, Gandhinagar is a prominent highrise residential development located within GIFT City, Indias first operational smart city and international financial hub. The project stands out as one of Gujarats tallest residential landmarks with twin towers rising up to 33 storeys, offering modern 1 and 2 BHK apartments designed for an elevated urban lifestyle.",35000,500000,2,31,2,1 Covered,Yes,No,No,Jogging and Strolling Track,True,True,Agent,80,Immediately,2026-03-18T06:29:45.000Z,"Mar 18, '26",True
E9Bj/2QwD7pzpSvf+uAgZw==,Magicbricks,https://www.magicbricks.com/property-details/2-BHK-1564-Sq-ft-Multistorey-Apartment-FOR-Rent-Sargasan-in-Gandhinagar&id=4d423833393639363631,2026-04-19 13:51:41,23.1848805,72.615856,,Sargasan,sargasan,,,,Apartment,Furnished,4,14,North - East,1564,Sq-ft,New Construction,"sargasan Cross Road Check out this newly constructed 2 BHK flat on rent in the prime location of Sargasan Gandhinagar. This 2 BHK flat can be availed at the rental price of ₹26,000. Located on the 4 floor, the flat has 2 bathrooms, 2 balcony in carpet area of 782 sqft. This residential building features 14 floor and ensures Kids play area comfort. This home provides power back up, reserved parking, security, service/goods lift, visitor parking. This flat is located at 200 ft Road, Nr. Aashka Hospital & Reliance Circle, Sargasan, Ahmedabad - Gandhingar Twin city.",26000,,,17,2,,Yes,No,No,"Service/Goods Lift, Visitor Parking",False,True,Agent,79,Immediately,2026-03-27T17:27:19.000Z,"Mar 27, '26",True
CO+c4kF8s05zpSvf+uAgZw==,Magicbricks,https://www.magicbricks.com/property-details/2-BHK-112-Sq-yrd-Multistorey-Apartment-FOR-Rent-Gandhinagar-in-Gandhinagar&id=4d423739393433343337,2026-04-19 13:51:41,23.0395677,72.5660045,,Gandhinagar,"Gandhinagar, Gujarat",,,,Apartment,Unfurnished,4,5,North,112,Sq-yrd,5 to 10 years,"2bhk full furnished flat in 25000 rent Find 2 BHK flat for rent in Gandhinagar Gandhinagar. The apartment is available at an affordable rental price of ₹27,000. Located on the 4 floor, the flat comprises 2 bathrooms, 1 balcony, and has a covered area of 112 sqyrd. The apartment comes furnished with power back up, reserved parking, security, service/goods lift, ro water system.",27000,25000,1500,27,2,,Yes,No,No,"Service/Goods Lift, Laundry Service, RO Water System, Conference Room",False,True,Agent,80,Immediately,2026-03-08T11:23:45.000Z,"Mar 08, '26",True
kouxaw/59AtzpSvf+uAgZw==,Magicbricks,https://www.magicbricks.com/property-details/2-BHK-1310-Sq-ft-Multistorey-Apartment-FOR-Rent-GIFT-City-in-Gandhinagar&id=4d423833373132333939,2026-04-19 13:51:41,23.1587037,72.6837981,,GIFT City,"GIFT City,Gandhinagar",,,,Apartment,Semi-Furnished,15,22,East,1310,Sq-ft,2007,"East facinag flat with moduler kichethen joint ac. If you are planning to rent a flat, you can consider this 2 BHK flat situated in the prime location of GIFT City. The flat is available for rent at a competitive amount of ₹35,000. Some premium add-on facilities bundled with the flat are 2 AC and Gas Connection. 1 Covered parking space is also available. The flat comes with reserved parking, security. Visit the flat at Sangath Smart Life, GIFT City, Gandhinagar, Gujrat .",35000,70000,,27,2,1 Covered,No,No,No,,True,True,Agent,81,Immediately,2026-03-10T05:06:27.000Z,"Mar 10, '26",True
r4QNUpY88TxzpSvf+uAgZw==,Magicbricks,https://www.magicbricks.com/property-details/2-BHK-210-Sq-yrd-Multistorey-Apartment-FOR-Rent-Gandhinagar-in-Gandhinagar&id=4d423833393034313237,2026-04-19 13:51:41,23.0395677,72.5660045,,Gandhinagar,gift city,,,,Apartment,Furnished,17,35,East,210,Sq-yrd,Less than 5 years,"this is nice location near you gandhinagar bank 2 BHK apartment is available on rent in Gandhinagar Gandhinagar right away. Available at a rental price of ₹35,000, this 2 BHK flat is worth considering. The flat is located on the 17 floor which includes 2 bathrooms, 3 balcony, and covers a carpet area of 150 sqyrd. This unit is designed with power back up, reserved parking, security, service/goods lift, air conditioned, intercom facility, ro water system. This flat is located at gift city, Gandhinagar, Gandhinagar, Gujarat.",35000,70000,2500,19,2,,No,No,No,"Air Conditioned, Banquet Hall, Bar/Lounge, Jogging and Strolling Track",True,True,Agent,60,Immediately,2026-03-22T21:44:31.000Z,"Mar 23, '26",True
m62Azj+g9V9zpSvf+uAgZw==,Magicbricks,https://www.magicbricks.com/property-details/2-BHK-1200-Sq-ft-Multistorey-Apartment-FOR-Rent-Kudasan-in-Gandhinagar&id=4d423834313133353639,2026-04-19 13:51:41,23.1698784,72.6232479,,Kudasan,"Gandhinagar, Gujarat",,,,Apartment,Furnished,4,8,East,1200,Sq-ft,10 to 15 years,"If you are planning to rent a flat, you can consider this 2 BHK flat situated in the prime location of Kudasan. The rent of the 2 BHK flat is ₹26,000. The apartment is on the 4 floor, has a carpet area of 900 sqft with 2 bathrooms and 1 balcony. The apartment comes furnished with power back up, security, service/goods lift, air conditioned. Visit the flat at Opp. SwaminarayanDham, Dholeshwar Mahadev Rd, Kudasan, Gujarat .",26000,52000,0,22,2,,No,No,No,"Air Conditioned, Laundry Service, Banquet Hall, Bar/Lounge",True,True,Agent,73,Immediately,2026-04-08T05:17:33.000Z,"Apr 08, '26",True
j9i33ozgMjZzpSvf+uAgZw==,Magicbricks,https://www.magicbricks.com/property-details/2-BHK-150-Sq-yrd-Multistorey-Apartment-FOR-Rent-Sargasan-in-Gandhinagar&id=4d423731323431373433,2026-04-19 13:51:41,23.1848805,72.615856,,Sargasan,Swagat afford.,,,,Apartment,Furnished,38,42,East,150,Sq-yrd,5 to 10 years,"Fully furnished flat available for rent for bachelors and family Find 2 BHK flat for rent in Sargasan Gandhinagar. The rent of the 2 BHK flat is ₹26,000. The flat is on the 38 floor and includes 3 bathrooms, 1 balcony with a carpet area of 1400 sqft. 2 Open parking facility are also available. The property features power back up, reserved parking, security, service/goods lift, air conditioned, ro water system. Visit the apartment at Swagat afford., Sargasan, Gandhinagar, Gujarat.",26000,52000,0,19,3,2 Open,Yes,No,No,"Service/Goods Lift, Air Conditioned, RO Water System",True,True,Agent,100,Immediately,2026-03-27T07:58:55.000Z,"Mar 27, '26",True
2U4tWbKsIaBzpSvf+uAgZw==,Magicbricks,https://www.magicbricks.com/property-details/2-BHK-1377-Sq-ft-Multistorey-Apartment-FOR-Rent-Sargasan-in-Gandhinagar&id=4d423833363636353533,2026-04-19 13:51:41,23.1848805,72.615856,,Sargasan,"Sargasan,Gandhinagar",,,,Apartment,Furnished,6,7,North - East,1377,Sq-ft,2011,"Schools Near Sahjanand School Of Achiever and Podar International School.Healthcare Close to Vishwa Neonatal And Children Hospital.Shopping Convenient access to local markets and Galleria Mall. 2 BHK flat is available for rent in Sargasan immediately. The 2 BHK apartment is available at a reasonable rent of ₹26,000. Here you can enjoy world class facilities like 2 Bed, 1 TV, Fridge, 1 AC, Sofa and Gas Connection. Located on the 6 floor, the flat comprises 2 bathrooms, 1 balcony, and has a carpet area of 798 sqft. 1 Covered parking space is also available. The property features power back up, reserved parking, security.",26000,52000,0,19,2,1 Covered,No,No,No,,True,True,Agent,78,Immediately,2026-03-06T10:42:58.000Z,"Mar 06, '26",True
0c0E/9unJ7NzpSvf+uAgZw==,Magicbricks,https://www.magicbricks.com/property-details/2-BHK-1141-Sq-ft-Multistorey-Apartment-FOR-Rent-GIFT-City-in-Gandhinagar&id=4d423834303130343137,2026-04-19 13:51:41,23.1587037,72.6837981,,GIFT City,giftcity,,,,Apartment,Furnished,14,33,North - East,1141,Sq-ft,New Construction,"Premium 2 BHK 1210 sq.ft. on high floor with breathtaking open skyline view.Bright, airy wellventilated home with spacious balconies. Top floor advantage Peaceful premium living Excellent for selfuse investment Prime location in GIFT City",32000,32000,0,28,2,"1 Covered, 1 Open",No,No,No,"Air Conditioned, Banquet Hall, Jogging and Strolling Track, Outdoor Tennis Courts",True,True,Agent,100,Immediately,2026-03-31T18:29:08.000Z,"Mar 31, '26",True
ioa5S4YTRY5zpSvf+uAgZw==,Magicbricks,https://www.magicbricks.com/property-details/2-BHK-1090-Sq-ft-Multistorey-Apartment-FOR-Rent-GIFT-City-in-Gandhinagar&id=4d423831393030343235,2026-04-19 13:51:41,23.1587037,72.6837981,,GIFT City,"Gandhinagar, Gujarat",,,,Apartment,Furnished,10,32,East,1090,Sq-ft,New Construction,"2 BHK flat is available for rent in GIFT City immediately. This 2 BHK flat can be availed at the rental price of ₹35,000. The apartment is on the 10 floor, has a covered area of 1090 sqft with 2 bathrooms and 1 balcony. This unit features power back up, reserved parking, security, air conditioned, intercom facility. Visit the flat at Block 41, Zone - 04, Shram Marg (Road 4B, Near Indian Oil Petrol Pump, Gujarat International Finance Tec-City, Gandhinagar, Gujarat.",35000,35000,2000,32,2,,No,No,No,"Air Conditioned, Intercom Facility, Jogging and Strolling Track, Outdoor Tennis Courts",True,True,Agent,53,Immediately,2026-02-28T00:31:43.000Z,"Feb 28, '26",True
cm0RSU01hRVzpSvf+uAgZw==,Magicbricks,https://www.magicbricks.com/property-details/2-BHK-145-Sq-ft-Multistorey-Apartment-FOR-Rent-Sargasan-in-Gandhinagar&id=4d423834323538343831,2026-04-19 13:51:41,23.1848805,72.615856,,Sargasan,"Gandhinagar, Gujarat",,,,Apartment,Furnished,6,6,,145,Sq-ft,2006,"You can avail the 2 BHK flat for rent in the well-known location of Sargasan. Available at a rental price of ₹27,000, this 2 BHK flat is worth considering. The flat is located on the 6 floor which includes 2 bathrooms, 1 balcony, and covers a covered area of 145 sqft. The property features security, ro water system. This flat is located at Nr. Swagat Afford & TCS IT Park, Sargasan Circle, S. G. Highway, Ahmedabad - Gandhinagar Twin City.",27000,,,186,2,,No,No,Yes,RO Water System,False,True,Agent,56,Immediately,2026-04-18T23:45:34.000Z,Today,True
KYOljRvCYLVzpSvf+uAgZw==,Magicbricks,https://www.magicbricks.com/property-details/2-BHK-1410-Sq-ft-Multistorey-Apartment-FOR-Rent-GIFT-City-in-Gandhinagar&id=4d423831303138383531,2026-04-19 13:51:41,23.1587037,72.6837981,,GIFT City,gift city,,,,Apartment,Furnished,21,32,North - East,1410,Sq-ft,New Construction,"This property is good You can avail the 2 BHK flat for rent in the well-known location of GIFT City. Available at a rental price of ₹40,000, this 2 BHK flat is worth considering. The apartment is on the 21 floor, has a carpet area of 800 sqft with 2 bathrooms and 2 balcony. There is also facility of 1 Covered parking. This flat is fitted with power back up, security, service/goods lift, ro water system. Visit the flat at Sangath Smart Life, GIFT City, Gandhinagar, Gujrat .",40000,80000,0,28,2,1 Covered,Yes,No,No,"Service/Goods Lift, Laundry Service, RO Water System",False,True,Agent,100,Immediately,2026-04-18T23:45:32.000Z,Today,True
KB1Tmc23i59zpSvf+uAgZw==,Magicbricks,https://www.magicbricks.com/property-details/2-BHK-1500-Sq-ft-Multistorey-Apartment-FOR-Rent-in-Gandhinagar&id=4d423738333233303037,2026-04-19 13:51:41,,,,3 D Property,13001.,,,,Apartment,Semi-Furnished,13,13,East,1500,Sq-ft,New Construction,"new property ner by metro station gift city near byachi property Grab the chance to own this affordable 2 BHK flat for rent in the kavya ratna sanskriti area. The flat is available for rent at a competitive amount of ₹28,000. The apartment is on the 13 floor, has a carpet area of 1000 sqft with 2 bathrooms and 3 balcony. This property offers power back up.",28000,18000,1500,19,2,,No,No,No,,False,True,Agent,71,Immediately,2026-04-16T23:45:22.000Z,"Apr 17, '26",True
AIO34G99betzpSvf+uAgZw==,Magicbricks,https://www.magicbricks.com/property-details/2-BHK-1269-Sq-ft-Multistorey-Apartment-FOR-Rent-Sargasan-in-Gandhinagar&id=4d423834313030363631,2026-04-19 13:51:41,23.1848805,72.615856,,Sargasan,Palm road,,,,Apartment,Furnished,5,10,East,1269,Sq-ft,Less than 5 years,"Hight demand cosmo culture society Grab the chance to own this affordable 2 BHK flat for rent in the Sargasan area. The flat is available for rent at a competitive amount of ₹30,000. The apartment is on the 5 floor, has a carpet area of 850 sqft with 2 bathrooms and 1 balcony. There is also facility of 1 Covered parking. The property encompasses 10 floor and provides Kids Play Pool With Water Slides amenities. The apartment is equipped with power back up, reserved parking, security. The full address of the apartment is SG Highway, Ahmedabad..",30000,60000,2000,24,2,1 Covered,Yes,No,No,"Internet/Wi-Fi Connectivity, Jogging and Strolling Track",False,True,Agent,100,Immediately,2026-04-17T23:45:21.000Z,Yesterday,True
hJrWX0IOqkBzpSvf+uAgZw==,Magicbricks,https://www.magicbricks.com/property-details/2-BHK-178-Sq-yrd-Multistorey-Apartment-FOR-Rent-Raysan-in-Gandhinagar&id=4d423833363031393935,2026-04-19 13:51:41,23.16672,72.66059,,Raysan,"PDPU University Road, Opp. GNLU University, New GIFT City Road, Raysan, Gujarat",19210|GNLU Metro Station|5 minutes,,,Apartment,Furnished,9,11,East,178,Sq-yrd,2023,"Explore our latest residential projects offering modern amenities and luxury living. You can avail the 2 BHK flat for rent in the well-known location of Raysan. ₹28,000 is the monthly rent of this 2 BHK flat. Some attractive additional facilities available with the flat are 2 Wardrobe, 2 Bed, Sofa, Dining Table and Gas Connection. The flat is on the 9 floor and includes 2 bathrooms, 1 balcony with a carpet area of 873 sqft. The property includes 1 Covered parking. This property includes 11 floor and provides Kids play area, Kids Club benefits. The property features power back up, reserved parking, security. Find this apartment at PDPU University Road, Opp. GNLU University, New GIFT City Road, Raysan, Gujarat.",28000,56000,0,17,2,1 Covered,Yes,No,No,Jogging and Strolling Track,False,True,Agent,95,Immediately,2026-04-17T23:45:21.000Z,Yesterday,True
DEuQ3AsCp/tzpSvf+uAgZw==,Magicbricks,https://www.magicbricks.com/property-details/4-BHK-323-Sq-yrd-Multistorey-Apartment-FOR-Rent-Kudasan-in-Gandhinagar&id=4d423638353830363633,2026-04-19 13:51:41,23.1698784,72.6232479,,Kudasan,"Kudasan,Gandhinagar",,,,Apartment,Furnished,3,8,East,323,Sq-yrd,New Construction,"If you are planning to rent a flat, you can consider this 4 BHK flat situated in the prime location of Kudasan. The apartment is available at an affordable rental price of ₹50,000. The residents of the flat have access to additional facilities such as 4 Wardrobe, 4 Bed, Fridge, 4 AC, Sofa, Washing Machine, Dining Table and Gas Connection. Located on the 3 floor, the flat comprises 4 bathrooms, 1 balcony, and has a carpet area of 193 sqyrd. You will also find 2 Covered parking facility. The property consists of 8 floor and offers Kids play area conveniences. The apartment is equipped with power back up, reserved parking, security. Find this apartment at Kudasan, Gandhinagar, Gujarat.",50000,100000,3500,17,4,2 Covered,No,No,No,,False,True,Agent,100,Immediately,2026-04-17T23:45:19.000Z,Yesterday,True
7+kv+Nikj69zpSvf+uAgZw==,Magicbricks,https://www.magicbricks.com/property-details/4-BHK-2745-Sq-ft-Multistorey-Apartment-FOR-Rent-Randesan-in-Gandhinagar&id=4d423833393332303133,2026-04-19 13:51:41,23.17588,72.65443,,Randesan,Niranjan Patel - F1102 Zoey Flat,,,,Apartment,Semi-Furnished,11,13,East,2745,Sq-ft,New Construction,"No 1 Project in Gandhinagar, Near Gift City area Grab the chance to own this affordable 4 BHK flat for rent in the Randesan area. The 4 BHK apartment is available at a reasonable rent of ₹45,000. Additional amenities available with the flat are 3 Wardrobe, 2 AC and Gas Connection. Located on the 11 floor, the flat has 4 bathrooms, 1 balcony in carpet area of 1700 sqft. There is also facility of 2 Covered parking. This property features 13 floor and offers a range of Kids play area facilities. The apartment comes furnished with power back up, reserved parking, security. This flat is located at Siddhraj Zoey, Besides Maruti magnum, Nr.Axis Bank, Randesan, Gandhinagar. The brokerage amount of the 4 BHK apartment is zero.",45000,90000,0,16,4,2 Covered,Yes,No,No,Jogging and Strolling Track,False,True,Owner,98,Immediately,2026-04-13T23:45:09.000Z,"Apr 14, '26",True
mg74PYYn9zZzpSvf+uAgZw==,Magicbricks,https://www.magicbricks.com/property-details/4-BHK-370-Sq-yrd-Penthouse-FOR-Rent-Raysan-in-Gandhinagar&id=4d423738383730323939,2026-04-19 13:51:41,23.16672,72.66059,,Raysan,Satvan bellevue.,19210|GNLU Metro Station|5 minutes,,,Penthouse,Unfurnished,9,10,East,370,Sq-yrd,New Construction,"When you are looking to move into a popular society, Satvan Bellevue is considered one of the best around Satvan Bellevue in Ahmedabad. There is ample parking facility for bike in this society, your vehicle will be fully protected and safe here.",50000,100000,0,15,4,1 Covered,Yes,No,No,"RO Water System, Jogging and Strolling Track",False,True,Agent,100,Immediately,2026-04-16T23:45:20.000Z,"Apr 17, '26",True
KPaLy7YfO3pzpSvf+uAgZw==,Magicbricks,https://www.magicbricks.com/property-details/4-BHK-2880-Sq-ft-Multistorey-Apartment-FOR-Rent-Sargasan-in-Gandhinagar&id=4d423739343137313439,2026-04-19 13:51:41,23.1848805,72.615856,,Sargasan,"Gandhinagar, Gujarat",,,,Apartment,Semi-Furnished,7,13,,2880,Sq-ft,New Construction,"Find 4 BHK flat for rent in Sargasan Gandhinagar. This 4 BHK flat is available at the reasonable rent amount of ₹45,000. The flat is located on the 7 floor which includes 4 bathrooms, 2 balcony, and covers a covered area of 2880 sqft. The property encompasses 13 floor and provides Kids Play Pool With Water Slides amenities. The apartment comes furnished with power back up, reserved parking, security, air conditioned. Visit the flat at Swagat Agacia,Opp. Swagat Flamingo, Nr. TCS IT Park & Sargasan,Cross Roads,Sargasan,Gandhinagar.",45000,45000,0,16,4,,No,No,No,"Air Conditioned, Internet/Wi-Fi Connectivity, Banquet Hall, Jogging and Strolling Track",True,True,Agent,43,Immediately,2026-04-16T23:45:22.000Z,"Apr 17, '26",True
CIEqgJKZlr5zpSvf+uAgZw==,Magicbricks,https://www.magicbricks.com/property-details/4-BHK-4482-Sq-ft-Multistorey-Apartment-FOR-Rent-Koba-in-Gandhinagar&id=4d423833393930363839,2026-04-19 13:51:41,23.150331,72.640657,,Fixinfra Realtors,"Koba,Gandhinagar",,382426,,Apartment,Unfurnished,5,10,East,4482,Sq-ft,2023,"Check out this newly constructed 4 BHK flat on rent in the prime location of Koba Gandhinagar. Available at a rental price of ₹45,000, this 4 BHK flat is worth considering. The flat is on the 5 floor and includes 4 bathrooms, 1 balcony with a carpet area of 2555 sqft. 2 Covered parking facility are also available. The flat comes with power back up, reserved parking, security. Find this apartment at Saamarth Heaven 6, K Raheja Road, TP-02, Koba- Gandhinagar. 382426.",45000,45000,0,10,4,2 Covered,Yes,No,No,Jogging and Strolling Track,True,True,Agent,78,Immediately,2026-04-16T23:45:20.000Z,"Apr 17, '26",True
EGUZ+Kd7BABzpSvf+uAgZw==,Magicbricks,https://www.magicbricks.com/property-details/4-BHK-2189-Sq-ft-Multistorey-Apartment-FOR-Rent-Randesan-in-Gandhinagar&id=4d423831393930363731,2026-04-19 13:51:41,23.17588,72.65443,,Randesan,"Randesan,Gandhinagar",,,,Apartment,Unfurnished,2,13,East,2189,Sq-ft,New Construction,"Welcome to Shree Vinayakaa Realtors We have property available in sargasan kudasan raysan and many other places in gandhinagar. You can avail the 4 BHK flat for rent in the well-known location of Randesan. This 4 BHK flat can be availed at the rental price of ₹45,000. Located on the 2 floor, the flat comprises 4 bathrooms, 2 balcony, and has a carpet area of 2120 sqft. You will also find 1 Covered, 1 Open parking facility. The apartment comes furnished with power back up, reserved parking, security, service/goods lift, air conditioned.",45000,46000,2000,21,4,"1 Covered, 1 Open",Yes,No,No,"Service/Goods Lift, Air Conditioned",False,True,Agent,100,Immediately,2026-04-18T23:45:34.000Z,Today,True
huMfN5kCb5FzpSvf+uAgZw==,Magicbricks,https://www.magicbricks.com/property-details/4-BHK-440-Sq-yrd-Multistorey-Apartment-FOR-Rent-Randesan-in-Gandhinagar&id=4d423833373832343537,2026-04-19 13:51:41,23.17588,72.65443,,Randesan,"Randesan,Gandhinagar",,,,Apartment,Semi-Furnished,2,12,East,440,Sq-yrd,2010,"You can avail the 4 BHK flat for rent in the well-known location of Randesan. The multistorey apartment is available at rent of ₹45,000. Some attractive additional facilities available with the flat are 1 Wardrobe, 1 Bed and Gas Connection. The flat is on the 2 floor and includes 5 bathrooms, 2 balcony with a carpet area of 228 sqyrd. 3 Covered parking space is also available. This unit is designed with power back up, reserved parking, security. The flat can be visited at Randesan,Gandhinagar, Randesan, Gandhinagar, Gujarat.",45000,90000,0,11,5,3 Covered,Yes,No,No,Jogging and Strolling Track,False,True,Agent,98,Immediately,2026-04-18T23:45:33.000Z,Today,True
5oaZKSsEflVzpSvf+uAgZw==,Magicbricks,https://www.magicbricks.com/property-details/4-BHK-285-Sq-ft-Multistorey-Apartment-FOR-Rent-PDPU-Road-in-Gandhinagar&id=4d423834313332363033,2026-04-19 13:51:41,23.1540460891807,72.6665273263145,,Golden Real Estate,"Gandhinagar, Gujarat",,,,Apartment,Unfurnished,4,12,North - East,285,Sq-ft,New Construction,"nice flat 4 BHK apartment is available on rent in PDPU Road Gandhinagar right away. The flat is available for rent at a competitive amount of ₹45,000. The apartment is on the 4 floor, has a covered area of 285 sqft with 3 bathrooms and 3 balcony. The building includes 12 floor and supports Kids play area living. This flat is fitted with power back up, security. You can visit the flat at The Gate By Dev Aashish, Royal Street, Near Gujarat National Law University, PDPU Road, Gandhinagar.",45000,90000,0,158,3,,No,No,No,"Laundry Service, Internet/Wi-Fi Connectivity, Banquet Hall, Jogging and Strolling Track",False,True,Agent,78,Immediately,2026-04-16T23:45:23.000Z,"Apr 17, '26",True
au+d6AGZOIhzpSvf+uAgZw==,Magicbricks,https://www.magicbricks.com/property-details/4-BHK-3200-Sq-ft-Multistorey-Apartment-FOR-Rent-Sargasan-in-Gandhinagar&id=4d423833373437323433,2026-04-19 13:51:41,23.1848805,72.615856,,Sargasan,"Surya Circle, Sargasan, Gandhinagar, Gujarat",,,,Apartment,Furnished,7,13,,3200,Sq-ft,New Construction,"Flat available on rent, at the good location. All the amenities are available near by the society. If you are planning to rent a flat, you can consider this 4 BHK flat situated in the prime location of Sargasan. This 4 BHK flat can be availed at the rental price of ₹42,000. Live in this lovely flat and get access to various useful facilities such as 2 Wardrobe, 4 Bed, Fridge, 4 AC, Sofa, Washing Machine, Dining Table and Gas Connection. The flat is located on the 7 floor which includes 4 bathrooms, 2 balcony, and covers a carpet area of 2200 sqft. 3 Covered parking facility are also available. The apartment comes furnished with reserved parking. You can visit the flat at Surya Circle, Sargasan, Gandhinagar, Gujarat.",42000,,3000,13,4,3 Covered,No,No,No,,True,True,Agent,79,Immediately,2026-04-16T23:45:21.000Z,"Apr 17, '26",True
JOudvi6SjI9zpSvf+uAgZw==,Magicbricks,https://www.magicbricks.com/property-details/4-BHK-330-Sq-yrd-Multistorey-Apartment-FOR-Rent-Randesan-in-Gandhinagar&id=4d423833373336393339,2026-04-19 13:51:41,23.17588,72.65443,,Randesan,"Keshav Elitus, Survey No.233, 234 paiki 23, FP No.107, Gandhinagar, Gujarat",,,,Apartment,Semi-Furnished,8,12,East,330,Sq-yrd,New Construction,"A beautiful 4 BHK flat is available for rent in Randesan. The rent of the 4 BHK flat is ₹42,000. Live in this lovely flat and get access to various useful facilities such as 1 Wardrobe, 1 Bed and Gas Connection. The flat is located on the 8 floor which includes 4 bathrooms, 1 balcony, and covers a carpet area of 230 sqyrd. 2 Covered parking space is also available. The building comprises 12 floor and includes Kids play area features. The apartment comes furnished with reserved parking, security. The full address of the apartment is Survey No.233, 234 paiki 23, FP No.107, Gandhinagar, Gujarat.",42000,42000,1200,14,4,2 Covered,Yes,Yes,No,Jogging and Strolling Track,True,True,Agent,100,Immediately,2026-04-18T23:45:34.000Z,Today,True
JEc0ZzLR/nFzpSvf+uAgZw==,Magicbricks,https://www.magicbricks.com/property-details/4-BHK-2565-Sq-ft-Multistorey-Apartment-FOR-Rent-Randesan-in-Gandhinagar&id=4d423537393230313837,2026-04-19 13:51:41,23.17588,72.65443,,Randesan,shree rung aroma radesan,,,,Apartment,Unfurnished,2,5,North - East,2565,Sq-ft,Less than 5 years,"this property is near by Tcs and nift uid good location in this flat full furnish laxurish flat nearby by gift city all furnish flat just 2 flat in one floor Grab the chance to own this affordable 4 BHK flat for rent in the Randesan area. ₹45,000 is the monthly rent of this 4 BHK flat. The flat is on the 2 floor and includes 4 bathrooms, 1 balcony with a carpet area of 2265 sqft. The property has 5 floor and is equipped with Kids play area, Kids Splash Pool facilities. The apartment is equipped with power back up, reserved parking, security, service/goods lift, air conditioned, visitor parking, intercom facility, ro water system. The flat can be visited at R.S BLOCK NO 13, Gandhinagar, Gujarat.",45000,70000,0,18,4,,No,No,No,"Air Conditioned, Banquet Hall, Bar/Lounge, Jogging and Strolling Track",False,True,Agent,85,Immediately,2026-04-09T08:39:15.000Z,"Apr 09, '26",True
AXrXksu5dYVzpSvf+uAgZw==,Magicbricks,https://www.magicbricks.com/property-details/4-BHK-3800-Sq-ft-Multistorey-Apartment-FOR-Rent-Kudasan-in-Gandhinagar&id=4d423832373836373731,2026-04-19 13:51:41,23.1698784,72.6232479,,Kudasan,kudasan,,,,Apartment,Furnished,5,8,East,3800,Sq-ft,5 to 10 years,"Find this 4 BHK rental flat in Kudasan Gandhinagar. ₹55,000 is the monthly rent of this 4 BHK flat. Located on the 5 floor, the flat has 4 bathrooms, 1 balcony in carpet area of 3000 sqft. The residence includes power back up, reserved parking, security, service/goods lift, air conditioned, intercom facility, ro water system.",55000,110000,2000,14,4,,No,No,No,"Air Conditioned, Banquet Hall, Jogging and Strolling Track, Outdoor Tennis Courts",True,True,Agent,70,Immediately,2026-03-18T05:27:42.000Z,"Mar 18, '26",True
q4l3iLJPbe9zpSvf+uAgZw==,Magicbricks,https://www.magicbricks.com/property-details/4-BHK-350-Sq-yrd-Multistorey-Apartment-FOR-Rent-Raysan-in-Gandhinagar&id=4d423736353530363839,2026-04-19 13:51:41,23.16672,72.66059,,Raysan,Gandhinagar Rayasan gift city,19210|GNLU Metro Station|5 minutes,,,Apartment,Unfurnished,4,8,East,350,Sq-yrd,New Construction,"This property is new construction, well maintained property, allowed parking fix, many amenities available, 24h security and water line. Check out this newly constructed 4 BHK flat on rent in the prime location of Raysan Gandhinagar. This 4 BHK flat can be availed at the rental price of ₹50,000. Located on the 4 floor, the flat has 4 bathrooms, 4 balcony in carpet area of 300 sqyrd. There is also facility of 2 Open parking. The flat comes with power back up, reserved parking, security, service/goods lift, air conditioned, intercom facility, ro water system. Visit the apartment at Raysan, Ahmedabad, Gujarat.",50000,100000,1500,16,4,2 Open,No,No,No,"Air Conditioned, Banquet Hall, Bar/Lounge, Jogging and Strolling Track",True,True,Agent,100,Immediately,2026-03-22T21:27:43.000Z,"Mar 23, '26",True
jMFHpKgZqjpzpSvf+uAgZw==,Magicbricks,https://www.magicbricks.com/property-details/4-BHK-2565-Sq-ft-Multistorey-Apartment-FOR-Rent-Sargasan-in-Gandhinagar&id=4d423833373938333731,2026-04-19 13:51:41,23.1848805,72.615856,,Sargasan,"Swagat Agacia,Opp. Swagat Flamingo, Nr. TCS IT Park  Sargasan,Cross Roads,Sargasan,Gandhinagar",,,,Apartment,Semi-Furnished,9,14,North - East,2565,Sq-ft,5 to 10 years,"Gymnasium, swimming pool, squash court, jogging track, and badminton court.Close to essential facilities like the Aashka Multispeciality Hospital 0.1 km, Sahjanand School of Achiever 0.3 km, and Swagat Holiday Mall.",55000,110000,0,21,4,1 Covered,Yes,No,No,Jogging and Strolling Track,True,True,Agent,80,Immediately,2026-03-16T06:42:26.000Z,"Mar 16, '26",True
O8suJCKqZHRzpSvf+uAgZw==,Magicbricks,https://www.magicbricks.com/property-details/4-BHK-340-Sq-ft-Multistorey-Apartment-FOR-Rent-Sargasan-in-Gandhinagar&id=4d423834313532363231,2026-04-19 13:51:41,23.1848805,72.615856,,Sargasan,sargasan,,,,Apartment,Semi-Furnished,6,7,West,340,Sq-ft,New Construction,"new project Find this 4 BHK rental flat in Sargasan Gandhinagar. ₹50,000 is the monthly rent of this 4 BHK flat. The flat is on the 6 floor and includes 4 bathrooms, 4 balcony with a carpet area of 201 sqft. Visit the flat at Sector 11, Gandhinagar, Gujarat.",50000,,,147,4,,No,No,No,,False,True,Agent,66,Immediately,2026-04-09T04:34:11.000Z,"Apr 09, '26",True
0TmasVA81I9zpSvf+uAgZw==,Magicbricks,https://www.magicbricks.com/property-details/4-BHK-3114-Sq-ft-Multistorey-Apartment-FOR-Rent-Sargasan-in-Gandhinagar&id=4d423831393038303535,2026-04-19 13:51:41,23.1848805,72.615856,,Sargasan,"Gandhinagar, Gujarat",,,,Apartment,Semi-Furnished,4,13,East,3114,Sq-ft,Less than 5 years,"A beautiful 4 BHK flat is available for rent in Sargasan. You can get this flat at monthly rent of ₹42,000. The apartment is on the 4 floor, has a covered area of 3114 sqft with 4 bathrooms and 3 balcony. The property encompasses 13 floor and provides Kids Play Pool With Water Slides amenities. This property offers power back up, reserved parking, security, air conditioned. The apartment is located at Swagat Agacia,Opp. Swagat Flamingo, Nr. TCS IT Park & Sargasan,Cross Roads,Sargasan,Gandhinagar.",42000,42000,0,13,4,,No,No,No,"Air Conditioned, Internet/Wi-Fi Connectivity, Banquet Hall, Jogging and Strolling Track",True,True,Agent,53,Immediately,2026-03-14T14:59:38.000Z,"Mar 14, '26",True
Ajg+6qQfLJ1zpSvf+uAgZw==,Magicbricks,https://www.magicbricks.com/property-details/4-BHK-2565-Sq-ft-Multistorey-Apartment-FOR-Rent-Sargasan-in-Gandhinagar&id=4d423834323230333033,2026-04-19 13:51:41,23.1848805,72.615856,,Sargasan,"Sargasan,Gandhinagar",,,,Apartment,Semi-Furnished,11,14,,2565,Sq-ft,Less than 5 years,"4 BHK apartment is available on rent in Sargasan Gandhinagar right away. The flat is available for rent at a competitive amount of ₹50,000. Here you can enjoy world class facilities like 1 TV, 4 AC and Gas Connection. The flat is located on the 11 floor which includes 4 bathrooms, 2 balcony, and covers a carpet area of 2404 sqft. This property includes 14 floor and provides Kids Play Pool With Water Slides benefits. Visit the flat at Swagat Agacia,Opp. Swagat Flamingo, Nr. TCS IT Park & Sargasan,Cross Roads,Sargasan,Gandhinagar. This is a no-brokerage flat because the owner has posted the ad on this 4 BHK apartment.",50000,100000,5000,19,4,,No,No,No,,False,False,Owner,55,Select Date,2026-04-13T11:13:11.000Z,"Apr 13, '26",True
y9HYL9UnyptzpSvf+uAgZw==,Magicbricks,https://www.magicbricks.com/property-details/4-BHK-320-Sq-yrd-Multistorey-Apartment-FOR-Rent-in-Gandhinagar&id=4d423834323535343535,2026-04-19 13:51:41,,,,Balaji Realtors,"Gandhinagar, Gujarat",,,,Apartment,Furnished,3,3,,,,2006,"A beautiful 4 BHK flat is available for rent in shree rang aroma. The rent of the 4 BHK flat is ₹55,000. The flat is on the 3 floor and includes 4 bathrooms, 1 balcony with a carpet area of 320 sqyrd. This unit is designed with reserved parking, security.",55000,,,,4,,Yes,Yes,No,Jogging and Strolling Track,False,True,Agent,48,Immediately,2026-04-18T23:45:34.000Z,Today,True
Hi0/8Fu+yKVzpSvf+uAgZw==,Magicbricks,https://www.magicbricks.com/property-details/4-BHK-2745-Sq-ft-Multistorey-Apartment-FOR-Rent-Randesan-in-Gandhinagar&id=4d423833383234333833,2026-04-19 13:51:41,23.17588,72.65443,,Randesan,"Gandhinagar, Gujarat",,,,Apartment,Semi-Furnished,11,14,North - East,2745,Sq-ft,New Construction,"If you are searching a 4 BHK apartment for rent in Randesan, check out this amazing rental flat. The rent of the 4 BHK flat is ₹45,000. The apartment is on the 11 floor, has a covered area of 2745 sqft with 4 bathrooms and 1 balcony. There is also facility of 1 Covered parking. The building has 14 floor and offers Kids play area amenities. This unit features power back up, reserved parking, security, service/goods lift, air conditioned, intercom facility, ro water system. The apartment is located at Siddhraj Zoey, Besides Maruti magnum, Nr.Axis Bank, Randesan, Gandhinagar.",45000,45000,0,16,4,1 Covered,No,No,No,"Air Conditioned, Banquet Hall, Bar/Lounge, Jogging and Strolling Track",True,True,Agent,95,Immediately,2026-04-18T23:45:32.000Z,Today,True
ldL/jA7vE7xzpSvf+uAgZw==,Magicbricks,https://www.magicbricks.com/property-details/4-BHK-3510-Sq-ft-Multistorey-Apartment-FOR-Rent-Koba-in-Gandhinagar&id=4d423833333530333337,2026-04-19 13:51:41,23.150331,72.640657,,The Property House,"Koba,Gandhinagar",,,,Apartment,Unfurnished,9,14,East,3510,Sq-ft,New Construction,"this property is located in koba near Mahavir puram Temple.metro nearbyschool, gift city, hospital and collages are near by. You can avail the 4 BHK flat for rent in the well-known location of Koba. This 4 BHK flat is available at the reasonable rent amount of ₹45,000. Located on the 9 floor, the flat has 4 bathrooms, 1 balcony in carpet area of 2050 sqft. There is also facility of 2 Covered parking. This unit features reserved parking, security. Visit the apartment at Koba,Gandhinagar, Koba, Gandhinagar, Gujarat.",45000,45000,3500,13,4,2 Covered,No,No,No,,False,True,Agent,100,Immediately,2026-04-18T23:45:34.000Z,Today,True
Dr9ixZKhtE5zpSvf+uAgZw==,Magicbricks,https://www.magicbricks.com/property-details/4-BHK-3150-Sq-ft-Multistorey-Apartment-FOR-Rent-Randesan-in-Gandhinagar&id=4d423833343831373139,2026-04-19 13:51:41,23.17588,72.65443,,Randesan,"Randesan, Gandhinagar",,,,Apartment,Semi-Furnished,10,13,East,3150,Sq-ft,Less than 5 years,"well connectivity of sargasan sg highway A beautiful 4 BHK flat is available for rent in Randesan. The 4 BHK apartment is available at a reasonable rent of ₹48,000. The flat is on the 10 floor and includes 4 bathrooms, 2 balcony with a carpet area of 1732 sqft. There is also facility of 1 Covered parking. The building has 13 floor and offers Kids play area amenities. This property offers reserved parking, security, air conditioned. This flat is located at FP-54/2, Gandhinagar, Gandhinagar, Gujarat,.",48000,54000,0,15,4,1 Covered,No,No,No,"Air Conditioned, Banquet Hall, Conference Room, Jogging and Strolling Track",False,True,Agent,100,Immediately,2026-04-17T23:45:21.000Z,Yesterday,True
rIXL3CWsipRzpSvf+uAgZw==,Magicbricks,https://www.magicbricks.com/property-details/4-BHK-435-Sq-yrd-Multistorey-Apartment-FOR-Rent-Randesan-in-Gandhinagar&id=4d423833363138323131,2026-04-19 13:51:41,23.17588,72.65443,,Randesan,"Randesan,Gandhinagar",,,,Apartment,Unfurnished,2,6,,435,Sq-yrd,2005,"A beautiful 4 BHK flat is available for rent in Randesan. This 4 BHK flat can be availed at the rental price of ₹45,000. Located on the 2 floor, the flat has 4 bathrooms, 2 balcony in carpet area of 400 sqyrd.",45000,45000,,11,4,,No,No,No,,True,True,Agent,38,Immediately,2026-04-18T23:45:34.000Z,Today,True
5U8u3Rl4qnlzpSvf+uAgZw==,Magicbricks,https://www.magicbricks.com/property-details/4-BHK-3600-Sq-ft-Multistorey-Apartment-FOR-Rent-Koba-in-Gandhinagar&id=4d423833383630333633,2026-04-19 13:51:41,23.150331,72.640657,,Jayesh Vyas,"Gandhinagar, Gujarat",,382426,,Apartment,Semi-Furnished,9,12,,3600,Sq-ft,Less than 5 years,"Check out this newly constructed 4 BHK flat on rent in the prime location of Koba Gandhinagar. Available at a rental price of ₹45,000, this 4 BHK flat is worth considering. If you rent the flat, you will have access to facilities like 2 Wardrobe. Located on the 9 floor, the flat has 4 bathrooms, 1 balcony in carpet area of 1945 sqft. The apartment is located at Saamarth Heaven 6, K Raheja Road, TP-02, Koba- Gandhinagar. 382426. The owner has posted this 4 BHK flat for rent, so the brokerage fees is zero on this multistorey apartment.",45000,45000,2000,12,4,,No,No,No,,False,False,Owner,36,Immediately,2026-03-19T09:11:11.000Z,"Mar 19, '26",True
37vuGVK3oZZzpSvf+uAgZw==,Magicbricks,https://www.magicbricks.com/property-details/4-BHK-400-Sq-ft-Multistorey-Apartment-FOR-Rent-Randesan-in-Gandhinagar&id=4d423739343136373731,2026-04-19 13:51:41,23.17588,72.65443,,Randesan,"Gandhinagar, Gujarat",,,,Apartment,Semi-Furnished,8,13,,400,Sq-ft,New Construction,"A beautiful 4 BHK flat is available for rent in Randesan. This 4 BHK flat can be availed at the rental price of ₹45,000. The flat is located on the 8 floor which includes 4 bathrooms, 1 balcony, and covers a covered area of 400 sqft. The flat comes with power back up, security, intercom facility.",45000,45000,0,112,4,,Yes,No,No,Intercom Facility,True,True,Agent,50,Immediately,2026-04-16T23:45:22.000Z,"Apr 17, '26",True
0WRdiXRQNcpzpSvf+uAgZw==,Magicbricks,https://www.magicbricks.com/property-details/4-BHK-400-Sq-yrd-Multistorey-Apartment-FOR-Rent-Raysan-in-Gandhinagar&id=4d423737373138353935,2026-04-19 13:51:41,23.16672,72.66059,,Raysan,Gandhinagar Rayasan gift city,19210|GNLU Metro Station,,,Apartment,Unfurnished,5,12,East,400,Sq-yrd,New Construction,"This property is new construction, well maintained property, allowed parking fix, many amenities available, 24h security and water line. If you are planning to rent a flat, you can consider this 4 BHK flat situated in the prime location of Raysan. You can get this flat at monthly rent of ₹45,000. Located on the 5 floor, the flat comprises 4 bathrooms, 4 balcony, and has a carpet area of 350 sqyrd. There is also facility of 1 Open parking. This unit features power back up, reserved parking, security, service/goods lift, air conditioned, intercom facility, ro water system. The flat can be visited at Shree Satvat, PDPU college road, near D M Service station, Raysan, Gujarat .",45000,90000,1500,12,4,1 Open,No,No,No,"Air Conditioned, Banquet Hall, Bar/Lounge, Jogging and Strolling Track",True,True,Agent,100,Immediately,2026-03-30T14:13:40.000Z,"Mar 30, '26",True
9NDZ/opI/ntzpSvf+uAgZw==,Magicbricks,https://www.magicbricks.com/property-details/4-BHK-458-Sq-yrd-Multistorey-Apartment-FOR-Rent-Randesan-in-Gandhinagar&id=4d423834323535343635,2026-04-19 13:51:41,23.17588,72.65443,,Randesan,"Gandhinagar, Gujarat",,,,Apartment,Semi-Furnished,7,7,,,,2006,"You can avail the 4 BHK flat for rent in the well-known location of Randesan. This 4 BHK flat can be availed at the rental price of ₹50,000. The flat is on the 7 floor and includes 4 bathrooms, 2 balcony with a carpet area of 458 sqyrd. This unit features power back up, reserved parking, security, intercom facility.",50000,,,,4,,No,No,No,"Intercom Facility, Internet/Wi-Fi Connectivity, Bar/Lounge, Jogging and Strolling Track",False,True,Agent,48,Immediately,2026-04-18T23:45:34.000Z,Today,True
OiVwjxHkHEhzpSvf+uAgZw==,Magicbricks,https://www.magicbricks.com/property-details/4-BHK-420-Sq-yrd-Multistorey-Apartment-FOR-Rent-Sargasan-in-Gandhinagar&id=4d423831343537333935,2026-04-19 13:51:41,23.1848805,72.615856,,Sargasan,gandhinagar rayasan,,,,Apartment,Semi-Furnished,4,12,East,420,Sq-yrd,Less than 5 years,"This is new project nice location near metro near gift city near school hospital clg nice location near metro 24hr water gas line all available Find 4 BHK flat for rent in Sargasan Gandhinagar. ₹50,000 is the monthly rent of this 4 BHK flat. The flat is on the 4 floor and includes 4 bathrooms, 4 balcony with a carpet area of 350 sqyrd. There is also facility of 1 Open parking. This property offers power back up, reserved parking, security, service/goods lift, air conditioned, intercom facility, ro water system. Visit the flat at FP-8,TP-8,Nr.Aashka Hospital, Sargasan, Gandhinagar, Gujarat .",50000,100000,1500,13,4,1 Open,No,No,No,"Air Conditioned, Banquet Hall, Bar/Lounge, Jogging and Strolling Track",True,True,Agent,80,Immediately,2026-03-25T22:45:45.000Z,"Mar 26, '26",True
FWL6e64Kq/dzpSvf+uAgZw==,Magicbricks,https://www.magicbricks.com/property-details/4-BHK-2200-Sq-ft-Multistorey-Apartment-FOR-Rent-Sargasan-in-Gandhinagar&id=4d423737323932343337,2026-04-19 13:51:41,23.1848805,72.615856,,Sargasan,"Megh Malhar Rd,Sargasan, Gandhinagar, Gujarat",,,,Apartment,Semi-Furnished,1,6,East,2200,Sq-ft,New Construction,"Megh Malhar in Sargasan, Gandhinagar, offers spacious 3 BHK and 4 BHK apartments across 11 towers with 6 floors each. The project features modern amenities like a swimming pool, gym, and childrens play area. Its strategic location ensures easy access to schools, hospitals, and shopping centers for convenience.",64000,110000,0,29,4,1 Covered,No,No,No,,False,True,Agent,100,Immediately,2026-04-17T23:45:20.000Z,Yesterday,True
7rZZgfrkSxtzpSvf+uAgZw==,Magicbricks,https://www.magicbricks.com/property-details/4-BHK-320-Sq-yrd-Multistorey-Apartment-FOR-Rent-Sargasan-in-Gandhinagar&id=4d423735343339323631,2026-04-19 13:51:41,23.1848805,72.615856,,Sargasan,"Swagat Agacia,Opp. Swagat Flamingo, Nr. TCS IT Park  Sargasan,Cross Roads,Sargasan,Gandhinagar",,,,Apartment,Furnished,7,14,East,320,Sq-yrd,Less than 5 years,"Swagat Agacia, an auspicious synonym of 7 star luxury, stands tall as One Stop Happiness Solution of life. Life at Agacia means a sheer welcome to inner peace, means If you are planning to rent a flat, you can consider this 4 BHK flat situated in the prime location of Sargasan. The flat is available for rent at a competitive amount of ₹65,000. The flat comes with some add-on facilities such as 4 Wardrobe, 4 Bed, 1 TV, Fridge, Microwave, 4 AC, Sofa, Washing Machine, Dining Table and Gas Connection. Located on the 7 floor, the flat has 4 bathrooms, 2 balcony in carpet area of 192 sqyrd. The property includes 1 Covered parking. The apartment is equipped with power back up, security. Visit the apartment at Swagat Agacia,Opp. Swagat Flamingo, Nr. TCS IT Park Sargasan,Cross Roads,Sargasan,Gandhinagar, Sargasan, Gandhinagar, Gujarat.",65000,130000,0,23,4,1 Covered,Yes,Yes,No,Jogging and Strolling Track,False,True,Agent,100,Immediately,2026-04-16T23:45:20.000Z,"Apr 17, '26",True
XI8Zzmv8nFFzpSvf+uAgZw==,Magicbricks,https://www.magicbricks.com/property-details/4-BHK-487-Sq-yrd-Multistorey-Apartment-FOR-Rent-Raysan-in-Gandhinagar&id=4d423833393930353239,2026-04-19 13:51:41,23.16672,72.66059,,Raysan,"TP - 01 , Royal Street , Near , GNLU College , PDPU road , Raysan , Koba , Gandhinagar , 382426",19210|GNLU Metro Station|5 minutes,382426,,Apartment,Semi-Furnished,7,12,East,487,Sq-yrd,New Construction,"Find this 4 BHK rental flat in Raysan Gandhinagar. This 4 BHK flat is available at the reasonable rent amount of ₹65,000. Here you can enjoy world class facilities like 4 Wardrobe and Gas Connection. Located on the 7 floor, the flat has 4 bathrooms, 1 balcony in carpet area of 278 sqft. 2 Covered parking facility are also available. This property features 12 floor and offers a range of Kids play area facilities. The apartment comes furnished with power back up, reserved parking, security. Find this apartment at TP - 01 , Royal Street , Near , GNLU College , PDPU road , Raysan , Koba , Gandhinagar , 382426.",65000,65000,0,15,4,2 Covered,Yes,No,No,Jogging and Strolling Track,True,True,Agent,80,Immediately,2026-04-16T23:45:20.000Z,"Apr 17, '26",True
10ovvAdqsu9zpSvf+uAgZw==,Magicbricks,https://www.magicbricks.com/property-details/4-BHK-2907-Sq-ft-Multistorey-Apartment-FOR-Rent-Kudasan-in-Gandhinagar&id=4d423637353437303733,2026-04-19 13:51:41,23.1698784,72.6232479,,Kudasan,"Kudasan,Gandhinagar",,,,Apartment,Furnished,4,8,East,2907,Sq-ft,New Construction,"4bhk flat with fix furnished, sofa, well interior design and garden facing flat in Keshav Aradhyam, Kudasan. 4 BHK apartment is available on rent in Kudasan Gandhinagar right away. This 4 BHK flat is available at the reasonable rent amount of ₹60,000. Here you can enjoy world class facilities like 4 Wardrobe, 4 Bed, Sofa, Dining Table and Gas Connection. The flat is on the 4 floor and includes 4 bathrooms, 1 balcony with a carpet area of 2150 sqft. There is also facility of 1 Covered, 1 Open parking. This property includes 8 floor and provides Kids play area benefits. This flat is fitted with power back up, reserved parking, security. You can visit the flat at Kudasan, Gandhinagar, Gujarat.",60000,100000,0,21,4,"1 Covered, 1 Open",No,No,No,,True,True,Agent,80,Immediately,2026-04-18T23:45:34.000Z,Today,True
90w0I8AnGc9zpSvf+uAgZw==,Magicbricks,https://www.magicbricks.com/property-details/4-BHK-410-Sq-yrd-Multistorey-Apartment-FOR-Rent-Sargasan-in-Gandhinagar&id=4d423832383639303939,2026-04-19 13:51:41,23.1848805,72.615856,,Sargasan,"Gandhinagar, Gujarat",,,,Apartment,Furnished,7,10,North - East,410,Sq-yrd,Less than 5 years,"best location 4 BHK flat is available for rent in Sargasan immediately. You can get this flat at monthly rent of ₹65,000. The apartment is on the 7 floor, has a carpet area of 225 sqyrd with 3 bathrooms and 3 balcony. The apartment is equipped with power back up, reserved parking, security, air conditioned, ro water system. Visit the flat at Sector 11, Gandhinagar, Gujarat.",65000,65000,0,18,3,,No,No,No,"Air Conditioned, Internet/Wi-Fi Connectivity, Bar/Lounge, Jogging and Strolling Track",False,True,Agent,78,Immediately,2026-03-09T11:38:17.000Z,"Mar 09, '26",True
GSuPzhm6YyVzpSvf+uAgZw==,Magicbricks,https://www.magicbricks.com/property-details/4-BHK-470-Sq-yrd-Multistorey-Apartment-FOR-Rent-Sargasan-in-Gandhinagar&id=4d423634393033373433,2026-04-19 13:51:41,23.1848805,72.615856,,Sargasan,"Siddharaj Z, Nr. Infocity Sargasan Cross Roads S.G. Highway,gandhinagar",,,,Apartment,Semi-Furnished,1,7,East,470,Sq-yrd,Less than 5 years,"You can explore this 4 BHK flat on rent in Sargasan Gandhinagar. You can get this flat at monthly rent of ₹70,000. Here you can enjoy world class facilities like 3 Wardrobe, 3 Bed, Sofa, Dining Table and Gas Connection. The flat is located on the 1 floor which includes 4 bathrooms, 1 balcony, and covers a carpet area of 282 sqyrd. The property includes 2 Covered parking. This unit features power back up, reserved parking, security. The full address of the apartment is Siddharaj Z, Nr. Infocity Sargasan Cross Roads S.G. Highway,gandhinagar, Sargasan, Gandhinagar, Gujarat.",70000,140000,10000,17,4,2 Covered,Yes,No,No,Jogging and Strolling Track,False,True,Agent,100,Immediately,2026-03-19T08:22:29.000Z,"Mar 19, '26",True
CELcY6pbiY1zpSvf+uAgZw==,Magicbricks,https://www.magicbricks.com/property-details/4-BHK-3114-Sq-ft-Multistorey-Apartment-FOR-Rent-Sargasan-in-Gandhinagar&id=4d423636333336353437,2026-04-19 13:51:41,23.1848805,72.615856,,Sargasan,502.,,,,Apartment,Furnished,5,14,North - East,3114,Sq-ft,New Construction,"this property is near by Tcs and uid good location in this flat full furnish laxurish flat all aminitys is this skim gym swimming pool indore game all new If you are planning to rent a flat, you can consider this 4 BHK flat situated in the prime location of Sargasan. ₹60,000 is the monthly rent of this 4 BHK flat. The flat is on the 5 floor and includes 4 bathrooms, 3 balcony with a carpet area of 2465 sqft. The building includes 14 floor and supports Kids Play Pool With Water Slides living. This flat is fitted with power back up, reserved parking, security, service/goods lift, air conditioned, intercom facility, ro water system. This flat is located at Swagat Agacia,Opp. Swagat Flamingo, Nr. TCS IT Park & Sargasan,Cross Roads,Sargasan,Gandhinagar.",60000,120000,5000,19,4,,No,No,No,"Air Conditioned, Banquet Hall, Bar/Lounge, Jogging and Strolling Track",False,True,Agent,85,Immediately,2026-04-12T06:21:24.000Z,"Apr 12, '26",True
euPOXVuqCvJzpSvf+uAgZw==,Magicbricks,https://www.magicbricks.com/property-details/4-BHK-450-Sq-yrd-Multistorey-Apartment-FOR-Rent-Sargasan-in-Gandhinagar&id=4d423833333933343433,2026-04-19 13:51:41,23.1848805,72.615856,,Sargasan,"Sargasan,Gandhinagar",,,,Apartment,Semi-Furnished,4,7,North - East,450,Sq-yrd,2011,"Security Multilevel biometric security, multiapartment video intercom, gate automation, and 24x7 CCTV surveillance.Leisure Features a Club House, Swimming Pool, Gymnasium, and Themed Landscape Garden.Close to Kameshwar International School and Ved International School.",65000,130000,0,16,4,1 Covered,Yes,No,No,Jogging and Strolling Track,True,True,Agent,98,Immediately,2026-02-22T01:30:22.000Z,"Feb 22, '26",True
TEqwk5v0sKJzpSvf+uAgZw==,Magicbricks,https://www.magicbricks.com/property-details/4-BHK-3114-Sq-ft-Multistorey-Apartment-FOR-Rent-Sargasan-in-Gandhinagar&id=4d423732363932353037,2026-04-19 13:51:41,23.1848805,72.615856,,Sargasan,"swagat agacia,sargasan",,,,Apartment,Unfurnished,9,13,South,3114,Sq-ft,New Construction,"this is 7star 1st no.of sargasan property like all emmynitys here If you are planning to rent a flat, you can consider this 4 BHK flat situated in the prime location of Sargasan. This 4 BHK flat can be availed at the rental price of ₹60,000. The apartment is on the 9 floor, has a covered area of 3114 sqft with 4 bathrooms and 3 balcony. The building comprises 13 floor and includes Kids Play Pool With Water Slides features. This flat is fitted with power back up, reserved parking, security, service/goods lift, air conditioned, ro water system. This flat is located at Swagat Agacia,Opp. Swagat Flamingo, Nr. TCS IT Park & Sargasan,Cross Roads,Sargasan,Gandhinagar.",60000,116000,0,19,4,,No,No,No,"Air Conditioned, Banquet Hall, Bar/Lounge, Jogging and Strolling Track",True,True,Agent,80,Immediately,2026-02-18T12:35:52.000Z,"Feb 18, '26",True
Xpv4pkFzMFtzpSvf+uAgZw==,Magicbricks,https://www.magicbricks.com/property-details/4-BHK-3114-Sq-ft-Multistorey-Apartment-FOR-Rent-Sargasan-in-Gandhinagar&id=4d423738383133323933,2026-04-19 13:51:41,23.1848805,72.615856,,Sargasan,sargasan,,,,Apartment,Unfurnished,5,11,North - East,3114,Sq-ft,New Construction,"Find this 4 BHK rental flat in Sargasan Gandhinagar. The multistorey apartment is available at rent of ₹65,000. The flat is located on the 5 floor which includes 4 bathrooms, 3 balcony, and covers a covered area of 3114 sqft. The property encompasses 11 floor and provides Kids Play Pool With Water Slides amenities. The apartment is equipped with power back up, reserved parking, security, air conditioned. Find this apartment at Swagat Agacia,Opp. Swagat Flamingo, Nr. TCS IT Park & Sargasan,Cross Roads,Sargasan,Gandhinagar.",65000,130000,0,21,4,,No,No,No,"Air Conditioned, Internet/Wi-Fi Connectivity, Jogging and Strolling Track",True,True,Agent,55,Immediately,2026-04-18T23:45:32.000Z,Today,True
92394JW8FoBzpSvf+uAgZw==,Magicbricks,https://www.magicbricks.com/property-details/4-BHK-2745-Sq-ft-Multistorey-Apartment-FOR-Rent-Randesan-in-Gandhinagar&id=4d423833343632343937,2026-04-19 13:51:41,23.17588,72.65443,,Randesan,"Siddhraj Zoey, Besides Maruti magnum, Nr.Axis Bank, Randesan, Gandhinagar",,,,Apartment,Furnished,10,14,East,2745,Sq-ft,New Construction,"This property is East Facing Garden looked vastu complient Flat with club class amenities near by randesan metro station Find this 4 BHK rental flat in Randesan Gandhinagar. Available at a rental price of ₹70,000, this 4 BHK flat is worth considering. 4 Wardrobe, 3 Bed, 4 AC, Sofa, Dining Table and Gas Connection are some of the additional amenities available with the apartment. Located on the 10 floor, the flat has 4 bathrooms, 1 balcony in carpet area of 1509 sqft. 2 Covered parking facility are also available. The apartment is equipped with power back up, reserved parking, security. The full address of the apartment is Siddhraj Zoey, Besides Maruti magnum, Nr.Axis Bank, Randesan, Gandhinagar, Randesan, Gandhinagar, Gujarat.",70000,140000,0,26,4,2 Covered,Yes,No,No,Jogging and Strolling Track,False,True,Agent,100,Immediately,2026-04-18T23:45:34.000Z,Today,True
eAxMwggSrHFzpSvf+uAgZw==,Magicbricks,https://www.magicbricks.com/property-details/4-BHK-2515-Sq-ft-Multistorey-Apartment-FOR-Rent-Randesan-in-Gandhinagar&id=4d423833363330363233,2026-04-19 13:51:41,23.17588,72.65443,,Randesan,Shree Rang Aroma,,,,Apartment,Furnished,2,5,,2515,Sq-ft,5 to 10 years,"4 BHK apartment is available on rent in Randesan Gandhinagar right away. This 4 BHK flat can be availed at the rental price of ₹60,000. Located on the 2 floor, the flat has 4 bathrooms, 1 balcony in carpet area of 2835 sqft. Visit the flat at Shree Rang Aroma, Randesan, Gandhinagar, Gujarat.",60000,,,24,4,,No,No,No,,False,True,Agent,56,Immediately,2026-04-16T23:45:22.000Z,"Apr 17, '26",True
ptsHIV2ZfBdzpSvf+uAgZw==,Magicbricks,https://www.magicbricks.com/property-details/4-BHK-330-Sq-ft-Multistorey-Apartment-FOR-Rent-Sargasan-in-Gandhinagar&id=4d423833393931333135,2026-04-19 13:51:41,23.1848805,72.615856,,Sargasan,"Sector 11, Gandhinagar, Gujarat",,,,Apartment,Furnished,5,7,East,330,Sq-ft,New Construction,"4 BHK apartment is available on rent in Sargasan Gandhinagar right away. This 4 BHK flat is available at the reasonable rent amount of ₹65,000. Additional amenities available with the flat are 4 Wardrobe, 4 Bed, 2 TV, Fridge, Microwave, 4 AC, Sofa, Washing Machine, Dining Table and Gas Connection. The flat is located on the 5 floor which includes 4 bathrooms, 2 balcony, and covers a carpet area of 190 sqft. There is also facility of 2 Covered parking. This home provides power back up, reserved parking, security. The address is Sector 11, Gandhinagar, Gujarat.",65000,130000,0,197,4,2 Covered,Yes,No,No,Jogging and Strolling Track,True,True,Agent,80,Immediately,2026-04-16T23:45:20.000Z,"Apr 17, '26",True
2l86KjI49xtzpSvf+uAgZw==,Magicbricks,https://www.magicbricks.com/property-details/2-BHK-1300-Sq-ft-Multistorey-Apartment-FOR-Rent-Randesan-in-Gandhinagar&id=4d423832373330343437,2026-04-19 13:51:41,23.17588,72.65443,,Randesan,"You can visit directly Aawaas riverfront, Randesan to see flat",,,,Apartment,Semi-Furnished,3,5,,1300,Sq-ft,5 to 10 years,"You can explore this 2 BHK flat on rent in Randesan Gandhinagar. The 2 BHK apartment is available at a reasonable rent of ₹19,000. The apartment is on the 3 floor, has a carpet area of 1050 sqft with 2 bathrooms and 2 balcony. The brokerage amount of the 2 BHK apartment is zero.",19000,,1600,15,2,,No,No,No,,False,False,Owner,59,Immediately,2026-02-17T22:30:42.000Z,"Feb 18, '26",True
U6o6jWT11VRzpSvf+uAgZw==,Magicbricks,https://www.magicbricks.com/property-details/2-BHK-1400-Sq-ft-Multistorey-Apartment-FOR-Rent-Randheja-in-Gandhinagar&id=4d423739313236393433,2026-04-19 13:51:41,23.319558,72.63864,,Randheja,"Gandhinagar, Gujarat",,,,Apartment,Furnished,5,7,,,,Less than 5 years,"Multistorey apartment is available for rent. It is a good location property. Please contact for more details. If you are planning to rent a flat, you can consider this 2 BHK flat situated in the prime location of Randheja. The rent of the 2 BHK flat is ₹14,000. The flat is on the 5 floor and includes 2 bathrooms, 1 balcony with a carpet area of 1400 sqft. The full address of the apartment is Randheja, Ahmedabad, Gujarat . This 2 BHK rental flat comes with no brokerage fees.",14000,14000,1000,,2,,No,No,No,,False,False,Owner,53,Immediately,2026-03-09T16:27:18.000Z,"Mar 09, '26",True
L4DSvmymdiVzpSvf+uAgZw==,Magicbricks,https://www.magicbricks.com/property-details/2-BHK-163-Sq-ft-Multistorey-Apartment-FOR-Rent-Uvarsad-in-Gandhinagar&id=4d423833373733323739,2026-04-19 13:51:41,23.209984,72.587686,,Mayur Vaishnav,"Gandhinagar, Gujarat",,,,Apartment,Furnished,6,7,,,,New Construction,"2 BHK apartment is available on rent in Uvarsad Gandhinagar right away. You can get this flat at monthly rent of ₹21,500. The flat is on the 6 floor and includes 2 bathrooms, 3 balcony with a carpet area of 163 sqft. Visit the flat at 18, Bhudarpura Rd, Behind C.N.School, Utkarsh Society, Tatsat Society, Ambawadi, Ahmedabad, Gujarat . This 2 BHK rental flat comes with no brokerage fees.",21500,21500,1700,,2,,No,No,No,,False,False,Owner,33,Immediately,2026-03-13T22:35:41.000Z,"Mar 14, '26",True
6rc97u7TJG9zpSvf+uAgZw==,Magicbricks,https://www.magicbricks.com/property-details/2-BHK-145-Sq-yrd-Multistorey-Apartment-FOR-Rent-Vavol-in-Gandhinagar&id=4d423833343938343737,2026-04-19 13:51:41,23.2248961,72.619552,,Vavol,"Gandhinagar, Gujarat",,,,Apartment,Semi-Furnished,1,4,,145,Sq-yrd,,"A beautiful 2 BHK flat is available for rent in Vavol. The apartment is available at an affordable rental price of ₹18,000. Located on the 1 floor, the flat has 2 bathrooms, 1 balcony in covered area of 145 sqyrd. The address is Vavol, Gandhinagar, Gujarat. This is a no-brokerage flat, as the owner is offering this 2 BHK flat on rent.",18000,,,14,2,,No,No,No,,False,False,Owner,42,Immediately,2026-02-21T06:31:38.000Z,"Feb 21, '26",True
8jwMI0vo8mdzpSvf+uAgZw==,Magicbricks,https://www.magicbricks.com/property-details/2-BHK-1000-Sq-ft-Multistorey-Apartment-FOR-Rent-Vavol-in-Gandhinagar&id=4d423732323233303931,2026-04-19 13:51:41,23.2248961,72.619552,,Vavol,"Vavol, Gandhinagar",,,,Apartment,Unfurnished,4,7,,1000,Sq-ft,Less than 5 years,"You can explore this 2 BHK flat on rent in Vavol Gandhinagar. ₹14,500 is the monthly rent of this 2 BHK flat. Located on the 4 floor, the flat has 2 bathrooms, 4 balcony in carpet area of 1000 sqft. The property features power back up, reserved parking, security, visitor parking. The full address of the apartment is Vavol, Gandhinagar, Vavol, Gandhinagar, Gujarat. This 2 BHK rental flat comes with no brokerage fees.",14500,29000,0,14,2,,Yes,No,No,"Visitor Parking, Conference Room",False,False,Owner,74,Immediately,2026-03-14T16:42:37.000Z,"Mar 14, '26",True
M4EdnKQ6Yw1zpSvf+uAgZw==,Magicbricks,https://www.magicbricks.com/property-details/2-BHK-165-Sq-yrd-Multistorey-Apartment-FOR-Rent-Vavol-in-Gandhinagar&id=4d423833313334373437,2026-04-19 13:51:41,23.2248961,72.619552,,Vavol,"Gandhinagar, Gujarat",,,,Apartment,Semi-Furnished,1,7,,165,Sq-yrd,,"You can avail the 2 BHK flat for rent in the well-known location of Vavol. The rent of the 2 BHK flat is ₹16,000. The full address of the apartment is Vavol, Gandhinagar, Gujarat. Do not pay any brokerage fee for this 2 BHK rental flat since the property ad is posted by the flat owner.",16000,,,11,2,,No,No,No,,False,False,Owner,43,Immediately,2026-04-11T21:30:42.000Z,"Apr 12, '26",True
vh4cSCQpBM9zpSvf+uAgZw==,Magicbricks,https://www.magicbricks.com/property-details/2-BHK-1250-Sq-ft-Multistorey-Apartment-FOR-Rent-Vavol-in-Gandhinagar&id=4d423834303637313439,2026-04-19 13:51:41,23.2248961,72.619552,,Vavol,New vavol,,,,Apartment,Semi-Furnished,2,7,North,1250,Sq-ft,Less than 5 years,"Best gated socity with 24x7 security, water supply, garden ,kids play area, alloted car parking, best location, d mart at 150 mtrs only, reliance digital at 500 mtr, international school at 500 mtr, metro station and gandhinagar railway station at 1. 5 km only",17000,30000,1500,14,2,1 Covered,Yes,No,No,"Service/Goods Lift, RO Water System",False,False,Owner,77,Select Date,2026-04-04T03:59:13.000Z,"Apr 04, '26",True
iFBuXH8z7ZhzpSvf+uAgZw==,Magicbricks,https://www.magicbricks.com/property-details/2-BHK-1250-Sq-ft-Multistorey-Apartment-FOR-Rent-Sargasan-in-Gandhinagar&id=4d423834303132383039,2026-04-19 13:51:41,23.1848805,72.615856,,Sargasan,"Sargasan Cross Road, Gandhinagar",,,,Apartment,Semi-Furnished,12,13,North - East,1250,Sq-ft,New Construction,"it is situated at posh area of sargasan gandhinagar. near the infocity and gift city. property is just one year old having all the amenities inside the society. Like Garden, Senior citizen gym, multicamity hall.",22000,,,18,2,,Yes,No,No,"Visitor Parking, Jogging and Strolling Track",False,False,Owner,74,Select Date,2026-03-31T15:05:16.000Z,"Mar 31, '26",True
udl6Gq1Q0DxzpSvf+uAgZw==,Magicbricks,https://www.magicbricks.com/property-details/2-BHK-1100-Sq-ft-Multistorey-Apartment-FOR-Rent-Sargasan-in-Gandhinagar&id=4d423637303335333433,2026-04-19 13:51:41,23.1848805,72.615856,,Sargasan,"E402, Pramukh Nagar Flats, Nr. Sargasan Cross Road, Bh. Swagat Rainforest 3, KH Road, Gandhinagar 382421",,,,Apartment,Semi-Furnished,4,5,,1100,Sq-ft,5 to 10 years,"On the KH road. Near to Railway Station, Info city, Gift City. Find this 2 BHK rental flat in Sargasan Gandhinagar. The apartment is available at an affordable rental price of ₹22,000. If you rent the flat, you will have access to facilities like 2 Wardrobe, 2 Bed, Fridge, 1 AC, Washing Machine, Dining Table and Gas Connection. Located on the 4 floor, the flat has 2 bathrooms, 2 balcony in carpet area of 900 sqft. There is also facility of 1 Covered, 1 Open parking. The property features security, air conditioned, visitor parking. The apartment is located at BBlock-B, KH Rd, Sargasan, Gandhinagar, Gujarat. The owner has posted this 2 BHK flat for rent, so the brokerage fees is zero on this multistorey apartment.",22000,50000,0,20,2,"1 Covered, 1 Open",Yes,No,No,"Air Conditioned, Visitor Parking, Jogging and Strolling Track",False,False,Owner,96,Immediately,2026-03-14T14:24:50.000Z,"Mar 14, '26",True
8jL8hE4wQ2RzpSvf+uAgZw==,Magicbricks,https://www.magicbricks.com/property-details/2-BHK-126-Sq-yrd-Multistorey-Apartment-FOR-Rent-Kudasan-in-Gandhinagar&id=4d423832353536393831,2026-04-19 13:51:41,23.1698784,72.6232479,,Kudasan,"Gandhinagar, Gujarat",,,,Apartment,Semi-Furnished,4,5,East,126,Sq-yrd,,"A beautiful 2 BHK flat is available for rent in Kudasan. The multistorey apartment is available at rent of ₹18,063. The address is Nr. Rajdhani Bunglows, B/H. Da-Iict, Shahpur - Sargasan Road, Gandhinagar.. Do not pay any brokerage fee for this 2 BHK rental flat since the property ad is posted by the flat owner.",18063,,,16,2,,No,No,No,,False,False,Owner,45,Immediately,2026-03-24T22:30:44.000Z,"Mar 25, '26",True
a1ZoyAXki31zpSvf+uAgZw==,Magicbricks,https://www.magicbricks.com/property-details/2-BHK-153-Sq-yrd-Multistorey-Apartment-FOR-Rent-Sargasan-in-Gandhinagar&id=4d423834303336333339,2026-04-19 13:51:41,23.1848805,72.615856,,Sargasan,Sargasan,,,,Apartment,Furnished,7,7,,153,Sq-yrd,Less than 5 years,"You can explore this 2 BHK flat on rent in Sargasan Gandhinagar. The multistorey apartment is available at rent of ₹25,000. The apartment is on the 7 floor, has a covered area of 153 sqyrd with 2 bathrooms and 1 balcony. This unit features power back up, reserved parking, security, air conditioned, intercom facility, ro water system. The owner has posted this 2 BHK flat for rent, so the brokerage fees is zero on this multistorey apartment.",25000,,,18,2,,No,No,No,"Air Conditioned, Laundry Service, RO Water System, Jogging and Strolling Track",False,False,Owner,69,Select Date,2026-04-02T07:42:00.000Z,"Apr 02, '26",True
EPy7zk+BjL1zpSvf+uAgZw==,Magicbricks,https://www.magicbricks.com/property-details/2-BHK-125-Sq-yrd-Multistorey-Apartment-FOR-Rent-Sargasan-in-Gandhinagar&id=4d423738343131393331,2026-04-19 13:51:41,23.1848805,72.615856,,Sargasan,"Gandhinagar, Gujarat",,,,Apartment,Semi-Furnished,3,5,,125,Sq-yrd,,"A beautiful 2 BHK flat is available for rent in Sargasan. The apartment is available at an affordable rental price of ₹20,000. The building comprises 5 floor and includes Kids Club features. This flat is located at B/H. Swagat Flamingo, Near Sargasan Cross Road, Sargasan, Ahmedabad. This 2 BHK rental flat comes with no brokerage fees.",20000,,,18,2,,No,No,No,Wrap Around Balcony,False,False,Owner,43,Immediately,2026-03-24T21:30:39.000Z,"Mar 25, '26",True
J1TihWFSoPNzpSvf+uAgZw==,Magicbricks,https://www.magicbricks.com/property-details/2-BHK-1575-Sq-ft-Multistorey-Apartment-FOR-Rent-Adalaj-in-Gandhinagar&id=4d423833323035383433,2026-04-19 13:51:41,23.164356,72.581158,,Adalaj,"Gandhinagar, Gujarat",,,,Apartment,Semi-Furnished,1,14,West,1575,Sq-ft,New Construction,"If you are searching a 2 BHK apartment for rent in Adalaj, check out this amazing rental flat. The Rent amount of this 2 BHK apartment is set at an attractive price of ₹18,000. The flat is on the 1 floor and includes 2 bathrooms, 2 balcony with a covered area of 1575 sqft. The property consists of 14 floor and offers Kids play area conveniences. The apartment comes furnished with power back up, reserved parking, security. Visit the flat at Nr Water Tank, Opp. Anavya Parmeshwar, Sabaramti Mehsana Highway, Adalaj, Gandhinagar. The owner has posted this 2 BHK flat for rent, so the brokerage fees is zero on this multistorey apartment.",18000,18000,,11,2,,Yes,No,No,"Internet/Wi-Fi Connectivity, Outdoor Tennis Courts",False,False,Owner,69,Immediately,2026-03-20T22:30:35.000Z,"Mar 21, '26",True
eB2PPKZLJKlzpSvf+uAgZw==,Magicbricks,https://www.magicbricks.com/property-details/2-BHK-1000-Sq-ft-Multistorey-Apartment-FOR-Rent-Sargasan-in-Gandhinagar&id=4d423832383039383737,2026-04-19 13:51:41,23.1848805,72.615856,,Sargasan,"Gandhinagar, Gujarat",,,,Apartment,Semi-Furnished,10,11,North,,,Less than 5 years,"Check out this newly constructed 2 BHK flat on rent in the prime location of Sargasan Gandhinagar. The rent of the 2 BHK flat is ₹22,000. The apartment is on the 10 floor, has a carpet area of 1000 sqft with 2 bathrooms and 1 balcony. This property features 11 floor and offers a range of Kids Play Pool With Water Slides facilities. The apartment is equipped with security, air conditioned, ro water system. You can visit the flat at SG Highway, Ahmedabad.. This 2 BHK apartment ad is listed by the owner, so there is no brokerage fee.",22000,66000,,,2,,Yes,No,No,"Air Conditioned, Laundry Service, RO Water System",False,False,Owner,66,Immediately,2026-04-11T22:30:43.000Z,"Apr 12, '26",True
XVF/Whr3/HVzpSvf+uAgZw==,Magicbricks,https://www.magicbricks.com/property-details/2-BHK-1080-Sq-ft-Multistorey-Apartment-FOR-Rent-Kudasan-in-Gandhinagar&id=4d423633383234363135,2026-04-19 13:51:41,23.1698784,72.6232479,,Kudasan,"near ved international school, kudasan,  Gandhinagar",,,,Apartment,Furnished,2,5,West,1080,Sq-ft,Less than 5 years,"finished with 4 bed set, 2 AC , 2 CUP BOARD, REFRIGERATOR, WASHING MACHINE, R O SYSTEM,FANS,TUBE LIGHTS ,CURTAINS ETC You can explore this 2 BHK flat on rent in Kudasan Gandhinagar. Available at a rental price of ₹18,000, this 2 BHK flat is worth considering. The apartment is on the 2 floor, has a carpet area of 830 sqft with 2 bathrooms and 3 balcony. This property offers reserved parking, security, service/goods lift, air conditioned, ro water system. This flat is located at Nr. Rajdhani Bunglows, B/H. Da-Iict, Shahpur - Sargasan Road, Gandhinagar.. Do not pay any brokerage fee for this 2 BHK rental flat since the property ad is posted by the flat owner.",18000,50000,2000,17,2,,No,No,No,"Air Conditioned, Internet/Wi-Fi Connectivity, RO Water System, Jogging and Strolling Track",False,False,Owner,75,Immediately,2026-04-16T17:12:46.000Z,"Apr 16, '26",True
w6yCVfMJSt9zpSvf+uAgZw==,Magicbricks,https://www.magicbricks.com/property-details/2-BHK-155-Sq-yrd-Multistorey-Apartment-FOR-Rent-Sargasan-in-Gandhinagar&id=4d423833373234303931,2026-04-19 13:51:41,23.1848805,72.615856,,Sargasan,Satyamev royal,,,,Apartment,Semi-Furnished,5,5,East,155,Sq-yrd,,"spacious 2 bhk . 155 sq yrd private terrace Grab the chance to own this affordable 2 BHK flat for rent in the Sargasan area. This 2 BHK flat can be availed at the rental price of ₹20,500. 1 Covered parking facility are also available. This flat is fitted with visitor parking. The apartment is located at Near Santivilla Bunglow, Sargasan Cross Road, KH Road, Gandhinagar, Gujarat . This 2 BHK flat is directly posted by the owner, so you don't need to pay any brokerage on this property.",20500,,,15,2,1 Covered,No,No,No,Visitor Parking,False,False,Owner,69,Immediately,2026-04-15T22:30:42.000Z,"Apr 16, '26",True
xaivnDhOhqxzpSvf+uAgZw==,Magicbricks,https://www.magicbricks.com/property-details/2-BHK-140-Sq-ft-Multistorey-Apartment-FOR-Rent-Kudasan-in-Gandhinagar&id=4d423634343531333835,2026-04-19 13:51:41,23.1698784,72.6232479,,Kudasan,"Gandhinagar, Gujarat",,,,Apartment,Unfurnished,8,8,North - East,140,Sq-ft,5 to 10 years,"Find this 2 BHK rental flat in Kudasan Gandhinagar. The Rent amount of this 2 BHK apartment is set at an attractive price of ₹18,500. Located on the 8 floor, the flat comprises 2 bathrooms, 2 balcony, and has a carpet area of 116 sqft. This flat is fitted with power back up, reserved parking, security, ro water system. The address is Kudasan, Gandhinagar, Gujarat. This 2 BHK rental flat comes with no brokerage fees.",18500,37000,1200,132,2,,Yes,Yes,No,RO Water System,False,False,Owner,73,Immediately,2026-04-14T21:31:56.000Z,"Apr 15, '26",True
YE3shhHuDs9zpSvf+uAgZw==,Magicbricks,https://www.magicbricks.com/property-details/2-BHK-156-Sq-yrd-Multistorey-Apartment-FOR-Rent-Sargasan-in-Gandhinagar&id=4d423637363332353539,2026-04-19 13:51:41,23.1848805,72.615856,,Sargasan,"Gandhinagar, Gujarat",,,,Apartment,Unfurnished,4,14,,156,Sq-yrd,,"Find this 2 BHK rental flat in Sargasan Gandhinagar. The rent of the 2 BHK flat is ₹17,689. This property features 14 floor and offers a range of Kids play area facilities. Visit the apartment at ORIGIN HEIGHTS, TP-9, OPP. VIHAAN NIRVANA ,SWAGAT FLAMINGO ROAD, SARGASAN. This 2 BHK rental flat comes with no brokerage fees.",17689,,,13,2,,No,No,No,,False,False,Owner,0,Immediately,2026-04-17T22:30:25.000Z,Yesterday,True
hJR92iOlmWdzpSvf+uAgZw==,Magicbricks,https://www.magicbricks.com/property-details/2-BHK-1250-Sq-ft-Multistorey-Apartment-FOR-Rent-Kudasan-in-Gandhinagar&id=4d423833353937363137,2026-04-19 13:51:41,23.1698784,72.6232479,,Kudasan,"Gandhinagar, Gujarat",,,,Apartment,Furnished,5,5,,,,10 to 15 years,"Multistorey apartment is available for rent. It has a carpet area of 1250 sq-ft, it is 2 BHK apartment. Please contact for more details. A beautiful 2 BHK flat is available for rent in Kudasan. The 2 BHK apartment is available at a reasonable rent of ₹24,000. Located on the 5 floor, the flat comprises 2 bathrooms, 3 balcony, and has a carpet area of 1250 sqft. The full address of the apartment is Urjanagar 1,Kudasan, Gandhinagar, Gujarat . This is a no-brokerage flat because the owner has posted the ad on this 2 BHK apartment.",24000,50000,1500,,2,,No,No,No,,False,False,Owner,38,Immediately,2026-02-28T13:15:12.000Z,"Feb 28, '26",True
HMpQNDZiUolzpSvf+uAgZw==,Magicbricks,https://www.magicbricks.com/property-details/2-BHK-1000-Sq-ft-Multistorey-Apartment-FOR-Rent-Randesan-in-Gandhinagar&id=4d423834313130393531,2026-04-19 13:51:41,23.17588,72.65443,,Randesan,"Gandhinagar, Gujarat",,,,Apartment,Semi-Furnished,4,5,,1000,Sq-ft,,"You can explore this 2 BHK flat on rent in Randesan Gandhinagar. ₹22,000 is the monthly rent of this 2 BHK flat. This is a no-brokerage flat, as the owner is offering this 2 BHK flat on rent.",22000,,,22,2,,No,No,No,,False,False,Owner,26,Immediately,2026-04-07T02:15:09.000Z,"Apr 07, '26",True
8BZ1+He4+bxzpSvf+uAgZw==,Magicbricks,https://www.magicbricks.com/property-details/2-BHK-1000-Sq-ft-Multistorey-Apartment-FOR-Rent-Koba-in-Gandhinagar&id=4d423632383533323333,2026-04-19 13:51:41,23.150331,72.640657,,Jigar Shah,"TPS Rd, Gautam Nagar, Borivali West, Mumbai, Maharashtra 400092, India",,,,Apartment,Unfurnished,4,5,,1000,Sq-ft,5 to 10 years,"Check out this newly constructed 2 BHK flat on rent in the prime location of Koba Gandhinagar. This 2 BHK flat can be availed at the rental price of ₹16,000. Visit the apartment at Sunshine Heights, Koba, Gandhinagar, Gujrat . This is a no-brokerage flat because the owner has posted the ad on this 2 BHK apartment.",16000,50000,,16,2,,No,No,No,,False,False,Owner,38,Immediately,2026-04-06T21:32:25.000Z,"Apr 07, '26",True
Wl1GUNmGxZBzpSvf+uAgZw==,Magicbricks,https://www.magicbricks.com/property-details/2-BHK-1377-Sq-ft-Multistorey-Apartment-FOR-Rent-Gandhinagar-in-Gandhinagar&id=4d423833383530393735,2026-04-19 13:51:41,23.0395677,72.5660045,,Gandhinagar,"Gandhinagar, Gujarat",,,,Apartment,Semi-Furnished,1,5,,,,,"Multistorey apartment is available for rent. It has a carpet area of 1377 sq-ft, it is 2 BHK apartment. Please contact for more details. 2 BHK apartment is available on rent in Gandhinagar Gandhinagar right away. The apartment is on the 1 floor, has a carpet area of 1377 sqft with 2 bathrooms and 4 balcony. The flat can be visited at Nr. Shanti villa Bungalows, B/h. pramukhnagar, Kh Road, Gandhinagar. This 2 BHK flat is directly posted by the owner, so you don't need to pay any brokerage on this property.",,,,,2,,No,No,No,,False,False,Owner,29,Immediately,2026-03-19T08:04:16.000Z,"Mar 19, '26",True
H87GbXKvYxpzpSvf+uAgZw==,Magicbricks,https://www.magicbricks.com/property-details/2-BHK-1650-Sq-ft-Multistorey-Apartment-FOR-Rent-Sargasan-in-Gandhinagar&id=4d423834313432393433,2026-04-19 13:51:41,23.1848805,72.615856,,Sargasan,"Kabir Paradise, Near Ved International School, Gandhinagar Bypass Rd, opp. Aashka Multispeciality Hospitals, Sargasan, Gandhinagar, Gujarat",,,,Apartment,Furnished,Lower Basement,5,East,1650,Sq-ft,Less than 5 years,"Kabir Paradise is a designed residential project offering modern living with comfort and convenience. Surrounded by greenery, it provides spacious homes, quality construction, and essential amenities. Its strategic location ensures easy access to schools, markets, and transport, making it an ideal choice for families seeking a peaceful yet wellconnected lifestyle.",23000,23000,1500,14,2,1 Covered,No,No,No,,True,True,Agent,100,Immediately,2026-04-16T23:45:22.000Z,"Apr 17, '26",True
SWT4bp6ELn1zpSvf+uAgZw==,Magicbricks,https://www.magicbricks.com/property-details/2-BHK-1328-Sq-ft-Multistorey-Apartment-FOR-Rent-Kudasan-in-Gandhinagar&id=4d423833333231343635,2026-04-19 13:51:41,23.1698784,72.6232479,,Kudasan,"Urjanagar 1, Randesan, Gandhinagar, Gujarat",,,,Apartment,Furnished,4,8,East,1328,Sq-ft,New Construction,"2BHK Full Furnished Flat with great locality with the near shopping market where all can have to access to basic needs for everyday. Find this 2 BHK rental flat in Kudasan Gandhinagar. The flat is available for rent at a competitive amount of ₹22,000. Some added-on facilities available with the flat are 4 Wardrobe, 2 Bed, Fridge, Microwave, 3 AC, Sofa, Washing Machine, Dining Table and Gas Connection. The flat is located on the 4 floor which includes 2 bathrooms, 2 balcony, and covers a carpet area of 983 sqft. The property includes 2 Covered, 1 Open parking. The residence includes power back up, reserved parking, security. Visit the apartment at Urjanagar 1, Randesan, Gandhinagar, Gujarat .",22000,22000,300,17,2,"2 Covered, 1 Open",Yes,No,No,Jogging and Strolling Track,False,True,Agent,98,Immediately,2026-04-18T23:45:32.000Z,Today,True
QpMfMORRgI9zpSvf+uAgZw==,Magicbricks,https://www.magicbricks.com/property-details/2-BHK-136-Sq-yrd-Multistorey-Apartment-FOR-Rent-Kudasan-in-Gandhinagar&id=4d423631363435393535,2026-04-19 13:51:41,23.1698784,72.6232479,,Kudasan,"Bh Shivalay Residency, Kudasan, Gujarat",,,,Apartment,Unfurnished,1,7,East,136,Sq-yrd,Less than 5 years,East facing flat with good location and good for living.Society have a own garden and this garden well maintain by society members.Society location is also a best location and good condition flat.::::society have also a children play area for a small children.::::::::Landmarks and neighbourhood;::::::::This property close to a main road and good colleges also a good view.,18000,18000,2500,15,2,1 Covered,No,No,No,,False,True,Agent,100,Immediately,2026-03-19T09:15:17.000Z,"Mar 19, '26",True
lqhuhALzYutzpSvf+uAgZw==,Magicbricks,https://www.magicbricks.com/property-details/2-BHK-1400-Sq-ft-Multistorey-Apartment-FOR-Rent-Sargasan-in-Gandhinagar&id=4d423833393132323139,2026-04-19 13:51:41,23.1848805,72.615856,,Sargasan,"Sargasan,Gandhinagar",,,,Apartment,Semi-Furnished,2,9,,1400,Sq-ft,5 to 10 years,"2 bhk flat for rent in sargasan gandhinagar 5 min distance from tcs and 15 min distance from gift city for more information please contact usthank you. Find 2 BHK flat for rent in Sargasan Gandhinagar. The Rent amount of this 2 BHK apartment is set at an attractive price of ₹18,000. Here you can enjoy world class facilities like Gas Connection. Located on the 2 floor, the flat comprises 2 bathrooms, 2 balcony, and has a covered area of 1400 sqft. The property consists of 9 floor and offers Kids play area conveniences. The flat comes with power back up, reserved parking, security. Visit the flat at Survey No. 349, Swagat Flamingo Road, Tarapur, TP-09, Gandhinagar.",18000,36000,,13,2,,No,No,No,,False,True,Agent,83,Immediately,2026-04-18T23:45:34.000Z,Today,True
LRK+qaf7hEJzpSvf+uAgZw==,Magicbricks,https://www.magicbricks.com/property-details/2-BHK-145-Sq-yrd-Multistorey-Apartment-FOR-Rent-Kudasan-in-Gandhinagar&id=4d423734393133363235,2026-04-19 13:51:41,23.1698784,72.6232479,,Kudasan,"Kudasan,Gandhinagar",,,,Apartment,Furnished,8,8,East,145,Sq-yrd,5 to 10 years,"This property is located at Kudasan prime location. very easy access from gift city TCS . Well maintained fully furnished property. Check out this newly constructed 2 BHK flat on rent in the prime location of Kudasan Gandhinagar. This 2 BHK flat is available at the reasonable rent amount of ₹25,000. The residents of the flat have access to additional facilities such as 2 Wardrobe, 2 Bed, 1 TV, Fridge, Microwave, 2 AC, Sofa, Washing Machine, Dining Table and Gas Connection. The flat is on the 8 floor and includes 2 bathrooms, 2 balcony with a carpet area of 115 sqyrd. You will also find 1 Covered parking facility. This home provides reserved parking, security.",25000,50000,0,19,2,1 Covered,Yes,No,Yes,Jogging and Strolling Track,False,True,Agent,100,Immediately,2026-04-16T23:45:20.000Z,"Apr 17, '26",True
iUbFPNFWn5xzpSvf+uAgZw==,Magicbricks,https://www.magicbricks.com/property-details/2-BHK-140-Sq-yrd-Multistorey-Apartment-FOR-Rent-Raysan-in-Gandhinagar&id=4d423738343139373433,2026-04-19 13:51:41,23.16672,72.66059,,Raysan,"Pramukh Signature, Raysan, Gandhinagar, Gujrat",19210|GNLU Metro Station|5 minutes,,,Apartment,Furnished,8,8,East,140,Sq-yrd,2003,"2BHK Furnished Flat with great locality with the near shopping market where all can have to access to basic needs for everyday. Check out this newly constructed 2 BHK flat on rent in the prime location of Raysan Gandhinagar. The rent of the 2 BHK flat is ₹24,999. Here you can enjoy world class facilities like 2 Wardrobe, 2 Bed, 1 TV, Fridge, 1 AC, Sofa, Washing Machine, Dining Table and Gas Connection. Located on the 8 floor, the flat comprises 2 bathrooms, 2 balcony, and has a carpet area of 90 sqyrd. The property includes 1 Covered parking. The property features reserved parking. Visit the flat at Pramukh Signature, Raysan, Gandhinagar, Gujrat, Raysan, Gandhinagar, Gujarat.",24999,50000,1500,20,2,1 Covered,No,No,No,,True,True,Agent,95,Immediately,2026-04-17T23:45:18.000Z,Yesterday,True
AFMViP0c5XlzpSvf+uAgZw==,Magicbricks,https://www.magicbricks.com/property-details/2-BHK-149-Sq-yrd-Multistorey-Apartment-FOR-Rent-Raysan-in-Gandhinagar&id=4d423832343733323731,2026-04-19 13:51:41,23.16672,72.66059,,Raysan,"Raysan,Gandhinagar",19210|GNLU Metro Station|5 minutes,,,Apartment,Unfurnished,1,8,East,149,Sq-yrd,New Construction,"residential development in Raysan, Gandhinagar. The project is built by Silicone Awas. They provide 2BHK apartments with all necessities. In terms of facilities, Silicone Nest is loaded with multiple offerings such as 24x7 Power Backup, for families with kids, there is Childrens Play Area. It is a Gated Community. There is 24x7 Security. There is provision for Closed Car Parking.",18000,18000,0,13,2,1 Covered,No,No,No,,False,True,Agent,100,Immediately,2026-04-17T23:45:19.000Z,Yesterday,True
w7D9+xYGNKpzpSvf+uAgZw==,Magicbricks,https://www.magicbricks.com/property-details/2-BHK-147-Sq-ft-Multistorey-Apartment-FOR-Rent-Gandhinagar-in-Gandhinagar&id=4d423739303831333139,2026-04-19 13:51:41,23.0395677,72.5660045,,Gandhinagar,Sargasan,,,,Apartment,Furnished,1,5,North - East,147,Sq-ft,5 to 10 years,"this property is located in well develope area this property is for family and bachlour Check out this newly constructed 2 BHK flat on rent in the prime location of Gandhinagar Gandhinagar. The flat is available for rent at a competitive amount of ₹25,000. The apartment comes furnished with power back up, reserved parking, security, ro water system. Visit the apartment at Gandhinagar,gujarat,India..",25000,50000,1700,170,2,,Yes,No,No,"RO Water System, Banquet Hall",False,True,Agent,86,Immediately,2026-04-18T23:45:32.000Z,Today,True
29m+BOYyPhhzpSvf+uAgZw==,Magicbricks,https://www.magicbricks.com/property-details/3-BHK-1908-Sq-ft-Multistorey-Apartment-FOR-Rent-Adalaj-in-Gandhinagar&id=4d423833363733363731,2026-04-19 13:51:41,23.164356,72.581158,,Adalaj,"Gandhinagar, Gujarat",,,,Apartment,Unfurnished,5,14,,,,New Construction,"3 BHK flat is available for rent in Adalaj immediately. You can get this flat at monthly rent of ₹22,000. The flat is located on the 5 floor which includes 3 bathrooms, 3 balcony, and covers a carpet area of 1908 sqft. Visit the flat at Opp. Adalaj Warehouse,B/s. Royal Vaibhav Homes,Zundal to Adalaj Highway, Adalaj,Gandhinagar- Gujarat. This 3 BHK rental flat comes with no brokerage fees.",22000,44000,,,3,,No,No,No,,False,False,Owner,31,Immediately,2026-03-06T18:25:17.000Z,"Mar 06, '26",True
nQ3nlGRpPRNzpSvf+uAgZw==,Magicbricks,https://www.magicbricks.com/property-details/3-BHK-1800-Sq-ft-Multistorey-Apartment-FOR-Rent-in-Gandhinagar&id=4d423434343430313833,2026-04-19 13:51:41,,,,Ghanshyam Patel,"Shreeji 78, Opp. SBI Motera-Bhat Link road, Motera",,,,Apartment,Unfurnished,4,7,East,1800,Sq-ft,,"This Apartment has 3 bedroom and it is at 4th floor and it has spacious 3 bathroom You get this Apartment on a monthly rent of 18000. 3 BHK apartment is available on rent in Motera Gandhinagar right away. The rent of the 3 BHK flat is ₹25,000. 1 Covered parking facility are also available. The apartment comes furnished with reserved parking, security. This 3 BHK apartment ad is listed by the owner, so there is no brokerage fee.",25000,,,14,3,1 Covered,No,No,No,,False,False,Owner,65,Immediately,2026-03-17T10:32:44.000Z,"Mar 17, '26",True
WRVY7aKSBoRzpSvf+uAgZw==,Magicbricks,https://www.magicbricks.com/property-details/3-BHK-1872-Sq-ft-Multistorey-Apartment-FOR-Rent-Sargasan-in-Gandhinagar&id=4d423833373038333435,2026-04-19 13:51:41,23.1848805,72.615856,,Sargasan,"Gandhinagar, Gujarat",,382421,,Apartment,Unfurnished,8,14,,1872,Sq-ft,,"Find 3 BHK flat for rent in Sargasan Gandhinagar. The multistorey apartment is available at rent of ₹25,000. The property has 14 floor and is equipped with Kids play area, Kids Club facilities. The flat can be visited at Revenue Survey No/ Block No. - 194/1/001, 194/2 , Nr Shri Rang Nano City 1, Gandhinagar, Gandhinagar, GUJARAT, 382421. This is a no-brokerage flat because the owner has posted the ad on this 3 BHK apartment.",25000,,,13,3,,No,No,No,,False,False,Owner,48,Immediately,2026-03-09T12:50:19.000Z,"Mar 09, '26",True
c1KZOX5ZH9RzpSvf+uAgZw==,Magicbricks,https://www.magicbricks.com/property-details/3-BHK-238-Sq-yrd-Multistorey-Apartment-FOR-Rent-Raysan-in-Gandhinagar&id=4d423639383133353537,2026-04-19 13:51:41,23.16672,72.66059,,Raysan,"Gandhinagar, Gujarat",19210|GNLU Metro Station,,,Apartment,Semi-Furnished,5,7,,238,Sq-yrd,,"Check out this newly constructed 3 BHK flat on rent in the prime location of Raysan Gandhinagar. Available at a rental price of ₹21,000, this 3 BHK flat is worth considering. The flat can be visited at Raysan, Gandhinagar, Gujarat. This 3 BHK rental flat comes with no brokerage fees.",21000,,,10,3,,No,No,No,,False,False,Owner,28,Immediately,2026-03-05T17:34:03.000Z,"Mar 05, '26",True
E0saokZ8nMtzpSvf+uAgZw==,Magicbricks,https://www.magicbricks.com/property-details/3-BHK-2025-Sq-ft-Multistorey-Apartment-FOR-Rent-Adalaj-in-Gandhinagar&id=4d423832383230343537,2026-04-19 13:51:41,23.164356,72.581158,,Adalaj,"Survey No. 849B, F.P. No. 791, TPS No. 10, Nr. Sabarmati Canal, Opp. Shantiniketan Senior Living",,,,Apartment,Semi-Furnished,8,13,,2025,Sq-ft,,"Multistorey apartment is available for rent. It is a good location property. Please contact for more details. Grab the chance to own this affordable 3 BHK flat for rent in the Adalaj area. You can get this flat at monthly rent of ₹21,000. Located on the 8 floor, the flat comprises 3 bathrooms, 2 balcony, and has a carpet area of 1500 sqft. The building comprises 13 floor and includes Kids play area features. The apartment is located at Survey No. 849/B, F.P. No. 79/1, TPS No. 10, Nr. Sabarmati Canal, Opp. Shantiniketan Senior Living. There are no brokerage fees on this 3 BHK multistorey apartment.",21000,44000,2500,10,3,,No,No,No,,False,False,Owner,60,Immediately,2026-03-15T21:30:43.000Z,"Mar 16, '26",True
RDH1Rzmch9dzpSvf+uAgZw==,Magicbricks,https://www.magicbricks.com/property-details/3-BHK-1926-Sq-ft-Multistorey-Apartment-FOR-Rent-Koba-in-Gandhinagar&id=4d423831343434383237,2026-04-19 13:51:41,23.150331,72.640657,,Naimish,"K Rahevar Road, Nr Gift City, Nr PDEU, walking distance from GNLU Metro",,,,Apartment,Semi-Furnished,8,13,East,1926,Sq-ft,New Construction,"If you are planning to rent a flat, you can consider this 3 BHK flat situated in the prime location of Koba. The multistorey apartment is available at rent of ₹24,000. The apartment is on the 8 floor, has a covered area of 1926 sqft with 3 bathrooms and 1 balcony. 1 Covered parking space is also available. This unit is designed with power back up, reserved parking, security. Visit the flat at K Rahevar Road, Nr Gift City, Nr PDEU, walking distance from GNLU Metro, Koba, Gandhinagar, Gujarat. This 3 BHK flat is directly posted by the owner, so you don't need to pay any brokerage on this property.",24000,,,12,3,1 Covered,Yes,Yes,No,Jogging and Strolling Track,False,False,Owner,73,Immediately,2026-02-17T13:58:14.000Z,"Feb 17, '26",True
06pRwZdXbaRzpSvf+uAgZw==,Magicbricks,https://www.magicbricks.com/property-details/3-BHK-1451-Sq-ft-Multistorey-Apartment-FOR-Rent-Kudasan-in-Gandhinagar&id=4d423639343735323035,2026-04-19 13:51:41,23.1698784,72.6232479,,Kudasan,"Gandhinagar, Gujarat",,,,Apartment,Semi-Furnished,8,9,,1451,Sq-ft,,"You can explore this 3 BHK flat on rent in Kudasan Gandhinagar. The multistorey apartment is available at rent of ₹20,000. This flat is located at Kudasan, Gandhinagar, Gujarat. This 3 BHK flat is directly posted by the owner, so you don't need to pay any brokerage on this property.",20000,,,14,3,,No,No,No,,False,False,Owner,48,Immediately,2026-03-15T17:48:29.000Z,"Mar 15, '26",True
qrMdkk4VMexzpSvf+uAgZw==,Magicbricks,https://www.magicbricks.com/property-details/3-BHK-1200-Sq-ft-Multistorey-Apartment-FOR-Rent-Sargasan-in-Gandhinagar&id=4d423832343732363839,2026-04-19 13:51:41,23.1848805,72.615856,,Sargasan,"Gandhinagar, Gujarat",,,,Apartment,Semi-Furnished,1,5,,,,5 to 10 years,"Multistorey apartment is available for rent. It has a carpet area of 1200 sq-ft, it is 3 BHK apartment. Please contact for more details. Grab the chance to own this affordable 3 BHK flat for rent in the Sargasan area. ₹25,000 is the monthly rent of this 3 BHK flat. Visit the flat at Nr. info city & TCS IT park, sargasan circle, sargasan, gandhinagar.. You can find the 3 BHK flat without any brokerage.",25000,,,,2,,No,No,No,,False,False,Owner,53,Immediately,2026-02-20T16:59:16.000Z,"Feb 20, '26",True
MFsEffUGmnZzpSvf+uAgZw==,Magicbricks,https://www.magicbricks.com/property-details/3-BHK-1800-Sq-ft-Multistorey-Apartment-FOR-Rent-Randesan-in-Gandhinagar&id=4d423531373735343931,2026-04-19 13:51:41,23.17588,72.65443,,Randesan,"Shree Rang Oasisi, Flat no - H/201, Gift City Road",,,,Apartment,Semi-Furnished,2,5,South,1800,Sq-ft,Less than 5 years,"Newly Coloured and renovated ::::Curtain Rods are fixed::::All Lights and Fans are Installed Find this 3 BHK rental flat in Randesan Gandhinagar. The Rent amount of this 3 BHK apartment is set at an attractive price of ₹18,000. There is also facility of 1 Covered parking. This property includes 5 floor and provides Early Learning Centre benefits. This home provides reserved parking, security. Visit the flat at Opp Infocity, Nr Sabarmati River Bank, GIFT City Road, Randesan, Gandhinagar, Ahmedabad. This is a no-brokerage flat, as the owner is offering this 3 BHK flat on rent.",18000,36000,1000,10,3,1 Covered,No,No,No,,False,False,Owner,95,Immediately,2026-02-14T04:59:03.000Z,"Feb 14, '26",True
oWUl15+LTZpzpSvf+uAgZw==,Magicbricks,https://www.magicbricks.com/property-details/3-BHK-1548-Sq-ft-Multistorey-Apartment-FOR-Rent-in-Gandhinagar&id=4d423833353838333237,2026-04-19 13:51:41,,,,Pruthvish,"B 806 vivaan Elysium, Near Zundal Circle, Zundal",,,,Apartment,Semi-Furnished,8,14,West,,,New Construction,"on Highway, Highway view from all rooms and kitchen also. 3 BHK flat is available for rent in immediately. ₹21,000 is the monthly rent of this 3 BHK flat. This flat is fitted with reserved parking, security. The brokerage amount of the 3 BHK apartment is zero.",21000,40000,,,3,,No,No,No,,False,False,Owner,71,Immediately,2026-02-28T04:10:42.000Z,"Feb 28, '26",True
GmRjTKZqyJZzpSvf+uAgZw==,Magicbricks,https://www.magicbricks.com/property-details/3-BHK-1600-Sq-ft-Multistorey-Apartment-FOR-Rent-Kudasan-in-Gandhinagar&id=4d423132343031313639,2026-04-19 13:51:41,23.1698784,72.6232479,,Kudasan,"A303, krushnakunj apartments, kudasan, gandhinagar",,,,Apartment,Furnished,3,4,East,1600,Sq-ft,5 to 10 years,3 BHK flat with east facing front door. The sun-set looks very beautiful from the balcony. Shops at the ground floor in the front side. Peaceful place and near to infocity and gift city. Airy and well ventilated.,15000,,,9,3,,No,No,No,"Air Conditioned, Visitor Parking, RO Water System, Wrap Around Balcony",False,False,Owner,84,Immediately,2026-02-04T21:30:44.000Z,"Feb 05, '26",True
l5266qoAbdxzpSvf+uAgZw==,Magicbricks,https://www.magicbricks.com/property-details/3-BHK-1750-Sq-ft-Multistorey-Apartment-FOR-Rent-Raysan-in-Gandhinagar&id=4d423833313936343237,2026-04-19 13:51:41,23.16672,72.66059,,Raysan,"1104, Meera Skyvue, PDEU Road, Raysan, Gandhinagar",19210|GNLU Metro Station|5 minutes,382421,,Apartment,Semi-Furnished,11,11,East,1750,Sq-ft,New Construction,"Tube Lights, Fans, Exhaust Fans in Bathrooms, Curtain Pipes, Pigeon Nets available You can explore this 3 BHK flat on rent in Raysan Gandhinagar. The multistorey apartment is available at rent of ₹23,000. Located on the 11 floor, the flat has 3 bathrooms, 3 balcony in carpet area of 2100 sqft. This residential building features 11 floor and ensures Kids play area comfort. This unit features power back up, reserved parking, security, visitor parking. The address is Opp. Shagun 21, Nr, Kailasham Flat, Nr, Vrundavan Arcade, 80 FT. Road, Raysan, Gandhinagar-382421. This 3 BHK apartment ad is listed by the owner, so there is no brokerage fee.",23000,,,13,3,,No,No,No,"Visitor Parking, Laundry Service, Conference Room",False,False,Owner,81,Immediately,2026-03-15T22:30:43.000Z,"Mar 16, '26",True
rebv9zZl201zpSvf+uAgZw==,Magicbricks,https://www.magicbricks.com/property-details/3-BHK-1100-Sq-ft-Multistorey-Apartment-FOR-Rent-Raysan-in-Gandhinagar&id=4d423832353730393931,2026-04-19 13:51:41,23.16672,72.66059,,Raysan,"Gandhinagar, Gujarat",19210|GNLU Metro Station|5 minutes,,,Apartment,Semi-Furnished,1,10,,1100,Sq-ft,,"Find this 3 BHK rental flat in Raysan Gandhinagar. The apartment is available at an affordable rental price of ₹23,000. The property encompasses 10 floor and provides Kids play area amenities. The address is Devanshi Prime, Nr. Vrundavan Arcade, PDPU Road, Raysan, Gandhinagar. Do not pay any brokerage fee for this 3 BHK rental flat since the property ad is posted by the flat owner.",23000,,,21,3,,No,No,No,,False,False,Owner,46,Immediately,2026-03-23T21:30:39.000Z,"Mar 24, '26",True
HE15WSpIhPtzpSvf+uAgZw==,Magicbricks,https://www.magicbricks.com/property-details/3-BHK-195-Sq-yrd-Multistorey-Apartment-FOR-Rent-Koba-in-Gandhinagar&id=4d423130333334393534,2026-04-19 13:51:41,23.150331,72.640657,,Amardas,"Opp. Prominent Hotel, Kudasan, Gandhinagar",,,,Apartment,Semi-Furnished,6,8,North,195,Sq-yrd,5 to 10 years,"3 BHK flat is available for rent. It has covered area of 195 sq-yards. For more details please contact with us. If you are searching a 3 BHK apartment for rent in Koba, check out this amazing rental flat. The Rent amount of this 3 BHK apartment is set at an attractive price of ₹21,000. The flat is on the 6 floor and includes 3 bathrooms, 3 balcony with a covered area of 195 sqyrd. You will also find 1 Covered parking facility. The apartment is equipped with power back up, reserved parking, security. Visit the flat at Next to Hotel Ashoka Inn, Opposite Baghban, Near TIME, Urjanagar 1, Kudasan, Gandhinagar, Gujarat . This 3 BHK apartment ad is listed by the owner, so there is no brokerage fee.",21000,42,2000,12,3,1 Covered,No,No,No,,False,False,Owner,93,Immediately,2026-03-06T21:33:13.000Z,"Mar 07, '26",True
b1hfVI3Y1JpzpSvf+uAgZw==,Magicbricks,https://www.magicbricks.com/property-details/3-BHK-2070-Sq-ft-Multistorey-Apartment-FOR-Rent-Adalaj-in-Gandhinagar&id=4d423833343133353339,2026-04-19 13:51:41,23.164356,72.581158,,Adalaj,"Gandhinagar, Gujarat",,,,Apartment,Semi-Furnished,10,14,,2070,Sq-ft,New Construction,"A beautiful 3 BHK flat is available for rent in Adalaj. The Rent amount of this 3 BHK apartment is set at an attractive price of ₹25,000. The apartment is on the 10 floor, has a covered area of 2070 sqft with 3 bathrooms and 1 balcony. The building comprises 14 floor and includes Kids play area features. Visit the flat at Survey No. 849/B, F.P. No. 79/1, TPS No. 10, Nr. Sabarmati Canal, Opp. Shantiniketan Senior Living. This is a no-brokerage flat, as the owner is offering this 3 BHK flat on rent.",25000,,,12,3,,No,No,No,,False,False,Owner,53,Immediately,2026-02-14T13:53:56.000Z,"Feb 14, '26",True
hweJrX0U1SdzpSvf+uAgZw==,Magicbricks,https://www.magicbricks.com/property-details/3-BHK-200-Sq-yrd-Multistorey-Apartment-FOR-Rent-Raysan-in-Gandhinagar&id=4d423833373933393339,2026-04-19 13:51:41,23.16672,72.66059,,Raysan,"Gandhinagar, Gujarat",19210|GNLU Metro Station|5 minutes,,,Apartment,Unfurnished,8,14,East,,,New Construction,"Multistorey apartment is available for rent. It has a carpet area of 200 sq-yard, it is 3 BHK apartment. Please contact for more details. If you are searching a 3 BHK apartment for rent in Raysan, check out this amazing rental flat. The 3 BHK apartment is available at a reasonable rent of ₹22,000. The apartment is on the 8 floor, has a carpet area of 200 sqyrd with 3 bathrooms and 1 balcony. The building comprises 14 floor and includes Kids play area features. The residence includes reserved parking, security, service/goods lift, air conditioned. The address is Nr BAPS School, B/H IOC Petrol Pump, Raysan Rd, Raysan, Gujarat . Do not pay any brokerage fee for this 3 BHK rental flat since the property ad is posted by the flat owner.",22000,,1500,,3,,Yes,No,No,"Service/Goods Lift, Air Conditioned, Banquet Hall, Outdoor Tennis Courts",False,False,Owner,69,Immediately,2026-03-15T15:06:44.000Z,"Mar 15, '26",True
ba1zc6NHGK9zpSvf+uAgZw==,Magicbricks,https://www.magicbricks.com/property-details/3-BHK-2025-Sq-ft-Multistorey-Apartment-FOR-Rent-Adalaj-in-Gandhinagar&id=4d423830323438323835,2026-04-19 13:51:41,23.164356,72.581158,,Adalaj,"Gandhinagar, Gujarat",,,,Apartment,Semi-Furnished,4,14,,2025,Sq-ft,New Construction,"You can avail the 3 BHK flat for rent in the well-known location of Adalaj. Available at a rental price of ₹23,000, this 3 BHK flat is worth considering. Located on the 4 floor, the flat has 3 bathrooms, 1 balcony in covered area of 2025 sqft. The apartment is located at Opp. Shantiniketan Senior Living Sabarmati Chandkheda, Kalol, Road, Adalaj, Gujarat . There are no brokerage fees on this 3 BHK multistorey apartment.",23000,46000,,11,3,,No,No,No,,False,False,Owner,36,Immediately,2026-03-15T17:47:55.000Z,"Mar 15, '26",True
TECDMWGeD/JzpSvf+uAgZw==,Magicbricks,https://www.magicbricks.com/property-details/3-BHK-220-Sq-ft-Multistorey-Apartment-FOR-Rent-in-Gandhinagar&id=4d423833323739383237,2026-04-19 13:51:41,,,,Askok,39 no bunglow Akshram Greens Nandol gham Dehgam,,,,Apartment,Unfurnished,Ground,2,,220,Sq-ft,New Construction,"Grab the chance to own this affordable 3 BHK flat for rent in the Akshram Greens area. This 3 BHK flat is available at the reasonable rent amount of ₹15,000. The flat is located on the Ground floor which includes 3 bathrooms, 2 balcony, and covers a carpet area of 167 sqft. The owner has posted this 3 BHK flat for rent, so the brokerage fees is zero on this multistorey apartment.",15000,,,68,3,,No,No,No,,False,False,Owner,56,Immediately,2026-02-05T18:13:03.000Z,"Feb 05, '26",True
5vwWfmKHswtzpSvf+uAgZw==,Magicbricks,https://www.magicbricks.com/property-details/3-BHK-1620-Sq-ft-Multistorey-Apartment-FOR-Rent-in-Gandhinagar&id=4d423833373733343637,2026-04-19 13:51:41,,,,Rajesh Moorjani,"Gandhinagar, Gujarat",,,,Apartment,Semi-Furnished,8,12,,1620,Sq-ft,New Construction,"If you are planning to rent a flat, you can consider this 3 BHK flat situated in the prime location of Bhat. The flat is available for rent at a competitive amount of ₹20,000. Located on the 8 floor, the flat comprises 3 bathrooms, 4 balcony, and has a carpet area of 783 sqft. There are no brokerage fees on this 3 BHK multistorey apartment.",20000,40000,2000,12,3,,No,No,No,,False,False,Owner,36,Immediately,2026-03-14T01:25:15.000Z,"Mar 14, '26",True
DX54m9pYjxJzpSvf+uAgZw==,Magicbricks,https://www.magicbricks.com/property-details/3-BHK-2025-Sq-ft-Multistorey-Apartment-FOR-Rent-Adalaj-in-Gandhinagar&id=4d423833343738363831,2026-04-19 13:51:41,23.164356,72.581158,,Adalaj,Nr Sabarmati Canal Opp Shantiniketan Senior Living Zundal  Adalaj Road Gandhinagar 382421,,,,Apartment,Semi-Furnished,4,13,East,2025,Sq-ft,New Construction,"3 BHK flat is available for rent in Adalaj immediately. The flat is available for rent at a competitive amount of ₹22,000. Located on the 4 floor, the flat comprises 3 bathrooms, 4 balcony, and has a covered area of 2025 sqft. This property features 13 floor and offers a range of Kids play area facilities. The apartment is equipped with power back up, reserved parking, security, service/goods lift. Visit the apartment at Survey No. 849/B, F.P. No. 79/1, TPS No. 10, Nr. Sabarmati Canal, Opp. Shantiniketan Senior Living. There are no brokerage fees on this 3 BHK multistorey apartment.",22000,22000,,11,3,,Yes,No,No,"Service/Goods Lift, Banquet Hall, Conference Room, Jogging and Strolling Track",False,False,Owner,68,Immediately,2026-02-19T15:08:47.000Z,"Feb 19, '26",True
rYlpWBzvDQFzpSvf+uAgZw==,Magicbricks,https://www.magicbricks.com/property-details/3-BHK-200-Sq-yrd-Multistorey-Apartment-FOR-Rent-in-Gandhinagar&id=4d423530373233313736,2026-04-19 13:51:41,,,,Sagar Amrutiya,"Gandhinagar, Gujarat",,,,Apartment,Unfurnished,6,8,,200,Sq-yrd,Less than 5 years,"Find 3 BHK flat for rent in Urjanagar 1 Gandhinagar. This 3 BHK flat can be availed at the rental price of ₹15,000. The flat is on the 6 floor and includes 3 bathrooms, 3 balcony with a covered area of 200 sqyrd. There is also facility of 1 Open parking. The brokerage amount of the 3 BHK apartment is zero.",15000,,,8,3,1 Open,No,No,No,,False,False,Owner,32,Immediately,2026-02-18T13:19:18.000Z,"Feb 18, '26",True
FLqgLhFj5ypzpSvf+uAgZw==,Magicbricks,https://www.magicbricks.com/property-details/3-BHK-200-Sq-ft-Multistorey-Apartment-FOR-Rent-in-Gandhinagar&id=4d423832323932333433,2026-04-19 13:51:41,23.22597851,72.73442723,,Chiloda,"Sai Flora , Dahegam Road, Mota chiloda, Gandhinagar",,,,Apartment,Furnished,2,7,,,,New Construction,"You can avail the 3 BHK flat for rent in the well-known location of Chiloda. The apartment is available at an affordable rental price of ₹19,000. The flat is located on the 2 floor which includes 3 bathrooms, 1 balcony, and covers a carpet area of 200 sqft. The apartment comes furnished with power back up, reserved parking, security, service/goods lift, air conditioned, ro water system. The address is Sai Flora , Dahegam Road, Mota chiloda, Gandhinagar, Chiloda, Gandhinagar, Gujarat. The brokerage amount of the 3 BHK apartment is zero.",19000,,1000,,3,,Yes,No,No,"Service/Goods Lift, Air Conditioned, Internet/Wi-Fi Connectivity, RO Water System",False,False,Owner,51,Immediately,2026-02-06T05:20:41.000Z,"Feb 06, '26",True
6zMMPjHiuoZzpSvf+uAgZw==,Magicbricks,https://www.magicbricks.com/property-details/3-BHK-2025-Sq-ft-Multistorey-Apartment-FOR-Rent-Adalaj-in-Gandhinagar&id=4d423832323935353033,2026-04-19 13:51:41,23.164356,72.581158,,Adalaj,Block E- 803,,,,Apartment,Unfurnished,8,13,East,2025,Sq-ft,New Construction,"You can avail the 3 BHK flat for rent in the well-known location of Adalaj. The Rent amount of this 3 BHK apartment is set at an attractive price of ₹23,000. Located on the 8 floor, the flat comprises 3 bathrooms, 2 balcony, and has a covered area of 2025 sqft. There is also facility of 117 Covered parking. This unit is designed with power back up, reserved parking, security. Visit the flat at Block E- 803, Adalaj, Gandhinagar, Gujarat. You can find the 3 BHK flat without any brokerage.",23000,46000,2500,11,3,117 Covered,Yes,No,No,Jogging and Strolling Track,False,False,Owner,85,Immediately,2026-02-23T21:32:48.000Z,"Feb 24, '26",True
EBFGGI0wD0pzpSvf+uAgZw==,Magicbricks,https://www.magicbricks.com/property-details/3-BHK-1300-Sq-ft-Multistorey-Apartment-FOR-Rent-Kudasan-in-Gandhinagar&id=4d423833343531363439,2026-04-19 13:51:41,23.1698784,72.6232479,,Kudasan,"Gandhinagar, Gujarat",,,,Apartment,Semi-Furnished,5,8,East,1300,Sq-ft,,"Multistorey apartment is available for rent. It is a good location property. Please contact for more details. If you are planning to rent a flat, you can consider this 3 BHK flat situated in the prime location of Kudasan. The rent of the 3 BHK flat is ₹24,000. 1 Covered parking facility are also available. The building has 8 floor and offers Early Learning Centre, Kids Club amenities. This unit is designed with power back up, reserved parking, security. The address is Poojan residency akshat residency kudasan Gandhinagar. This is a no-brokerage flat because the owner has posted the ad on this 3 BHK apartment.",24000,,,18,3,1 Covered,Yes,Yes,No,Jogging and Strolling Track,False,False,Owner,65,Immediately,2026-04-07T22:30:49.000Z,"Apr 08, '26",True
UeJotoLK7fVzpSvf+uAgZw==,Magicbricks,https://www.magicbricks.com/property-details/3-BHK-185-Sq-ft-Multistorey-Apartment-FOR-Rent-Randesan-in-Gandhinagar&id=4d423834303939343235,2026-04-19 13:51:41,23.17588,72.65443,,Randesan,d 501 vedika Habitate near city pulse theater Randhesan gandhinagar,,,,Apartment,Furnished,5,5,North - East,185,Sq-ft,5 to 10 years,"A beautiful 3 BHK flat is available for rent in Randesan. ₹12,000 is the monthly rent of this 3 BHK flat. The flat is located on the 5 floor which includes 3 bathrooms, 1 balcony, and covers a carpet area of 225 sqft. This property offers reserved parking, security, service/goods lift, visitor parking. Do not pay any brokerage fee for this 3 BHK rental flat since the property ad is posted by the flat owner.",12000,,,65,3,,Yes,No,No,"Service/Goods Lift, Visitor Parking",False,False,Owner,66,Immediately,2026-04-06T09:18:15.000Z,"Apr 06, '26",True
YZzt0hEEJ2VzpSvf+uAgZw==,Magicbricks,https://www.magicbricks.com/property-details/3-BHK-90-Sq-m-Multistorey-Apartment-FOR-Rent-Gandhinagar-in-Gandhinagar&id=4d423831323734383039,2026-04-19 13:51:41,23.0395677,72.5660045,,Gandhinagar,"Gandhinagar, Gujarat",,,,Apartment,Semi-Furnished,2,12,,90,Sq-m,,"You can explore this 3 BHK flat on rent in Gandhinagar Gandhinagar. You can get this flat at monthly rent of ₹22,000. Visit the apartment at Gandhinagar, Gandhinagar, Gujarat. This is a no-brokerage flat, as the owner is offering this 3 BHK flat on rent.",22000,,,23,3,,No,No,No,,False,False,Owner,0,Immediately,2026-02-05T21:30:46.000Z,"Feb 06, '26",True
xh6WpHlif85zpSvf+uAgZw==,Magicbricks,https://www.magicbricks.com/property-details/3-BHK-1650-Sq-ft-Multistorey-Apartment-FOR-Rent-Sargasan-in-Gandhinagar&id=4d423833353939333035,2026-04-19 13:51:41,23.1848805,72.615856,,Sargasan,"C-403, Saundary-444, on Kh-road, Sargasan cross road, Gandhinagar",,,,Apartment,Semi-Furnished,4,5,North - West,1650,Sq-ft,5 to 10 years,"If you are planning to rent a flat, you can consider this 3 BHK flat situated in the prime location of Sargasan. This 3 BHK flat can be availed at the rental price of ₹21,000. If you rent the flat, you will have access to facilities like 3 Wardrobe, 3 Bed and Gas Connection. Located on the 4 floor, the flat comprises 3 bathrooms, 5 balcony, and has a carpet area of 1700 sqft. 2 Covered, 3 Open parking space is also available. The residence includes power back up, reserved parking, security. This flat is located at C-403, Saundary-444, on Kh-road, Sargasan cross road, Gandhinagar, Sargasan, Gandhinagar, Gujarat. This 3 BHK flat is directly posted by the owner, so you don't need to pay any brokerage on this property.",21000,21000,1200,13,3,"2 Covered, 3 Open",No,No,No,,False,False,Owner,95,Immediately,2026-02-28T16:58:51.000Z,"Feb 28, '26",True
ezcU3bjIyFNzpSvf+uAgZw==,Magicbricks,https://www.magicbricks.com/property-details/3-BHK-2016-Sq-ft-Multistorey-Apartment-FOR-Rent-Raysan-in-Gandhinagar&id=4d423533363037383737,2026-04-19 13:51:41,23.16672,72.66059,,Raysan,"A-703,Sagar Residency,Nr Janvi Party Plot, Raysan,Gandhinagar",19210|GNLU Metro Station|5 minutes,,,Apartment,Semi-Furnished,7,7,East,2016,Sq-ft,Less than 5 years,"3 BHK flat is available for rent in Raysan immediately. The apartment is available at an affordable rental price of ₹20,000. The apartment is on the 7 floor, has a carpet area of 1210 sqft with 3 bathrooms and 1 balcony. There is also facility of 1 Covered parking. This flat is fitted with power back up, reserved parking, security. Visit the flat at Raysan, Gandhinagar, Gujarat. This 3 BHK apartment ad is listed by the owner, so there is no brokerage fee.",20000,20000,0,10,3,1 Covered,No,No,No,,False,False,Owner,100,Immediately,2026-03-27T21:34:04.000Z,"Mar 28, '26",True
NYz7eT6Xp4RzpSvf+uAgZw==,Magicbricks,https://www.magicbricks.com/property-details/3-BHK-197-Sq-yrd-Multistorey-Apartment-FOR-Rent-Vavol-in-Gandhinagar&id=4d423834303832323539,2026-04-19 13:51:41,23.2248961,72.619552,,Vavol,"Gandhinagar, Gujarat",,,,Apartment,Semi-Furnished,6,7,,197,Sq-yrd,Less than 5 years,"3 BHK apartment is available on rent in Vavol Gandhinagar right away. The multistorey apartment is available at rent of ₹18,000. The apartment is on the 6 floor, has a carpet area of 197 sqyrd with 3 bathrooms and 4 balcony. You can visit the flat at Nr. Vavol Petrol Pump, Vavol, Gandhinagar, Gujarat . The brokerage amount of the 3 BHK apartment is zero.",18000,18000,1500,10,3,,No,No,No,,False,False,Owner,38,Select Date,2026-04-05T05:58:23.000Z,"Apr 05, '26",True
cnQM3uBuBaZzpSvf+uAgZw==,Magicbricks,https://www.magicbricks.com/property-details/3-BHK-2200-Sq-ft-Multistorey-Apartment-FOR-Rent-Adalaj-in-Gandhinagar&id=4d423834313833393037,2026-04-19 13:51:41,23.164356,72.581158,,Adalaj, Adalaj,,,,Apartment,Semi-Furnished,2,13,East,2200,Sq-ft,,"Check out this newly constructed 3 BHK flat on rent in the prime location of Adalaj Gandhinagar. The 3 BHK apartment is available at a reasonable rent of ₹17,500. Located on the 2 floor, the flat has 3 bathrooms, 1 balcony in carpet area of 1800 sqft. This flat is fitted with security, service/goods lift. Visit the flat at Opp. Adalaj Warehouse,B/s. Royal Vaibhav Homes,Zundal to Adalaj Highway, Adalaj,Gandhinagar- Gujarat. Do not pay any brokerage fee for this 3 BHK rental flat since the property ad is posted by the flat owner.",17500,40000,3000,8,3,,Yes,No,No,"Service/Goods Lift, Laundry Service, Banquet Hall, Conference Room",False,False,Owner,66,Immediately,2026-04-10T11:44:42.000Z,"Apr 10, '26",True
VRWFski8Wz1zpSvf+uAgZw==,Magicbricks,https://www.magicbricks.com/property-details/3-BHK-2205-Sq-ft-Multistorey-Apartment-FOR-Rent-Koba-in-Gandhinagar&id=4d423833353639363535,2026-04-19 13:51:41,23.150331,72.640657,,Gandhinagar Estate,"Koba, Gujarat",,,,Apartment,Furnished,5,13,East,2205,Sq-ft,2023,"Keshvam Skycity is a premium residential project by the Swaminarayan Group located in the KobaRaysan area of Gandhinagar, Gujarat. You can explore this 3 BHK flat on rent in Koba Gandhinagar. Available at a rental price of ₹34,000, this 3 BHK flat is worth considering. The residents of the flat have access to additional facilities such as 2 Wardrobe, 2 Bed, 1 AC and Gas Connection. The flat is located on the 5 floor which includes 3 bathrooms, 1 balcony, and covers a carpet area of 1326 sqft. You will also find 1 Covered parking facility. This building features 13 floor and provides Kids play area facilities. The flat comes with power back up, reserved parking, security. The address is Koba, Gujarat .",34000,68000,0,15,3,1 Covered,Yes,Yes,No,Jogging and Strolling Track,False,True,Agent,95,Immediately,2026-04-17T23:45:21.000Z,Yesterday,True
mpwBL48Zd3hzpSvf+uAgZw==,Magicbricks,https://www.magicbricks.com/property-details/3-BHK-1620-Sq-ft-Multistorey-Apartment-FOR-Rent-Randesan-in-Gandhinagar&id=4d423833353731333731,2026-04-19 13:51:41,23.17588,72.65443,,Randesan,shree rang pearl near Shree rang oasis,,,,Apartment,Furnished,5,6,,1620,Sq-ft,New Construction,"If you are planning to rent a flat, you can consider this 3 BHK flat situated in the prime location of Randesan. This 3 BHK flat can be availed at the rental price of ₹40,000. The apartment is on the 5 floor, has a carpet area of 2025 sqft with 3 bathrooms and 1 balcony. This property features 6 floor and offers a range of Early Learning Centre facilities. The residence includes power back up, reserved parking, security, visitor parking. Visit the flat at Opp Infocity, Nr Sabarmati River Bank, GIFT City Road, Randesan, Gandhinagar, Ahmedabad.",40000,,,25,3,,Yes,No,No,"Visitor Parking, Jogging and Strolling Track",False,True,Agent,69,Immediately,2026-04-17T23:45:21.000Z,Yesterday,True
ff47iWj6xvxzpSvf+uAgZw==,Magicbricks,https://www.magicbricks.com/property-details/3-BHK-230-Sq-yrd-Multistorey-Apartment-FOR-Rent-Sargasan-in-Gandhinagar&id=4d423833393037373033,2026-04-19 13:51:41,23.1848805,72.615856,,Sargasan,"Sargasan,Gandhinagar",,,,Apartment,Furnished,5,13,North - East,230,Sq-yrd,Less than 5 years,"3 BHK apartment is available on rent in Sargasan Gandhinagar right away. ₹36,000 is the monthly rent of this 3 BHK flat. Some premium add-on facilities bundled with the flat are 3 Wardrobe, 3 Bed, Fridge, 2 AC, Sofa, Washing Machine, Dining Table and Gas Connection. The apartment is on the 5 floor, has a carpet area of 132 sqyrd with 3 bathrooms and 2 balcony. 2 Covered, 1 Open parking facility are also available. The property has 13 floor and is equipped with Kids play area facilities. This unit is designed with power back up, reserved parking, security. The full address of the apartment is Opp Siddhraj Zavod, Beside AUDA Garden, Near S G Highway, Gandhinagar, Gujrat.",36000,72000,2000,17,3,"2 Covered, 1 Open",No,No,No,,True,True,Agent,80,Immediately,2026-04-18T23:45:34.000Z,Today,True
L4uEKozU5rVzpSvf+uAgZw==,Magicbricks,https://www.magicbricks.com/property-details/3-BHK-97-Sq-m-Multistorey-Apartment-FOR-Rent-in-Gandhinagar&id=4d423731353836313331,2026-04-19 13:51:41,,,,Pinal Patel,"Gandhinagar, Gujarat",,,,Apartment,Semi-Furnished,6,14,,,,Less than 5 years,"If you are searching a 3 BHK apartment for rent in Atishay Shivalay 2, check out this amazing rental flat. The flat is available for rent at a competitive amount of ₹28,000. The flat is on the 6 floor and includes 3 bathrooms, 1 balcony with a carpet area of 97 sqm. You can find the 3 BHK flat without any brokerage.",28000,56000,,,3,,No,No,No,,False,False,Owner,33,Immediately,2026-03-31T04:08:06.000Z,"Mar 31, '26",True
uSC9sFN5Z81zpSvf+uAgZw==,Magicbricks,https://www.magicbricks.com/property-details/3-BHK-265-Sq-ft-Multistorey-Apartment-FOR-Rent-in-Gandhinagar&id=4d423832393730393835,2026-04-19 13:51:41,,,,Ushaben Trivedi,"H 302, ,Shivalay Sharanam  ,kudasan,Gandhinagar",,,,Apartment,Semi-Furnished,3,13,,,,Less than 5 years,"Find 3 BHK flat for rent in Shivalay sharanam Gandhinagar. The 3 BHK apartment is available at a reasonable rent of ₹30,000. Located on the 3 floor, the flat has 3 bathrooms, 2 balcony in carpet area of 265 sqft. This 3 BHK apartment ad is listed by the owner, so there is no brokerage fee.",30000,,,,3,,No,No,No,,False,False,Owner,33,Immediately,2026-04-01T21:32:39.000Z,"Apr 02, '26",True
nNOVp+/1NeZzpSvf+uAgZw==,Magicbricks,https://www.magicbricks.com/property-details/3-BHK-217-Sq-yrd-Multistorey-Apartment-FOR-Rent-Adalaj-in-Gandhinagar&id=4d423834303834373037,2026-04-19 13:51:41,23.164356,72.581158,,Adalaj,vivvan elyasam,,,,Apartment,Furnished,13,15,East,217,Sq-yrd,New Construction,"Good location property in gandhinagar Find this 3 BHK rental flat in Adalaj Gandhinagar. The 3 BHK apartment is available at a reasonable rent of ₹40,000. The flat is on the 13 floor and includes 2 bathrooms, 2 balcony with a carpet area of 217 sqyrd. There is also facility of 1 Covered parking. This property offers power back up. Visit the flat at vivvan elyasam, Adalaj, Gandhinagar, Gujarat.",40000,80000,0,20,2,1 Covered,No,Yes,No,Conference Room,True,True,Agent,78,Immediately,2026-04-05T08:04:43.000Z,"Apr 05, '26",True
hdUiZtBX/CZzpSvf+uAgZw==,Magicbricks,https://www.magicbricks.com/property-details/3-BHK-2345-Sq-ft-Multistorey-Apartment-FOR-Rent-in-Gandhinagar&id=4d423834303435303435,2026-04-19 13:51:41,,,,Hitendra Parihar,"Gandhinagar, Gujarat",,,,Apartment,Semi-Furnished,13,14,,2345,Sq-ft,,"3 BHK apartment is available on rent in Vavol, Gandhinagar Gandhinagar right away. ₹40,000 is the monthly rent of this 3 BHK flat. This 3 BHK apartment ad is listed by the owner, so there is no brokerage fee.",40000,,,17,3,,No,No,No,,False,False,Owner,26,Immediately,2026-04-02T13:10:14.000Z,"Apr 02, '26",True
3oSoZqiJxJVzpSvf+uAgZw==,Magicbricks,https://www.magicbricks.com/property-details/3-BHK-1200-Sq-ft-Multistorey-Apartment-FOR-Rent-Raysan-in-Gandhinagar&id=4d423831333637393639,2026-04-19 13:51:41,23.16672,72.66059,,Raysan,"Gandhinagar, Gujarat",19210|GNLU Metro Station|5 minutes,,,Apartment,Semi-Furnished,8,13,,1200,Sq-ft,,"You can explore this 3 BHK flat on rent in Raysan Gandhinagar. This 3 BHK flat is available at the reasonable rent amount of ₹30,000. The full address of the apartment is Raysan, Ahmedabad, Gujarat. The brokerage amount of the 3 BHK apartment is zero.",30000,,,25,3,,No,No,No,,False,False,Owner,48,Immediately,2026-02-16T16:54:18.000Z,"Feb 16, '26",True
7QeDDKCjGqxzpSvf+uAgZw==,Magicbricks,https://www.magicbricks.com/property-details/3-BHK-2000-Sq-ft-Multistorey-Apartment-FOR-Rent-Kudasan-in-Gandhinagar&id=4d423739343239333239,2026-04-19 13:51:41,23.1698784,72.6232479,,Kudasan,"Urjanagar 1, Kudasan",,,,Apartment,Furnished,8,8,,2000,Sq-ft,New Construction,"A beautiful 3 BHK flat is available for rent in Kudasan. Available at a rental price of ₹26,000, this 3 BHK flat is worth considering. The flat is located on the 8 floor which includes 3 bathrooms, 1 balcony, and covers a carpet area of 1800 sqft. The apartment is equipped with power back up, reserved parking, security, visitor parking. Find this apartment at Urjanagar 1, Kudasan, Gandhinagar, Gujarat. This 3 BHK rental flat comes with no brokerage fees.",26000,,,13,3,,Yes,No,No,"Visitor Parking, Jogging and Strolling Track",False,True,Owner,74,Immediately,2026-03-01T23:36:08.000Z,"Mar 02, '26",True
k5RmfOpEWbNzpSvf+uAgZw==,Magicbricks,https://www.magicbricks.com/property-details/3-BHK-2115-Sq-ft-Multistorey-Apartment-FOR-Rent-Sargasan-in-Gandhinagar&id=4d423639343236353737,2026-04-19 13:51:41,23.1848805,72.615856,,Sargasan,"Gandhinagar, Gujarat",,,,Apartment,Semi-Furnished,12,15,,2115,Sq-ft,,"You can avail the 3 BHK flat for rent in the well-known location of Sargasan. The 3 BHK apartment is available at a reasonable rent of ₹35,000. This flat is located at Sargasan, Gandhinagar, Gujarat. The owner has posted this 3 BHK flat for rent, so the brokerage fees is zero on this multistorey apartment.",35000,,,17,3,,No,No,No,,False,False,Owner,0,Immediately,2026-02-08T21:33:25.000Z,"Feb 09, '26",True
va0zPdAFautzpSvf+uAgZw==,Magicbricks,https://www.magicbricks.com/property-details/3-BHK-2100-Sq-ft-Multistorey-Apartment-FOR-Rent-in-Gandhinagar&id=4d423738313635333339,2026-04-19 13:51:41,,,,NiravMehta,"Gandhinagar, Gujarat",,,,Apartment,Furnished,7,8,,,,15 to 20 years,"Multistorey apartment is available for rent. It has carpet area 2100 sq-ft, it is 3 BHK apartment. Please contact for more details. You can avail the 3 BHK flat for rent in the well-known location of Swagat Rainforest 2. The rent of the 3 BHK flat is ₹31,000. The flat is on the 7 floor and includes 4 bathrooms, 1 balcony with a carpet area of 2100 sqft. The residence includes power back up, reserved parking, security. This is a no-brokerage flat because the owner has posted the ad on this 3 BHK apartment.",31000,65000,2500,,4,,Yes,No,No,Internet/Wi-Fi Connectivity,False,False,Owner,48,Immediately,2026-02-04T21:33:28.000Z,"Feb 05, '26",True
PTHUJvzkg9BzpSvf+uAgZw==,Magicbricks,https://www.magicbricks.com/property-details/3-BHK-1001-Sq-ft-Multistorey-Apartment-FOR-Rent-Sargasan-in-Gandhinagar&id=4d423832303730313937,2026-04-19 13:51:41,23.1848805,72.615856,,Sargasan,"Gandhinagar, Gujarat",,,,Apartment,Furnished,1,5,,1001,Sq-ft,5 to 10 years,"Multistorey apartment is available for rent. It is a good location property. Please contact for more details. Grab the chance to own this affordable 3 BHK flat for rent in the Sargasan area. This 3 BHK flat is available at the reasonable rent amount of ₹35,000. You can visit the flat at Pratishtha Avenue, near Surya Circle, Sargasan, Gandhinagar, Gujarat . The brokerage amount of the 3 BHK apartment is zero.",35000,,,35,3,,No,No,No,,False,False,Owner,67,Immediately,2026-03-18T16:19:51.000Z,"Mar 18, '26",True
ks/Qf3asRxxzpSvf+uAgZw==,Magicbricks,https://www.magicbricks.com/property-details/3-BHK-243-Sq-yrd-Multistorey-Apartment-FOR-Rent-Kudasan-in-Gandhinagar&id=4d423833313833353939,2026-04-19 13:51:41,23.1698784,72.6232479,,Kudasan,"Gandhinagar, Gujarat",,,,Apartment,Semi-Furnished,6,8,,,,5 to 10 years,"A beautiful 3 BHK flat is available for rent in Kudasan. The 3 BHK apartment is available at a reasonable rent of ₹30,000. The flat is located on the 6 floor which includes 4 bathrooms, 3 balcony, and covers a carpet area of 243 sqyrd. The owner has posted this 3 BHK flat for rent, so the brokerage fees is zero on this multistorey apartment.",30000,60000,2500,,4,,No,No,No,,False,False,Owner,36,Immediately,2026-03-08T22:30:33.000Z,"Mar 09, '26",True
1/wLJHzPpVpzpSvf+uAgZw==,Magicbricks,https://www.magicbricks.com/property-details/3-BHK-243-Sq-m-Multistorey-Apartment-FOR-Rent-Sargasan-in-Gandhinagar&id=4d423833343235313833,2026-04-19 13:51:41,23.1848805,72.615856,,Sargasan,"Gandhinagar, Gujarat",,,,Apartment,Semi-Furnished,10,14,,243,Sq-m,,"3 BHK apartment is available on rent in Sargasan Gandhinagar right away. The rent of the 3 BHK flat is ₹30,000. The full address of the apartment is Sargasan, Gandhinagar, Gujarat. This 3 BHK flat is directly posted by the owner, so you don't need to pay any brokerage on this property.",30000,,,11,3,,No,No,No,,False,False,Owner,0,Immediately,2026-02-16T05:48:47.000Z,"Feb 16, '26",True
PxT50rmAPI9zpSvf+uAgZw==,Magicbricks,https://www.magicbricks.com/property-details/3-BHK-2025-Sq-ft-Multistorey-Apartment-FOR-Rent-Adalaj-in-Gandhinagar&id=4d423833363437333337,2026-04-19 13:51:41,23.164356,72.581158,,Adalaj,"Survey No. 849B, F.P. No. 791, TPS No. 10, Nr. Sabarmati Canal, Opp. Shantiniketan Senior Living",,,,Apartment,Furnished,7,13,,2025,Sq-ft,,"You can avail the 3 BHK flat for rent in the well-known location of Adalaj. The rent of the 3 BHK flat is ₹30,000. Some attractive additional facilities available with the flat are 3 Wardrobe, 4 Bed, Fridge, 2 AC, Sofa, Dining Table and Gas Connection. The flat is on the 7 floor and includes 3 bathrooms, 1 balcony with a covered area of 2025 sqft. The property has 13 floor and is equipped with Kids play area facilities. This flat is located at Survey No. 849/B, F.P. No. 79/1, TPS No. 10, Nr. Sabarmati Canal, Opp. Shantiniketan Senior Living. This 3 BHK flat is directly posted by the owner, so you don't need to pay any brokerage on this property.",30000,60000,2500,15,3,,No,No,No,,False,False,Owner,38,Immediately,2026-03-05T09:36:15.000Z,"Mar 05, '26",True
vR4ofkOUlzZzpSvf+uAgZw==,Magicbricks,https://www.magicbricks.com/property-details/3-BHK-1700-Sq-ft-Multistorey-Apartment-FOR-Rent-Sargasan-in-Gandhinagar&id=4d423833373733363831,2026-04-19 13:51:41,23.1848805,72.615856,,Sargasan,"Gandhinagar, Gujarat",,,,Apartment,Furnished,10,12,,1700,Sq-ft,New Construction,"Find this 3 BHK rental flat in Sargasan Gandhinagar. You can get this flat at monthly rent of ₹33,000. The flat is on the 10 floor and includes 3 bathrooms, 1 balcony with a carpet area of 1500 sqft. The building includes 12 floor and supports Kids play area living. You can visit the flat at F.P.No.:372/8, Block No. 372/8, Near Thakare Farm, Palm Road, Gandhinagar, Gandhinagar, Gujarat.. The brokerage amount of the 3 BHK apartment is zero.",33000,66000,2500,19,3,,No,No,No,,False,False,Owner,36,Immediately,2026-03-14T03:10:17.000Z,"Mar 14, '26",True
ju7c1nZ8J+VzpSvf+uAgZw==,Magicbricks,https://www.magicbricks.com/property-details/3-BHK-252-Sq-yrd-Multistorey-Apartment-FOR-Rent-Raysan-in-Gandhinagar&id=4d423831383134383635,2026-04-19 13:51:41,23.16672,72.66059,,Raysan,"Gandhinagar, Gujarat",19210|GNLU Metro Station|5 minutes,,,Apartment,Semi-Furnished,9,11,,252,Sq-yrd,,"Check out this newly constructed 3 BHK flat on rent in the prime location of Raysan Gandhinagar. The 3 BHK apartment is available at a reasonable rent of ₹40,000. This residential building features 11 floor and ensures Kids play area, Kids Club comfort. The flat can be visited at PDPU University Road, Opp. GNLU University, New GIFT City Road, Raysan, Gujarat. This 3 BHK rental flat comes with no brokerage fees.",40000,,,18,3,,No,No,No,,False,False,Owner,48,Immediately,2026-02-07T16:53:45.000Z,"Feb 07, '26",True
zB4iv/W0+DlzpSvf+uAgZw==,Magicbricks,https://www.magicbricks.com/property-details/3-BHK-2259-Sq-ft-Multistorey-Apartment-FOR-Rent-Randesan-in-Gandhinagar&id=4d423830303632313235,2026-04-19 13:51:41,23.17588,72.65443,,Randesan,"A 103, Pramukh onkar harivanta, Dholeshwar mahadev road, Near Radesan Metro station, Radesan",,,,Apartment,Furnished,1,13,East,2259,Sq-ft,New Construction,"Top Five number project in Gandhinagar, Seperate entry Door for servant, Parking 2 slot If you are planning to rent a flat, you can consider this 3 BHK flat situated in the prime location of Randesan. You can get this flat at monthly rent of ₹40,000. Located on the 1 floor, the flat has 3 bathrooms, 3 balcony in covered area of 2259 sqft. The residence includes power back up, reserved parking, security, service/goods lift, air conditioned, visitor parking, ro water system. Visit the flat at A 103, Pramukh onkar harivanta, Dholeshwar mahadev road, Near Radesan Metro station, Radesan, Randesan, Gandhinagar, Gujarat. This is a no-brokerage flat, as the owner is offering this 3 BHK flat on rent.",40000,120000,0,18,3,,No,No,No,"Air Conditioned, Banquet Hall, Jogging and Strolling Track, Outdoor Tennis Courts",False,False,Owner,79,Immediately,2026-03-01T21:32:52.000Z,"Mar 02, '26",True
V5KKlfXHacNzpSvf+uAgZw==,Magicbricks,https://www.magicbricks.com/property-details/3-BHK-2475-Sq-ft-Multistorey-Apartment-FOR-Rent-Sargasan-in-Gandhinagar&id=4d423833383934313633,2026-04-19 13:51:41,23.1848805,72.615856,,Sargasan,"Sargasan,Gandhinagar",,,,Apartment,Semi-Furnished,10,13,,2475,Sq-ft,New Construction,"Near S.G Road, next to a school. Spacious 3BHK. Check out this newly constructed 3 BHK flat on rent in the prime location of Sargasan Gandhinagar. ₹30,000 is the monthly rent of this 3 BHK flat. The apartment is on the 10 floor, has a covered area of 2475 sqft with 3 bathrooms and 1 balcony. 1 Covered parking space is also available. This property features 13 floor and offers a range of Kids play area facilities. This unit features power back up, reserved parking, security. Find this apartment at Sargasan, Gandhinagar. Do not pay any brokerage fee for this 3 BHK rental flat since the property ad is posted by the flat owner.",30000,,,12,3,1 Covered,No,No,No,,False,False,Owner,66,Immediately,2026-03-21T12:30:38.000Z,"Mar 21, '26",True
8Nrlg8veoiNzpSvf+uAgZw==,Magicbricks,https://www.magicbricks.com/property-details/3-BHK-2200-Sq-ft-Multistorey-Apartment-FOR-Rent-Raysan-in-Gandhinagar&id=4d423832323739333535,2026-04-19 13:51:41,23.16672,72.66059,,Raysan,Raysan Gandhinagar,19210|GNLU Metro Station|5 minutes,,,Apartment,Unfurnished,8,11,,2200,Sq-ft,New Construction,"You can explore this 3 BHK flat on rent in Raysan Gandhinagar. The flat is available for rent at a competitive amount of ₹30,000. The flat is located on the 8 floor which includes 3 bathrooms, 3 balcony, and covers a carpet area of 1500 sqft. This residential building features 11 floor and ensures Kids play area, Kids Club comfort. The flat can be visited at PDPU University Road, Opp. GNLU University, New GIFT City Road, Raysan, Gujarat. This is a no-brokerage flat, as the owner is offering this 3 BHK flat on rent.",30000,100000,4000,14,3,,No,No,No,,False,False,Owner,40,Immediately,2026-02-14T02:51:37.000Z,"Feb 14, '26",True
mIahWv2bagdzpSvf+uAgZw==,Magicbricks,https://www.magicbricks.com/property-details/3-BHK-205-Sq-yrd-Multistorey-Apartment-FOR-Rent-Zundal-in-Gandhinagar&id=4d423833343735323839,2026-04-19 13:51:41,23.139555,72.584531,,Girish Solanki,204.,,,,Apartment,Unfurnished,2,14,,205,Sq-yrd,New Construction,"Grab the chance to own this affordable 3 BHK flat for rent in the Zundal area. This 3 BHK flat is available at the reasonable rent amount of ₹30,000. The apartment is on the 2 floor, has a carpet area of 100 sqyrd with 3 bathrooms and 3 balcony. The address is 204., Zundal, Gandhinagar, Gujarat. This is a no-brokerage flat because the owner has posted the ad on this 3 BHK apartment.",30000,30000,0,16,3,,No,No,No,,False,False,Owner,40,Immediately,2026-02-19T11:15:02.000Z,"Feb 19, '26",True
9EZaJn7iS1BzpSvf+uAgZw==,Magicbricks,https://www.magicbricks.com/property-details/3-BHK-1764-Sq-ft-Multistorey-Apartment-FOR-Rent-Sargasan-in-Gandhinagar&id=4d423638353630353831,2026-04-19 13:51:41,23.1848805,72.615856,,Sargasan,"Gandhinagar, Gujarat",,,,Apartment,Semi-Furnished,11,14,,1764,Sq-ft,,"If you are searching a 3 BHK apartment for rent in Sargasan, check out this amazing rental flat. The multistorey apartment is available at rent of ₹28,000. This building features 14 floor and provides Kids play area facilities. The flat can be visited at F.P.No.:372/8, Block No. 372/8, Near Thakare Farm, Palm Road, Gandhinagar, Gandhinagar, Gujarat.. This is a no-brokerage flat because the owner has posted the ad on this 3 BHK apartment.",28000,,,16,3,,No,No,No,,False,False,Owner,26,Immediately,2026-03-08T04:07:45.000Z,"Mar 08, '26",True
EZmeuTjXKrZzpSvf+uAgZw==,Magicbricks,https://www.magicbricks.com/property-details/3-BHK-255-Sq-yrd-Multistorey-Apartment-FOR-Rent-Kudasan-in-Gandhinagar&id=4d423833323439393539,2026-04-19 13:51:41,23.1698784,72.6232479,,Kudasan,"Gandhinagar, Gujarat",,,,Apartment,Semi-Furnished,3,10,East,255,Sq-yrd,,"Very close to Ahmedabad highway. Grab the chance to own this affordable 3 BHK flat for rent in the Kudasan area. The multistorey apartment is available at rent of ₹25,150. 1 Covered parking facility are also available. The apartment comes furnished with reserved parking, security. Visit the apartment at petrol pump, Nr. Sarthak shreeji, opp raysan, Kudasan, Gandhinagar, Gujarat. This 3 BHK apartment ad is listed by the owner, so there is no brokerage fee.",25150,,,11,3,1 Covered,No,No,No,,False,False,Owner,74,Immediately,2026-03-11T14:53:09.000Z,"Mar 11, '26",True
Kv+xILuaAsdzpSvf+uAgZw==,Magicbricks,https://www.magicbricks.com/property-details/3-BHK-1189-Sq-ft-Multistorey-Apartment-FOR-Rent-Sargasan-in-Gandhinagar&id=4d423833303335333839,2026-04-19 13:51:41,23.1848805,72.615856,,Sargasan,"200 ft Road, Nr. Aashka Hospital  Reliance Circle, Sargasan, Ahmedabad - Gandhingar Twin city",,,,Apartment,Semi-Furnished,13,13,,,,,"Multistorey apartment is available for rent. It is a good location property. Please contact for more details. If you are planning to rent a flat, you can consider this 3 BHK flat situated in the prime location of Sargasan. The Rent amount of this 3 BHK apartment is set at an attractive price of ₹26,000. Some premium add-on facilities bundled with the flat are Gas Connection. The apartment is on the 13 floor, has a carpet area of 1189 sqft with 3 bathrooms and 2 balcony. The property consists of 13 floor and offers Kids play area conveniences. You can visit the flat at 200 ft Road, Nr. Aashka Hospital & Reliance Circle, Sargasan, Ahmedabad - Gandhingar Twin city. The owner has posted this 3 BHK flat for rent, so the brokerage fees is zero on this multistorey apartment.",26000,,0,,3,,No,No,No,,False,False,Owner,56,Immediately,2026-04-09T16:59:21.000Z,"Apr 09, '26",True
6C2xAtBW/ItzpSvf+uAgZw==,Magicbricks,https://www.magicbricks.com/property-details/3-BHK-240-Sq-yrd-Multistorey-Apartment-FOR-Rent-Randesan-in-Gandhinagar&id=4d423833343031353731,2026-04-19 13:51:41,23.17588,72.65443,,Randesan,"Randesan,Gandhinagar",,,,Apartment,Semi-Furnished,12,13,,240,Sq-yrd,,"You can explore this 3 BHK flat on rent in Randesan Gandhinagar. ₹30,000 is the monthly rent of this 3 BHK flat. Some attractive additional facilities available with the flat are 1 Wardrobe, 1 Bed and Gas Connection. Located on the 12 floor, the flat has 3 bathrooms, 1 balcony in carpet area of 150 sqyrd. You will also find 1 Covered parking facility. The building includes 13 floor and supports Kids play area living. The residence includes power back up, reserved parking, security. This flat is located at Survey No.233, 234 paiki 23, FP No.107, Gandhinagar, Gujarat. This 3 BHK flat is directly posted by the owner, so you don't need to pay any brokerage on this property.",30000,50000,0,14,3,1 Covered,Yes,No,No,Jogging and Strolling Track,False,False,Owner,76,Immediately,2026-02-13T17:57:06.000Z,"Feb 13, '26",True
dyT3AqS04MdzpSvf+uAgZw==,Magicbricks,https://www.magicbricks.com/property-details/3-BHK-212-Sq-yrd-Multistorey-Apartment-FOR-Rent-Adalaj-in-Gandhinagar&id=4d423832343931333939,2026-04-19 13:51:41,23.164356,72.581158,,Adalaj,"Gandhinagar, Gujarat",,,,Apartment,Semi-Furnished,11,14,East,212,Sq-yrd,New Construction,"If you are planning to rent a flat, you can consider this 3 BHK flat situated in the prime location of Adalaj. This 3 BHK flat can be availed at the rental price of ₹26,000. The flat is on the 11 floor and includes 3 bathrooms, 3 balcony with a covered area of 212 sqyrd. The property features power back up, reserved parking, security. Visit the flat at Opp. Adalaj Warehouse,B/s. Royal Vaibhav Homes,Zundal to Adalaj Highway, Adalaj,Gandhinagar- Gujarat. This is a no-brokerage flat, as the owner is offering this 3 BHK flat on rent.",26000,50000,,14,3,,No,No,No,"Laundry Service, Banquet Hall, Jogging and Strolling Track, Outdoor Tennis Courts",False,False,Owner,71,Immediately,2026-02-14T21:30:42.000Z,"Feb 15, '26",True
5uOV8qsA681zpSvf+uAgZw==,Magicbricks,https://www.magicbricks.com/property-details/3-BHK-2100-Sq-yrd-Multistorey-Apartment-FOR-Rent-Kudasan-in-Gandhinagar&id=4d423539313538343131,2026-04-19 13:51:41,23.1698784,72.6232479,,Kudasan,204,,,,Apartment,Unfurnished,2,7,East,2100,Sq-yrd,Less than 5 years,"Nice locality for family. Spacious flat compared to others . near to every thing still have peace because of its position . Grab the chance to own this affordable 3 BHK flat for rent in the Kudasan area. This 3 BHK flat is available at the reasonable rent amount of ₹26,000. The apartment is on the 2 floor, has a carpet area of 2100 sqyrd with 3 bathrooms and 4 balcony. This unit features reserved parking, security, visitor parking. The full address of the apartment is Kudasan, Ahmedabad, Gujarat. Do not pay any brokerage fee for this 3 BHK rental flat since the property ad is posted by the flat owner.",26000,26000,1500,1,3,,No,No,No,"Visitor Parking, Banquet Hall, Jogging and Strolling Track, Outdoor Tennis Courts",False,False,Owner,92,Immediately,2026-04-04T21:32:09.000Z,"Apr 05, '26",True
50nhTAPMUUBzpSvf+uAgZw==,Magicbricks,https://www.magicbricks.com/property-details/3-BHK-1500-Sq-ft-Multistorey-Apartment-FOR-Rent-Raysan-in-Gandhinagar&id=4d423831373533383039,2026-04-19 13:51:41,23.16672,72.66059,,Raysan,Raysan,19210|GNLU Metro Station|5 minutes,,,Apartment,Semi-Furnished,9,13,,1500,Sq-ft,Less than 5 years,"You can explore this 3 BHK flat on rent in Raysan Gandhinagar. The Rent amount of this 3 BHK apartment is set at an attractive price of ₹28,000. Located on the 9 floor, the flat has 3 bathrooms, 1 balcony in carpet area of 1500 sqft. This property includes 13 floor and provides Kids play area benefits. The apartment comes furnished with power back up, reserved parking, security, air conditioned. You can visit the flat at Nr BAPS School, B/H IOC Petrol Pump, Raysan Rd, Raysan, Gujarat . You can find the 3 BHK flat without any brokerage.",28000,,1500,19,3,,No,No,No,"Air Conditioned, Banquet Hall, Jogging and Strolling Track",False,False,Owner,71,Immediately,2026-03-11T06:48:11.000Z,"Mar 11, '26",True
DcY0gyKjms5zpSvf+uAgZw==,Magicbricks,https://www.magicbricks.com/property-details/3-BHK-1908-Sq-ft-Multistorey-Apartment-FOR-Rent-Raysan-in-Gandhinagar&id=4d423832313037393733,2026-04-19 13:51:41,23.16672,72.66059,,Raysan,Raysan Gandhinagar,19210|GNLU Metro Station|5 minutes,,,Apartment,Unfurnished,8,11,,1908,Sq-ft,New Construction,"You can explore this 3 BHK flat on rent in Raysan Gandhinagar. ₹30,000 is the monthly rent of this 3 BHK flat. The apartment is on the 8 floor, has a carpet area of 1908 sqft with 3 bathrooms and 2 balcony. The property has 11 floor and is equipped with Kids play area facilities. This home provides power back up, security. The flat can be visited at Near Shree Rang Upvan Bunglows, PDPU Road, Raysan, Gandhinagar Gujarat. You can find the 3 BHK flat without any brokerage.",30000,36000,0,16,3,,No,No,No,,False,False,Owner,60,Immediately,2026-03-31T21:30:46.000Z,"Apr 01, '26",True
5zAYF6L4mh5zpSvf+uAgZw==,Magicbricks,https://www.magicbricks.com/property-details/3-BHK-240-Sq-yrd-Multistorey-Apartment-FOR-Rent-Randesan-in-Gandhinagar&id=4d423833393534333839,2026-04-19 13:51:41,23.17588,72.65443,,Randesan,c1001,,,,Apartment,Semi-Furnished,10,13,East,240,Sq-yrd,New Construction,"near Randesan metro station You can explore this 3 BHK flat on rent in Randesan Gandhinagar. Available at a rental price of ₹30,000, this 3 BHK flat is worth considering. Located on the 10 floor, the flat has 3 bathrooms, 4 balcony in carpet area of 240 sqyrd. The building comprises 13 floor and includes Kids play area features. The address is Survey No.233, 234 paiki 23, FP No.107, Gandhinagar, Gujarat. There are no brokerage fees on this 3 BHK multistorey apartment.",30000,,,14,3,,No,No,No,,False,False,Owner,43,Immediately,2026-03-26T13:09:27.000Z,"Mar 26, '26",True
F86zjfPzB4VzpSvf+uAgZw==,Magicbricks,https://www.magicbricks.com/property-details/4-BHK-268-Sq-yrd-Multistorey-Apartment-FOR-Rent-Sargasan-in-Gandhinagar&id=4d423833393931313931,2026-04-19 13:51:41,23.1848805,72.615856,,Sargasan,"Siddhraj Z, Nr. Infocity , junior school, Opp Prasang Party Plot, Sargasan, Gandhinagar",,,,Apartment,Semi-Furnished,2,7,East,268,Sq-yrd,New Construction,"If you are searching a 4 BHK apartment for rent in Sargasan, check out this amazing rental flat. Available at a rental price of ₹75,000, this 4 BHK flat is worth considering. Here you can enjoy world class facilities like 2 Wardrobe, 3 Bed, 2 AC and 1 TV. Located on the 2 floor, the flat has 4 bathrooms, 2 balcony in carpet area of 260 sqyrd. The property includes 2 Covered parking. This property includes 7 floor and provides Kids play area benefits. This unit features reserved parking, security. The address is Siddhraj Z+, Nr. Infocity , junior school, Opp Prasang Party Plot, Sargasan, Gandhinagar.",75000,150000,1000,31,4,2 Covered,Yes,Yes,No,Jogging and Strolling Track,True,True,Agent,80,Immediately,2026-04-16T23:45:20.000Z,"Apr 17, '26",True
JTRw0JEy2CxzpSvf+uAgZw==,Magicbricks,https://www.magicbricks.com/property-details/4-BHK-3400-Sq-ft-Multistorey-Apartment-FOR-Rent-Sargasan-in-Gandhinagar&id=4d423636353337393133,2026-04-19 13:51:41,23.1848805,72.615856,,Sargasan,"Siddhraj Z, Nr. Infocity , junior school, Opp Prasang Party Plot, Sargasan, Gandhinagar",,,,Apartment,Semi-Furnished,5,7,East,3400,Sq-ft,New Construction,"4bhk semi furnished flat in live location in Sargasan. Find 4 BHK flat for rent in Sargasan Gandhinagar. The 4 BHK apartment is available at a reasonable rent of ₹75,000. Some attractive additional facilities available with the flat are Gas Connection. The flat is on the 5 floor and includes 4 bathrooms, 2 balcony with a carpet area of 2200 sqft. You will also find 2 Covered, 2 Open parking facility. This residential building features 7 floor and ensures Kids play area comfort. This flat is fitted with reserved parking, security. This flat is located at Siddhraj Z+, Nr. Infocity , junior school, Opp Prasang Party Plot, Sargasan, Gandhinagar.",75000,80000,0,22,4,"2 Covered, 2 Open",Yes,Yes,No,Jogging and Strolling Track,True,True,Agent,80,Immediately,2026-04-18T23:45:34.000Z,Today,True
43zdj1WoZq9zpSvf+uAgZw==,Magicbricks,https://www.magicbricks.com/property-details/4-BHK-268-Sq-yrd-Multistorey-Apartment-FOR-Rent-Sargasan-in-Gandhinagar&id=4d423832363536313939,2026-04-19 13:51:41,23.1848805,72.615856,,Sargasan,"Siddhraj Z, Nr. Infocity , junior school, Opp Prasang Party Plot, Sargasan, Gandhinagar",,,,Apartment,Furnished,1,7,East,268,Sq-yrd,Less than 5 years,"Furnished property located at Sargasan. Prime location, Available only rental for Family. Best Residential Scheme in this Area for peaceful living and environment. Find 4 BHK flat for rent in Sargasan Gandhinagar. This 4 BHK flat can be availed at the rental price of ₹75,000. Some attractive additional facilities available with the flat are 4 Wardrobe, 4 Bed, 2 TV, Fridge, 4 AC, Sofa, Washing Machine, Dining Table and Gas Connection. Located on the 1 floor, the flat comprises 4 bathrooms, 3 balcony, and has a carpet area of 160 sqyrd. The property includes 1 Covered parking. This building features 7 floor and provides Kids play area facilities. The residence includes reserved parking, security. Visit the apartment at Siddhraj Z+, Nr. Infocity , junior school, Opp Prasang Party Plot, Sargasan, Gandhinagar.",75000,150000,2000,31,4,1 Covered,Yes,Yes,No,Jogging and Strolling Track,False,True,Agent,98,Immediately,2026-03-09T07:59:20.000Z,"Mar 09, '26",True
xrTMQmQ1p/hzpSvf+uAgZw==,Magicbricks,https://www.magicbricks.com/property-details/4-BHK-532-Sq-yrd-Multistorey-Apartment-FOR-Rent-GIFT-City-in-Gandhinagar&id=4d423833393437393237,2026-04-19 13:51:41,23.1587037,72.6837981,,GIFT City,Gift City,,,,Apartment,Unfurnished,12,12,East,532,Sq-yrd,New Construction,"If you are planning to rent a flat, you can consider this 4 BHK flat situated in the prime location of GIFT City. The Rent amount of this 4 BHK apartment is set at an attractive price of ₹85,000. Located on the 12 floor, the flat has 3 bathrooms, 1 balcony in covered area of 532 sqyrd. You will also find 1 Covered parking facility. The flat comes with reserved parking, security. Visit the apartment at Gift City, GIFT City, Gandhinagar, Gujarat.",85000,200000,,18,3,1 Covered,No,No,No,,False,True,Agent,88,Immediately,2026-03-26T07:41:51.000Z,"Mar 26, '26",True
jO1cCWKvgYhzpSvf+uAgZw==,Magicbricks,https://www.magicbricks.com/property-details/4-BHK-450-Sq-ft-Multistorey-Apartment-FOR-Rent-Sargasan-in-Gandhinagar&id=4d423831373031313133,2026-04-19 13:51:41,23.1848805,72.615856,,Sargasan,205.,,,,Apartment,Furnished,5,8,North - East,450,Sq-ft,Less than 5 years,"this property is best location in sargasan area full furniture flat all aminity in this skim best skim in Gandhinagar You can avail the 4 BHK flat for rent in the well-known location of Sargasan. You can get this flat at monthly rent of ₹75,000. The flat is on the 5 floor and includes 4 bathrooms, 2 balcony with a covered area of 450 sqft. The property consists of 8 floor and offers Kids play area conveniences. This property offers power back up, reserved parking, security, service/goods lift, air conditioned, intercom facility, ro water system. Visit the flat at Siddhraj Z+, Nr. Infocity , junior school, Opp Prasang Party Plot, Sargasan, Gandhinagar.",75000,150000,0,167,4,,No,No,No,"Air Conditioned, Banquet Hall, Bar/Lounge, Jogging and Strolling Track",False,True,Agent,80,Immediately,2026-04-12T06:20:40.000Z,"Apr 12, '26",True
5OkA0BQ0oNBzpSvf+uAgZw==,Magicbricks,https://www.magicbricks.com/property-details/4-BHK-4176-Sq-ft-Multistorey-Apartment-FOR-Rent-Sargasan-in-Gandhinagar&id=4d423833353637343835,2026-04-19 13:51:41,23.1848805,72.615856,,Sargasan,Sargasan Gandhinagar,,,,Apartment,Semi-Furnished,1,8,East,4176,Sq-ft,Less than 5 years,"If you are searching a 4 BHK apartment for rent in Sargasan, check out this amazing rental flat. The multistorey apartment is available at rent of ₹75,000. Live in this lovely flat and get access to various useful facilities such as 2 Wardrobe, 3 Bed, 3 AC, Sofa, Dining Table and Gas Connection. The apartment is on the 1 floor, has a carpet area of 2295 sqft with 4 bathrooms and 1 balcony. 2 Covered, 2 Open parking space is also available. The residence includes power back up, reserved parking, security. You can visit the flat at Sargasan Gandhinagar, Sargasan, Gandhinagar, Gujarat.",75000,75000,0,18,4,"2 Covered, 2 Open",Yes,No,No,Jogging and Strolling Track,False,True,Agent,98,Immediately,2026-02-26T11:27:27.000Z,"Feb 26, '26",True
Lcj2SFPneXxzpSvf+uAgZw==,Magicbricks,https://www.magicbricks.com/property-details/4-BHK-383-Sq-yrd-Multistorey-Apartment-FOR-Rent-Sargasan-in-Gandhinagar&id=4d423831363733373531,2026-04-19 13:51:41,23.1848805,72.615856,,Sargasan,Sargasan,,,,Apartment,Furnished,4,8,North - East,383,Sq-yrd,New Construction,"this property is for family and company guest house. this property is located in well develope area. this property is newly constructed. If you are planning to rent a flat, you can consider this 4 BHK flat situated in the prime location of Sargasan. The apartment is available at an affordable rental price of ₹75,000. Located on the 4 floor, the flat has 4 bathrooms, 3 balcony in carpet area of 267 sqyrd. This property offers power back up, reserved parking, security, air conditioned, ro water system. Visit the flat at Sector 11, Gandhinagar, Gujarat.",75000,150000,2000,22,4,,Yes,No,No,"Air Conditioned, RO Water System",False,True,Agent,94,Immediately,2026-04-18T23:45:32.000Z,Today,True
YcCGOn6NOidzpSvf+uAgZw==,Magicbricks,https://www.magicbricks.com/property-details/4-BHK-450-Sq-yrd-Multistorey-Apartment-FOR-Rent-Sargasan-in-Gandhinagar&id=4d423833383435333133,2026-04-19 13:51:41,23.1848805,72.615856,,Sargasan,Sargasan,,,,Apartment,Furnished,1,7,East,450,Sq-yrd,Less than 5 years,"Most High Demanding society in Gandhinagar A beautiful 4 BHK flat is available for rent in Sargasan. ₹75,000 is the monthly rent of this 4 BHK flat. The apartment is on the 1 floor, has a carpet area of 210 sqyrd with 4 bathrooms and 2 balcony. 1 Covered parking space is also available. The property consists of 7 floor and offers Kids play area conveniences. This unit is designed with power back up, reserved parking, security, service/goods lift, air conditioned, intercom facility, ro water system. Visit the flat at Siddhraj Z+, Nr. Infocity , junior school, Opp Prasang Party Plot, Sargasan, Gandhinagar.",75000,150000,0,19,4,1 Covered,No,No,No,"Air Conditioned, Banquet Hall, Bar/Lounge, Jogging and Strolling Track",False,True,Agent,100,Immediately,2026-04-17T23:45:21.000Z,Yesterday,True
ksDFptZ4cHxzpSvf+uAgZw==,Magicbricks,https://www.magicbricks.com/property-details/4-BHK-268-Sq-ft-Multistorey-Apartment-FOR-Rent-Sargasan-in-Gandhinagar&id=4d423833343939343537,2026-04-19 13:51:41,23.1848805,72.615856,,Sargasan,"Gandhinagar, Gujarat",,,,Apartment,Semi-Furnished,1,7,,268,Sq-ft,Less than 5 years,"4 BHK flat is available for rent in Sargasan immediately. The multistorey apartment is available at rent of ₹75,000. The apartment is on the 1 floor, has a covered area of 268 sqft with 4 bathrooms and 1 balcony. The property has 7 floor and is equipped with Kids play area facilities. The address is Siddhraj Z+, Nr. Infocity , junior school, Opp Prasang Party Plot, Sargasan, Gandhinagar. There are no brokerage fees on this 4 BHK multistorey apartment.",75000,15000,10000,280,4,,No,No,No,,False,False,Owner,38,Immediately,2026-02-21T07:09:09.000Z,"Feb 21, '26",True
mKaVH8CgVylzpSvf+uAgZw==,Magicbricks,https://www.magicbricks.com/property-details/4-BHK-471-Sq-yrd-Multistorey-Apartment-FOR-Rent-Sargasan-in-Gandhinagar&id=4d423734373433363339,2026-04-19 13:51:41,23.1848805,72.615856,,Sargasan,502.,,,,Apartment,Unfurnished,5,8,North - East,471,Sq-yrd,New Construction,"this property is best in gandhinagar area full furniture laxurish flat on rent all aminitys in this skim fully furnished 4 BHK apartment is available on rent in Sargasan Gandhinagar right away. The Rent amount of this 4 BHK apartment is set at an attractive price of ₹86,000. Located on the 5 floor, the flat comprises 5 bathrooms, 2 balcony, and has a carpet area of 385 sqyrd. The property encompasses 8 floor and provides Kids play area amenities. This unit features power back up, reserved parking, security, service/goods lift, air conditioned, intercom facility, ro water system. This flat is located at Siddhraj Z+, Nr. Infocity , junior school, Opp Prasang Party Plot, Sargasan, Gandhinagar.",86000,170000,0,20,5,,No,No,No,"Air Conditioned, Banquet Hall, Bar/Lounge, Jogging and Strolling Track",False,True,Agent,80,Immediately,2026-04-08T06:42:22.000Z,"Apr 08, '26",True
BJOKy4ErH0lzpSvf+uAgZw==,Magicbricks,https://www.magicbricks.com/property-details/4-BHK-490-Sq-yrd-Multistorey-Apartment-FOR-Rent-Koba-in-Gandhinagar&id=4d423834303938333835,2026-04-19 13:51:41,23.150331,72.640657,,Jay Khodiyar Real Estate,Asteria,,,,Apartment,Furnished,10,12,North - East,490,Sq-yrd,New Construction,"East facing apartment with brand new furniture. Having 490 q yrd covered area. You can avail the 4 BHK flat for rent in the well-known location of Koba. This 4 BHK flat can be availed at the rental price of ₹1.3 Lac. Located on the 10 floor, the flat has 4 bathrooms, 1 balcony in covered area of 490 sqyrd. This property includes 12 floor and provides Kids play area benefits. This home provides power back up, reserved parking, security, service/goods lift, air conditioned, ro water system. The apartment is located at PDPU Rd, near GUJARAT NATIONAL LAW UNIVERSITY, near International Finance Tec-City .",125000,250000,10000,28,4,,No,No,No,"Air Conditioned, Banquet Hall, Bar/Lounge, Jogging and Strolling Track",False,True,Agent,92,Immediately,2026-04-06T08:49:38.000Z,"Apr 06, '26",True
UK3xP+h/NchzpSvf+uAgZw==,Magicbricks,https://www.magicbricks.com/property-details/4-BHK-4410-Sq-ft-Multistorey-Apartment-FOR-Rent-Koba-in-Gandhinagar&id=4d423834303938333431,2026-04-19 13:51:41,23.150331,72.640657,,Jay Khodiyar Real Estate,Asteria,,,,Apartment,Furnished,10,12,North - East,4410,Sq-ft,New Construction,"north facing apartment with furniture You can explore this 4 BHK flat on rent in Koba Gandhinagar. This 4 BHK flat can be availed at the rental price of ₹1.5 Lac. Located on the 10 floor, the flat has 3 bathrooms, 1 balcony in carpet area of 2646 sqft. The property includes 2 Covered parking. This building features 12 floor and provides Kids play area facilities. This unit features power back up, reserved parking, security, service/goods lift, air conditioned, intercom facility, ro water system. Visit the apartment at PDPU Rd, near GUJARAT NATIONAL LAW UNIVERSITY, near International Finance Tec-City .",150000,300000,0,34,3,2 Covered,No,No,No,"Air Conditioned, Banquet Hall, Bar/Lounge, Jogging and Strolling Track",True,True,Agent,100,Immediately,2026-04-06T14:59:52.000Z,"Apr 06, '26",True
ATr6MclBeyxzpSvf+uAgZw==,Magicbricks,https://www.magicbricks.com/property-details/2-BHK-110-Sq-ft-Multistorey-Apartment-FOR-Rent-Sargasan-in-Gandhinagar&id=4d423732363034313437,2026-04-19 13:51:41,23.1848805,72.615856,,Sargasan,"Gandhinagar, Gujarat",,,,Apartment,Unfurnished,3,5,North,110,Sq-ft,Less than 5 years,"2 BHK apartment is available on rent in Sargasan Gandhinagar right away. The apartment is available at an affordable rental price of ₹16,000. The flat is located on the 3 floor which includes 2 bathrooms, 1 balcony, and covers a carpet area of 90 sqft. This home provides power back up, reserved parking, security. Visit the flat at Nr. info city & TCS IT park, sargasan circle, sargasan, gandhinagar..",16000,15000,1000,145,2,,Yes,No,No,Banquet Hall,True,True,Agent,53,Immediately,2026-04-16T23:45:22.000Z,"Apr 17, '26",True
1kZG7UYUHldzpSvf+uAgZw==,Magicbricks,https://www.magicbricks.com/property-details/2-BHK-2000-Sq-ft-Multistorey-Apartment-FOR-Rent-PDPU-Road-in-Gandhinagar&id=4d423736343633353437,2026-04-19 13:51:41,23.1540460891807,72.6665273263145,,UTC Real Estate,raysan,,,,Apartment,Furnished,3,11,East,2000,Sq-ft,New Construction,"A higher quality of leaving, everything you need,experience of high quality leaving 2 BHK apartment is available on rent in PDPU Road Gandhinagar right away. The rent of the 2 BHK flat is ₹22,000. Located on the 3 floor, the flat comprises 2 bathrooms, 1 balcony, and has a carpet area of 1300 sqft. The property has 11 floor and is equipped with Kids play area facilities. This property offers power back up, reserved parking, security, service/goods lift, visitor parking. The flat can be visited at The Gate By Dev Aashish, Royal Street, Near Gujarat National Law University, PDPU Road, Gandhinagar.",22000,,,11,2,,No,No,No,"Banquet Hall, Bar/Lounge, Jogging and Strolling Track, Outdoor Tennis Courts",True,True,Agent,81,Immediately,2026-04-17T23:45:20.000Z,Yesterday,True
3Ctk8gZMYvJzpSvf+uAgZw==,Magicbricks,https://www.magicbricks.com/property-details/2-BHK-1728-Sq-ft-Multistorey-Apartment-FOR-Rent-Raysan-in-Gandhinagar&id=4d423832383334353037,2026-04-19 13:51:41,23.16672,72.66059,,Raysan,"Raysan,Gandhinagar",19210|GNLU Metro Station|5 minutes,,,Apartment,Unfurnished,5,11,East,1728,Sq-ft,New Construction,"Vinayak Courtyard, Raysan is a residential apartment project in Gandhinagar offering premium 2BHK and 3BHK homes with modern design and quality construction. Featuring a large 60,000sqft central courtyard, landscaped gardens, clubhouse, gym, sports facilities, and 247 security, it provides a comfortable lifestyle with excellent connectivity near PDPU University Road.",19000,19000,1000,11,2,1 Covered,Yes,No,No,Jogging and Strolling Track,True,True,Agent,80,Immediately,2026-04-18T23:45:32.000Z,Today,True
SWW0Uq2skiFzpSvf+uAgZw==,Magicbricks,https://www.magicbricks.com/property-details/2-BHK-170-Sq-ft-Multistorey-Apartment-FOR-Rent-Raysan-in-Gandhinagar&id=4d423832333635373139,2026-04-19 13:51:41,23.16672,72.66059,,Raysan,raysan,19210|GNLU Metro Station|5 minutes,,,Apartment,Semi-Furnished,,,East,170,Sq-ft,Less than 5 years,"Welcome to Shree Vinayakaa Realtors We have property available in sargasan kudasan raysan and many other places in gandhinagar Grab the chance to own this affordable 2 BHK flat for rent in the Raysan area. The 2 BHK apartment is available at a reasonable rent of ₹22,500. The property includes 1 Covered parking. This property offers power back up, reserved parking, security, intercom facility. You can visit the flat at Raysan, Gandhinagar..",22500,22500,3500,132,2,1 Covered,Yes,No,No,"Intercom Facility, Banquet Hall",False,True,Agent,100,Immediately,2026-04-18T23:45:34.000Z,Today,True
v1N758HRiZFzpSvf+uAgZw==,Magicbricks,https://www.magicbricks.com/property-details/2-BHK-1548-Sq-ft-Multistorey-Apartment-FOR-Rent-Randesan-in-Gandhinagar&id=4d423733343930343435,2026-04-19 13:51:41,23.17588,72.65443,,Randesan,"Randesan,Gandhinagar",,,,Apartment,Semi-Furnished,4,14,East,1548,Sq-ft,New Construction,"2bhk semi furnished with moduler kitchen, fan, tubelights and curtains. new construction and fresh flat. only goverment family or single employee available. 2 BHK flat is available for rent in Randesan immediately. The Rent amount of this 2 BHK apartment is set at an attractive price of ₹25,000. Some premium add-on facilities bundled with the flat are Gas Connection. Located on the 4 floor, the flat has 2 bathrooms, 1 balcony in carpet area of 1050 sqft. There is also facility of 1 Covered, 1 Open parking. This residential building features 14 floor and ensures Guest Accommodation comfort. The flat comes with power back up, reserved parking, security. The apartment is located at F.P.No.113,R.S.No.226,T.P.No.05(GUDA), Gandhinagar, Gandhinagar, Gujarat,.",25000,20000,1000,16,2,"1 Covered, 1 Open",Yes,Yes,No,Jogging and Strolling Track,True,True,Agent,80,Immediately,2026-04-18T23:45:34.000Z,Today,True
U4vi2K2SxxVzpSvf+uAgZw==,Magicbricks,https://www.magicbricks.com/property-details/2-BHK-166-Sq-yrd-Multistorey-Apartment-FOR-Rent-Randesan-in-Gandhinagar&id=4d423738363336323431,2026-04-19 13:51:41,23.17588,72.65443,,Randesan,"Sanskruti nr. Shree rang pearl, gift city road,randesan, gandhinagar-382009",,,,Apartment,Furnished,5,13,North - East,166,Sq-yrd,2010,"Randesan , near sabarmati river front and metro station , with live amenities Check out this newly constructed 2 BHK flat on rent in the prime location of Randesan Gandhinagar. This 2 BHK flat can be availed at the rental price of ₹22,500. Some added-on facilities available with the flat are 2 Wardrobe, 2 Bed, 1 TV, Fridge, Sofa, Dining Table and Gas Connection. Located on the 5 floor, the flat comprises 2 bathrooms, 1 balcony, and has a carpet area of 100 sqft. 1 Covered, 1 Open parking facility are also available. This property includes 13 floor and provides Guest Accommodation benefits. The apartment is equipped with power back up, reserved parking, security. You can visit the flat at F.P.No.113,R.S.No.226,T.P.No.05(GUDA), Gandhinagar, Gandhinagar, Gujarat,.",22500,,,15,2,"1 Covered, 1 Open",Yes,Yes,No,Jogging and Strolling Track,False,True,Agent,91,Immediately,2026-04-18T23:45:33.000Z,Today,True
pFLV3PEd2RZzpSvf+uAgZw==,Magicbricks,https://www.magicbricks.com/property-details/2-BHK-107-Sq-yrd-Multistorey-Apartment-FOR-Rent-Sargasan-in-Gandhinagar&id=4d423833373137323233,2026-04-19 13:51:41,23.1848805,72.615856,,Sargasan,Sargsan.,,,,Apartment,Furnished,3,5,North - East,107,Sq-yrd,5 to 10 years,"A beautiful 2 BHK flat is available for rent in Sargasan. The rent of the 2 BHK flat is ₹25,000. Located on the 3 floor, the flat has 2 bathrooms, 1 balcony in carpet area of 76 sqyrd. 1 Covered, 1 Open parking facility are also available. The flat comes with power back up, reserved parking, security. The full address of the apartment is Nr. info city & TCS IT park, sargasan circle, sargasan, gandhinagar..",25000,50000,1500,26,2,"1 Covered, 1 Open",Yes,No,No,Banquet Hall,False,True,Agent,98,Immediately,2026-04-17T23:45:21.000Z,Yesterday,True
IyQJTZFoVfFzpSvf+uAgZw==,Magicbricks,https://www.magicbricks.com/property-details/2-BHK-210-Sq-yrd-Multistorey-Apartment-FOR-Rent-Kudasan-in-Gandhinagar&id=4d423833353435303937,2026-04-19 13:51:41,23.1698784,72.6232479,,Kudasan,"Kudasan,Gandhinagar",,,,Apartment,Furnished,5,12,East,210,Sq-yrd,Less than 5 years,"East Facing Fully Furnished Flat With Modular Kitchen Power Back Up For Immediate Sale A beautiful 2 BHK flat is available for rent in Kudasan. The apartment is available at an affordable rental price of ₹25,000. Some added-on facilities available with the flat are 2 Wardrobe, 2 Bed, 1 TV, Fridge, Microwave, Washing Machine and Gas Connection. The apartment is on the 5 floor, has a carpet area of 137 sqyrd with 2 bathrooms and 1 balcony. The property includes 1 Covered, 1 Open parking. The apartment is equipped with power back up, reserved parking, security. Visit the flat at OPP PRATHAM BUNGLOWS NR PRAMUKH ARCADE , RELIANCE CROSS ROAD KUDASAN, Gandhinagar.",25000,50000,3000,13,2,"1 Covered, 1 Open",Yes,Yes,No,Jogging and Strolling Track,True,True,Agent,100,Immediately,2026-04-16T23:45:22.000Z,"Apr 17, '26",True
fwWIsvCPsUdzpSvf+uAgZw==,Magicbricks,https://www.magicbricks.com/property-details/2-BHK-150-Sq-yrd-Multistorey-Apartment-FOR-Rent-Kudasan-in-Gandhinagar&id=4d423832313837323735,2026-04-19 13:51:41,23.1698784,72.6232479,,Kudasan,"Gandhinagar, Gujarat",,,,Apartment,Furnished,2,8,,150,Sq-yrd,5 to 10 years,"Find 2 BHK flat for rent in Kudasan Gandhinagar. The flat is available for rent at a competitive amount of ₹25,000. The flat is on the 2 floor and includes 2 bathrooms, 1 balcony with a carpet area of 100 sqyrd. Visit the flat at Near Pramukh Arcade, Next to Suyash Elegance, Beside Umiy Gandhinagar, Gandhinagar Bypass Rd, Urjana.",25000,50000,0,19,2,,No,No,No,,False,True,Agent,58,Immediately,2026-04-18T23:45:34.000Z,Today,True
QsF4YcWSJ2JzpSvf+uAgZw==,Magicbricks,https://www.magicbricks.com/property-details/2-BHK-144-Sq-yrd-Multistorey-Apartment-FOR-Rent-Sargasan-in-Gandhinagar&id=4d423833373336323931,2026-04-19 13:51:41,23.1848805,72.615856,,Sargasan,"swagat kingsland. Sargasan, Gandhinagar",,,,Apartment,Semi-Furnished,4,14,East,144,Sq-yrd,New Construction,"You can explore this 2 BHK flat on rent in Sargasan Gandhinagar. The rent of the 2 BHK flat is ₹20,000. Here you can enjoy world class facilities like Gas Connection. Located on the 4 floor, the flat comprises 2 bathrooms, 2 balcony, and has a carpet area of 102 sqyrd. The property includes 1 Covered parking. The property has 14 floor and is equipped with Kids play area facilities. The property features power back up, reserved parking, security. This flat is located at 200 ft Road, Nr. Aashka Hospital & Reliance Circle, Sargasan, Ahmedabad - Gandhingar Twin city.",20000,20000,1200,15,2,1 Covered,Yes,Yes,No,Jogging and Strolling Track,True,True,Agent,100,Immediately,2026-04-18T23:45:34.000Z,Today,True
2QzCNlQijLRzpSvf+uAgZw==,Magicbricks,https://www.magicbricks.com/property-details/2-BHK-1125-Sq-ft-Multistorey-Apartment-FOR-Rent-Sargasan-in-Gandhinagar&id=4d423833393932313235,2026-04-19 13:51:41,23.1848805,72.615856,,Sargasan,"Sargasan,Gandhinagar",,,,Apartment,Furnished,5,5,North - East,1125,Sq-ft,10 to 15 years,"Sharan Residency is a ready to move residential development located in the prime locality of Sargasan, Gandhinagar. Developed by Shyam Buildcon, the project is approximately 10 to 17 years old and features a mix of residential apartments and commercial ground floor shops.",25000,50000,0,22,2,1 Covered,No,No,No,,False,True,Agent,100,Immediately,2026-04-16T23:45:23.000Z,"Apr 17, '26",True
bPphmX38GJ9zpSvf+uAgZw==,Magicbricks,https://www.magicbricks.com/property-details/2-BHK-1080-Sq-ft-Multistorey-Apartment-FOR-Rent-Sargasan-in-Gandhinagar&id=4d423833373938343033,2026-04-19 13:51:41,23.1848805,72.615856,,Sargasan,Sargasan,,,,Apartment,Semi-Furnished,4,5,East,1080,Sq-ft,5 to 10 years,"2bhk spacious flat, affordable rent , road corner view flat Grab the chance to own this affordable 2 BHK flat for rent in the Sargasan area. You can get this flat at monthly rent of ₹16,500. The flat is on the 4 floor and includes 2 bathrooms, 1 balcony with a carpet area of 800 sqft. 1 Covered parking facility are also available. This unit features reserved parking, security. Visit the apartment at ""Nr. Surya Circle, Sargasan, PSY Rd, Sargasan, Gandhinagar, Gujarat"".",16500,16500,0,15,2,1 Covered,Yes,Yes,No,Jogging and Strolling Track,True,True,Agent,100,Immediately,2026-04-17T23:45:21.000Z,Yesterday,True
fL7UHG9KofFzpSvf+uAgZw==,Magicbricks,https://www.magicbricks.com/property-details/2-BHK-170-Sq-yrd-Multistorey-Apartment-FOR-Rent-Kudasan-in-Gandhinagar&id=4d423733343637313439,2026-04-19 13:51:41,23.1698784,72.6232479,,Kudasan,Kudasan Gandhinagar,,,,Apartment,Unfurnished,2,5,East,170,Sq-yrd,New Construction,"Near By D mart mall.. easily access all reputed school, college and hospital. You can explore this 2 BHK flat on rent in Kudasan Gandhinagar. The rent of the 2 BHK flat is ₹18,500. Located on the 2 floor, the flat comprises 2 bathrooms, 1 balcony, and has a carpet area of 102 sqyrd. 1 Covered parking space is also available. The building has 5 floor and offers Kids play area amenities. The apartment comes furnished with power back up, reserved parking, security. You can visit the flat at R S No.144, F P No. 150, S P No. 150B, Kudasan T P 6, Guda, Sargaasan, Gandhinagar.",18500,18000,2000,12,2,1 Covered,Yes,No,No,"Internet/Wi-Fi Connectivity, Jogging and Strolling Track",False,True,Agent,100,Immediately,2026-04-04T10:02:27.000Z,"Apr 04, '26",True
Ki5NI+2NxrBzpSvf+uAgZw==,Magicbricks,https://www.magicbricks.com/property-details/2-BHK-160-Sq-yrd-Multistorey-Apartment-FOR-Rent-Sargasan-in-Gandhinagar&id=4d423832383339373631,2026-04-19 13:51:41,23.1848805,72.615856,,Sargasan,"Gandhinagar, Gujarat",,,,Apartment,Furnished,3,7,North - East,160,Sq-yrd,New Construction,"nearby SG highway Find this 2 BHK rental flat in Sargasan Gandhinagar. This 2 BHK flat can be availed at the rental price of ₹25,000. The apartment is on the 3 floor, has a carpet area of 89 sqyrd with 2 bathrooms and 2 balcony. The apartment is equipped with power back up, reserved parking, security, service/goods lift, air conditioned, ro water system. Visit the apartment at Sargasan, Gandhinagar, Gujarat .",25000,25000,0,17,2,,No,No,No,"Air Conditioned, Laundry Service, Bar/Lounge, Outdoor Tennis Courts",False,True,Agent,78,Immediately,2026-03-09T11:35:53.000Z,"Mar 09, '26",True
W08RFTobscVzpSvf+uAgZw==,Magicbricks,https://www.magicbricks.com/property-details/2-BHK-1400-Sq-ft-Multistorey-Apartment-FOR-Rent-Gandhinagar-in-Gandhinagar&id=4d423834323430393237,2026-04-19 13:51:41,23.0395677,72.5660045,,Gandhinagar,"Gandhinagar, Gujarat",,,,Apartment,Furnished,3,5,East,1400,Sq-ft,10 to 15 years,"Find 2 BHK flat for rent in Gandhinagar Gandhinagar. This 2 BHK flat can be availed at the rental price of ₹25,000. Located on the 3 floor, the flat comprises 2 bathrooms, 1 balcony, and has a carpet area of 1136 sqft. This unit is designed with security. The apartment is located at Near City Pulse, Gandhinagar Ahmedabad Road Kudasan, Gandhinagar, Gujarat.",25000,50000,0,18,2,,No,No,No,,True,True,Agent,73,Immediately,2026-04-15T08:39:38.000Z,"Apr 15, '26",True
DxJ6EZwQzTJzpSvf+uAgZw==,Magicbricks,https://www.magicbricks.com/property-details/2-BHK-145-Sq-ft-Multistorey-Apartment-FOR-Rent-Kudasan-in-Gandhinagar&id=4d423833393934373531,2026-04-19 13:51:41,23.1698784,72.6232479,,Kudasan,"Kudasan,Gandhinagar",,,,Apartment,Furnished,1,7,North - East,145,Sq-ft,5 to 10 years,"Swimming Pool A standard pool area for residents, including a separate recreational pool.Gymnasium A fully equipped fitness center.Outdoor Sports Features outdoor tennis courts, a cycling and jogging track, and a multipurpose court.Indoor Games A dedicated room for indoor activities and games.Parks Gardens Includes landscaped gardens and a specific flower garden.",25000,50000,0,172,2,1 Covered,Yes,No,No,Jogging and Strolling Track,True,True,Agent,100,Immediately,2026-04-03T08:49:22.000Z,"Apr 03, '26",True
fAAOMe+hdwBzpSvf+uAgZw==,Magicbricks,https://www.magicbricks.com/property-details/2-BHK-176-Sq-ft-Multistorey-Apartment-FOR-Rent-Sargasan-in-Gandhinagar&id=4d423830343536353433,2026-04-19 13:51:41,23.1848805,72.615856,,Sargasan,"Block No.1661,F.P.no 25, Gandhinagar, Gandhinagar, Gujarat",,,,Apartment,Semi-Furnished,12,13,,176,Sq-ft,2023,"You can avail the 2 BHK flat for rent in the well-known location of Sargasan. ₹25,000 is the monthly rent of this 2 BHK flat. 1 Wardrobe are some of the additional amenities available with the apartment. The apartment is on the 12 floor, has a carpet area of 945 sqft with 3 bathrooms and 1 balcony. This property includes 13 floor and provides Kids play area benefits. The flat comes with power back up, reserved parking, security. Find this apartment at Block No.166/1,F.P.no 25, Gandhinagar, Gandhinagar, Gujarat.",25000,,,142,3,,Yes,No,No,Jogging and Strolling Track,False,True,Agent,77,Immediately,2026-03-15T08:53:22.000Z,"Mar 15, '26",True
zMAj0Fj/SOVzpSvf+uAgZw==,Magicbricks,https://www.magicbricks.com/property-details/2-BHK-135-Sq-yrd-Multistorey-Apartment-FOR-Rent-Kudasan-in-Gandhinagar&id=4d423832363735373337,2026-04-19 13:51:41,23.1698784,72.6232479,,Kudasan,"Near Pramukh Arcade, Next to Suyash Elegance, Beside Umiy Gandhinagar, Gandhinagar Bypass Rd, Urjana",,,,Apartment,Semi-Furnished,3,5,North,135,Sq-yrd,5 to 10 years,"Furnished property located at Kudasan. Prime location, Available only rental for Family. Best Residential Scheme in this Area for peaceful living and environment. If you are planning to rent a flat, you can consider this 2 BHK flat situated in the prime location of Kudasan. The apartment is available at an affordable rental price of ₹20,000. Some premium add-on facilities bundled with the flat are 1 Wardrobe, 1 Bed, Fridge, 1 AC, Sofa, Washing Machine and Gas Connection. Located on the 3 floor, the flat comprises 2 bathrooms, 2 balcony, and has a carpet area of 118 sqyrd. There is also facility of 1 Covered parking. This unit is designed with power back up, reserved parking, security. This flat is located at Near Pramukh Arcade, Next to Suyash Elegance, Beside Umiy Gandhinagar, Gandhinagar Bypass Rd, Urjana.",20000,40000,1500,16,2,1 Covered,No,No,No,,False,True,Agent,100,Immediately,2026-03-09T07:58:55.000Z,"Mar 09, '26",True
ADoDxI50z8lzpSvf+uAgZw==,Magicbricks,https://www.magicbricks.com/property-details/2-BHK-130-Sq-yrd-Multistorey-Apartment-FOR-Rent-Sargasan-in-Gandhinagar&id=4d423830323335393033,2026-04-19 13:51:41,23.1848805,72.615856,,Sargasan,sargasan,,,,Apartment,Furnished,2,5,East,130,Sq-yrd,5 to 10 years,"prime location property and bachelors are allowed and fully furnished flat A beautiful 2 BHK flat is available for rent in Sargasan. This 2 BHK flat is available at the reasonable rent amount of ₹25,000. Located on the 2 floor, the flat has 2 bathrooms, 2 balcony in carpet area of 100 sqyrd. There is also facility of 1 Covered parking. The apartment is equipped with power back up, reserved parking, security, visitor parking. The address is Nr. info city & TCS IT park, sargasan circle, sargasan, gandhinagar..",25000,50000,0,21,2,1 Covered,Yes,No,No,Visitor Parking,True,True,Agent,80,Immediately,2026-03-28T09:04:18.000Z,"Mar 28, '26",True
P7cm+SbY1k9zpSvf+uAgZw==,Magicbricks,https://www.magicbricks.com/property-details/2-BHK-1395-Sq-ft-Multistorey-Apartment-FOR-Rent-Vavol-in-Gandhinagar&id=4d423739323434383731,2026-04-19 13:51:41,23.2248961,72.619552,,Vavol,"Near Divya Green Party Plot,New Vavol",,,,Apartment,Unfurnished,4,7,East,1395,Sq-ft,New Construction,"Best Location And LocalityBest Property Check out this newly constructed 2 BHK flat on rent in the prime location of Vavol Gandhinagar. The rent of the 2 BHK flat is ₹19,500. The flat is located on the 4 floor which includes 2 bathrooms, 1 balcony, and covers a covered area of 1395 sqft. The property has 7 floor and is equipped with Kids play area facilities. The apartment is equipped with power back up, reserved parking, security, service/goods lift, intercom facility, ro water system. Visit the flat at Nr. Guda Water Tank, Opp Panjury Palace, Vavol-Uvarsad Road, New Vavol, Gandhinagar. Gujrat.",19500,19500,,14,2,,Yes,No,No,"Service/Goods Lift, Laundry Service, Internet/Wi-Fi Connectivity, RO Water System",False,True,Agent,92,Immediately,2026-02-19T14:58:58.000Z,"Feb 19, '26",True
GUc7TRT3huxzpSvf+uAgZw==,Magicbricks,https://www.magicbricks.com/property-details/2-BHK-178-Sq-yrd-Multistorey-Apartment-FOR-Rent-Randesan-in-Gandhinagar&id=4d423834313135343437,2026-04-19 13:51:41,23.17588,72.65443,,Randesan,"Gandhinagar, Gujarat",,,,Apartment,Semi-Furnished,4,7,East,178,Sq-yrd,New Construction,"good location and good locality If you are planning to rent a flat, you can consider this 2 BHK flat situated in the prime location of Randesan. The multistorey apartment is available at rent of ₹16,000. Located on the 4 floor, the flat comprises 2 bathrooms, 2 balcony, and has a carpet area of 165 sqyrd. The building comprises 7 floor and includes Early Learning Centre, Guest Accommodation, Kids Club features. The residence includes power back up, reserved parking, security, service/goods lift. The full address of the apartment is Near Royal Villa, Haridarshan Cross Road, Nikol, Ahmedabad. .",16000,32000,1000,10,2,,Yes,No,No,"Service/Goods Lift, Banquet Hall, Jogging and Strolling Track, Outdoor Tennis Courts",True,True,Agent,78,Immediately,2026-04-07T06:51:18.000Z,"Apr 07, '26",True
cu+34pC8rrtzpSvf+uAgZw==,Magicbricks,https://www.magicbricks.com/property-details/2-BHK-107-Sq-ft-Multistorey-Apartment-FOR-Rent-Sargasan-in-Gandhinagar&id=4d423732363739323339,2026-04-19 13:51:41,23.1848805,72.615856,,Sargasan,201.,,,,Apartment,Unfurnished,1,5,North - East,107,Sq-ft,Less than 5 years,"this property is fully furnished laxurish flat on rent in near by tcs and nift gift city all aminitys in this skim gym swimming pool You can explore this 2 BHK flat on rent in Sargasan Gandhinagar. The 2 BHK apartment is available at a reasonable rent of ₹25,000. The flat is located on the 1 floor which includes 2 bathrooms, 1 balcony, and covers a covered area of 107 sqft. This property offers power back up, reserved parking, security, service/goods lift, air conditioned, intercom facility, ro water system. Find this apartment at Nr. info city & TCS IT park, sargasan circle, sargasan, gandhinagar..",25000,50000,0,234,2,,No,No,No,"Air Conditioned, Banquet Hall, Bar/Lounge, Jogging and Strolling Track",False,True,Agent,85,Immediately,2026-04-08T06:42:43.000Z,"Apr 08, '26",True
F1jOO/5VbRFzpSvf+uAgZw==,Magicbricks,https://www.magicbricks.com/property-details/3-BHK-1700-Sq-ft-Multistorey-Apartment-FOR-Rent-Sargasan-in-Gandhinagar&id=4d423632343834353633,2026-04-19 13:51:41,23.1848805,72.615856,,Sargasan,"C-403, Sanundary444, on Sargasan cross-road, Gandhinagar 382006",,382006,,Apartment,Semi-Furnished,4,5,North - East,1700,Sq-ft,5 to 10 years,"3 BHK flat is available for rent in Sargasan immediately. The rent of the 3 BHK flat is ₹21,000. Some attractive additional facilities available with the flat are 2 Bed. The flat is on the 4 floor and includes 3 bathrooms, 5 balcony with a carpet area of 1750 sqft. 3 Covered, 2 Open parking facility are also available. This unit is designed with power back up, reserved parking, security. The full address of the apartment is C-403, Sanundary444, on Sargasan cross-road, Gandhinagar 382006, Sargasan, Gandhinagar, Gujarat. Do not pay any brokerage fee for this 3 BHK rental flat since the property ad is posted by the flat owner.",21000,21000,1300,12,3,"3 Covered, 2 Open",Yes,Yes,No,Jogging and Strolling Track,False,False,Owner,100,Immediately,2026-04-09T21:30:39.000Z,"Apr 10, '26",True
/Q/fKM0iwVNzpSvf+uAgZw==,Magicbricks,https://www.magicbricks.com/property-details/3-BHK-200-Sq-yrd-Multistorey-Apartment-FOR-Rent-Raysan-in-Gandhinagar&id=4d423833353131323235,2026-04-19 13:51:41,23.16672,72.66059,,Raysan,"Gandhinagar, Gujarat",19210|GNLU Metro Station|5 minutes,,,Apartment,Semi-Furnished,8,14,,200,Sq-yrd,,"If you are planning to rent a flat, you can consider this 3 BHK flat situated in the prime location of Raysan. This 3 BHK flat can be availed at the rental price of ₹20,000. The property encompasses 14 floor and provides Kids play area amenities. Visit the flat at Nr BAPS School, B/H IOC Petrol Pump, Raysan Rd, Raysan, Gujarat . This 3 BHK apartment ad is listed by the owner, so there is no brokerage fee.",20000,,,11,3,,No,No,No,,False,False,Owner,0,Immediately,2026-04-12T22:30:30.000Z,"Apr 13, '26",True
RTjxclxBqKdzpSvf+uAgZw==,Magicbricks,https://www.magicbricks.com/property-details/3-BHK-1755-Sq-ft-Multistorey-Apartment-FOR-Rent-Sargasan-in-Gandhinagar&id=4d423830363033333533,2026-04-19 13:51:41,23.1848805,72.615856,,Sargasan,"Gandhinagar, Gujarat",,,,Apartment,Semi-Furnished,5,15,,1755,Sq-ft,,"3 BHK flat is available for rent in Sargasan immediately. This 3 BHK flat can be availed at the rental price of ₹22,000. The flat can be visited at Sargasan, Gandhinagar, Gujarat. Do not pay any brokerage fee for this 3 BHK rental flat since the property ad is posted by the flat owner.",22000,,,13,3,,No,No,No,,False,False,Owner,28,Immediately,2026-04-09T16:59:08.000Z,"Apr 09, '26",True
Cv2oQKPFewhzpSvf+uAgZw==,Magicbricks,https://www.magicbricks.com/property-details/3-BHK-216-Sq-yrd-Multistorey-Apartment-FOR-Rent-Vavol-in-Gandhinagar&id=4d423833383431373339,2026-04-19 13:51:41,23.2248961,72.619552,,Vavol,"Gandhinagar, Gujarat",,,,Apartment,Semi-Furnished,6,14,East,216,Sq-yrd,New Construction,"A beautiful 3 BHK flat is available for rent in Vavol. ₹20,000 is the monthly rent of this 3 BHK flat. The flat is located on the 6 floor which includes 3 bathrooms, 4 balcony, and covers a carpet area of 130 sqyrd. The flat comes with reserved parking, security, service/goods lift, intercom facility. Visit the flat at Vavol, Gandhinagar, Gujarat. This 3 BHK rental flat comes with no brokerage fees.",20000,40000,,10,3,,Yes,No,No,"Service/Goods Lift, Intercom Facility, Banquet Hall",False,False,Owner,49,Immediately,2026-03-18T14:15:28.000Z,"Mar 18, '26",True
BJllXhvlAklzpSvf+uAgZw==,Magicbricks,https://www.magicbricks.com/property-details/3-BHK-1900-Sq-ft-Multistorey-Apartment-FOR-Rent-Sargasan-in-Gandhinagar&id=4d423834313031393835,2026-04-19 13:51:41,23.1848805,72.615856,,Sargasan,Sargasan gandhinagar,,,,Apartment,Unfurnished,7,8,East,1900,Sq-ft,New Construction,"Samved Green Valley is a residential development designed for comfortable and modern living. It offers wellplanned homes surrounded by greenery, promoting a peaceful lifestyle. The project includes essential amenities, good connectivity, and a secure environment. It is ideal for families seeking a balance between nature, convenience, and everyday urban needs.",24000,24000,1500,13,3,1 Covered,No,No,No,,True,True,Agent,78,Immediately,2026-04-17T23:45:20.000Z,Yesterday,True
7SIAtJLhGilzpSvf+uAgZw==,Magicbricks,https://www.magicbricks.com/property-details/3-BHK-1235-Sq-ft-Multistorey-Apartment-FOR-Rent-Kudasan-in-Gandhinagar&id=4d423832353438343031,2026-04-19 13:51:41,23.1698784,72.6232479,,Kudasan,"Opp. Radhe 111, Prominent Hotel Rd, Urjanagar 1, BS, Kudasan, Gujarat",,,,Apartment,Furnished,4,9,East,1235,Sq-ft,New Construction,"3BHK Full Furnished Flat with great locality with the near shopping market where all can have to access to basic needs for everyday. You can avail the 3 BHK flat for rent in the well-known location of Kudasan. Available at a rental price of ₹23,000, this 3 BHK flat is worth considering. Here you can enjoy world class facilities like 4 Wardrobe, 3 Bed, 1 TV, Fridge, Microwave, 2 AC, Sofa, Washing Machine, Dining Table and Gas Connection. Located on the 4 floor, the flat has 3 bathrooms, 2 balcony in carpet area of 2139 sqft. There is also facility of 2 Covered, 1 Open parking. This unit is designed with power back up, reserved parking, security. This flat is located at Opp. Radhe 111, Prominent Hotel Rd, Urjanagar 1, B/S, Kudasan, Gujarat .",23000,20000,300,19,3,"2 Covered, 1 Open",Yes,No,No,Jogging and Strolling Track,True,True,Agent,80,Immediately,2026-04-16T23:45:21.000Z,"Apr 17, '26",True
EKZjHGu/e6NzpSvf+uAgZw==,Magicbricks,https://www.magicbricks.com/property-details/3-BHK-258-Sq-yrd-Multistorey-Apartment-FOR-Rent-Raysan-in-Gandhinagar&id=4d423732383437343733,2026-04-19 13:51:41,23.16672,72.66059,,Raysan,"Raysan, Ahmedabad, Gujarat",19210|GNLU Metro Station|5 minutes,,,Apartment,Unfurnished,3,12,East,258,Sq-yrd,New Construction,"Find 3 BHK flat for rent in Raysan Gandhinagar. The apartment is available at an affordable rental price of ₹23,000. The flat is located on the 3 floor which includes 3 bathrooms, 1 balcony, and covers a carpet area of 154 sqyrd. The property includes 1 Covered parking. This home provides power back up, reserved parking, security. Visit the flat at Raysan, Ahmedabad, Gujarat, Raysan, Gandhinagar, Gujarat.",23000,23000,2000,10,3,1 Covered,Yes,Yes,No,Jogging and Strolling Track,False,True,Agent,100,Immediately,2026-03-06T13:42:17.000Z,"Mar 06, '26",True
Ussa0mAeJZxzpSvf+uAgZw==,Magicbricks,https://www.magicbricks.com/property-details/3-BHK-1700-Sq-ft-Multistorey-Apartment-FOR-Rent-Sargasan-in-Gandhinagar&id=4d423834303334353433,2026-04-19 13:51:41,23.1848805,72.615856,,Sargasan,"Gandhinagar, Gujarat",,,,Apartment,Semi-Furnished,4,8,,1700,Sq-ft,5 to 10 years,"3 bhk semi furnish flat available on rent in sargasan gandhinagar, 5 min distance from tcs and infocity. Find this 3 BHK rental flat in Sargasan Gandhinagar. ₹22,000 is the monthly rent of this 3 BHK flat. The residents of the flat have access to additional facilities such as 2 Wardrobe, 2 Bed, Fridge, 1 AC, Sofa, Washing Machine, Dining Table and Gas Connection. Located on the 4 floor, the flat comprises 3 bathrooms, 3 balcony, and has a covered area of 1700 sqft. This unit features power back up, security. Visit the flat at Sargasan, Gandhinagar, Gujarat.",22000,22000,,13,3,,No,No,No,,False,True,Agent,81,Immediately,2026-04-16T23:45:22.000Z,"Apr 17, '26",True
y+s5AJzhxL1zpSvf+uAgZw==,Magicbricks,https://www.magicbricks.com/property-details/3-BHK-2025-Sq-ft-Multistorey-Apartment-FOR-Rent-Gandhinagar-in-Gandhinagar&id=4d423739343730363335,2026-04-19 13:51:41,23.0395677,72.5660045,,Gandhinagar,"Gandhinagar,Gandhinagar",,,,Apartment,Furnished,5,5,East,2025,Sq-ft,5 to 10 years,"This property is located at randesan main road touch. newly painted and very well maintained. It is very near by metro station. Find this 3 BHK rental flat in Gandhinagar Gandhinagar. The rent of the 3 BHK flat is ₹22,000. Some attractive additional facilities available with the flat are 2 Wardrobe, 3 Bed, Fridge, 2 AC, Sofa, Washing Machine, Dining Table and Gas Connection. The flat is on the 5 floor and includes 3 bathrooms, 2 balcony with a carpet area of 1500 sqft. There is also facility of 1 Covered parking. The property features reserved parking, security.",22000,44000,0,11,3,1 Covered,No,No,No,,False,True,Agent,100,Immediately,2026-04-16T23:45:20.000Z,"Apr 17, '26",True
QIIjgBN4ZIxzpSvf+uAgZw==,Magicbricks,https://www.magicbricks.com/property-details/3-BHK-225-Sq-yrd-Multistorey-Apartment-FOR-Rent-Raysan-in-Gandhinagar&id=4d423634303838393231,2026-04-19 13:51:41,23.16672,72.66059,,Raysan,"Raysan, Ahmedabad, Gujarat",19210|GNLU Metro Station|5 minutes,,,Apartment,Unfurnished,5,8,East,225,Sq-yrd,Less than 5 years,"Grab the chance to own this affordable 3 BHK flat for rent in the Raysan area. The apartment is available at an affordable rental price of ₹23,000. The flat is located on the 5 floor which includes 3 bathrooms, 2 balcony, and covers a carpet area of 135 sqyrd. You will also find 1 Covered, 1 Open parking facility. The residence includes reserved parking, security. The full address of the apartment is Raysan, Ahmedabad, Gujarat.",23000,23000,0,11,3,"1 Covered, 1 Open",No,No,No,,False,True,Agent,100,Immediately,2026-04-16T23:45:20.000Z,"Apr 17, '26",True
rX9WZt3nR4dzpSvf+uAgZw==,Magicbricks,https://www.magicbricks.com/property-details/3-BHK-225-Sq-yrd-Multistorey-Apartment-FOR-Rent-Gandhinagar-in-Gandhinagar&id=4d423831343038383735,2026-04-19 13:51:41,23.0395677,72.5660045,,Gandhinagar,"Gandhinagar,Gandhinagar",,,,Apartment,Furnished,4,5,East,225,Sq-yrd,5 to 10 years,"3bhk semifurnished flat with great locality with near shopping market where all can have to access to basic needs for everyday 3 BHK apartment is available on rent in Gandhinagar Gandhinagar right away. The rent of the 3 BHK flat is ₹20,999. 3 Wardrobe, 3 Bed, 1 AC, Dining Table and Gas Connection are some of the additional amenities available with the apartment. The flat is on the 4 floor and includes 3 bathrooms, 1 balcony with a carpet area of 130 sqyrd. 1 Covered parking facility are also available. The apartment is equipped with power back up, reserved parking, security.",20999,40000,2000,10,3,1 Covered,No,No,No,,True,True,Agent,98,Immediately,2026-04-18T23:45:31.000Z,Today,True
2GFVUpj7GPlzpSvf+uAgZw==,Magicbricks,https://www.magicbricks.com/property-details/3-BHK-208-Sq-yrd-Multistorey-Apartment-FOR-Rent-Sargasan-in-Gandhinagar&id=4d423732393938353533,2026-04-19 13:51:41,23.1848805,72.615856,,Sargasan,sargasan,,,,Apartment,Unfurnished,5,8,North - East,208,Sq-yrd,Less than 5 years,"this property is located in well developed area. this property is near by tcs. 3 BHK apartment is available on rent in Sargasan Gandhinagar right away. The multistorey apartment is available at rent of ₹25,000. The apartment is on the 5 floor, has a carpet area of 128 sqyrd with 3 bathrooms and 2 balcony. This property offers power back up, reserved parking, security. The flat can be visited at sargasan, Sargasan, Gandhinagar, Gujarat.",25000,50000,2000,13,3,,No,No,No,,True,True,Agent,85,Immediately,2026-04-18T23:45:32.000Z,Today,True
abgda9jAXBVzpSvf+uAgZw==,Magicbricks,https://www.magicbricks.com/property-details/3-BHK-264-Sq-ft-Multistorey-Apartment-FOR-Rent-Kudasan-in-Gandhinagar&id=4d423732353536343935,2026-04-19 13:51:41,23.1698784,72.6232479,,Kudasan,kudasan,,,,Apartment,Unfurnished,5,11,East,264,Sq-ft,New Construction,"If you are searching a 3 BHK apartment for rent in Kudasan, check out this amazing rental flat. The Rent amount of this 3 BHK apartment is set at an attractive price of ₹25,000. The flat is on the 5 floor and includes 3 bathrooms, 1 balcony with a covered area of 264 sqft. The flat comes with reserved parking, security. This flat is located at RADHE INFINITY RAKSHASHAKTI CIRCLE, Gandhinagar, Gandhinagar, Gujarat.",25000,25000,2500,95,3,,Yes,No,No,Laundry Service,True,True,Agent,50,Immediately,2026-04-16T23:45:22.000Z,"Apr 17, '26",True
c+R+IOxIddJzpSvf+uAgZw==,Magicbricks,https://www.magicbricks.com/property-details/3-BHK-220-Sq-yrd-Multistorey-Apartment-FOR-Rent-Randesan-in-Gandhinagar&id=4d423833343637383733,2026-04-19 13:51:41,23.17588,72.65443,,Randesan,"Randesan,Gandhinagar",,,,Apartment,Unfurnished,5,7,East,220,Sq-yrd,New Construction,"offering premium 2 BHK and 3 BHK apartments. It blends modern design with comfortable living, green surroundings, and essential amenities, making it ideal for families seeking quality homes near schools and urban conveniences.",22000,22000,2000,11,3,1 Covered,No,No,No,,True,True,Agent,80,Immediately,2026-04-16T23:45:20.000Z,"Apr 17, '26",True
2AF03uoblrpzpSvf+uAgZw==,Magicbricks,https://www.magicbricks.com/property-details/3-BHK-193-Sq-yrd-Multistorey-Apartment-FOR-Rent-Randesan-in-Gandhinagar&id=4d423833303431303331,2026-04-19 13:51:41,23.17588,72.65443,,Randesan,901.,,,,Apartment,Semi-Furnished,9,13,East,193,Sq-yrd,New Construction,"Kudasan is wellconnected to other parts of city by road, which passes through the heart of this suburb. Prominent shopping malls, movie theatres, school, and hospitals are present in proximity of this residential project.",23000,46000,0,13,3,1 Covered,No,No,No,,False,True,Agent,100,Immediately,2026-04-18T23:45:33.000Z,Today,True
s/o9ls7DDstzpSvf+uAgZw==,Magicbricks,https://www.magicbricks.com/property-details/3-BHK-1908-Sq-ft-Multistorey-Apartment-FOR-Rent-Raysan-in-Gandhinagar&id=4d423833383139353433,2026-04-19 13:51:41,23.16672,72.66059,,Raysan,"Raysan,Gandhinagar",19210|GNLU Metro Station|5 minutes,,,Apartment,Semi-Furnished,10,13,East,1908,Sq-ft,New Construction,"Available On Rent 3bhk Flat In Raysan Pdpu Road Semi Furnished Flat only Family Members Allowed New Project Find 3 BHK flat for rent in Raysan Gandhinagar. You can get this flat at monthly rent of ₹25,000. Live in this lovely flat and get access to various useful facilities such as Gas Connection. The apartment is on the 10 floor, has a carpet area of 1107 sqft with 3 bathrooms and 2 balcony. The property includes 1 Covered, 1 Open parking. This property features 13 floor and offers a range of Kids play area facilities. This flat is fitted with power back up, reserved parking, security. Find this apartment at Near Shree Rang Upvan Bunglows, PDPU Road, Raysan, Gandhinagar Gujarat.",25000,25000,2000,13,3,"1 Covered, 1 Open",No,No,No,,True,True,Agent,100,Immediately,2026-04-18T23:45:34.000Z,Today,True
FWz8vc/96tJzpSvf+uAgZw==,Magicbricks,https://www.magicbricks.com/property-details/3-BHK-210-Sq-yrd-Multistorey-Apartment-FOR-Rent-Raysan-in-Gandhinagar&id=4d423832333634363635,2026-04-19 13:51:41,23.16672,72.66059,,Raysan,"Gandhinagar, Gujarat",19210|GNLU Metro Station|5 minutes,,,Apartment,Semi-Furnished,10,12,,210,Sq-yrd,New Construction,"You can avail the 3 BHK flat for rent in the well-known location of Raysan. ₹25,000 is the monthly rent of this 3 BHK flat. The flat is located on the 10 floor which includes 3 bathrooms, 1 balcony, and covers a carpet area of 127 sqyrd. This property features 12 floor and offers a range of Kids play area facilities. The apartment is located at Near Shree Rang Upvan Bunglows, PDPU Road, Raysan, Gandhinagar Gujarat.",25000,25000,0,13,3,,No,No,No,,True,True,Agent,38,Immediately,2026-04-18T23:45:34.000Z,Today,True
4pgS7/MUkKBzpSvf+uAgZw==,Magicbricks,https://www.magicbricks.com/property-details/3-BHK-267-Sq-yrd-Multistorey-Apartment-FOR-Rent-Raysan-in-Gandhinagar&id=4d423737393833393939,2026-04-19 13:51:41,23.16672,72.66059,,Raysan,"Raysan, Ahmedabad, Gujarat",19210|GNLU Metro Station|5 minutes,,,Apartment,Unfurnished,4,13,East,267,Sq-yrd,New Construction,"Welcome to Shree Vinayakaa Realtors Grab the chance to own this affordable 3 BHK flat for rent in the Raysan area. You can get this flat at monthly rent of ₹25,000. The apartment is on the 4 floor, has a carpet area of 222 sqyrd with 3 bathrooms and 3 balcony. There is also facility of 1 Covered, 1 Open parking. The apartment is equipped with power back up, reserved parking, security. You can visit the flat at Raysan, Ahmedabad, Gujarat.",25000,25000,2000,10,3,"1 Covered, 1 Open",No,No,No,,False,True,Agent,100,Immediately,2026-04-18T23:45:34.000Z,Today,True
Bkyn7H9g93dzpSvf+uAgZw==,Magicbricks,https://www.magicbricks.com/property-details/3-BHK-1809-Sq-ft-Multistorey-Apartment-FOR-Rent-Sargasan-in-Gandhinagar&id=4d423636383932393039,2026-04-19 13:51:41,23.1848805,72.615856,,Sargasan,"Sargasan,Gandhinagar",,,,Apartment,Semi-Furnished,5,14,East,1809,Sq-ft,New Construction,"3bhk semi urnished flat, new construction and live location. If you are planning to rent a flat, you can consider this 3 BHK flat situated in the prime location of Sargasan. The multistorey apartment is available at rent of ₹25,000. Gas Connection are some of the additional amenities available with the apartment. Located on the 5 floor, the flat comprises 2 bathrooms, 1 balcony, and has a carpet area of 1150 sqft. There is also facility of 1 Covered, 1 Open parking. The property features power back up, reserved parking, security. Visit the apartment at Nr. Swagat Afford & TCS IT Park, Sargasan Circle, S. G. Highway, Ahmedabad - Gandhinagar Twin City.",25000,23000,1000,14,2,"1 Covered, 1 Open",Yes,No,No,Jogging and Strolling Track,True,True,Agent,80,Immediately,2026-04-18T23:45:34.000Z,Today,True
WPJOJpg9zllzpSvf+uAgZw==,Magicbricks,https://www.magicbricks.com/property-details/3-BHK-4499-Sq-ft-Multistorey-Apartment-FOR-Rent-in-Gandhinagar&id=4d423834303832383239,2026-04-19 13:51:41,,,,Golden Real Estate,"Gandhinagar, Gujarat",,,,Apartment,Unfurnished,10,13,East,4499,Sq-ft,New Construction,"nice flat You can avail the 3 BHK flat for rent in the well-known location of radesan. This 3 BHK flat can be availed at the rental price of ₹20,000. The apartment is on the 10 floor, has a carpet area of 301 sqft with 3 bathrooms and 3 balcony. The property features power back up, security.",20000,40000,0,4,3,,Yes,No,No,"Laundry Service, Internet/Wi-Fi Connectivity",True,True,Agent,78,Immediately,2026-04-16T23:45:23.000Z,"Apr 17, '26",True
6w0chMvhogBzpSvf+uAgZw==,Magicbricks,https://www.magicbricks.com/property-details/3-BHK-1854-Sq-ft-Multistorey-Apartment-FOR-Rent-Sargasan-in-Gandhinagar&id=4d423834303535393033,2026-04-19 13:51:41,23.1848805,72.615856,,Sargasan,Sargasan,,,,Apartment,Semi-Furnished,,,East,1854,Sq-ft,Less than 5 years,"3 bhk spacious flat in small Society, well maintained flat with best connectivity A beautiful 3 BHK flat is available for rent in Sargasan. This 3 BHK flat is available at the reasonable rent amount of ₹23,000. 1 Covered parking space is also available. This unit features power back up, reserved parking, security. Visit the apartment at Pramukh Bliss, Pramukh Horizon, Beside, Sargasan, Gandhinagar, Gujarat .",23000,23000,0,12,2,1 Covered,No,No,No,"Conference Room, Jogging and Strolling Track, Outdoor Tennis Courts",True,True,Agent,80,Immediately,2026-04-17T23:45:21.000Z,Yesterday,True
9DUwM329r4lzpSvf+uAgZw==,Magicbricks,https://www.magicbricks.com/property-details/3-BHK-937-Sq-ft-Multistorey-Apartment-FOR-Rent-Sargasan-in-Gandhinagar&id=4d423833393731323133,2026-04-19 13:51:41,23.1848805,72.615856,,Sargasan,"pramukh pacific, Sargasan, Gandhinagar",,,,Apartment,Semi-Furnished,4,7,North - East,937,Sq-ft,Less than 5 years,"Check out this newly constructed 3 BHK flat on rent in the prime location of Sargasan Gandhinagar. The Rent amount of this 3 BHK apartment is set at an attractive price of ₹21,000. The flat comes with some add-on facilities such as Gas Connection. The flat is on the 4 floor and includes 3 bathrooms, 4 balcony with a carpet area of 830 sqft. You will also find 1 Covered parking facility. This unit features power back up, reserved parking, security. Find this apartment at Sargasan, Gandhinagar..",21000,21000,500,22,3,1 Covered,No,No,No,,True,True,Agent,80,Immediately,2026-04-17T23:45:21.000Z,Yesterday,True
vUDVrOltaZRzpSvf+uAgZw==,Magicbricks,https://www.magicbricks.com/property-details/3-BHK-1683-Sq-ft-Multistorey-Apartment-FOR-Rent-in-Gandhinagar&id=4d423733343030303231,2026-04-19 13:51:41,,,,Dream Home Property Consultancy ,"Parijat Sky, Sargasan, Gandhinagar",,,,Apartment,Unfurnished,9,12,East,1683,Sq-ft,Less than 5 years,"this is 2 bhk semi furnished flat availa ble on reting Check out this newly constructed 3 BHK flat on rent in the prime location of Parijat Sky Sargasan Gandhinagar. This 3 BHK flat can be availed at the rental price of ₹22,000. Located on the 9 floor, the flat has 3 bathrooms, 1 balcony in carpet area of 976 sqft. 1 Covered parking space is also available. This unit is designed with power back up, reserved parking, security, service/goods lift, visitor parking, intercom facility.",22000,20000,0,13,3,1 Covered,Yes,No,No,"Service/Goods Lift, Visitor Parking, Internet/Wi-Fi Connectivity, Banquet Hall",False,True,Agent,100,Immediately,2026-04-12T03:49:02.000Z,"Apr 12, '26",True
kC5I/l6EOj9zpSvf+uAgZw==,Magicbricks,https://www.magicbricks.com/property-details/3-BHK-1845-Sq-ft-Multistorey-Apartment-FOR-Rent-Zundal-in-Gandhinagar&id=4d423833353339313135,2026-04-19 13:51:41,23.139555,72.584531,,Kedar Properties,Signor Skyline,,,,Apartment,Unfurnished,10,14,East,1845,Sq-ft,New Construction,"Find 3 BHK flat for rent in Zundal Gandhinagar. You can get this flat at monthly rent of ₹18,000. Located on the 10 floor, the flat has 3 bathrooms, 1 balcony in covered area of 1845 sqft. This building features 14 floor and provides Kids play area facilities. This property offers power back up, reserved parking, security. Find this apartment at vivan infinity, near by Kadamb greens, opp. CBD mall, b/h, Zundal, Gujarat .",18000,36000,,10,3,,Yes,No,No,Internet/Wi-Fi Connectivity,True,True,Agent,72,Immediately,2026-02-27T10:42:39.000Z,"Feb 27, '26",True
YPVU91tc+V1zpSvf+uAgZw==,Magicbricks,https://www.magicbricks.com/property-details/3-BHK-1980-Sq-ft-Multistorey-Apartment-FOR-Rent-Adalaj-in-Gandhinagar&id=4d423833353130373137,2026-04-19 13:51:41,23.164356,72.581158,,Adalaj,"Swarnim Shushrti,Adalaj",,382421,,Apartment,Unfurnished,2,13,East,1980,Sq-ft,New Construction,"Ahmedabad And Gandhinagar Center Location of this Society and New Consturtion appartments If you are planning to rent a flat, you can consider this 3 BHK flat situated in the prime location of Adalaj. ₹21,000 is the monthly rent of this 3 BHK flat. The flat is located on the 2 floor which includes 3 bathrooms, 1 balcony, and covers a carpet area of 1250 sqft. There is also facility of 1 Covered parking. This property features 13 floor and offers a range of Kids play area facilities. The residence includes power back up, reserved parking, security. The apartment is located at SWARNIM SHRUSHTI, NR. SHREE RAMCHANDRA MISSION,, Gandhinagar, Gandhinagar, GUJARAT, 382421.",21000,42000,0,11,3,1 Covered,Yes,Yes,No,Jogging and Strolling Track,True,True,Agent,100,Immediately,2026-02-22T12:51:52.000Z,"Feb 22, '26",True
QgDimjSeOOlzpSvf+uAgZw==,Magicbricks,https://www.magicbricks.com/property-details/3-BHK-216-Sq-ft-Multistorey-Apartment-FOR-Rent-Kudasan-in-Gandhinagar&id=4d423739373939383733,2026-04-19 13:51:41,23.1698784,72.6232479,,Kudasan,"Gandhinagar, Gujarat",,,,Apartment,Unfurnished,9,13,North,216,Sq-ft,New Construction,"If you are searching a 3 BHK apartment for rent in Kudasan, check out this amazing rental flat. The 3 BHK apartment is available at a reasonable rent of ₹25,000. Located on the 9 floor, the flat has 3 bathrooms, 2 balcony in covered area of 216 sqft. This unit features power back up, reserved parking, security, service/goods lift, visitor parking. This flat is located at Block No.216/1,T.P. No.4, F.P. No.37/1, Sub Plot No.1, B/h. Balmukund Heights, Swaminarayan Dham Road, Nr. Raxa Shakti Circle, Kudasan, Gandhinagar.",25000,25000,,116,3,,Yes,No,No,"Service/Goods Lift, Visitor Parking, Banquet Hall, Bar/Lounge",False,True,Agent,73,Immediately,2026-03-15T08:53:52.000Z,"Mar 15, '26",True
x/glIbNtoeFzpSvf+uAgZw==,Magicbricks,https://www.magicbricks.com/property-details/3-BHK-1674-Sq-ft-Multistorey-Apartment-FOR-Rent-Vavol-in-Gandhinagar&id=4d423831393633353631,2026-04-19 13:51:41,23.2248961,72.619552,,Vavol,"Near Reliance Smart Bajar,New Vavol",,,,Apartment,Semi-Furnished,4,7,West,,,Less than 5 years,"Best Location And Locality If you are planning to rent a flat, you can consider this 3 BHK flat situated in the prime location of Vavol. The apartment is available at an affordable rental price of ₹18,000. The flat is located on the 4 floor which includes 3 bathrooms, 1 balcony, and covers a carpet area of 1674 sqft. This home provides power back up, reserved parking, security, service/goods lift, ro water system. Visit the apartment at Vavol, Gandhinagar, Gujarat .",18000,18000,,,3,,Yes,No,No,"Service/Goods Lift, Laundry Service, RO Water System",False,True,Agent,86,Immediately,2026-03-04T09:47:42.000Z,"Mar 04, '26",True
uRpN0RJbM3dzpSvf+uAgZw==,Magicbricks,https://www.magicbricks.com/property-details/3-BHK-210-Sq-yrd-Multistorey-Apartment-FOR-Rent-Raysan-in-Gandhinagar&id=4d423833343430323137,2026-04-19 13:51:41,23.16672,72.66059,,Raysan,"Gandhinagar, Gujarat",19210|GNLU Metro Station|5 minutes,,,Apartment,Semi-Furnished,8,13,East,210,Sq-yrd,New Construction,"good location and good locality You can avail the 3 BHK flat for rent in the well-known location of Raysan. The Rent amount of this 3 BHK apartment is set at an attractive price of ₹22,000. The apartment is on the 8 floor, has a carpet area of 180 sqyrd with 3 bathrooms and 3 balcony. This unit features power back up, reserved parking, security, service/goods lift, intercom facility, ro water system. Find this apartment at F.P. N0 14, T.P.S. No 3, Behinde Raysan Petrol Pump, Raysan Rd, Kudasan, Gujarat .",22000,44000,1000,12,3,,No,No,No,"Laundry Service, Banquet Hall, Bar/Lounge, Outdoor Tennis Courts",True,True,Agent,78,Immediately,2026-02-17T07:03:57.000Z,"Feb 17, '26",True
krrBbKPl3UVzpSvf+uAgZw==,Magicbricks,https://www.magicbricks.com/property-details/3-BHK-2110-Sq-ft-Multistorey-Apartment-FOR-Rent-Kudasan-in-Gandhinagar&id=4d423833343339313437,2026-04-19 13:51:41,23.1698784,72.6232479,,Kudasan,"Gandhinagar, Gujarat",,,,Apartment,Semi-Furnished,4,8,East,2110,Sq-ft,5 to 10 years,"Find this 3 BHK rental flat in Kudasan Gandhinagar. The flat is available for rent at a competitive amount of ₹25,000. Located on the 4 floor, the flat has 3 bathrooms, 1 balcony in carpet area of 1607 sqft. This unit is designed with power back up, reserved parking, security, ro water system.",25000,25000,2000,12,3,,Yes,No,No,"RO Water System, Banquet Hall",True,True,Agent,73,Immediately,2026-02-17T06:30:31.000Z,"Feb 17, '26",True
G/X1zKn+2DtzpSvf+uAgZw==,Magicbricks,https://www.magicbricks.com/property-details/3-BHK-270-Sq-yrd-Multistorey-Apartment-FOR-Rent-Kudasan-in-Gandhinagar&id=4d423732373333343335,2026-04-19 13:51:41,23.1698784,72.6232479,,Kudasan,"Shubh Candid, Urjanagar 1, Kudasan, Gandhinagar, Gujarat",,,,Apartment,Semi-Furnished,3,12,East,270,Sq-yrd,Less than 5 years,"Near highway,school,bazar,hospital location.new propertynice family living . If you are searching a 3 BHK apartment for rent in Kudasan, check out this amazing rental flat. The 3 BHK apartment is available at a reasonable rent of ₹25,000. Located on the 3 floor, the flat comprises 3 bathrooms, 2 balcony, and has a carpet area of 162 sqyrd. The property includes 2 Covered parking. This unit is designed with power back up, reserved parking, security. You can visit the flat at Shubh Candid, Urjanagar 1, Kudasan, Gandhinagar, Gujarat .",25000,50000,0,10,3,2 Covered,Yes,Yes,No,Jogging and Strolling Track,True,True,Agent,100,Immediately,2026-03-25T22:53:16.000Z,"Mar 26, '26",True
waElMyoCBBVzpSvf+uAgZw==,Magicbricks,https://www.magicbricks.com/property-details/3-BHK-2520-Sq-ft-Multistorey-Apartment-FOR-Rent-PDPU-Road-in-Gandhinagar&id=4d423833343231373331,2026-04-19 13:51:41,23.1540460891807,72.6665273263145,,Poonam Kankani,8 floor,,,,Apartment,Semi-Furnished,8,13,West,2520,Sq-ft,New Construction,"2 min walk from the metro station. close to gift city metro and pdpu road You can explore this 3 BHK flat on rent in PDPU Road Gandhinagar. The rent of the 3 BHK flat is ₹32,500. Located on the 8 floor, the flat has 3 bathrooms, 1 balcony in carpet area of 1260 sqft. This property includes 13 floor and provides Kids play area benefits. This property offers power back up. Visit the flat at The Gate By Dev Aashish, Royal Street, Near Gujarat National Law University, PDPU Road, Gandhinagar. This 3 BHK rental flat comes with no brokerage fees.",32500,,,13,3,,Yes,No,No,Jogging and Strolling Track,False,False,Owner,61,Immediately,2026-04-02T22:30:42.000Z,"Apr 03, '26",True
Lo/4b0OiktVzpSvf+uAgZw==,Magicbricks,https://www.magicbricks.com/property-details/3-BHK-1750-Sq-ft-Multistorey-Apartment-FOR-Rent-Sargasan-in-Gandhinagar&id=4d423833343132373233,2026-04-19 13:51:41,23.1848805,72.615856,,Sargasan,"Sargasan,Gandhinagar",,,,Apartment,Furnished,13,14,East,1750,Sq-ft,New Construction,"SG Highway Facing, Within Green Space, Sharing Common wall with GUDA Garden 3 BHK apartment is available on rent in Sargasan Gandhinagar right away. The flat is available for rent at a competitive amount of ₹36,000. The flat comes with some add-on facilities such as 2 Wardrobe, 3 Bed, 1 TV, Fridge, 2 AC, Sofa, Washing Machine, Dining Table and Gas Connection. Located on the 13 floor, the flat has 3 bathrooms, 4 balcony in carpet area of 950 sqft. You will also find 1 Covered, 1 Open parking facility. The building comprises 14 floor and includes Kids play area features. This unit is designed with power back up, reserved parking, security. The apartment is located at Opp Siddhraj Zavod, Beside AUDA Garden, Near S G Highway, Gandhinagar, Gujrat. This is a no-brokerage flat, as the owner is offering this 3 BHK flat on rent.",36000,76000,2000,21,3,"1 Covered, 1 Open",Yes,Yes,No,Jogging and Strolling Track,False,False,Owner,94,Immediately,2026-04-01T22:30:42.000Z,"Apr 02, '26",True
NpKepwTKInJzpSvf+uAgZw==,Magicbricks,https://www.magicbricks.com/property-details/3-BHK-188-Sq-yrd-Multistorey-Apartment-FOR-Rent-Randesan-in-Gandhinagar&id=4d423435303430353537,2026-04-19 13:51:41,23.17588,72.65443,,Randesan,Randesan gandhinagar.,,,,Apartment,Semi-Furnished,4,5,East,188,Sq-yrd,5 to 10 years,"BEST SUITABLE FOR FAMILY LIVING new highly maintained flat with good amenities and allotted car parking 24X7 Security, Phase electricity connection, Piped gas, full air ventilation, Modular kichen, light fan bathroom feetings and other amenities plus allotted car parking",30000,50000,1500,18,3,1 Covered,Yes,No,No,"Visitor Parking, Jogging and Strolling Track",False,False,Owner,100,Immediately,2026-03-28T22:30:24.000Z,"Mar 29, '26",True
n+Hvam+yGFJzpSvf+uAgZw==,Magicbricks,https://www.magicbricks.com/property-details/3-BHK-1800-Sq-ft-Multistorey-Apartment-FOR-Rent-Kudasan-in-Gandhinagar&id=4d423832373830383237,2026-04-19 13:51:41,23.1698784,72.6232479,,Kudasan,shukan sky,,,,Apartment,Furnished,6,8,North,1800,Sq-ft,New Construction,"Fully furnished flat in a a well maintained society Check out this newly constructed 3 BHK flat on rent in the prime location of Kudasan Gandhinagar. The flat is available for rent at a competitive amount of ₹30,000. Located on the 6 floor, the flat comprises 3 bathrooms, 3 balcony, and has a carpet area of 1500 sqft. The apartment comes furnished with reserved parking, security, visitor parking. The apartment is located at shukan sky, Kudasan, Gandhinagar, Gujarat. You can find the 3 BHK flat without any brokerage.",30000,,,17,3,,Yes,No,No,Visitor Parking,False,False,Owner,51,Immediately,2026-03-10T16:35:43.000Z,"Mar 10, '26",True
Hc+yUSHubLVzpSvf+uAgZw==,Magicbricks,https://www.magicbricks.com/property-details/3-BHK-1800-Sq-ft-Multistorey-Apartment-FOR-Rent-Kudasan-in-Gandhinagar&id=4d423832343631393539,2026-04-19 13:51:41,23.1698784,72.6232479,,Kudasan,"Kudasan,Gandhinagar",,,,Apartment,Furnished,2,7,East,1800,Sq-ft,5 to 10 years,"Shukan Height offers wellplanned 2 BHK apartments designed for comfort and convenience. With spacious interiors, quality construction, and modern amenities, it ensures a peaceful lifestyle. The project includes landscaped spaces, parking, security, and easy connectivity to key locations, making it an ideal choice for families seeking affordable urban living.",30000,60000,0,17,3,2 Covered,No,No,No,,False,True,Agent,100,Immediately,2026-04-17T23:45:20.000Z,Yesterday,True
GAFOtxvst8NzpSvf+uAgZw==,Magicbricks,https://www.magicbricks.com/property-details/3-BHK-250-Sq-yrd-Multistorey-Apartment-FOR-Rent-Raysan-in-Gandhinagar&id=4d423639323433373533,2026-04-19 13:51:41,23.16672,72.66059,,Raysan,"Petrol pump, Opp RAO Wold, Nr Rayasan, Gandhinagar, Gujarat",19210|GNLU Metro Station|5 minutes,,,Apartment,Unfurnished,4,8,East,250,Sq-yrd,New Construction,"You can explore this 3 BHK flat on rent in Raysan Gandhinagar. You can get this flat at monthly rent of ₹27,000. Located on the 4 floor, the flat comprises 3 bathrooms, 1 balcony, and has a carpet area of 150 sqyrd. 1 Covered parking facility are also available. The apartment is equipped with power back up, reserved parking, security. You can visit the flat at Petrol pump, Opp RAO Wold, Nr Rayasan, Gandhinagar, Gujarat .",27000,27000,3000,12,3,1 Covered,No,No,No,,False,True,Agent,100,Immediately,2026-03-19T07:39:28.000Z,"Mar 19, '26",True
+rI1wBBKYJJzpSvf+uAgZw==,Magicbricks,https://www.magicbricks.com/property-details/3-BHK-2580-Sq-ft-Multistorey-Apartment-FOR-Rent-Kudasan-in-Gandhinagar&id=4d423832303138343433,2026-04-19 13:51:41,23.1698784,72.6232479,,Kudasan,"Next to Radhe Arcade and Residency, Gandhinagar - Ahmedabad Rd, near Hotel A, Urjanagar 1, Kudasan,",,,,Apartment,Furnished,4,8,East,2580,Sq-ft,New Construction,"3BHK Full Furnished Flat with great locality with the near shopping market where all can have to access to basic needs for everyday. A beautiful 3 BHK flat is available for rent in Kudasan. This 3 BHK flat can be availed at the rental price of ₹33,000. Additional amenities available with the flat are 3 Wardrobe, 3 Bed, 1 TV, Fridge, Microwave, 3 AC, Sofa, Washing Machine, Dining Table and Gas Connection. The flat is on the 4 floor and includes 3 bathrooms, 1 balcony with a carpet area of 1638 sqft. 2 Covered, 1 Open parking space is also available. The apartment comes furnished with power back up, reserved parking, security. Visit the flat at Next to Radhe Arcade and Residency, Gandhinagar - Ahmedabad Rd, near Hotel A, Urjanagar 1, Kudasan, .",33000,30000,300,13,3,"2 Covered, 1 Open",Yes,No,No,Jogging and Strolling Track,False,True,Agent,100,Immediately,2026-04-16T23:45:21.000Z,"Apr 17, '26",True
wStuTEY+lQFzpSvf+uAgZw==,Magicbricks,https://www.magicbricks.com/property-details/3-BHK-1750-Sq-ft-Multistorey-Apartment-FOR-Rent-Sargasan-in-Gandhinagar&id=4d423833393138383737,2026-04-19 13:51:41,23.1848805,72.615856,,Sargasan,"Sargasan,Gandhinagar",,,,Apartment,Furnished,3,13,,1750,Sq-ft,2014,"3 bhk furnish flat available on rent in sargasan gandhinagar, 5 min distance from tcs and infocity, nr rp vasani school. Grab the chance to own this affordable 3 BHK flat for rent in the Sargasan area. The Rent amount of this 3 BHK apartment is set at an attractive price of ₹35,000. The flat comes with some add-on facilities such as 2 Wardrobe, 2 Bed, 2 AC, Sofa, Dining Table and Gas Connection. Located on the 3 floor, the flat has 3 bathrooms, 3 balcony in covered area of 1750 sqft. The property features power back up, security.",35000,70000,,20,3,,No,No,No,,False,True,Agent,86,Immediately,2026-04-16T23:45:22.000Z,"Apr 17, '26",True
/Whf/h2qQGJzpSvf+uAgZw==,Magicbricks,https://www.magicbricks.com/property-details/3-BHK-225-Sq-yrd-Multistorey-Apartment-FOR-Rent-Randesan-in-Gandhinagar&id=4d423732383836313833,2026-04-19 13:51:41,23.17588,72.65443,,Randesan,"Randesan,Gandhinagar",,,,Apartment,Furnished,4,5,East,225,Sq-yrd,5 to 10 years,"This property is located on gift city road at randesan area. Property is well maintained and with good ventilation. good for gift city employees. If you are searching a 3 BHK apartment for rent in Randesan, check out this amazing rental flat. The flat is available for rent at a competitive amount of ₹27,000. The residents of the flat have access to additional facilities such as 3 Wardrobe, 2 Bed, 1 TV, 1 AC, Dining Table and Gas Connection. The flat is located on the 4 floor which includes 3 bathrooms, 1 balcony, and covers a carpet area of 180 sqyrd. There is also facility of 1 Covered parking. The property has 5 floor and is equipped with Early Learning Centre facilities. This home provides reserved parking, security. Visit the flat at Opp Infocity, Nr Sabarmati River Bank, GIFT City Road, Randesan, Gandhinagar, Ahmedabad.",27000,54000,0,13,3,1 Covered,Yes,Yes,No,Jogging and Strolling Track,False,True,Agent,100,Immediately,2026-04-16T23:45:20.000Z,"Apr 17, '26",True
l3Q573pKoPhzpSvf+uAgZw==,Magicbricks,https://www.magicbricks.com/property-details/3-BHK-2403-Sq-ft-Multistorey-Apartment-FOR-Rent-Kudasan-in-Gandhinagar&id=4d423831333830343439,2026-04-19 13:51:41,23.1698784,72.6232479,,Kudasan,Radesan,,,,Apartment,Unfurnished,2,13,East,2403,Sq-ft,Less than 5 years,"A beautiful 3 BHK flat is available for rent in Kudasan. The rent of the 3 BHK flat is ₹30,000. Located on the 2 floor, the flat has 3 bathrooms, 1 balcony in covered area of 2403 sqft. 1 Open parking space is also available. This home provides power back up, security, service/goods lift, ro water system. The full address of the apartment is RADHE INFINITY RAKSHASHAKTI CIRCLE, Gandhinagar, Gandhinagar, Gujarat.",30000,30000,0,12,3,1 Open,Yes,No,No,"Service/Goods Lift, RO Water System, Banquet Hall",False,True,Agent,93,Immediately,2026-04-17T23:45:19.000Z,Yesterday,True
1o6IDcXrHDpzpSvf+uAgZw==,Magicbricks,https://www.magicbricks.com/property-details/3-BHK-248-Sq-yrd-Multistorey-Apartment-FOR-Rent-in-Gandhinagar&id=4d423739303832323533,2026-04-19 13:51:41,,,,Mangal Murti Property Solution,Sargasan,,,,Apartment,Furnished,1,8,North - East,248,Sq-yrd,New Construction,"this property is newly constructed. this property is fully furnished .this property is near by Sargasan cross road. this property is only for family. You can explore this 3 BHK flat on rent in swara crystal Gandhinagar. This 3 BHK flat can be availed at the rental price of ₹40,000. The apartment is on the 1 floor, has a carpet area of 125 sqyrd with 3 bathrooms and 3 balcony. This property offers power back up, reserved parking, security, air conditioned, ro water system.",40000,80000,2200,18,3,,No,No,No,"Air Conditioned, RO Water System, Banquet Hall",False,True,Agent,80,Immediately,2026-04-17T23:45:19.000Z,Yesterday,True
h7dWY834+QhzpSvf+uAgZw==,Magicbricks,https://www.magicbricks.com/property-details/3-BHK-2390-Sq-ft-Multistorey-Apartment-FOR-Rent-Sargasan-in-Gandhinagar&id=4d423739343137303937,2026-04-19 13:51:41,23.1848805,72.615856,,Sargasan,"Gandhinagar, Gujarat",,,,Apartment,Semi-Furnished,7,13,,,,New Construction,"You can explore this 3 BHK flat on rent in Sargasan Gandhinagar. The flat is available for rent at a competitive amount of ₹26,000. The apartment is on the 7 floor, has a carpet area of 2390 sqft with 3 bathrooms and 1 balcony. The apartment is located at Aavkar Amore, Opp. Aavkar 96, Behind Sahajanand School of Achiever, Near Sargasan Cross Road, Gandhinagar.",26000,26000,0,,3,,No,No,No,,True,True,Agent,36,Immediately,2026-04-16T23:45:22.000Z,"Apr 17, '26",True
dZjiTx1J9oZzpSvf+uAgZw==,Magicbricks,https://www.magicbricks.com/property-details/3-BHK-2700-Sq-ft-Multistorey-Apartment-FOR-Rent-Randesan-in-Gandhinagar&id=4d423736343538363135,2026-04-19 13:51:41,23.17588,72.65443,,Randesan,"siddhraj zoey , opposite randesan metro station, randesan",,,,Apartment,Furnished,2,9,East,2700,Sq-ft,New Construction,"Apartment tailored to your highest standards, A higher quality leaving, everything u need in this apartment 3 BHK flat is available for rent in Randesan immediately. The Rent amount of this 3 BHK apartment is set at an attractive price of ₹30,000. Located on the 2 floor, the flat has 3 bathrooms, 1 balcony in carpet area of 1500 sqft. The building has 9 floor and offers Kids play area amenities. The apartment comes furnished with power back up, reserved parking, security, service/goods lift, visitor parking. This flat is located at Siddhraj Zoey, Besides Maruti magnum, Nr.Axis Bank, Randesan, Gandhinagar.",30000,,,11,3,,No,No,No,"Laundry Service, Banquet Hall, Jogging and Strolling Track, Outdoor Tennis Courts",True,True,Agent,81,Immediately,2026-04-17T23:45:20.000Z,Yesterday,True
fiTLTsCz6W9zpSvf+uAgZw==,Magicbricks,https://www.magicbricks.com/property-details/3-BHK-255-Sq-yrd-Multistorey-Apartment-FOR-Rent-Kudasan-in-Gandhinagar&id=4d423738343333313731,2026-04-19 13:51:41,23.1698784,72.6232479,,Kudasan,"Kudasan,Gandhinagar",,,,Apartment,Unfurnished,10,12,North - East,255,Sq-yrd,New Construction,"Grab the chance to own this affordable 3 BHK flat for rent in the Kudasan area. The Rent amount of this 3 BHK apartment is set at an attractive price of ₹26,500. Located on the 10 floor, the flat has 3 bathrooms, 1 balcony in carpet area of 141 sqyrd. There is also facility of 1 Covered parking. The residence includes power back up, reserved parking, security.",26500,56000,0,12,3,1 Covered,Yes,No,No,Jogging and Strolling Track,False,True,Agent,100,Immediately,2026-04-17T23:45:20.000Z,Yesterday,True
eoTfszhyBgJzpSvf+uAgZw==,Magicbricks,https://www.magicbricks.com/property-details/3-BHK-2250-Sq-ft-Multistorey-Apartment-FOR-Rent-Kudasan-in-Gandhinagar&id=4d423833393337363833,2026-04-19 13:51:41,23.1698784,72.6232479,,Kudasan,"Kudasan,Gandhinagar",,,,Apartment,Unfurnished,5,13,East,2250,Sq-ft,2016,Weve pre-filled some Amenities for Royal Revanta 3 basis the info in Magicbricks Database.Amenities Gymnasium Jogging and Strolling Track Lift Piped Gas Power Back Up Reserved Parking Security Swimming Pool,27000,27000,1500,12,3,"1 Covered, 1 Open",Yes,No,No,Jogging and Strolling Track,False,True,Agent,95,Immediately,2026-04-17T23:45:21.000Z,Yesterday,True
HupCpUQtxa1zpSvf+uAgZw==,Magicbricks,https://www.magicbricks.com/property-details/3-BHK-225-Sq-yrd-Multistorey-Apartment-FOR-Rent-Sargasan-in-Gandhinagar&id=4d423833373338333737,2026-04-19 13:51:41,23.1848805,72.615856,,Sargasan,"Brij Green, Sargasan, Gandhinagar, Gujarat",,,,Apartment,Semi-Furnished,3,9,North - East,225,Sq-yrd,New Construction,"If you are searching a 3 BHK apartment for rent in Sargasan, check out this amazing rental flat. This 3 BHK flat can be availed at the rental price of ₹30,000. Live in this lovely flat and get access to various useful facilities such as 3 Wardrobe, 3 Bed, 1 TV, 1 AC, Sofa, Dining Table and Gas Connection. Located on the 3 floor, the flat has 3 bathrooms, 1 balcony in carpet area of 125 sqyrd. You will also find 1 Covered parking facility. This property offers power back up, reserved parking, security. Visit the apartment at B/H. Ved International School, Near Info City Junior School, Sargasan, Dist. Gandhinagar..",30000,60000,1200,15,3,1 Covered,No,No,No,,False,True,Agent,100,Immediately,2026-04-18T23:45:34.000Z,Today,True
Zp47cAWNdstzpSvf+uAgZw==,Magicbricks,https://www.magicbricks.com/property-details/3-BHK-265-Sq-yrd-Multistorey-Apartment-FOR-Rent-Kudasan-in-Gandhinagar&id=4d423833373137343537,2026-04-19 13:51:41,23.1698784,72.6232479,,Kudasan,"Gandhinagar, Gujarat",,,,Apartment,Semi-Furnished,3,8,North - East,265,Sq-yrd,Less than 5 years,"You can explore this 3 BHK flat on rent in Kudasan Gandhinagar. The apartment is available at an affordable rental price of ₹27,000. The apartment is on the 3 floor, has a carpet area of 165 sqyrd with 3 bathrooms and 1 balcony. The property includes 1 Covered, 1 Open parking. The property encompasses 8 floor and provides Kids play area amenities. This home provides power back up, security. The address is Nr. Sarthak Heaven, P.D.P.U Cross Road, Kudasan, Urjanagar, Gandhinagar.",27000,54000,1500,11,3,"1 Covered, 1 Open",No,No,No,,False,True,Agent,95,Immediately,2026-04-17T23:45:21.000Z,Yesterday,True
mOlAqO6uNRZzpSvf+uAgZw==,Magicbricks,https://www.magicbricks.com/property-details/3-BHK-1722-Sq-ft-Multistorey-Apartment-FOR-Rent-Kudasan-in-Gandhinagar&id=4d423833363132353931,2026-04-19 13:51:41,23.1698784,72.6232479,,Kudasan,A 902.,,,,Apartment,Semi-Furnished,9,12,East,1722,Sq-ft,New Construction,"If you are planning to rent a flat, you can consider this 3 BHK flat situated in the prime location of Kudasan. Available at a rental price of ₹30,000, this 3 BHK flat is worth considering. The flat is on the 9 floor and includes 3 bathrooms, 2 balcony with a carpet area of 1338 sqft. 1 Covered parking facility are also available. The flat comes with power back up, reserved parking, security. Find this apartment at A 902., Kudasan, Gandhinagar, Gujarat.",30000,60000,0,17,3,1 Covered,No,No,No,,False,True,Agent,95,Immediately,2026-04-18T23:45:34.000Z,Today,True
o1skUzoF0zVzpSvf+uAgZw==,Magicbricks,https://www.magicbricks.com/property-details/3-BHK-1395-Sq-ft-Multistorey-Apartment-FOR-Rent-Raysan-in-Gandhinagar&id=4d423833393632393937,2026-04-19 13:51:41,23.16672,72.66059,,Raysan,"Gandhinagar, Gujarat",19210|GNLU Metro Station|5 minutes,,,Apartment,Furnished,11,13,,1395,Sq-ft,New Construction,"3 BHK apartment is available on rent in Raysan Gandhinagar right away. The rent of the 3 BHK flat is ₹35,000. The apartment is on the 11 floor, has a covered area of 1395 sqft with 3 bathrooms and 1 balcony. The building has 13 floor and offers Kids play area amenities. This flat is located at Nr BAPS School, B/H IOC Petrol Pump, Raysan Rd, Raysan, Gujarat .",35000,35000,0,25,3,,No,No,No,,True,True,Agent,58,Immediately,2026-04-16T23:45:23.000Z,"Apr 17, '26",True
QjuRcnDgsQNzpSvf+uAgZw==,Magicbricks,https://www.magicbricks.com/property-details/3-BHK-2055-Sq-ft-Multistorey-Apartment-FOR-Rent-Sargasan-in-Gandhinagar&id=4d423833373637333439,2026-04-19 13:51:41,23.1848805,72.615856,,Sargasan,000.,,,,Apartment,Furnished,11,14,East,2055,Sq-ft,New Construction,"3 bhk well furnished flat, spacious rooms, road location If you are planning to rent a flat, you can consider this 3 BHK flat situated in the prime location of Sargasan. The Rent amount of this 3 BHK apartment is set at an attractive price of ₹35,000. The flat is located on the 11 floor which includes 3 bathrooms, 2 balcony, and covers a carpet area of 1130 sqft. 1 Covered parking space is also available. This property includes 14 floor and provides Kids play area benefits. The apartment comes furnished with power back up, reserved parking, security, service/goods lift, ro water system. Visit the apartment at Survey No 344/003,344/001,345,344/002,342/003/002, Gandhinagar, Gandhinagar, Gujarat,.",35000,70000,0,17,3,1 Covered,No,No,No,"Banquet Hall, Bar/Lounge, Jogging and Strolling Track, Outdoor Tennis Courts",True,True,Agent,100,Immediately,2026-04-17T23:45:21.000Z,Yesterday,True
6eRD9kPcvH1zpSvf+uAgZw==,Magicbricks,https://www.magicbricks.com/property-details/3-BHK-225-Sq-yrd-Multistorey-Apartment-FOR-Rent-in-Gandhinagar&id=4d423833333835383737,2026-04-19 13:51:41,,,,Royal Consultancy,sargasam,,,,Apartment,Semi-Furnished,4,5,West,225,Sq-yrd,5 to 10 years,"nr s g heighay You can explore this 3 BHK flat on rent in sangath teress Gandhinagar. This 3 BHK flat is available at the reasonable rent amount of ₹30,000. The flat is on the 4 floor and includes 3 bathrooms, 2 balcony with a carpet area of 175 sqyrd. This unit is designed with power back up, reserved parking, security, service/goods lift, air conditioned, ro water system.",30000,60000,1500,15,3,,No,No,No,"Air Conditioned, Laundry Service, RO Water System, Jogging and Strolling Track",True,True,Agent,80,Immediately,2026-04-16T23:45:22.000Z,"Apr 17, '26",True
xtUZy2fWyDBzpSvf+uAgZw==,Magicbricks,https://www.magicbricks.com/property-details/3-BHK-2025-Sq-ft-Multistorey-Apartment-FOR-Rent-in-Gandhinagar&id=4d423734323731373131,2026-04-19 13:51:41,,,,Dream Home Property Consultancy ,Randesan,,,,Apartment,Semi-Furnished,13,13,East,2025,Sq-ft,Less than 5 years,"24HOURS Security 24Hours water Good Society Near By Main Road Gift City Raksha Shakti circle Find 3 BHK flat for rent in Atishay Shivalay 2 Randesan Gandhinagar. The multistorey apartment is available at rent of ₹31,000. Located on the 13 floor, the flat comprises 3 bathrooms, 1 balcony, and has a carpet area of 950 sqft. 1 Covered parking space is also available. This unit features power back up, reserved parking, security, service/goods lift, air conditioned, intercom facility, ro water system.",31000,30000,2500,15,3,1 Covered,No,No,No,"Air Conditioned, Internet/Wi-Fi Connectivity, Banquet Hall, Jogging and Strolling Track",False,True,Agent,100,Immediately,2026-04-12T03:42:33.000Z,"Apr 12, '26",True
LrvVRuOxC8xzpSvf+uAgZw==,Magicbricks,https://www.magicbricks.com/property-details/3-BHK-2100-Sq-ft-Multistorey-Apartment-FOR-Rent-Sargasan-in-Gandhinagar&id=4d423830393233373131,2026-04-19 13:51:41,23.1848805,72.615856,,Sargasan,"Gandhinagar, Gujarat",,,,Apartment,Semi-Furnished,4,13,East,2100,Sq-ft,New Construction,"this properties is good location Find 3 BHK flat for rent in Sargasan Gandhinagar. The 3 BHK apartment is available at a reasonable rent of ₹28,000. Located on the 4 floor, the flat has 3 bathrooms, 1 balcony in carpet area of 1700 sqft. This flat is fitted with power back up, reserved parking, security, service/goods lift, intercom facility, ro water system. Find this apartment at Sargasan, Gandhinagar, Gujarat.",28000,28000,2000,13,3,,No,No,No,"Laundry Service, Internet/Wi-Fi Connectivity, Jogging and Strolling Track, Outdoor Tennis Courts",True,True,Agent,76,Immediately,2026-04-16T05:39:36.000Z,"Apr 16, '26",True
mc6uRVO/g7xzpSvf+uAgZw==,Magicbricks,https://www.magicbricks.com/property-details/3-BHK-250-Sq-ft-Multistorey-Apartment-FOR-Rent-Raysan-in-Gandhinagar&id=4d423832353637303637,2026-04-19 13:51:41,23.16672,72.66059,,Raysan,raysan,19210|GNLU Metro Station|5 minutes,,,Apartment,Semi-Furnished,3,7,,250,Sq-ft,5 to 10 years,"bachelor allows 3 BHK flat is available for rent in Raysan immediately. Available at a rental price of ₹30,000, this 3 BHK flat is worth considering. The flat is on the 3 floor and includes 3 bathrooms, 3 balcony with a carpet area of 250 sqft. The residence includes power back up, reserved parking, security. You can visit the flat at raysan, Raysan, Gandhinagar, Gujarat.",30000,,,120,3,,No,No,No,,True,True,Agent,51,Immediately,2026-04-13T11:44:11.000Z,"Apr 13, '26",True
+2/sRFBIVIJzpSvf+uAgZw==,Magicbricks,https://www.magicbricks.com/property-details/3-BHK-2250-Sq-ft-Multistorey-Apartment-FOR-Rent-Adalaj-in-Gandhinagar&id=4d423832353932313433,2026-04-19 13:51:41,23.164356,72.581158,,Adalaj,"Zundal-Adalaj Highway,Adalaj",,,,Apartment,Unfurnished,8,13,East,2250,Sq-ft,New Construction,"Best Society and Best Garden View Find 3 BHK flat for rent in Adalaj Gandhinagar. The rent of the 3 BHK flat is ₹30,000. The flat is on the 8 floor and includes 3 bathrooms, 2 balcony with a carpet area of 1250 sqft. 1 Covered parking facility are also available. The building comprises 13 floor and includes Kids play area features. The property features reserved parking, security. Visit the apartment at Nr Water Tank, Opp. Anavya Parmeshwar, Sabaramti Mehsana Highway, Adalaj, Gandhinagar.",30000,60000,0,13,3,1 Covered,No,Yes,Yes,Banquet Hall,False,True,Agent,100,Immediately,2026-04-08T07:42:49.000Z,"Apr 08, '26",True
kMn6NcqIDP5zpSvf+uAgZw==,Magicbricks,https://www.magicbricks.com/property-details/3-BHK-2115-Sq-ft-Multistorey-Apartment-FOR-Rent-Sargasan-in-Gandhinagar&id=4d423830343536363339,2026-04-19 13:51:41,23.1848805,72.615856,,Sargasan,"Sargasan,Gandhinagar",,,,Apartment,Semi-Furnished,11,14,,2115,Sq-ft,2023,"SHYAM HEIGHTS presenting on elegant way of living with porodisalc architecture, dazzling design, ond soothing ambiance. Welcome to Shyam Heights, where life is a festival, where every moment is filled up with exuberance where you and your loved ones can live blissfully",28000,,,13,3,,No,No,No,,False,True,Agent,72,Immediately,2026-03-15T08:51:34.000Z,"Mar 15, '26",True
9Ptg9YgqEhNzpSvf+uAgZw==,Magicbricks,https://www.magicbricks.com/property-details/3-BHK-200-Sq-yrd-Multistorey-Apartment-FOR-Rent-Gandhinagar-in-Gandhinagar&id=4d423833373032303631,2026-04-19 13:51:41,23.0395677,72.5660045,,Gandhinagar,"Gandhinagar,Gandhinagar",,,,Apartment,Furnished,4,7,East,200,Sq-yrd,5 to 10 years,"east facinag falat fully furnisht with moduler kicthen A beautiful 3 BHK flat is available for rent in Gandhinagar. The multistorey apartment is available at rent of ₹35,000. Additional amenities available with the flat are 3 Wardrobe, 4 Bed, Fridge, Sofa, Washing Machine, Dining Table and Gas Connection. The apartment is on the 4 floor, has a carpet area of 120 sqyrd with 3 bathrooms and 1 balcony. There is also facility of 1 Covered parking. The property features reserved parking, security.",35000,70000,,19,3,1 Covered,No,No,No,,True,True,Agent,81,Immediately,2026-03-09T07:11:53.000Z,"Mar 09, '26",True
F0SUT+VKbJVzpSvf+uAgZw==,Magicbricks,https://www.magicbricks.com/property-details/3-BHK-300-Sq-yrd-Multistorey-Apartment-FOR-Rent-Randesan-in-Gandhinagar&id=4d423737303838363831,2026-04-19 13:51:41,23.17588,72.65443,,Randesan,Gandhinagar Randesan,,,,Apartment,Semi-Furnished,4,10,East,300,Sq-yrd,New Construction,"This property is new construction, well maintained property, allowed parking fix, many amenities available, 24h security and water line. Check out this newly constructed 3 BHK flat on rent in the prime location of Randesan Gandhinagar. The 3 BHK apartment is available at a reasonable rent of ₹30,000. The apartment is on the 4 floor, has a carpet area of 270 sqyrd with 3 bathrooms and 3 balcony. 1 Covered parking facility are also available. The flat comes with power back up, reserved parking, security, service/goods lift, air conditioned, intercom facility, ro water system. This flat is located at Randesan, Gandhinagar, Gujarat .",30000,60000,1500,11,3,1 Covered,No,No,No,"Air Conditioned, Banquet Hall, Bar/Lounge, Jogging and Strolling Track",True,True,Agent,100,Immediately,2026-03-22T21:46:59.000Z,"Mar 23, '26",True
oX4HzcI4ozFzpSvf+uAgZw==,Magicbricks,https://www.magicbricks.com/property-details/3-BHK-1865-Sq-ft-Multistorey-Apartment-FOR-Rent-Kudasan-in-Gandhinagar&id=4d423637343230353031,2026-04-19 13:51:41,23.1698784,72.6232479,,Kudasan,503.,,,,Apartment,Unfurnished,5,7,North - East,1865,Sq-ft,Less than 5 years,"this property is near by tcs and gift city area good location in this flat full furnished laxurish flat Grab the chance to own this affordable 3 BHK flat for rent in the Kudasan area. You can get this flat at monthly rent of ₹30,000. Located on the 5 floor, the flat has 3 bathrooms, 1 balcony in carpet area of 1665 sqft. This home provides power back up, reserved parking, security, service/goods lift, air conditioned, intercom facility, ro water system. Visit the flat at Palm Rd, Urjanagar 1, Kudasan, Gandhinagar, Gujarat.",30000,60000,0,16,3,,No,No,No,"Air Conditioned, Banquet Hall, Bar/Lounge, Jogging and Strolling Track",False,True,Agent,85,Immediately,2026-02-21T17:56:27.000Z,"Feb 21, '26",True
Eh8qmIX5TpFzpSvf+uAgZw==,Magicbricks,https://www.magicbricks.com/property-details/3-BHK-1500-Sq-ft-Multistorey-Apartment-FOR-Rent-Sargasan-in-Gandhinagar&id=4d423732343830383137,2026-04-19 13:51:41,23.1848805,72.615856,,Sargasan,sargasan,,,,Apartment,Unfurnished,6,8,East,1500,Sq-ft,5 to 10 years,"In centre of kudasan near the landmark suitable for cafe. Find 3 BHK flat for rent in Sargasan Gandhinagar. The 3 BHK apartment is available at a reasonable rent of ₹32,000. The flat is located on the 6 floor which includes 3 bathrooms, 2 balcony, and covers a carpet area of 1500 sqft. There is also facility of 1 Covered parking. The apartment comes furnished with power back up, reserved parking, security. Visit the flat at Sargasan, Gandhinagar..",32000,64000,0,21,3,1 Covered,No,No,No,,True,True,Agent,93,Immediately,2026-04-07T06:15:23.000Z,"Apr 07, '26",True
VQZH+99WhZVzpSvf+uAgZw==,Magicbricks,https://www.magicbricks.com/property-details/5-BHK-2665-Sq-ft-Multistorey-Apartment-FOR-Rent-Sargasan-in-Gandhinagar&id=4d423538393039383831,2026-04-19 13:51:41,23.1848805,72.615856,,Sargasan,402.,,,,Apartment,Furnished,4,5,North - East,2665,Sq-ft,Less than 5 years,"This property is near by Tcs and nift uid good location in this flat full furnish laxurish flat on rent allaminitys in this skim gym swimming pool indore game all are new brand furniture in skim. You can explore this 5 BHK flat on rent in Sargasan Gandhinagar. This 5 BHK flat can be availed at the rental price of ₹60,000. Located on the 4 floor, the flat has 3 bathrooms, 2 balcony in carpet area of 2465 sqft. The apartment is equipped with power back up, reserved parking, security, service/goods lift, air conditioned, intercom facility, ro water system. Find this apartment at Opp. Swagat Flamingo, S.G Highway, Sargaasan, Gandhinagar.",60000,120000,0,23,3,,No,No,No,"Air Conditioned, Banquet Hall, Bar/Lounge, Jogging and Strolling Track",False,True,Agent,85,Immediately,2026-04-08T06:44:29.000Z,"Apr 08, '26",True
OeeW/bWWcwZzpSvf+uAgZw==,Magicbricks,https://www.magicbricks.com/property-details/3-BHK-1500-Sq-ft-Multistorey-Apartment-FOR-Rent-Randesan-in-Gandhinagar&id=4d423731393030353937,2026-04-19 13:51:41,23.17588,72.65443,,Randesan,Gift city,,,,Apartment,Unfurnished,3,8,East,1500,Sq-ft,Less than 5 years,"Flat available for rent in Gift city for family, main road location. 3 BHK flat is available for rent in Randesan immediately. The 3 BHK apartment is available at a reasonable rent of ₹23,500. The apartment is on the 3 floor, has a carpet area of 1300 sqft with 2 bathrooms and 3 balcony. 1 Covered, 1 Open parking facility are also available. The apartment is equipped with power back up, reserved parking, security. This flat is located at Randesan, Gandhinagar, Gujarat .",23500,23000,0,16,2,"1 Covered, 1 Open",Yes,No,No,"Laundry Service, Outdoor Tennis Courts",True,True,Agent,100,Immediately,2026-03-27T07:39:56.000Z,"Mar 27, '26",True
XBvYFb5ErUJzpSvf+uAgZw==,Magicbricks,https://www.magicbricks.com/property-details/3-BHK-1620-Sq-ft-Multistorey-Apartment-FOR-Rent-Sargasan-in-Gandhinagar&id=4d423833353534313637,2026-04-19 13:51:41,23.1848805,72.615856,,Sargasan,"Sargasan,Gandhinagar",,,,Apartment,Semi-Furnished,1,14,East,1620,Sq-ft,Less than 5 years,"Available 3 bhk semi furnished flat On Rent in sargasan Gandhinagar. Prime location with Good Locality. High rise building Total 14th floor Property is 1st floor with Extra Terrace. Sofa in Living Room. Furnished kitchen with Store room Gas line. Suitable for family.Very close to school, Bank, Hospital, Shopping Mall.",25000,25000,0,15,3,"1 Covered, 1 Open",Yes,Yes,No,Jogging and Strolling Track,False,True,Agent,98,Immediately,2026-02-25T12:54:57.000Z,"Feb 25, '26",True
6q+iKqzVDWxzpSvf+uAgZw==,Magicbricks,https://www.magicbricks.com/property-details/3-BHK-150-Sq-yrd-Multistorey-Apartment-FOR-Rent-Gandhinagar-in-Gandhinagar&id=4d423833393436333733,2026-04-19 13:51:41,23.0395677,72.5660045,,Gandhinagar,"Gandhinagar, Gujarat",,,,Apartment,Semi-Furnished,5,5,North - East,,,Less than 5 years,"If you are planning to rent a flat, you can consider this 3 BHK flat situated in the prime location of Gandhinagar. The rent of the 3 BHK flat is ₹25,000. Located on the 5 floor, the flat has 2 bathrooms, 2 balcony in carpet area of 150 sqyrd. 1 Covered, 1 Open parking space is also available. This home provides power back up, reserved parking, security, intercom facility, ro water system. The flat can be visited at Gandhinagar, Gujarat.",25000,50000,1500,,2,"1 Covered, 1 Open",No,No,No,"Intercom Facility, RO Water System, Jogging and Strolling Track",False,True,Agent,83,Immediately,2026-03-26T06:43:53.000Z,"Mar 26, '26",True
zVGsvq0gaKhzpSvf+uAgZw==,Magicbricks,https://www.magicbricks.com/property-details/3-BHK-230-Sq-yrd-Multistorey-Apartment-FOR-Rent-Gandhinagar-in-Gandhinagar&id=4d423832343531343135,2026-04-19 13:51:41,23.0395677,72.5660045,,Gandhinagar,"landmark Harmoney, sargasan",,,,Apartment,Semi-Furnished,6,7,East,230,Sq-yrd,Less than 5 years,"semy fernished sofa bed wordrobe If you are planning to rent a flat, you can consider this 3 BHK flat situated in the prime location of Gandhinagar. Available at a rental price of ₹23,000, this 3 BHK flat is worth considering. Located on the 6 floor, the flat comprises 3 bathrooms, 3 balcony, and has a carpet area of 200 sqyrd. The residence includes power back up, reserved parking, security, service/goods lift. You can visit the flat at near sargasan cross road, KH road, gandhinagar, gujarat.",23000,23000,0,11,3,,Yes,No,No,"Service/Goods Lift, Banquet Hall",True,True,Agent,80,Immediately,2026-02-18T12:34:25.000Z,"Feb 18, '26",True
OfgDzDTIdvRzpSvf+uAgZw==,Magicbricks,https://www.magicbricks.com/property-details/3-BHK-275-Sq-yrd-Multistorey-Apartment-FOR-Rent-Koba-in-Gandhinagar&id=4d423833323330383737,2026-04-19 13:51:41,23.150331,72.640657,,Swastik Property Consultants,"Koba,Gandhinagar",,,,Apartment,Furnished,9,10,North - East,275,Sq-yrd,2011,"The project is known for its modern, ecofriendly design in a rapidly developing, wellconnected, and peaceful residential area Residents have access to a variety of facilities including a community hall, swimming pool, theme park, and 24x7 water supply.",40000,80000,0,16,3,1 Covered,No,No,No,,True,True,Agent,95,Immediately,2026-02-21T01:30:27.000Z,"Feb 21, '26",True
lnlXO2I0wotzpSvf+uAgZw==,Magicbricks,https://www.magicbricks.com/property-details/3-BHK-1925-Sq-ft-Multistorey-Apartment-FOR-Rent-Sargasan-in-Gandhinagar&id=4d423834313235373739,2026-04-19 13:51:41,23.1848805,72.615856,,Sargasan,Sargasan,,,,Apartment,Furnished,7,14,East,1925,Sq-ft,Less than 5 years,"Find 3 BHK flat for rent in Sargasan Gandhinagar. The rent of the 3 BHK flat is ₹32,000. Get access to smart facilities such as 3 Wardrobe, 3 Bed, 1 TV, Fridge, Microwave, 1 AC, Sofa, Washing Machine, Dining Table and Gas Connection simply by choosing this flat for rent. The apartment is on the 7 floor, has a carpet area of 1476 sqft with 3 bathrooms and 1 balcony. 1 Covered parking space is also available. The property consists of 14 floor and offers Kids play area conveniences. This unit features power back up, reserved parking, security. The apartment is located at F.P.No.:372/8, Block No. 372/8, Near Thakare Farm, Palm Road, Gandhinagar, Gandhinagar, Gujarat..",32000,1,0,17,3,1 Covered,Yes,Yes,No,Jogging and Strolling Track,False,True,Agent,98,Immediately,2026-04-07T12:26:02.000Z,"Apr 07, '26",True
i4qWHFaKG4VzpSvf+uAgZw==,Magicbricks,https://www.magicbricks.com/property-details/3-BHK-1944-Sq-ft-Multistorey-Apartment-FOR-Rent-Sargasan-in-Gandhinagar&id=4d423833393939313331,2026-04-19 13:51:41,23.1848805,72.615856,,Sargasan,sargasan,,,,Apartment,Furnished,9,13,South - East,1944,Sq-ft,New Construction,"3 BHK flat is available for rent in Sargasan immediately. ₹35,000 is the monthly rent of this 3 BHK flat. The apartment is on the 9 floor, has a carpet area of 1166 sqft with 3 bathrooms and 2 balcony. Visit the flat at Callisto Sapphire, The Palm Road, Gandhinagar, Gandhinagar, Gujarat.",35000,,,18,3,,No,No,No,,False,True,Agent,39,Immediately,2026-03-30T13:23:39.000Z,"Mar 30, '26",True
bwyq1YC49gNzpSvf+uAgZw==,Magicbricks,https://www.magicbricks.com/property-details/3-BHK-264-Sq-ft-Multistorey-Apartment-FOR-Rent-Raysan-in-Gandhinagar&id=4d423832383839393737,2026-04-19 13:51:41,23.16672,72.66059,,Raysan,"Gandhinagar, Gujarat",19210|GNLU Metro Station|5 minutes,,,Apartment,Semi-Furnished,3,18,East,264,Sq-ft,New Construction,"If you are searching a 3 BHK apartment for rent in Raysan, check out this amazing rental flat. This 3 BHK flat is available at the reasonable rent amount of ₹37,000. The flat is located on the 3 floor which includes 3 bathrooms, 2 balcony, and covers a covered area of 264 sqft. This building features 18 floor and provides Kids play area, Kids Club facilities. This home provides power back up, reserved parking, security, intercom facility. The apartment is located at PDPU University Road, Opp. GNLU University, New GIFT City Road, Raysan, Gujarat.",37000,37000,0,140,3,,Yes,No,No,"Intercom Facility, Jogging and Strolling Track",False,True,Agent,73,Immediately,2026-02-20T01:30:23.000Z,"Feb 20, '26",True
0gf7o4CDYu9zpSvf+uAgZw==,Magicbricks,https://www.magicbricks.com/property-details/10-plus-BHK-10620-Sq-ft-Builder-Floor-Apartment-FOR-Rent-in-Gandhinagar&id=4d423833383639313639,2026-04-19 13:51:41,,,,Piyush,"Gandhinagar, Gujarat",,,,Builder Floor Apartment,Furnished,4,6,,"10,620",Sq-ft,,"If you are planning to rent a flat, you can consider this > 10 BHK flat situated in the prime location of Yash Empire building, BhaijiPura, near PDEU Chowkdi. The > 10 BHK apartment is available at a reasonable rent of ₹5.5 Lac. There are no brokerage fees on this > 10 BHK multistorey apartment.",550000,,,52,> 10,,No,No,No,,False,False,Owner,46,Immediately,2026-03-20T02:26:22.000Z,"Mar 20, '26",True
6gjFufhZxmJzpSvf+uAgZw==,Magicbricks,https://www.magicbricks.com/property-details/1-BHK-107-Sq-yrd-Residential-House-FOR-Rent-Sector-3-in-Gandhinagar&id=4d423833383138303033,2026-04-19 13:51:41,23.2042405,72.6297181,,Sector 3,"Gandhinagar, Gujarat",,,,Residential House,Semi-Furnished,,,East,107,Sq-yrd,Less than 5 years,"good location and good locality This 1 BHK house is up for rent in the well-known Sector 3 area. The house is available at the rent of ₹14,000 per month. In addition, the house includes Puja Room, Store, Study and Servant Room. The house is located at Sector 3, Gandhinagar, Gujarat.",14000,28000,1000,15,1,,No,No,No,Laundry Service,True,True,Agent,80,Immediately,2026-03-17T06:56:24.000Z,"Mar 17, '26",True
KuqO/SKANHhzpSvf+uAgZw==,Magicbricks,https://www.magicbricks.com/property-details/1-BHK-90-Sq-yrd-Residential-House-FOR-Rent-Sector-2-in-Gandhinagar&id=4d423739373537343035,2026-04-19 13:51:41,23.200988,72.637292,,Shree Ram Real Estate,Sector 2C,,,,Residential House,Unfurnished,,,East,90,Sq-yrd,5 to 10 years,"Available for rent in sector 2C for family This 1 BHK rental house is located in a key location of Sector 2 area. The monthly rental of the house is ₹14,000. There is also a facility of 2 Open parking. The house is equipped with normal tiles/kotah stone flooring. There is also None of these in the house. The address of the house is Sector 2C, Sector 2, Gandhinagar, Gujarat.",14000,14000,0,17,1,2 Open,No,No,No,,True,True,Agent,98,Immediately,2026-04-07T06:10:11.000Z,"Apr 07, '26",True
KdzElSWuPGVzpSvf+uAgZw==,Magicbricks,https://www.magicbricks.com/property-details/1-BHK-90-Sq-yrd-Residential-House-FOR-Rent-Sector-26-in-Gandhinagar&id=4d423834303833343135,2026-04-19 13:51:41,23.2534964,72.6432047,,Sector 26,"Gandhinagar, Gujarat",,,,Residential House,Furnished,,,East,90,Sq-yrd,New Construction,"Good location property in gandhinagar This 1 BHK house is up for rent in the well-known Sector 26 area. You can find this house at rent of ₹13,000 per month. 1 Covered parking space is also available in the house. This house is equipped with vitrified flooring. The house also provides Store. Sector 26, Gandhinagar, Gujarat is the address of the house.",13000,26000,0,16,1,1 Covered,No,Yes,No,Conference Room,False,True,Agent,88,Immediately,2026-04-05T06:48:01.000Z,"Apr 05, '26",True
94MFaqFTpGxzpSvf+uAgZw==,Magicbricks,https://www.magicbricks.com/property-details/1-BHK-120-Sq-yrd-Residential-House-FOR-Rent-Sector-4-in-Gandhinagar&id=4d423733393937303335,2026-04-19 13:51:41,23.210833,72.622509,,Yash Property Management,"sector-4C,Gandhinagar, Gujarat",,,,Residential House,Semi-Furnished,,,East,120,Sq-yrd,New Construction,"this poetry in double bed with metres,wordrope,5shiter sofa with table,moduleler kitchen,and best of near by nfsu,infocity, tcs,nift allow only girls and femily This 1 BHK rental house is located in a key location of Sector 4 area. The rent is ₹14,000 per month. There is also Store in the house. The house is located at sector-4C,Gandhinagar, Gujarat, Sector 4, Gandhinagar, Gujarat.",14000,14000,0,13,1,,Yes,No,No,Service/Goods Lift,True,True,Agent,83,Immediately,2026-02-18T12:36:51.000Z,"Feb 18, '26",True
+H5+K2L1M/1zpSvf+uAgZw==,Magicbricks,https://www.magicbricks.com/property-details/1-BHK-810-Sq-ft-Residential-House-FOR-Rent-Sector-26-in-Gandhinagar&id=4d423834323335393037,2026-04-19 13:51:41,23.2534964,72.6432047,,Sector 26,"Plot no 3642,sector-26,kishannagar,Gandhinagar",,,,Residential House,Semi-Furnished,,,East,810,Sq-ft,5 to 10 years,"This 1 BHK house is up for rent in the well-known Sector 26 area. The monthly rental of the house is ₹13,000. 2 Open parking facility is also available. The house is equipped with marble flooring. The address of this house is Plot no 3642,sector-26,kishannagar,Gandhinagar, Sector 26, Gandhinagar, Gujarat.",13000,,,16,1,2 Open,No,No,No,,False,False,Owner,65,Immediately,2026-04-14T12:47:48.000Z,"Apr 14, '26",True
G1m6v1Uuwd9zpSvf+uAgZw==,Magicbricks,https://www.magicbricks.com/property-details/1-BHK-144-Sq-ft-Residential-House-FOR-Rent-Gandhinagar-in-Gandhinagar&id=4d423731313434343933,2026-04-19 13:51:41,23.0395677,72.5660045,,Gandhinagar,sector 4a boys PGSECTOR 8 boys  PGSECTOR 3 girls PG,,,,Residential House,Furnished,2,3,East,144,Sq-ft,,1. A.cNon A.c Room Double Sharing Triple Sharing2. Personal Lockers With Cupboards.3. Bed With Mattress.4. Each Room With Attached Bathroom.5. Enough Place For Parking.6. R.o Water Purified Water.7. High Speed Wifi To Keep You Connected.8. Kitchen Available For Self Cooking With Fridge.9. Laundry Available.10. Daily Cleaning Services.,4500,,,31,5,"10 Covered, 10 Open",No,No,No,,False,False,Owner,72,Immediately,2026-04-09T21:31:53.000Z,"Apr 10, '26",True
I0kpNTWG8vhzpSvf+uAgZw==,Magicbricks,https://www.magicbricks.com/property-details/1-BHK-90-Sq-m-Residential-House-FOR-Rent-Sector-14-in-Gandhinagar&id=4d423834313137323537,2026-04-19 13:51:41,23.2377564,72.6313786,,Sector 14,"Gandhinagar, Gujarat",,,,Residential House,Unfurnished,,,,90,Sq-m,,"This 1 BHK rental house is located in a key location of Sector 14 area. The house is avaliable at a monthly rent of ₹12,000. This house is situated at Sector 14, Gandhinagar, Gujarat.",12000,,,12,1,,No,No,No,,False,False,Owner,21,Immediately,2026-04-07T07:43:29.000Z,"Apr 07, '26",True
ZS03SSGNfIdzpSvf+uAgZw==,Magicbricks,https://www.magicbricks.com/property-details/1-BHK-60-Sq-yrd-Residential-House-FOR-Rent-Sector-3-in-Gandhinagar&id=4d423834323231323739,2026-04-19 13:51:41,23.2042405,72.6297181,,Sector 3,"Gandhinagar, Gujarat",,,,Residential House,Semi-Furnished,,,,60,Sq-yrd,,"You can find this 1 BHK rental house in the main area of Sector 3. The house is available at the rent of ₹20,000 per month. The address of this house is Sector 3, Gandhinagar, Gujarat.",20000,,,37,1,,No,No,No,,False,False,Owner,0,Immediately,2026-04-13T12:00:00.000Z,"Apr 13, '26",True
MiCcL7jD2rdzpSvf+uAgZw==,Magicbricks,https://www.magicbricks.com/property-details/1-BHK-1000-Sq-ft-Residential-House-FOR-Rent-Sector-27-in-Gandhinagar&id=4d423736303837363837,2026-04-19 13:51:41,23.250534,72.64755,,N K Modi,"Gandhinagar, Gujarat",,,,Residential House,Semi-Furnished,1,3,,1000,Sq-ft,,"Check out this 1 BHK house for rent in locality. The house is available at the rent of ₹13,000 per month. Sector 27, Gandhinagar, Gujarat is the address of the house.",13000,,,13,1,,No,No,No,,False,False,Owner,0,Immediately,2026-04-14T21:33:07.000Z,"Apr 15, '26",True
/WNwRd/cJZhzpSvf+uAgZw==,Magicbricks,https://www.magicbricks.com/property-details/1-BHK-90-Sq-yrd-Residential-House-FOR-Rent-Sector-4-in-Gandhinagar&id=4d423830313038393433,2026-04-19 13:51:41,23.210833,72.622509,,Shehnaz,"A, 1652.",,,,Residential House,Furnished,,,,90,Sq-yrd,15 to 20 years,"common plot , Main Road touched The beautiful 1 BHK house is now available for rent in the premium location of Sector 4. The rent is ₹17,500 per month. This house is located at A, 1652., Sector 4, Gandhinagar, Gujarat.",17500,35000,0,22,1,,No,No,No,"Air Conditioned, Banquet Hall",False,False,Owner,51,Immediately,2026-04-03T21:33:36.000Z,"Apr 04, '26",True
gdL6AYOzHVtzpSvf+uAgZw==,Magicbricks,https://www.magicbricks.com/property-details/1-BHK-810-Sq-ft-Residential-House-FOR-Rent-Sector-3-in-Gandhinagar&id=4d423832343539343831,2026-04-19 13:51:41,23.2042405,72.6297181,,Sector 3,72.,,,,Residential House,Unfurnished,,,East,810,Sq-ft,New Construction,"This property in sector 3 , sector 3 is very popular in gandhinagar, you enjoing living here, Situated in Sector 3, this 1 BHK individual house is currently available for rent out. The house is avaliable at a monthly rent of ₹17,000. 1 Covered parking space is also available in the house. You'll find vitrified flooring in the house. The house also has Puja Room and Store. The address of this house is 72., Sector 3, Gandhinagar, Gujarat.",17000,17000,0,21,1,1 Covered,Yes,No,Yes,Jogging and Strolling Track,False,True,Agent,98,Immediately,2026-04-16T23:45:22.000Z,"Apr 17, '26",True
YdBRitXqE0BzpSvf+uAgZw==,Magicbricks,https://www.magicbricks.com/property-details/1-BHK-963-Sq-ft-Residential-House-FOR-Rent-Infocity-in-Gandhinagar&id=4d423833343538373133,2026-04-19 13:51:41,23.194097,72.629751,,Infocity,"Gandhinagar, Gujarat",,,,Residential House,Semi-Furnished,,,East,963,Sq-ft,10 to 15 years,"Located near IT hubs, shopping centers, schools, and hospitals, reducing commute times. semi furnished wardrobes, fans, lights,TV. Situated in Infocity, this 1 BHK individual house is currently available for rent out. The rent is ₹16,500 per month. There is also a facility of 1 Open parking. Get access to facilities such as 2 Wardrobe, 1 Bed and 1 TV simply by choosing this house for rent. The house flooring is made of ceramic tiles. The house also has Store. The address of this house is Infocity, Gandhinagar, Gujarat.",16500,33000,0,17,1,1 Open,No,No,No,,True,True,Agent,65,Immediately,2026-02-18T09:53:14.000Z,"Feb 18, '26",True
vSVvovE7YHtzpSvf+uAgZw==,Magicbricks,https://www.magicbricks.com/property-details/1-BHK-3550-Sq-ft-Residential-House-FOR-Rent-Sector-1-in-Gandhinagar&id=4d423736313439383835,2026-04-19 13:51:41,23.2002483,72.6370086,,Ajitsinh,Sector - 1,,,,Residential House,Furnished,Ground,1,,3550,Sq-ft,New Construction,"Check out this 1 BHK house for rent in locality. The monthly rental of the house is ₹17,000. The house also provides Study. The house is located at Sector - 1, Sector 1, Gandhinagar, Gujarat.",17000,,,5,1,,No,No,No,Laundry Service,False,False,Owner,49,Immediately,2026-03-01T16:43:27.000Z,"Mar 01, '26",True
rQZtOdsW1DhzpSvf+uAgZw==,Magicbricks,https://www.magicbricks.com/property-details/1-BHK-810-Sq-ft-Residential-House-FOR-Rent-in-Gandhinagar&id=4d423831343234343031,2026-04-19 13:51:41,,,,Neha,"Plot no 8971 sector 5c, Gandhinagar, Gujarat2 floor, ground floor with 2bhk and 1st with 1bhk.Rent information is of 1st floor.",,,,Residential House,Semi-Furnished,,,East,810,Sq-ft,,"Corner house, no issue of parking, in front of house big ground, 2 floor house, ready to give both floor, current given details of 1st floor only, ground floor is of 2bhk and ready to rent it also with additional rent.",16000,,,20,1,3 Open,No,No,No,,False,False,Owner,72,Immediately,2026-02-22T17:13:37.000Z,"Feb 22, '26",True
dOl9WJHVg49zpSvf+uAgZw==,Magicbricks,https://www.magicbricks.com/property-details/1-BHK-1215-Sq-ft-Residential-House-FOR-Rent-in-Gandhinagar&id=4d423833343532323131,2026-04-19 13:51:41,,,,Brijrajsinh Vaghela,"Gandhinagar, Gujarat",,,,Residential House,Semi-Furnished,,,East,1215,Sq-ft,5 to 10 years,"You can find this 1 BHK house on rent in a good area of CHANDRALOCK SOCIETY. The monthly rent of the independent house is ₹15,000.",15000,30000,6000,12,1,,No,No,No,Jogging and Strolling Track,False,False,Owner,50,Immediately,2026-02-18T03:57:02.000Z,"Feb 18, '26",True
tLM4SIPMXh1zpSvf+uAgZw==,Magicbricks,https://www.magicbricks.com/property-details/1-BHK-90-Sq-ft-Residential-House-FOR-Rent-Sector-3-in-Gandhinagar&id=4d423833323330303037,2026-04-19 13:51:41,23.2042405,72.6297181,,Sector 3,"Gandhinagar, Gujarat",,,,Residential House,Furnished,,,,90,Sq-ft,New Construction,"The beautiful 1 BHK house is now available for rent in the premium location of Sector 3. The house is available at a monthly rental price of ₹16,000. This house is situated at Sector 3, Gandhinagar, Gujarat.",16000,,,178,1,,No,No,No,,False,False,Owner,48,Immediately,2026-02-03T05:44:29.000Z,"Feb 03, '26",True
391mf2xguYJzpSvf+uAgZw==,Magicbricks,https://www.magicbricks.com/property-details/1-BHK-90-Sq-yrd-Residential-House-FOR-Rent-Sector-4-in-Gandhinagar&id=4d423531333932313636,2026-04-19 13:51:41,23.210833,72.622509,,Hiral Mehta,"Gandhinagar, Gujarat",,,,Residential House,Unfurnished,,,,,,5 to 10 years,"This 1 BHK rental house is located in a key location of Sector 4 area. The monthly rent of the independent house is ₹18,000. This house is situated at Sector 4, Gandhinagar, Gujarat.",18000,10000,,,1,,No,No,No,,False,False,Owner,27,Immediately,2026-03-06T09:32:02.000Z,"Mar 06, '26",True
oTn5AORJz4RzpSvf+uAgZw==,Magicbricks,https://www.magicbricks.com/property-details/1-BHK-90-Sq-m-Residential-House-FOR-Rent-Sector-3-in-Gandhinagar&id=4d423833393536313935,2026-04-19 13:51:41,23.2042405,72.6297181,,Sector 3,"Gandhinagar, Gujarat",,,,Residential House,Unfurnished,,,,90,Sq-m,15 to 20 years,"Located in Sector 3, you can find the 1 BHK house available on rent. The house is avaliable at a monthly rent of ₹16,000. Sector 3, Gandhinagar, Gujarat is the address of the house.",16000,32000,,17,1,,No,No,No,,False,False,Owner,63,Immediately,2026-03-26T18:00:25.000Z,"Mar 26, '26",True
VyKUaUJ9GI9zpSvf+uAgZw==,Magicbricks,https://www.magicbricks.com/property-details/1-BHK-500-Sq-ft-Residential-House-FOR-Rent-Pethapur-in-Gandhinagar&id=4d423633343433363337,2026-04-19 13:51:41,23.264967,72.6679214,,Pethapur,"Pethapur ,Sukhdeshwari plotting",,,,Residential House,Semi-Furnished,,,North,500,Sq-ft,Less than 5 years,"Check out this 1 BHK house for rent in locality. The monthly rent of the independent house is ₹6,000. The house includes 1 Covered, 1 Open parking. The house is equipped with normal tiles/kotah stone flooring. The address of the house is Pethapur ,Sukhdeshwari plotting, Pethapur, Gandhinagar, Gujarat.",6000,,,12,2,"1 Covered, 1 Open",No,No,No,,False,False,Owner,41,Immediately,2026-03-31T04:07:36.000Z,"Mar 31, '26",True
n6NR0JjD329zpSvf+uAgZw==,Magicbricks,https://www.magicbricks.com/property-details/1-BHK-900-Sq-ft-Residential-House-FOR-Rent-Zundal-in-Gandhinagar&id=4d423732343532333937,2026-04-19 13:51:41,23.139555,72.584531,,blessy,c-152 kalpataru park society,,,,Residential House,Furnished,Upper Basement,1,,,,Less than 5 years,"The beautiful 1 BHK house is now available for rent in the premium location of Zundal. The monthly rent of the property is ₹11,000. The independent house is located on the upper basement floor which includes 1 bathrooms and 1 balcony. The house comes with some add-on facilities such as 1 Wardrobe, 1 Bed, Fridge, 1 AC and Washing Machine. The house is located at c-152 kalpataru park society, Zundal, Gandhinagar, Gujarat.",11000,,,,1,,No,No,No,,False,False,Owner,57,Immediately,2026-03-16T14:50:59.000Z,"Mar 16, '26",True
KQvb8G6zP8dzpSvf+uAgZw==,Magicbricks,https://www.magicbricks.com/property-details/1-BHK-300-Sq-ft-Residential-House-FOR-Rent-Sector-2-in-Gandhinagar&id=4d423735333838353139,2026-04-19 13:51:41,23.200988,72.637292,,Shakeel,Sector 2B,,,,Residential House,Semi-Furnished,1,3,North - East,300,Sq-ft,5 to 10 years,"Corner property, North East facing, Overlooking Garden The 1 BHK house is currently available for rent in Sector 2. The monthly rent of the property is ₹3,750. The house is on the 1st floor, includes 1 bathrooms and 1 balcony. The house flooring is made of vitrified. In addition, the house includes Store. The address of this house is Sector 2B, Sector 2, Gandhinagar, Gujarat.",3750,,,12,1,,No,No,No,Visitor Parking,False,False,Owner,79,Immediately,2026-03-20T22:30:31.000Z,"Mar 21, '26",True
43lxCUNc++tzpSvf+uAgZw==,Magicbricks,https://www.magicbricks.com/property-details/1-BHK-90-Sq-ft-Residential-House-FOR-Rent-Sector-2-in-Gandhinagar&id=4d423834303132333439,2026-04-19 13:51:41,23.200988,72.637292,,keyur,13211.,,,,Residential House,Semi-Furnished,,,,,,5 to 10 years,"near Infocity near garima park You can find this 1 BHK house on rent in a good area of Sector 2. You will also have to pay a monthly rent of ₹12,000. The address of this house is 13211., Sector 2, Gandhinagar, Gujarat.",12000,12000,,,1,,No,No,No,,False,False,Owner,48,Immediately,2026-03-31T14:10:42.000Z,"Mar 31, '26",True
i94ngqe8lPBzpSvf+uAgZw==,Magicbricks,https://www.magicbricks.com/property-details/1-BHK-107-Sq-yrd-Residential-House-FOR-Rent-Sector-3-in-Gandhinagar&id=4d423833353339333631,2026-04-19 13:51:41,23.2042405,72.6297181,,Sector 3,"Gandhinagar, Gujarat",,,,Residential House,Semi-Furnished,,,East,107,Sq-yrd,Less than 5 years,"good location and good locality You can find this 1 BHK rental house in the main area of Sector 3. You can find this house at rent of ₹14,000 per month. There is also Puja Room, Store and Servant Room in the house. The house is located at Sector 3, Gandhinagar, Gujarat.",14000,28000,1000,15,1,,No,No,No,"Laundry Service, RO Water System, Banquet Hall, Outdoor Tennis Courts",True,True,Agent,82,Immediately,2026-02-24T13:02:26.000Z,"Feb 24, '26",True
s/ZdgLOiVktzpSvf+uAgZw==,Magicbricks,https://www.magicbricks.com/property-details/1-BHK-90-Sq-yrd-Residential-House-FOR-Rent-Sector-2-in-Gandhinagar&id=4d423736323331393333,2026-04-19 13:51:41,23.200988,72.637292,,Shree Ram Real Estate,Sector 2,,,,Residential House,Unfurnished,1,3,East,90,Sq-yrd,5 to 10 years,"Available for Rent 1bhk for Family or Girls NON VEG ALLOWED Check out this 1 BHK house for rent in locality. The house is available at the rent of ₹15,000 per month. The independent house is located on the 1st floor which includes 1 bathrooms and 1 balcony. The house is fitted with normal tiles/kotah stone flooring. The house also has Puja Room. This house is situated at Sector 2, Sector 2, Gandhinagar, Gujarat.",15000,12000,0,19,1,,No,No,No,,True,True,Agent,93,Immediately,2026-04-07T06:18:57.000Z,"Apr 07, '26",True
trcMK+POwRtzpSvf+uAgZw==,Magicbricks,https://www.magicbricks.com/property-details/1-BHK-90-Sq-yrd-Residential-House-FOR-Rent-Sector-26-in-Gandhinagar&id=4d423834303833353039,2026-04-19 13:51:41,23.2534964,72.6432047,,Sector 26,"Gandhinagar, Gujarat",,,,Residential House,Unfurnished,,,East,90,Sq-yrd,New Construction,"Good location property in gandhinagar The beautiful 1 BHK house is now available for rent in the premium location of Sector 26. You will also have to pay a monthly rent of ₹10,000. You will also find 1 Covered parking facility in the house. You'll find vitrified flooring in the house. You will also find Puja Room and Store in the house. This house is situated at Sector 26, Gandhinagar, Gujarat.",10000,20000,0,12,1,1 Covered,No,Yes,No,Conference Room,False,True,Agent,86,Immediately,2026-04-05T06:53:52.000Z,"Apr 05, '26",True
96/ppat1mz1zpSvf+uAgZw==,Magicbricks,https://www.magicbricks.com/property-details/1-BHK-1300-Sq-ft-Residential-House-FOR-Rent-Sector-4-in-Gandhinagar&id=4d423732363737393435,2026-04-19 13:51:41,23.210833,72.622509,,Yash Property Management,"Sec-4C,kh-road Gandhinagar",,,,Residential House,Unfurnished,1,2,West,1300,Sq-ft,Less than 5 years,"this porperty is new and many fernitur use in low rent allow femily and girls Check out this 1 BHK house for rent in locality. You can find this house at rent of ₹15,000 per month. Located on the 1st floor, the house comprises 1 bathrooms and 1 balcony. The house comes with vitrified flooring. This house is situated at Sec-4C,kh-road Gandhinagar, Sector 4, Gandhinagar, Gujarat.",15000,13000,0,12,1,,No,No,No,,True,True,Agent,88,Immediately,2026-02-18T12:35:53.000Z,"Feb 18, '26",True
5tGo861J01ZzpSvf+uAgZw==,Magicbricks,https://www.magicbricks.com/property-details/1-BHK-110-Sq-ft-Residential-House-FOR-Rent-Sector-3-in-Gandhinagar&id=4d423834323334333733,2026-04-19 13:51:41,23.2042405,72.6297181,,Sector 3,near by infocity and tcs,,,,Residential House,Furnished,,,East,110,Sq-ft,Less than 5 years,"This 1 BHK house is up for rent in the well-known Sector 3 area. The monthly rental of the house is ₹18,000. The house is fitted with vitrified flooring. The house also provides Store and Puja Room. This house is situated at near by infocity and tcs, Sector 3, Gandhinagar, Gujarat.",18000,,,164,1,,No,No,No,,True,True,Agent,45,Immediately,2026-04-14T11:19:29.000Z,"Apr 14, '26",True
hVLqgWcnEE5zpSvf+uAgZw==,Magicbricks,https://www.magicbricks.com/property-details/1-BHK-107-Sq-yrd-Residential-House-FOR-Rent-Sector-2-in-Gandhinagar&id=4d423833373037303433,2026-04-19 13:51:41,23.200988,72.637292,,Jay Ranchod Real Estate,"Gandhinagar, Gujarat",,,,Residential House,Semi-Furnished,,,East,107,Sq-yrd,Less than 5 years,"property niyar bay info city and gift city and school and market and hospital and moll and good location and good locality Located in Sector 2, you can find the 1 BHK house available on rent. You will also have to pay a monthly rent of ₹12,000. The house comes with vitrified flooring. In addition, the house includes Puja Room, Store and Servant Room. Sector 2, Gandhinagar, Gujarat is the address of the house.",12000,24000,1000,12,1,,Yes,No,No,"Bar/Lounge, Outdoor Tennis Courts",True,True,Agent,83,Immediately,2026-03-09T11:44:26.000Z,"Mar 09, '26",True
DlpNyrFQm8RzpSvf+uAgZw==,Magicbricks,https://www.magicbricks.com/property-details/1-BHK-90-Sq-yrd-Residential-House-FOR-Rent-Sector-2-in-Gandhinagar&id=4d423737313531303135,2026-04-19 13:51:41,23.200988,72.637292,,Shree Ram Real Estate,Sector 2.,,,,Residential House,Unfurnished,1,3,East,90,Sq-yrd,5 to 10 years,"Multistorey apartment is available for rent. It is a good location property. Please contact for more details. You can find this 1 BHK rental house in the main area of Sector 2. The house is avaliable at a monthly rent of ₹14,000. The independent house is located on the 1st floor which includes 1 bathrooms and 1 balcony. 2 Open parking space is also available in the house. The house is equipped with normal tiles/kotah stone flooring. You will also find Study in the house. The address of the house is Sector 2., Sector 2, Gandhinagar, Gujarat.",14000,14000,0,17,1,2 Open,No,No,No,,True,True,Agent,95,Immediately,2026-04-07T05:58:53.000Z,"Apr 07, '26",True
pJ//ZKBxvZBzpSvf+uAgZw==,Magicbricks,https://www.magicbricks.com/property-details/1-BHK-1100-Sq-yrd-Residential-House-FOR-Rent-Sector-3-in-Gandhinagar&id=4d423831313337343931,2026-04-19 13:51:41,23.2042405,72.6297181,,Sector 3,"sec-3, 1 bhk semy furnished house on rent",,,,Residential House,Unfurnished,1,3,East,1100,Sq-yrd,New Construction,"The 1 BHK house is currently available for rent in Sector 3. The rent is ₹16,000 per month. Located on the 1st floor, the house comprises 1 bathrooms and 1 balcony. The house also provides Puja Room. This house is situated at sec-3, 1 bhk semy furnished house on rent, Sector 3, Gandhinagar, Gujarat.",16000,,,2,1,,No,No,No,,True,True,Agent,46,Immediately,2026-02-18T12:36:52.000Z,"Feb 18, '26",True
KNL2H+5cEYVzpSvf+uAgZw==,Magicbricks,https://www.magicbricks.com/property-details/1-BHK-810-Sq-ft-Residential-House-FOR-Rent-Sector-3-in-Gandhinagar&id=4d423734323330343633,2026-04-19 13:51:41,23.2042405,72.6297181,,Sector 3,near hitac hospital,,,,Residential House,Semi-Furnished,,,East,810,Sq-ft,Less than 5 years,"nice property near by metro station full furnished available hospital near me The beautiful 1 BHK house is now available for rent in the premium location of Sector 3. The monthly rent of the independent house is ₹20,000. The house also provides Store. This house is located at near hitac hospital, Sector 3, Gandhinagar, Gujarat.",20000,13000,0,25,1,,No,Yes,No,Banquet Hall,False,True,Agent,75,Immediately,2026-04-16T23:45:22.000Z,"Apr 17, '26",True
7ueg7HfLVa1zpSvf+uAgZw==,Magicbricks,https://www.magicbricks.com/property-details/3-BHK-2065-Sq-ft-Villa-FOR-Rent-Kudasan-in-Gandhinagar&id=4d423633373131323035,2026-04-19 13:51:41,23.1698784,72.6232479,,Kudasan,syam residency,,,,Villa,Furnished,,,North - East,2065,Sq-ft,5 to 10 years,this property is near by Tcs and nift uid good location in this house semi furnish banglo on rent near by rlince chokdi good location in this banglo,25000,50000,0,12,3,,No,No,No,"Air Conditioned, Laundry Service, Banquet Hall, Bar/Lounge",False,True,Agent,80,Immediately,2026-04-12T06:21:52.000Z,"Apr 12, '26",True
qoX1qHSjeZRzpSvf+uAgZw==,Magicbricks,https://www.magicbricks.com/property-details/3-BHK-2400-Sq-ft-Villa-FOR-Rent-Adalaj-in-Gandhinagar&id=4d423833373535353137,2026-04-19 13:51:41,23.164356,72.581158,,Adalaj,180 Swagat City,,,,Villa,Furnished,,,East,2400,Sq-ft,10 to 15 years,Property DetailsThis spacious three bedroom apartment is available for rent in Swagat City located in Adalaj Gandhinagar. The property offers a large carpet area of 2400 sqft which provides comfortable and well planned living space for families. The flat is furnished and ready for immediate occupancy making it convenient for tenants who want to move in without additional setup. The apartment is east facing and follows vastu principles which allows good natural light and ventilation. The property also overlooks a garden and park area which adds a peaceful and pleasant atmosphere to the home.Property SpecificationsThe apartment consists of three bedrooms and three bathrooms designed to offer comfort and privacy for all family members. Two balconies are available which provide fresh air and outdoor space for relaxation. The living area is spacious and suitable for family gatherings and daily activities. In addition to the main rooms the flat also includes a study room puja room and a store room which add extra functionality to the property. The furnished setup allows residents to enjoy a ready to use living space with essential interior arrangements already in place.FacilityThe property provides important facilities required for comfortable residential living. The apartment comes with a furnished interior which helps residents settle in easily. The spacious layout and multiple additional rooms enhance convenience for daily use. The building environment is peaceful and suitable for families looking for a comfortable rental home. The balconies and garden facing view also improve ventilation and provide a pleasant living environment.LocalitySwagat City in Adalaj Gandhinagar is a well developed residential locality with good connectivity and access to daily conveniences. The area offers easy access to nearby markets schools hospitals and essential services which makes daily life comfortable for residents. The surrounding neighborhood is peaceful and family friendly while still being connected to important roads and transportation options. The garden and park view around the property further adds to the pleasant living experience in this location.,33000,,,14,3,,No,No,Yes,Laundry Service,False,True,Owner,66,Immediately,2026-04-06T23:33:09.000Z,"Apr 07, '26",True
RL1S0j6CvxJzpSvf+uAgZw==,Magicbricks,https://www.magicbricks.com/property-details/3-BHK-250-Sq-m-Residential-House-FOR-Rent-Sector-7-in-Gandhinagar&id=4d423636373132343339,2026-04-19 13:51:41,23.2102972,72.6432047,,Hardik Chauhan,"Gandhinagar, Gujarat",,,,Residential House,Semi-Furnished,Ground,2,West,250,Sq-m,New Construction,"nice locality You can find this 3 BHK rental house in the main area of Sector 7. The rent is ₹35,000 per month. The independent house is located on the ground floor which includes 3 bathrooms and 2 balcony. The house also has Puja Room, Study and Store. This house is situated at Sector 7, Gandhinagar, Gujarat.",35000,,,13,3,,No,No,No,,False,True,Agent,61,Immediately,2026-03-30T08:31:27.000Z,"Mar 30, '26",True
0c8cTwGdfalzpSvf+uAgZw==,Magicbricks,https://www.magicbricks.com/property-details/3-BHK-157-Sq-yrd-Residential-House-FOR-Rent-Kudasan-in-Gandhinagar&id=4d423833373435323037,2026-04-19 13:51:41,23.1698784,72.6232479,,Kudasan,vedika Exotica,,,,Residential House,Furnished,,,East,157,Sq-yrd,10 to 15 years,"this Property is east facing and fully fernished modular kitchen The 3 BHK house is currently available for rent in Kudasan. The house is avaliable at a monthly rent of ₹50,000. If you rent the house, you will have access to facilities like 2 Wardrobe, 2 Bed, 1 TV, Fridge, 1 AC, Sofa, Washing Machine and Gas Connection. The flooring in the house is made of vitrified. The house also provides Puja Room, Study and Store. The address of the house is vedika Exotica, Kudasan, Gandhinagar, Gujarat.",50000,100000,1500,35,2,,No,No,Yes,Visitor Parking,True,True,Agent,70,Immediately,2026-04-16T23:45:22.000Z,"Apr 17, '26",True
lo7b5MEo/VJzpSvf+uAgZw==,Magicbricks,https://www.magicbricks.com/property-details/2-BHK-1500-Sq-ft-Residential-House-FOR-Rent-Sector-28-in-Gandhinagar&id=4d423833383731363739,2026-04-19 13:51:41,23.2461966,72.6550302,,Sector 28,Kolawdanagar society,,,,Residential House,Semi-Furnished,,,South,1500,Sq-ft,5 to 10 years,"The property is situated at peacefull and lush green surrounding with ample place for parking. it is nearby to all amenities stores temple and parks. This 2 BHK rental house is located in a key location of Sector 28 area. The house is available at a monthly rental price of ₹16,000. This house is located at Kolawdanagar society, Sector 28, Gandhinagar, Gujarat.",16000,30000,0,11,2,,No,No,No,RO Water System,False,False,Owner,76,Immediately,2026-03-20T06:37:26.000Z,"Mar 20, '26",True
Bz6sn3PZa1BzpSvf+uAgZw==,Magicbricks,https://www.magicbricks.com/property-details/2-BHK-1200-Sq-ft-Residential-House-FOR-Rent-Pethapur-in-Gandhinagar&id=4d423736393631383231,2026-04-19 13:51:41,23.264967,72.6679214,,Pethapur,"4- Gajanand Residency, Nr- Parth Banglow, Pethapur cross road, Gandhinagar, Gujarat",,,,Residential House,Semi-Furnished,,,South,,,5 to 10 years,"You can find this 2 BHK house on rent in a good area of Pethapur. You will also have to pay a monthly rent of ₹13,500. 4- Gajanand Residency, Nr- Parth Banglow, Pethapur cross road, Gandhinagar, Gujarat, Pethapur, Gandhinagar, Gujarat is the address of the house.",13500,12500,250,,2,,No,No,No,,False,False,Owner,44,Immediately,2026-03-19T08:50:14.000Z,"Mar 19, '26",True
o8XFbBvv/5RzpSvf+uAgZw==,Magicbricks,https://www.magicbricks.com/property-details/2-BHK-110-Sq-yrd-Residential-House-FOR-Rent-Sector-2-in-Gandhinagar&id=4d423832393033333233,2026-04-19 13:51:41,23.200988,72.637292,,Shree Ram Real Estate,"Gandhinagar, Gujarat",,,,Residential House,Furnished,Ground,2,East,,,Less than 5 years,"Residential house is available for rent. It has a carpet area of 110 sq-yard, it is 2 BHK house, has total 2 floor facing East direction. Located in Sector 2, you can find the 2 BHK house available on rent. The monthly rental of the house is ₹32,000. The house is on the ground floor, has 1 bathrooms and 2 balcony. 2 Open parking facility is also available. The house flooring is made of normal tiles/kotah stone. The house also provides Store. The house is located at Sector 2, Gandhinagar, Gujarat.",32000,64000,0,,1,2 Open,No,No,No,,True,True,Agent,88,Immediately,2026-04-07T06:10:58.000Z,"Apr 07, '26",True
7Wz41elrjpJzpSvf+uAgZw==,Magicbricks,https://www.magicbricks.com/property-details/1-BHK-107-Sq-yrd-Residential-House-FOR-Rent-Sector-4-in-Gandhinagar&id=4d423833373631303231,2026-04-19 13:51:41,23.210833,72.622509,,Jay Ranchod Real Estate,"Gandhinagar, Gujarat",,,,Residential House,Semi-Furnished,,,East,107,Sq-yrd,Less than 5 years,"property niyar bay info city and gift city and school and hospital and market good location and locality This 1 BHK house is up for rent in the well-known Sector 4 area. You can find this house at rent of ₹13,000 per month. You will also find Puja Room, Store and Servant Room in the house. The house is located at Sector 4, Gandhinagar, Gujarat.",13000,26000,1000,13,1,,Yes,No,No,"Bar/Lounge, Outdoor Tennis Courts",True,True,Agent,78,Immediately,2026-03-13T06:25:49.000Z,"Mar 13, '26",True
2msmiX9+NTFzpSvf+uAgZw==,Magicbricks,https://www.magicbricks.com/property-details/1-BHK-110-Sq-yrd-Residential-House-FOR-Rent-Sector-2-in-Gandhinagar&id=4d423831313138323231,2026-04-19 13:51:41,23.200988,72.637292,,Shree Visat Estate,secto 2 near by infocity and tcs,,,,Residential House,Furnished,1,3,,110,Sq-yrd,New Construction,"Good location and bachelors are allowed Located in Sector 2, you can find the 1 BHK house available on rent. The house is available at the rent of ₹18,000 per month. The house is equipped with vitrified flooring. The house also has Store. This house is situated at secto 2 near by infocity and tcs, Sector 2, Gandhinagar, Gujarat.",18000,,,18,1,,No,No,No,,True,True,Agent,46,Immediately,2026-03-28T09:03:52.000Z,"Mar 28, '26",True
foKNqQ/wbUtzpSvf+uAgZw==,Magicbricks,https://www.magicbricks.com/property-details/1-BHK-107-Sq-yrd-Villa-FOR-Rent-Sector-2-in-Gandhinagar&id=4d423833373037343533,2026-04-19 13:51:41,23.200988,72.637292,,Jay Ranchod Real Estate,"Gandhinagar, Gujarat",,,,Villa,Semi-Furnished,,,East,107,Sq-yrd,Less than 5 years,good location and locality,15000,30000,1000,16,1,,Yes,No,No,"Bar/Lounge, Outdoor Tennis Courts",True,True,Agent,56,Immediately,2026-03-09T12:07:11.000Z,"Mar 09, '26",True
oXAmFLrXI3tzpSvf+uAgZw==,Magicbricks,https://www.magicbricks.com/property-details/1-BHK-90-Sq-yrd-Residential-House-FOR-Rent-Sector-3-in-Gandhinagar&id=4d423737343834353339,2026-04-19 13:51:41,23.2042405,72.6297181,,Sector 3,Sector 3,,,,Residential House,Unfurnished,Ground,3,East,90,Sq-yrd,5 to 10 years,"Residential house is available for rent. It has carpet area 90 sq-yard, it is 1 BHK house, has total 3 floor facing East direction. The 1 BHK house is currently available for rent in Sector 3. The house is available at a monthly rental price of ₹12,000. Located on the ground floor, the house comprises 1 bathrooms and 1 balcony. The house flooring is made of normal tiles/kotah stone. You will also find Puja Room in the house. This house is located at Sector 3, Sector 3, Gandhinagar, Gujarat.",12000,10000,0,15,1,,No,No,No,,True,True,Agent,93,Immediately,2026-04-07T06:13:54.000Z,"Apr 07, '26",True
bP0RqQ3MotxzpSvf+uAgZw==,Magicbricks,https://www.magicbricks.com/property-details/1-BHK-250-Sq-ft-Residential-House-FOR-Rent-Infocity-in-Gandhinagar&id=4d423731323430363331,2026-04-19 13:51:41,23.194097,72.629751,,Infocity,Sector 2B,,,,Residential House,Semi-Furnished,1,2,East,250,Sq-ft,Less than 5 years,"Luxurious Room available for rent for bachelors Located in Infocity, you can find the 1 BHK house available on rent. The monthly rent is a ₹13,000. The house is on the 1st floor, includes 1 bathrooms and 1 balcony. 2 Open parking facility is also available. The house flooring is made of normal tiles/kotah stone. There is also None of these in the house. This house is situated at Sector 2B, Infocity, Gandhinagar, Gujarat.",13000,9000,0,52,1,2 Open,No,No,No,,True,True,Agent,98,Immediately,2026-04-07T06:19:49.000Z,"Apr 07, '26",True
m0XDa9k1kk1zpSvf+uAgZw==,Magicbricks,https://www.magicbricks.com/property-details/1-BHK-110-Sq-ft-Residential-House-FOR-Rent-Sector-2-in-Gandhinagar&id=4d423833353336343639,2026-04-19 13:51:41,23.200988,72.637292,,Shree Visat Estate,sector 2.b,,,,Residential House,Furnished,,,,110,Sq-ft,New Construction,"bachelors allows You can find this 1 BHK rental house in the main area of Sector 2. The monthly rent is ₹20,000. You'll find vitrified flooring in the house. In addition, the house includes Puja Room and Store. sector 2.b, Sector 2, Gandhinagar, Gujarat is the address of the house.",20000,,,182,1,,No,No,No,,True,True,Agent,45,Immediately,2026-02-24T10:11:55.000Z,"Feb 24, '26",True
Nx7cgkgE3KtzpSvf+uAgZw==,Magicbricks,https://www.magicbricks.com/property-details/1-BHK-90-Sq-yrd-Residential-House-FOR-Rent-Sector-2-in-Gandhinagar&id=4d423735383830343239,2026-04-19 13:51:41,23.200988,72.637292,,Shree Ram Real Estate,Sector 2d.,,,,Residential House,Semi-Furnished,,,East,90,Sq-yrd,10 to 15 years,"Peaceful vicinity, near city centre, near main road. Situated in Sector 2, this 1 BHK individual house is currently available for rent out. The monthly rental of the house is ₹12,500. 1 Open parking facility is also available. This house is equipped with normal tiles/kotah stone flooring. The house also provides Study. This house is located at Sector 2d., Sector 2, Gandhinagar, Gujarat.",12500,12500,0,15,1,1 Open,No,No,No,,True,True,Agent,98,Immediately,2026-03-27T07:39:21.000Z,"Mar 27, '26",True
M03cfvWsNNZzpSvf+uAgZw==,Magicbricks,https://www.magicbricks.com/property-details/3-BHK-1650-Sq-ft-Residential-House-FOR-Rent-Infocity-in-Gandhinagar&id=4d423731323431343233,2026-04-19 13:51:41,23.194097,72.629751,,Infocity,Sector 2.,,,,Residential House,Furnished,1,3,East,1650,Sq-ft,Less than 5 years,"Luxurious house available for rent for bachelors This 3 BHK independent house for rent is located in Infocity. The monthly rent is ₹25,000. Located on the 1st floor, the house comprises 2 bathrooms and 3 balcony. You will also find 2 Open parking facility in the house. The house flooring is made of normal tiles/kotah stone. There is also Puja Room, Study and Store in the house. This house is situated at Sector 2., Infocity, Gandhinagar, Gujarat.",25000,25000,1000,15,2,2 Open,No,No,No,,True,True,Agent,100,Immediately,2026-04-07T06:05:50.000Z,"Apr 07, '26",True
bNPTyIiilRhzpSvf+uAgZw==,Magicbricks,https://www.magicbricks.com/property-details/3-BHK-2500-Sq-ft-Villa-FOR-Rent-Vavol-in-Gandhinagar&id=4d423739333038363431,2026-04-19 13:51:41,23.2248961,72.619552,,Vavol,"Akshar Villa Bungalow,New Vavol",,,,Villa,Furnished,,,East,2500,Sq-ft,Less than 5 years,Best Location And Locality,35000,70000,,14,3,,No,No,No,"Air Conditioned, Laundry Service, Banquet Hall, Jogging and Strolling Track",False,True,Agent,78,Immediately,2026-02-19T14:57:37.000Z,"Feb 19, '26",True
DR9ivvjzXqFzpSvf+uAgZw==,Magicbricks,https://www.magicbricks.com/property-details/3-BHK-2465-Sq-ft-Villa-FOR-Rent-Sector-2-in-Gandhinagar&id=4d423635353739363433,2026-04-19 13:51:41,23.200988,72.637292,,Gandhinagar Real Estate,sector 2d,,,,Villa,Furnished,,,North - East,2465,Sq-ft,5 to 10 years,this property is near by Tcs and nift uid good location in this laxurish banglo full furnish laxurish banglo all good location in car parking,40000,80000,0,16,3,,No,No,No,"Air Conditioned, Banquet Hall, Bar/Lounge, Jogging and Strolling Track",False,True,Agent,83,Immediately,2026-04-05T12:56:16.000Z,"Apr 05, '26",True
v0zIIrvsGTZzpSvf+uAgZw==,Magicbricks,https://www.magicbricks.com/property-details/3-BHK-250-Sq-yrd-Residential-House-FOR-Rent-Sargasan-in-Gandhinagar&id=4d423834313630393733,2026-04-19 13:51:41,23.1848805,72.615856,,Sargasan,Siddhi Vinayak Bunglow Near Sargasan Cross Road Sargasan  Gandhinagar,,,,Residential House,Furnished,,,North - East,250,Sq-yrd,Less than 5 years,"Grand Location, Luxurious Farnichar, Maintain Propati, Silent Area, Pure Air, Valtination Good Locality in society Near Sargasan Cross road Sargasan Gandhinagar Check out this 3 BHK house available for rent in the popular location of Sargasan. The monthly rent of the property is ₹35,000. There is also Puja Room, Study and Store in the house. The house is located at Siddhi Vinayak Bunglow Near Sargasan Cross Road Sargasan Gandhinagar, Sargasan, Gandhinagar, Gujarat.",35000,70000,100,16,4,,No,No,No,"Air Conditioned, Banquet Hall, Bar/Lounge, Jogging and Strolling Track",False,True,Agent,77,Immediately,2026-04-09T09:27:44.000Z,"Apr 09, '26",True
GzRgQSYqMD1zpSvf+uAgZw==,Magicbricks,https://www.magicbricks.com/property-details/3-BHK-190-Sq-ft-Residential-House-FOR-Rent-Sector-8-in-Gandhinagar&id=4d423735333836313739,2026-04-19 13:51:41,23.205134,72.651818,,Shree Ram Real Estate,sector 8,,,,Residential House,Semi-Furnished,,,East,190,Sq-ft,5 to 10 years,"Located in the centre of Gandhinagar The 3 BHK house is currently available for rent in Sector 8. The monthly rent is a ₹30,000. 1 Open parking space is also available in the house. You'll find normal tiles/kotah stone flooring in the house. You will also find None of these in the house. The address of this house is sector 8, Sector 8, Gandhinagar, Gujarat.",30000,30000,0,158,3,1 Open,No,No,No,,True,True,Agent,100,Immediately,2026-04-07T06:18:14.000Z,"Apr 07, '26",True
mDvC2N9UeQpzpSvf+uAgZw==,Magicbricks,https://www.magicbricks.com/property-details/3-BHK-1600-Sq-ft-Villa-FOR-Rent-Randesan-in-Gandhinagar&id=4d423634333832393835,2026-04-19 13:51:41,23.17588,72.65443,,Randesan,Nr City Pulse Cinema,,,,Villa,Semi-Furnished,,,West,1600,Sq-ft,5 to 10 years,"3 BHK, Villa is available for Rent in Randesan, Gandhinagar for 31,000",31000,50000,,19,3,,No,No,Yes,Jogging and Strolling Track,False,False,Owner,76,Immediately,2026-03-08T08:46:50.000Z,"Mar 08, '26",True
/ZKXJ27oKn9zpSvf+uAgZw==,Magicbricks,https://www.magicbricks.com/property-details/2-BHK-2350-Sq-ft-Residential-House-FOR-Rent-Sector-4-in-Gandhinagar&id=4d423833333634373131,2026-04-19 13:51:41,23.210833,72.622509,,Sanjay P Pandya,9841.,,,,Residential House,Semi-Furnished,,,East,2350,Sq-ft,5 to 10 years,"huge balcony This 2 BHK rental house is located in a key location of Sector 4 area. The house is avaliable at a monthly rent of ₹21,000. This house is situated at 9841., Sector 4, Gandhinagar, Gujarat.",21000,60000,0,9,2,,No,No,No,"Laundry Service, Jogging and Strolling Track",False,False,Owner,58,Immediately,2026-03-21T22:30:40.000Z,"Mar 22, '26",True
+c4EWEB6g+5zpSvf+uAgZw==,Magicbricks,https://www.magicbricks.com/property-details/2-BHK-150-Sq-yrd-Villa-FOR-Rent-Sector-20-in-Gandhinagar&id=4d423534383635393633,2026-04-19 13:51:41,23.206484,72.6454506,,Jaydeep,"Gandhinagar, Gujarat",,,,Villa,Semi-Furnished,,,,150,Sq-yrd,,"2 BHK, Villa is available for Rent in Sector 20, Gandhinagar for 25,000",25000,,,19,1,,No,No,No,,False,False,Owner,28,Immediately,2026-02-15T21:30:37.000Z,"Feb 16, '26",True
vqRN+QZdsUZzpSvf+uAgZw==,Magicbricks,https://www.magicbricks.com/property-details/2-BHK-656-Sq-yrd-Villa-FOR-Rent-Dahegam-Lavad-Road-in-Gandhinagar&id=4d423833333137303333,2026-04-19 13:51:41,23.1648833623743,72.8251541290687,,Dahegam Lavad Road,"66,Good Times, Near Raksha Shakti University",,,,Villa,Furnished,,,West,656,Sq-yrd,New Construction,Fully Furnished With properly maintained private garden,30000,,,5,2,,No,No,No,"Laundry Service, Banquet Hall, Jogging and Strolling Track, Outdoor Tennis Courts",False,False,Owner,78,Immediately,2026-02-08T11:42:59.000Z,"Feb 08, '26",True
6533glyquTdzpSvf+uAgZw==,Magicbricks,https://www.magicbricks.com/property-details/3-BHK-250-Sq-yrd-Villa-FOR-Rent-Randesan-in-Gandhinagar&id=4d423833383236303035,2026-04-19 13:51:41,23.17588,72.65443,,Randesan,"Gandhinagar, Gujarat",,,,Villa,Furnished,,,North - East,,,5 to 10 years,"3 BHK, Villa is available for Rent in Randesan, Gandhinagar for 50,000",50000,100000,,19,3,"1 Covered, 1 Open",No,No,No,,False,True,Agent,83,Immediately,2026-04-18T23:45:34.000Z,Today,True
yWMlfZsTA4ZzpSvf+uAgZw==,Magicbricks,https://www.magicbricks.com/property-details/3-BHK-2065-Sq-ft-Villa-FOR-Rent-Sector-2-in-Gandhinagar&id=4d423634353136363637,2026-04-19 13:51:41,23.200988,72.637292,,Gandhinagar Real Estate,sector 2d,,,,Villa,Unfurnished,,,North - East,2065,Sq-ft,10 to 15 years,this property is near by Tcs and uid good location in this house full furnish laxurish banglo on rent in near by area parking are good all market shop near by,45000,80000,0,22,3,,No,No,No,"Air Conditioned, Banquet Hall, Bar/Lounge, Jogging and Strolling Track",False,True,Agent,78,Immediately,2026-02-19T08:33:20.000Z,"Feb 19, '26",True
ZAqQ7kdx5OJzpSvf+uAgZw==,Magicbricks,https://www.magicbricks.com/property-details/3-BHK-965-Sq-ft-Residential-House-FOR-Rent-in-Gandhinagar&id=4d423832393539353839,2026-04-19 13:51:41,,,,L Chhaya,Gandhinagar Chiloda.,,,,Residential House,Semi-Furnished,,,,965,Sq-ft,New Construction,"A residential house is available for rent. It is a good location. Please contact for more details. Check out this 3 BHK house for rent in locality. The monthly rental of the house is ₹25,000. 3 Wardrobe, 3 Bed and Sofa are some of the additional amenities available with the house.",25000,25000,,26,3,,No,No,No,,False,False,Owner,55,Immediately,2026-03-19T13:11:07.000Z,"Mar 19, '26",True
oRF2cue3gN9zpSvf+uAgZw==,Magicbricks,https://www.magicbricks.com/property-details/3-BHK-135-Sq-yrd-Villa-FOR-Rent-Uvarsad-in-Gandhinagar&id=4d423833333734323735,2026-04-19 13:51:41,23.209984,72.587686,,Anand,"Gandhinagar, Gujarat",,,,Villa,Semi-Furnished,,,,135,Sq-yrd,,"3 BHK, Villa is available for Rent in Uvarsad, Gandhinagar for 32,000",32000,,,26,3,,No,No,No,,False,False,Owner,0,Immediately,2026-02-12T09:02:47.000Z,"Feb 12, '26",True
QbyFNlfR2FlzpSvf+uAgZw==,Magicbricks,https://www.magicbricks.com/property-details/3-BHK-1400-Sq-ft-Residential-House-FOR-Rent-Raysan-in-Gandhinagar&id=4d423833353039363035,2026-04-19 13:51:41,23.16672,72.66059,,Raysan,Sarthak homes Raysan PDPU road Near gift city,19210|GNLU Metro Station|5 minutes,,,Residential House,Semi-Furnished,,,East,,,5 to 10 years,"Situated in Raysan, this 3 BHK individual house is currently available for rent out. The monthly rent is ₹30,000. This house is located at 19, PDPU Rd, Raysan, Gandhinagar, Gujarat .",30000,,1600,,2,,No,No,No,,False,False,Owner,68,Immediately,2026-02-22T07:03:31.000Z,"Feb 22, '26",True
JjUrf2Om+6VzpSvf+uAgZw==,Magicbricks,https://www.magicbricks.com/property-details/4-BHK-3948-Sq-ft-Villa-FOR-Rent-in-Gandhinagar&id=4d423834323732353337,2026-04-19 13:51:41,23.22597851,72.73442723,,Chiloda,chiloda circle near bsf,,382355,,Villa,Unfurnished,,,North - West,3948,Sq-ft,New Construction,"4 bhk Bungalow Available for rent in jeet Residency, mota chiloda",25000,50000,1500,6,3,,Yes,No,No,"Service/Goods Lift, Air Conditioned, RO Water System",True,True,Agent,85,Immediately,2026-04-16T18:29:34.000Z,"Apr 16, '26",True
pkHQ9uznizdzpSvf+uAgZw==,Magicbricks,https://www.magicbricks.com/property-details/4-BHK-1820-Sq-ft-Villa-FOR-Rent-Vavol-in-Gandhinagar&id=4d423739383438393633,2026-04-19 13:51:41,23.2248961,72.619552,,Vavol,"Near Divya Green Party Plot,New Vavol",,,,Villa,Semi-Furnished,,,East,1820,Sq-ft,Less than 5 years,Best Location And Locality,18000,18000,1500,10,4,,No,No,No,"Intercom Facility, Laundry Service, Conference Room, Jogging and Strolling Track",False,True,Agent,83,Immediately,2026-02-19T14:57:55.000Z,"Feb 19, '26",True
w+Ybk6f1E65zpSvf+uAgZw==,Magicbricks,https://www.magicbricks.com/property-details/4-BHK-169-Sq-yrd-Villa-FOR-Rent-Sargasan-in-Gandhinagar&id=4d423834303838393037,2026-04-19 13:51:41,23.1848805,72.615856,,Sargasan,"Gandhinagar, Gujarat",,,,Villa,Semi-Furnished,,,East,169,Sq-yrd,5 to 10 years,good location and good locality,23000,46000,1000,15,4,,Yes,No,No,"Service/Goods Lift, Laundry Service, Banquet Hall, Bar/Lounge",True,True,Agent,80,Immediately,2026-04-05T12:02:20.000Z,"Apr 05, '26",True
wy5Kc3+XHZhzpSvf+uAgZw==,Magicbricks,https://www.magicbricks.com/property-details/4-BHK-2000-Sq-ft-Residential-House-FOR-Rent-Raysan-in-Gandhinagar&id=4d423732343033343937,2026-04-19 13:51:41,23.16672,72.66059,,Raysan,pdpo road Raysan,19210|GNLU Metro Station,,,Residential House,Semi-Furnished,,,East,2000,Sq-ft,Less than 5 years,"nice location near road. The 4 BHK house is currently available for rent in Raysan. You can find this house at rent of ₹25,000 per month. The house includes 2 Covered parking. This house is equipped with mosaic, vitrified, wooden, ceramic tiles, marble, normal tiles/kotah stone, granite, marbonite flooring. You will also find Puja Room, Study and Store in the house.",25000,50000,1500,12,4,2 Covered,Yes,No,No,Jogging and Strolling Track,True,True,Agent,100,Immediately,2026-03-25T22:58:13.000Z,"Mar 26, '26",True
44m9ivfdmBRzpSvf+uAgZw==,Magicbricks,https://www.magicbricks.com/property-details/4-BHK-1500-Sq-ft-Villa-FOR-Rent-Sargasan-in-Gandhinagar&id=4d423832373737343835,2026-04-19 13:51:41,23.1848805,72.615856,,Sargasan,"Gandhinagar, Gujarat",,,,Villa,Semi-Furnished,,,,1500,Sq-ft,,"4 BHK, Villa is available for Rent in Sargasan, Gandhinagar for 25,000",25000,,,17,4,,No,No,No,,False,False,Owner,0,Immediately,2026-03-20T16:12:13.000Z,"Mar 20, '26",True
d71/vsc61jxzpSvf+uAgZw==,Magicbricks,https://www.magicbricks.com/property-details/4-BHK-135-Sq-ft-Residential-House-FOR-Rent-Sector-4-in-Gandhinagar&id=4d423832333931353633,2026-04-19 13:51:41,23.210833,72.622509,,Maa Real Estate,sector 4,,,,Residential House,Semi-Furnished,,,North - East,135,Sq-ft,New Construction,"good property You can find this 4 BHK rental house in the main area of Sector 4. The rent is ₹25,000 per month. 1 Covered parking space is also available in the house. The house is fitted with vitrified flooring. In addition, the house includes Puja Room, Store, Study and Servant Room. This house is situated at sector 4, Sector 4, Gandhinagar, Gujarat.",25000,25000,0,185,3,1 Covered,No,No,No,"Air Conditioned, Banquet Hall, Bar/Lounge, Jogging and Strolling Track",False,True,Agent,95,Immediately,2026-04-16T23:45:21.000Z,"Apr 17, '26",True
q+tFtNRmOzZzpSvf+uAgZw==,Magicbricks,https://www.magicbricks.com/property-details/4-BHK-3240-Sq-ft-Villa-FOR-Rent-Sargasan-in-Gandhinagar&id=4d423730353830333239,2026-04-19 13:51:41,23.1848805,72.615856,,Sargasan,"Gandhinagar, Gujarat",,,,Villa,Furnished,,,,3240,Sq-ft,,"4 BHK, Villa is available for Rent in Sargasan, Gandhinagar for 25,000",25000,,,8,4,,No,No,No,,False,False,Owner,0,Immediately,2026-03-04T16:37:20.000Z,"Mar 04, '26",True
aqJ8AWc4zzNzpSvf+uAgZw==,Magicbricks,https://www.magicbricks.com/property-details/4-BHK-254-Sq-yrd-Residential-House-FOR-Rent-Sargasan-in-Gandhinagar&id=4d423833363036333733,2026-04-19 13:51:41,23.1848805,72.615856,,Sargasan,"25 Parijat Homes, KH 0, Sargasan Cross Road, Gandhinagar",,,,Residential House,Furnished,,,,254,Sq-yrd,10 to 15 years,"This 4 BHK rental house is located in a key location of Sargasan area. You can find this house at rent of ₹22,000 per month. The address of the house is Parijat Homes Rd, Gandhinagar, Gujarat .",22000,46000,1000,10,4,,No,No,No,,False,False,Owner,60,Immediately,2026-03-01T13:11:08.000Z,"Mar 01, '26",True
T46mUb92JCZzpSvf+uAgZw==,Magicbricks,https://www.magicbricks.com/property-details/4-BHK-210-Sq-ft-Residential-House-FOR-Rent-Sector-5-in-Gandhinagar&id=4d423734353535393535,2026-04-19 13:51:41,23.2172625,72.628422,,Smart Girls PG,"Gandhinagar, Gujarat",,,,Residential House,Unfurnished,1,2,,210,Sq-ft,New Construction,"We are launching new Girls PG for girls from 112 24. Which can be very low budget in Gandhinagar. With meals and with cooking facilities This 4 BHK rental house is located in a key location of Sector 5 area. The house is available at the rent of ₹7,000 per month. The independent house is located on the 1st floor which includes 2 bathrooms and 2 balcony. The house also has None of these. The address of the house is Sector 5, Gandhinagar, Gujarat.",7000,,,33,2,,No,No,No,"Visitor Parking, Laundry Service, Internet/Wi-Fi Connectivity, RO Water System",False,False,Owner,62,Immediately,2026-04-13T08:58:03.000Z,"Apr 13, '26",True
nkN07riglEdzpSvf+uAgZw==,Magicbricks,https://www.magicbricks.com/property-details/4-BHK-180-Sq-yrd-Villa-FOR-Rent-Raysan-in-Gandhinagar&id=4d423834303839333639,2026-04-19 13:51:41,23.16672,72.66059,,Raysan,"Gandhinagar, Gujarat",19210|GNLU Metro Station,,,Villa,Semi-Furnished,,,East,180,Sq-yrd,Less than 5 years,good location and good locality,25000,50000,1000,15,3,,Yes,No,No,"Service/Goods Lift, Laundry Service, RO Water System, Banquet Hall",True,True,Agent,80,Immediately,2026-04-05T12:47:34.000Z,"Apr 05, '26",True
GdVukNaJngtzpSvf+uAgZw==,Magicbricks,https://www.magicbricks.com/property-details/4-BHK-285-Sq-yrd-Villa-FOR-Rent-PDPU-Road-in-Gandhinagar&id=4d423732343634303731,2026-04-19 13:51:41,23.1540460891807,72.6665273263145,,Shree Ram Property  Solution,pDPU,,,,Villa,Unfurnished,,,East,285,Sq-yrd,Less than 5 years,this property is new construction well maintained property allowed parking fix many imenites available 24 h security and water line,25000,50000,1500,10,5,1 Open,Yes,No,No,"Service/Goods Lift, Laundry Service, Conference Room, Outdoor Tennis Courts",True,True,Agent,100,Immediately,2026-03-25T22:54:05.000Z,"Mar 26, '26",True
iqsz4Q8/b4tzpSvf+uAgZw==,Magicbricks,https://www.magicbricks.com/property-details/4-BHK-1620-Sq-ft-Villa-FOR-Rent-PDPU-Road-in-Gandhinagar&id=4d423732343130313437,2026-04-19 13:51:41,23.1540460891807,72.6665273263145,,Shree Ram Property  Solution,25.,,,,Villa,Unfurnished,,,East,1620,Sq-ft,Less than 5 years,best location Near pdpu road good condition bunglow this is good propaty nice locasion,22000,44000,1500,14,5,1 Open,No,No,No,,True,True,Agent,100,Immediately,2026-03-24T07:30:21.000Z,"Mar 24, '26",True
UU519dzVfsJzpSvf+uAgZw==,Magicbricks,https://www.magicbricks.com/property-details/4-BHK-350-Sq-yrd-Villa-FOR-Rent-Raysan-in-Gandhinagar&id=4d423833393034303833,2026-04-19 13:51:41,23.16672,72.66059,,Raysan,gandhinagar Rayasan gift city,19210|GNLU Metro Station,,,Villa,Semi-Furnished,,,East,350,Sq-yrd,Less than 5 years,this is nice location near you gandhinagar bank,25000,50000,1500,8,4,2 Open,No,No,No,"Air Conditioned, Banquet Hall, Bar/Lounge, Jogging and Strolling Track",True,True,Agent,80,Immediately,2026-03-22T20:54:27.000Z,"Mar 23, '26",True
h4/AG/BSaRdzpSvf+uAgZw==,Magicbricks,https://www.magicbricks.com/property-details/4-BHK-3480-Sq-ft-Residential-House-FOR-Rent-Kudasan-in-Gandhinagar&id=4d423832373638303231,2026-04-19 13:51:41,23.1698784,72.6232479,,Kudasan,4bhk,,,,Residential House,Furnished,,,,3480,Sq-ft,New Construction,"The 4 BHK house is currently available for rent in Kudasan. The house is available at a monthly rental price of ₹40,000. This house is situated at Kudasan,Vavol, Gandhinagar.",40000,40000,300,11,4,,No,No,No,,False,True,Agent,60,Immediately,2026-04-17T23:45:20.000Z,Yesterday,True
BFXWMeIwSWRzpSvf+uAgZw==,Magicbricks,https://www.magicbricks.com/property-details/4-BHK-350-Sq-yrd-Villa-FOR-Rent-Khoraj-in-Gandhinagar&id=4d423831323039363037,2026-04-19 13:51:41,23.1532438,72.554934,,Khoraj,"Near Sentossa Greens Bunglows Khoraj, Sarkhej - Gandhinagar Hwy, Ahmedabad, Gujarat",,,,Villa,Semi-Furnished,,,East,350,Sq-yrd,Less than 5 years,4 bhk semi furniture bungalow on rent gandhinagar khoraj good locality near by very nice bungalow,30000,60000,0,10,4,"2 Covered, 1 Open",No,No,No,,False,True,Agent,95,Immediately,2026-04-18T23:45:33.000Z,Today,True
cN5lKBVo2g1zpSvf+uAgZw==,Magicbricks,https://www.magicbricks.com/property-details/4-BHK-250-Sq-yrd-Villa-FOR-Rent-Raysan-in-Gandhinagar&id=4d423735333731333239,2026-04-19 13:51:41,23.16672,72.66059,,Raysan,Vedika exotica.,19210|GNLU Metro Station,,,Villa,Unfurnished,,,East,250,Sq-yrd,5 to 10 years,This is well maintained 4 bungalow along with big size garden and road facing located at PDPU road. available only for family.,32000,32000,0,14,4,1 Covered,No,No,Yes,Jogging and Strolling Track,False,True,Agent,100,Immediately,2026-04-16T23:45:20.000Z,"Apr 17, '26",True
DI8fpZS2JI5zpSvf+uAgZw==,Magicbricks,https://www.magicbricks.com/property-details/4-BHK-178-Sq-yrd-Residential-House-FOR-Rent-Sargasan-in-Gandhinagar&id=4d423635363433373239,2026-04-19 13:51:41,23.1848805,72.615856,,Sargasan,"Behind Pramukh Greens Party Plot, Pramukh Parisar Road, KH Rd, Sargasan, Gandhinagar, Gujarat",,,,Residential House,Unfurnished,Ground,2,East,178,Sq-yrd,Less than 5 years,Pramukh Parisar Villa ensures a coveted lifestyle and offers a convenient living. It offers facilities such as Gymnasium. Sports enthusiasts can also make the most of Cycling Jogging Track. There is 24x7 Security.,29000,58000,0,18,4,"1 Covered, 1 Open",No,No,No,,False,True,Agent,100,Immediately,2026-04-17T23:45:19.000Z,Yesterday,True
Q2eHAEqV22JzpSvf+uAgZw==,Magicbricks,https://www.magicbricks.com/property-details/4-BHK-250-Sq-yrd-Villa-FOR-Rent-Sargasan-in-Gandhinagar&id=4d423833333838343235,2026-04-19 13:51:41,23.1848805,72.615856,,Sargasan,"KH Rd, Sargasan, Gandhinagar, Gujarat",,,,Villa,Semi-Furnished,,,East,250,Sq-yrd,5 to 10 years,Available On Rent 4bhk Bunglow In Sargasan near by Kh Road Sargasan only family Member Allowed Semi Furnished Bunglow,35000,70000,1500,16,4,"1 Covered, 1 Open",No,No,No,,True,True,Agent,100,Immediately,2026-04-16T23:45:22.000Z,"Apr 17, '26",True
EQbSm8HH0MVzpSvf+uAgZw==,Magicbricks,https://www.magicbricks.com/property-details/4-BHK-2187-Sq-ft-Villa-FOR-Rent-Sargasan-in-Gandhinagar&id=4d423834323738313839,2026-04-19 13:51:41,23.1848805,72.615856,,Sargasan,sargasan,,,,Villa,Furnished,,,West,2187,Sq-ft,5 to 10 years,corner Proprty,30000,,,14,3,,No,No,Yes,Visitor Parking,False,True,Agent,71,Immediately,2026-04-17T07:13:25.000Z,"Apr 17, '26",True
22ocxBIa4DJzpSvf+uAgZw==,Magicbricks,https://www.magicbricks.com/property-details/4-BHK-250-Sq-yrd-Villa-FOR-Rent-Randesan-in-Gandhinagar&id=4d423834303838393735,2026-04-19 13:51:41,23.17588,72.65443,,Randesan,"Gandhinagar, Gujarat",,,,Villa,Semi-Furnished,,,East,250,Sq-yrd,5 to 10 years,good location and good locality,35000,70000,1000,16,4,,No,No,No,"Laundry Service, Banquet Hall",True,True,Agent,80,Immediately,2026-04-05T12:08:29.000Z,"Apr 05, '26",True
5ymSosuIc3tzpSvf+uAgZw==,Magicbricks,https://www.magicbricks.com/property-details/4-BHK-2210-Sq-ft-Villa-FOR-Rent-in-Gandhinagar&id=4d423833323832323831,2026-04-19 13:51:41,,,,Best Boy Realtors,"pramukh residency.Near City Pulse Theatre ,Radesan , Gadhinagar,Gujarat,382426",,,,Villa,Semi-Furnished,,,East,2210,Sq-ft,5 to 10 years,"4 BHK, Villa is available for Rent in , Gandhinagar for 28,000",28000,28000,1500,13,4,,Yes,No,No,"Service/Goods Lift, Banquet Hall, Jogging and Strolling Track, Outdoor Tennis Courts",True,True,Agent,75,Immediately,2026-04-09T08:02:45.000Z,"Apr 09, '26",True
QWWPLwe++0xzpSvf+uAgZw==,Magicbricks,https://www.magicbricks.com/property-details/4-BHK-320-Sq-yrd-Villa-FOR-Rent-Gandhinagar-in-Gandhinagar&id=4d423737363130363131,2026-04-19 13:51:41,23.0395677,72.5660045,,Gandhinagar,Gandhinagar Rayasan gift city,,,,Villa,Furnished,,,East,320,Sq-yrd,New Construction,"This property is new construction, well maintained property, allowed parking fix, many amenities available, 24h security and water line.",40000,80000,1500,14,4,1 Open,No,No,No,"Air Conditioned, Banquet Hall, Bar/Lounge, Jogging and Strolling Track",True,True,Agent,100,Immediately,2026-03-25T22:50:57.000Z,"Mar 26, '26",True
Xbb6mPupnApzpSvf+uAgZw==,Magicbricks,https://www.magicbricks.com/property-details/4-BHK-90-Sq-yrd-Residential-House-FOR-Rent-Sector-2-in-Gandhinagar&id=4d423733363332303833,2026-04-19 13:51:41,23.200988,72.637292,,Shree Ram Real Estate,Sector 3.,,,,Residential House,Furnished,,,East,90,Sq-yrd,5 to 10 years,"Sector 3............................................... The 4 BHK house is currently available for rent in Sector 2. You will also have to pay a monthly rent of ₹30,000. The house includes 2 Open parking. The house comes with normal tiles/kotah stone flooring. The house also provides Study and Servant Room. The address of the house is Sector 3., Sector 2, Gandhinagar, Gujarat.",30000,60000,0,37,2,2 Open,No,No,No,Air Conditioned,True,True,Agent,95,Immediately,2026-04-07T06:17:46.000Z,"Apr 07, '26",True
NioHLDkCKghzpSvf+uAgZw==,Magicbricks,https://www.magicbricks.com/property-details/4-BHK-330-Sq-ft-Villa-FOR-Rent-Kudasan-in-Gandhinagar&id=4d423833323135373839,2026-04-19 13:51:41,23.1698784,72.6232479,,Kudasan,kudasan,,,,Villa,Semi-Furnished,,,North - East,330,Sq-ft,10 to 15 years,"Near Surbhi Exotica, Opposite Radhe Greenz So NID Campus, Opposite Fun World to NID Campus Ring Road, kudasan",28000,56000,,85,3,"1 Covered, 2 Open",No,No,No,,True,True,Agent,98,Immediately,2026-02-27T01:30:22.000Z,"Feb 27, '26",True
U8w850aqLRVzpSvf+uAgZw==,Magicbricks,https://www.magicbricks.com/property-details/4-BHK-2394-Sq-ft-Residential-House-FOR-Rent-Raysan-in-Gandhinagar&id=4d423833383235383339,2026-04-19 13:51:41,23.16672,72.66059,,Raysan,"Shivanta Castle, PDPU Rd, beside Poonam Recreation and Cultural Club, Raysan, Gujarat",19210|GNLU Metro Station|5 minutes,,,Residential House,Semi-Furnished,,,East,2394,Sq-ft,Less than 5 years,"Check out this 4 BHK house for rent in locality. The rent is ₹26,500 per month. You will also find 1 Covered, 1 Open parking facility in the house. Additional amenities are available with the house like 3 Wardrobe, 3 Bed, 1 AC, Sofa and Gas Connection. You'll find ceramic tiles, granite, marble, marbonite, mosaic, normal tiles/kotah stone, vitrified, wooden flooring in the house. The house also has Study and Store. The address of the house is Shivanta Castle, PDPU Rd, beside Poonam Recreation and Cultural Club, Raysan, Gujarat .",26500,26500,0,11,3,"1 Covered, 1 Open",No,No,Yes,Jogging and Strolling Track,False,True,Agent,98,Immediately,2026-03-17T12:34:11.000Z,"Mar 17, '26",True
jiOO2j9H8aJzpSvf+uAgZw==,Magicbricks,https://www.magicbricks.com/property-details/4-BHK-2000-Sq-ft-Villa-FOR-Rent-in-Gandhinagar&id=4d423834303638373337,2026-04-19 13:51:41,23.22597851,72.73442723,,Chiloda,jeet city Mota chiloda circle,,382355,,Villa,Semi-Furnished,,,North,2000,Sq-ft,New Construction,"4 BHK BUNGALOW FOR RENT with modual kitchen with service table, fans , lights, bed , curtain rods near iit gandhinagar and gift city, military station",30000,,,15,3,,Yes,No,No,"Service/Goods Lift, Visitor Parking",False,False,Owner,73,Immediately,2026-04-04T06:21:16.000Z,"Apr 04, '26",True
1yDviXHQT5hzpSvf+uAgZw==,Magicbricks,https://www.magicbricks.com/property-details/4-BHK-2628-Sq-ft-Villa-FOR-Rent-Sughad-in-Gandhinagar&id=4d423832343433303133,2026-04-19 13:51:41,23.1213755,72.6224208,,Sughad,"Sughad, Gandhinagar",,,,Villa,Semi-Furnished,,,East,2628,Sq-ft,5 to 10 years,"4 BHK, Villa is available for Rent in Sughad, Gandhinagar for 27,000",27000,,,10,4,,No,No,Yes,Jogging and Strolling Track,False,False,Owner,58,Immediately,2026-03-15T17:48:24.000Z,"Mar 15, '26",True
FfP6awV0LT5zpSvf+uAgZw==,Magicbricks,https://www.magicbricks.com/property-details/4-BHK-134-Sq-m-Residential-House-FOR-Rent-Sector-4-in-Gandhinagar&id=4d423831343131343535,2026-04-19 13:51:41,23.210833,72.622509,,ARJUN,"Gandhinagar, Gujarat",,,,Residential House,Semi-Furnished,,,,134,Sq-m,10 to 15 years,"You can find this 4 BHK house on rent in a good area of Sector 4. The monthly rent of the independent house is ₹31,000. This house is located at Sector 4, Gandhinagar, Gujarat.",31000,31000,0,21,2,,No,No,No,,False,False,Owner,32,Immediately,2026-02-17T13:58:09.000Z,"Feb 17, '26",True
l/B0748up2JzpSvf+uAgZw==,Magicbricks,https://www.magicbricks.com/property-details/4-BHK-3200-Sq-ft-Residential-House-FOR-Rent-Sargasan-in-Gandhinagar&id=4d423831303531323531,2026-04-19 13:51:41,23.1848805,72.615856,,Sargasan,"Gandhinagar, Gujarat",,,,Residential House,Furnished,,,,3200,Sq-ft,5 to 10 years,Property HighlightsSpacious 4BHK independent house in a peaceful gated societyLocated in a serene bungalow complex with park temple insideExcellent natural light ventilation Lifestyle ConnectivityDaily essentials at your doorstep vegetable market shops nearbyReputed school in close vicinityExcellent connectivity to main road highway,32000,60000,1000,10,3,,No,No,No,,False,False,Owner,59,Immediately,2026-02-23T13:40:56.000Z,"Feb 23, '26",True
SfqkVHXST/RzpSvf+uAgZw==,Magicbricks,https://www.magicbricks.com/property-details/4-BHK-200-Sq-m-Residential-House-FOR-Rent-Sector-2-in-Gandhinagar&id=4d423833393833373635,2026-04-19 13:51:41,23.200988,72.637292,,Satish,"Near ch 0 circle, opp metro, behind ch0 nursery, Sector 2A",,,,Residential House,Semi-Furnished,,,East,200,Sq-m,Less than 5 years,"png gas pipeline, covering shed, parking space for 2 cars, open greenery outside,near metro station, gift city, Infocity, TCS it park, NIFT Located in Sector 2, you can find the 4 BHK house available on rent. The monthly rent is a ₹40,000. The house also provides Puja Room and Store. The address of this house is Near ch 0 circle, opp metro, behind ch0 nursery, Sector 2A, Sector 2, Gandhinagar, Gujarat.",40000,,,19,2,,No,No,No,,False,False,Owner,43,Select Date,2026-03-29T07:03:46.000Z,"Mar 29, '26",True
WU8GkfJTdmtzpSvf+uAgZw==,Magicbricks,https://www.magicbricks.com/property-details/4-BHK-410-Sq-yrd-Villa-FOR-Rent-Kudasan-in-Gandhinagar&id=4d423432343837363335,2026-04-19 13:51:41,23.1698784,72.6232479,,Kudasan,"Gandhinagar, Gujarat",,,,Villa,Furnished,,,East,410,Sq-yrd,Less than 5 years,"A 3 storeyed Villa is located in Kudasan, city. Great investment for family purpose as the space is airy and has friendly neighbourhood. Major key facilities are located nearby.",30000,,,8,4,,No,No,No,"Air Conditioned, RO Water System, Jogging and Strolling Track, Outdoor Tennis Courts",False,False,Owner,73,Immediately,2026-04-04T22:30:38.000Z,"Apr 05, '26",True
tzfEGfQChS5zpSvf+uAgZw==,Magicbricks,https://www.magicbricks.com/property-details/4-BHK-900-Sq-ft-Residential-House-FOR-Rent-Raysan-in-Gandhinagar&id=4d423832363334383839,2026-04-19 13:51:41,23.16672,72.66059,,Raysan,"Shivanta Castle, PDPU Rd, beside Poonam Recreation and Cultural Club, Raysan, Gujarat",19210|GNLU Metro Station|5 minutes,,,Residential House,Semi-Furnished,,,,900,Sq-ft,Less than 5 years,"A Residential house is available for rent. It is located in a very good area. Please contact for more details. Situated in Raysan, this 4 BHK individual house is currently available for rent out. The monthly rent of the independent house is ₹27,000. Some added-on facilities available in the house are 2 Wardrobe, 4 Bed, Fridge, Sofa and Gas Connection. Shivanta Castle, PDPU Rd, beside Poonam Recreation and Cultural Club, Raysan, Gujarat is the address of the house.",27000,,1500,30,4,,No,No,No,,False,False,Owner,55,Immediately,2026-02-27T13:25:10.000Z,"Feb 27, '26",True
b1NEbWKKn3FzpSvf+uAgZw==,Magicbricks,https://www.magicbricks.com/property-details/2-BHK-120-Sq-ft-Residential-House-FOR-Rent-GIFT-City-in-Gandhinagar&id=4d423833383233383631,2026-04-19 13:51:41,23.1587037,72.6837981,,GIFT City,"SJ Sangath , Gandhinagar",,,,Residential House,Furnished,,,North - East,120,Sq-ft,New Construction,"SJ Sangath is good property for family, Its newly build property in gift city.. You can find this 2 BHK house on rent in a good area of GIFT City. The monthly rent is a ₹35,000. There is also a facility of 1 Covered parking. Some added-on facilities available in the house are 2 Wardrobe, 2 Bed, 1 TV, Fridge, Microwave, 2 AC, Sofa, Washing Machine, Dining Table and Gas Connection. The house flooring is made of ceramic tiles, marble. In addition, the house includes Puja Room, Study and Store. This house is located at SJ Sangath , Gandhinagar, GIFT City, Gandhinagar, Gujarat.",35000,70000,0,292,2,1 Covered,Yes,Yes,No,Jogging and Strolling Track,True,True,Agent,93,Immediately,2026-04-18T23:45:34.000Z,Today,True
v+bar0FozrFzpSvf+uAgZw==,Magicbricks,https://www.magicbricks.com/property-details/2-BHK-90-Sq-yrd-Residential-House-FOR-Rent-Sector-2-in-Gandhinagar&id=4d423736363136343233,2026-04-19 13:51:41,23.200988,72.637292,,Shree Ram Real Estate,Sector 2.,,,,Residential House,Unfurnished,1,2,East,90,Sq-yrd,10 to 15 years,"A residential house is available for rent. It is a good location. Please contact for more details. Check out this 2 BHK house for rent in locality. You will also have to pay a monthly rent of ₹27,000. The independent house is located on the 1st floor which includes 2 bathrooms and 2 balcony. The house includes 3 Open parking. This house is equipped with normal tiles/kotah stone flooring. There is also Puja Room in the house. Sector 2., Sector 2, Gandhinagar, Gujarat is the address of the house.",27000,50000,0,33,2,3 Open,No,No,Yes,Intercom Facility,True,True,Agent,98,Immediately,2026-03-27T07:47:56.000Z,"Mar 27, '26",True
zCQNgAGVKMJzpSvf+uAgZw==,Magicbricks,https://www.magicbricks.com/property-details/4-BHK-396-Sq-ft-Villa-FOR-Rent-Sargasan-in-Gandhinagar&id=4d423833373236393731,2026-04-19 13:51:41,23.1848805,72.615856,,Sargasan,"Gandhinagar, Gujarat",,382421,,Villa,Semi-Furnished,,,East,396,Sq-ft,New Construction,best society,50000,50000,0,126,3,,Yes,No,No,"Service/Goods Lift, Air Conditioned, Laundry Service, Bar/Lounge",False,True,Agent,83,Immediately,2026-03-11T05:06:14.000Z,"Mar 11, '26",True
kBSJCyPzrWNzpSvf+uAgZw==,Magicbricks,https://www.magicbricks.com/property-details/4-BHK-250-Sq-m-Residential-House-FOR-Rent-Gandhinagar-in-Gandhinagar&id=4d423332373536353939,2026-04-19 13:51:41,23.0395677,72.5660045,,Gandhinagar,"Gandhinagar, Gujarat",,,,Residential House,Furnished,Ground,2,North - East,250,Sq-m,5 to 10 years,"well furnished bungalow with nice wind direction This 4 BHK house is up for rent in the well-known Gandhinagar area. The house is available at a monthly rental price of ₹45,000. The house is on the ground floor, has 4 bathrooms and 2 balcony. The house also provides Puja Room, Study, Store and Servant Room. This house is located at Gandhinagar, Gandhinagar, Gujarat.",45000,,,17,4,,No,No,No,,True,True,Agent,41,Immediately,2026-03-30T08:30:52.000Z,"Mar 30, '26",True
ZsWvwC2/TspzpSvf+uAgZw==,Magicbricks,https://www.magicbricks.com/property-details/4-BHK-350-Sq-yrd-Residential-House-FOR-Rent-Sector-1-in-Gandhinagar&id=4d423834303839303839,2026-04-19 13:51:41,23.2002483,72.6370086,,Jay Ranchod Real Estate,"Gandhinagar, Gujarat",,,,Residential House,Semi-Furnished,,,East,350,Sq-yrd,Less than 5 years,"good location and good locality The 4 BHK house is currently available for rent in Sector 1. You will also have to pay a monthly rent of ₹45,000. There is also Puja Room, Store, Study and Servant Room in the house. This house is located at Sector 1, Gandhinagar, Gujarat.",45000,90000,1000,14,4,,No,No,No,"Laundry Service, RO Water System, Banquet Hall, Outdoor Tennis Courts",True,True,Agent,82,Immediately,2026-04-05T12:20:08.000Z,"Apr 05, '26",True
hNoqRHZ6MF1zpSvf+uAgZw==,Magicbricks,https://www.magicbricks.com/property-details/4-BHK-1980-Sq-ft-Residential-House-FOR-Rent-Sector-8-in-Gandhinagar&id=4d423735353239303031,2026-04-19 13:51:41,23.205134,72.651818,,Shree Ram Real Estate,Sector 8.,,,,Residential House,Semi-Furnished,Ground,2,East,,,5 to 10 years,"Residential house is available for rent. It is 4 BHK house, has total 2 floor facing East direction. This 4 BHK house is up for rent in the well-known Sector 8 area. The monthly rent is a ₹45,000. Located on the ground floor, the house comprises 3 bathrooms and 2 balcony. 3 Open parking facility is also available. You'll find normal tiles/kotah stone flooring in the house. In addition, the house includes Store. This house is located at Sector 8., Sector 8, Gandhinagar, Gujarat.",45000,90000,0,22,3,3 Open,No,No,No,Intercom Facility,True,True,Agent,98,Immediately,2026-03-27T07:40:24.000Z,"Mar 27, '26",True
nbJPqikNxLJzpSvf+uAgZw==,Magicbricks,https://www.magicbricks.com/property-details/4-BHK-350-Sq-yrd-Residential-House-FOR-Rent-Sargasan-in-Gandhinagar&id=4d423833373830363233,2026-04-19 13:51:41,23.1848805,72.615856,,Sargasan,"Gandhinagar, Gujarat",,,,Residential House,Furnished,,,North - East,,,Less than 5 years,"You can find this 4 BHK house on rent in a good area of Sargasan. The monthly rental of the house is ₹45,000. The house also has Store. This house is located at Sargasan, Gandhinagar, Gujarat.",45000,90000,,12,4,,No,No,No,,False,True,Agent,68,Immediately,2026-03-14T09:43:07.000Z,"Mar 14, '26",True
k8LEqF8Un0dzpSvf+uAgZw==,Magicbricks,https://www.magicbricks.com/property-details/4-BHK-260-Sq-ft-Villa-FOR-Rent-Raysan-in-Gandhinagar&id=4d423834303533383835,2026-04-19 13:51:41,23.16672,72.66059,,Raysan,"Gandhinagar, Gujarat",19210|GNLU Metro Station,,,Villa,Furnished,,,,,,2006,"4 BHK, Villa is available for Rent in Raysan, Gandhinagar for 43,000",43000,,,,4,,No,No,No,,False,True,Agent,44,Immediately,2026-04-17T23:45:21.000Z,Yesterday,True
VAEOIKJstNFzpSvf+uAgZw==,Magicbricks,https://www.magicbricks.com/property-details/4-BHK-400-Sq-yrd-Residential-House-FOR-Rent-Sector-8-in-Gandhinagar&id=4d423639343134303935,2026-04-19 13:51:41,23.205134,72.651818,,Mangal Murti Property Solution,gandhinagar,,,,Residential House,Semi-Furnished,,,North,400,Sq-yrd,Less than 5 years,"Check out this 4 BHK house available for rent in the popular location of Sector 8. The house is avaliable at a monthly rent of ₹50,000. You will also find Store and Servant Room in the house. The address of the house is gandhinagar, Sector 8, Gandhinagar, Gujarat.",50000,100000,6000,14,4,,Yes,No,No,"Service/Goods Lift, RO Water System",True,True,Agent,48,Immediately,2026-04-18T23:45:32.000Z,Today,True
wmtvOkPLrZ5zpSvf+uAgZw==,Magicbricks,https://www.magicbricks.com/property-details/4-BHK-158-Sq-yrd-Residential-House-FOR-Rent-Randesan-in-Gandhinagar&id=4d423833373435383631,2026-04-19 13:51:41,23.17588,72.65443,,Randesan,"Randesan,Gandhinagar",,,,Residential House,Furnished,,,East,158,Sq-yrd,10 to 15 years,"East Facing Fully Furnished Villa With Modular Kitchen Power Back Up Immediate Rent Check out this 4 BHK house for rent in locality. The monthly rent is a ₹50,000. 1 Covered, 1 Open parking space is also available in the house. Some added-on facilities available in the house are 3 Wardrobe, 2 Bed, 1 TV, Fridge, 1 AC, Sofa, Washing Machine, Dining Table and Gas Connection. The house is fitted with vitrified flooring. In addition, the house includes Puja Room and Store.",50000,100000,1000,35,3,"1 Covered, 1 Open",No,No,No,,True,True,Agent,80,Immediately,2026-04-16T23:45:22.000Z,"Apr 17, '26",True
2U1yyPUqOXtzpSvf+uAgZw==,Magicbricks,https://www.magicbricks.com/property-details/2-BHK-140-Sq-ft-Residential-House-FOR-Rent-Randesan-in-Gandhinagar&id=4d423532303033353135,2026-04-19 13:51:41,23.17588,72.65443,,Randesan,indradhanu society near swaminarayan,,,,Residential House,Unfurnished,,,,140,Sq-ft,Less than 5 years,"This 2 BHK independent house for rent is located in Randesan. The monthly rent of the independent house is ₹12,000. This house is situated at indradhanu society near swaminarayan, Randesan, Gandhinagar, Gujarat.",12000,20000,500,86,1,,No,No,No,,False,False,Owner,34,Immediately,2026-03-19T16:27:55.000Z,"Mar 19, '26",True
GNUDOnoMCABzpSvf+uAgZw==,Magicbricks,https://www.magicbricks.com/property-details/2-BHK-900-Sq-ft-Residential-House-FOR-Rent-Sector-28-in-Gandhinagar&id=4d423739343132393139,2026-04-19 13:51:41,23.2461966,72.6550302,,Sector 28,"Gandhinagar, Gujarat",,,,Residential House,Furnished,1,3,North - West,900,Sq-ft,,"The beautiful 2 BHK house is now available for rent in the premium location of Sector 28. The monthly rent of the property is ₹18,000. The house includes 1 Open parking. You'll find vitrified flooring in the house. This house is located at Sector 28, Gandhinagar, Gujarat.",18000,,,20,2,1 Open,No,No,Yes,Jogging and Strolling Track,False,True,Owner,72,Immediately,2026-03-05T22:30:42.000Z,"Mar 06, '26",True
VltQLy2hZMVzpSvf+uAgZw==,Magicbricks,https://www.magicbricks.com/property-details/2-BHK-800-Sq-ft-Residential-House-FOR-Rent-Sector-26-in-Gandhinagar&id=4d423830393339313137,2026-04-19 13:51:41,23.2534964,72.6432047,,Sector 26,"Gandhinagar, Gujarat",,,,Residential House,Semi-Furnished,1,1,,,,New Construction,"This is single house with owner living and nice good are with no noise, Only for Family. with rent agreement of 11 month Check out this 2 BHK house available for rent in the popular location of Sector 26. The house is available at a monthly rental price of ₹22,000. The independent house is located on the 1st floor which includes 2 bathrooms and 1 balcony. In addition, the house includes Puja Room, Store and Servant Room. This house is situated at Sector 26, Gandhinagar, Gujarat.",22000,44000,500,,2,,No,No,No,RO Water System,False,False,Owner,44,Immediately,2026-03-19T22:30:42.000Z,"Mar 20, '26",True
/3wZ8jxx33BzpSvf+uAgZw==,Magicbricks,https://www.magicbricks.com/property-details/2-BHK-90-Sq-yrd-Residential-House-FOR-Rent-Sector-3-in-Gandhinagar&id=4d423739333431323439,2026-04-19 13:51:41,23.2042405,72.6297181,,Sector 3,"Gandhinagar, Gujarat",,,,Residential House,Semi-Furnished,1,3,,90,Sq-yrd,,"The 2 BHK house is currently available for rent in Sector 3. You can find this house at rent of ₹12,000 per month. The house is located at Sector 3, Gandhinagar, Gujarat.",12000,,,15,2,,No,No,No,"Visitor Parking, Private jaccuzi",False,False,Owner,0,Immediately,2026-03-23T22:30:31.000Z,"Mar 24, '26",True
jir0LJXGluVzpSvf+uAgZw==,Magicbricks,https://www.magicbricks.com/property-details/2-BHK-1000-Sq-ft-Residential-House-FOR-Rent-Vavol-in-Gandhinagar&id=4d423339373239373431,2026-04-19 13:51:41,23.2248961,72.619552,,Vavol,"Gandhinagar, Gujarat",,,,Residential House,Semi-Furnished,,,East,1000,Sq-ft,5 to 10 years,"The house is built up to 2 floors, and the 1st floor is now available for rent. The space is airy and spacious, offering a comfortable living experience.The property is 5 to 10 years old and well maintained. Suitable only for a small family maximum 2 members. 781-781-7929, Contact for more details- 781-781-7929",12500,12500,0,12,1,,No,No,No,,False,False,Owner,73,Immediately,2026-04-12T12:06:03.000Z,"Apr 12, '26",True
38UwqlAE57VzpSvf+uAgZw==,Magicbricks,https://www.magicbricks.com/property-details/2-BHK-100-Sq-m-Residential-House-FOR-Rent-Sector-21-in-Gandhinagar&id=4d423832313638343637,2026-04-19 13:51:41,23.2328001,72.663899,,Sector 21,509  2 vastu nirman society sector 21 gandhinagar.,,,,Residential House,Semi-Furnished,,,,100,Sq-m,15 to 20 years,"This 2 BHK house is up for rent in the well-known Sector 21 area. You can find this house at rent of ₹17,000 per month. The house comes with some add-on facilities such as 3 Wardrobe, 2 Bed, Sofa, Dining Table and Gas Connection. There is also Store in the house. This house is located at 509 2 vastu nirman society sector 21 gandhinagar., Sector 21, Gandhinagar, Gujarat.",17000,34000,,16,1,,No,No,No,"Skyline View, Wrap Around Balcony, Skydeck, Theme based Architectures",False,False,Owner,60,Immediately,2026-03-12T12:38:30.000Z,"Mar 12, '26",True
pdB7iekHcCRzpSvf+uAgZw==,Magicbricks,https://www.magicbricks.com/property-details/2-BHK-500-Sq-ft-Residential-House-FOR-Rent-Sector-2-in-Gandhinagar&id=4d423832383832363933,2026-04-19 13:51:41,23.200988,72.637292,,Raju Raval,16922 sector 2d gandhinagar,,,,Residential House,Semi-Furnished,,,,500,Sq-ft,,"2 ac room independent tenament Located in Sector 2, you can find the 2 BHK house available on rent. The house is available at a monthly rental price of ₹10,000. The address of this house is 16922 sector 2d gandhinagar, Sector 2, Gandhinagar, Gujarat.",10000,,,20,2,,No,No,No,,False,False,Owner,38,Immediately,2026-03-19T22:30:43.000Z,"Mar 20, '26",True
M6VPAkerjcJzpSvf+uAgZw==,Magicbricks,https://www.magicbricks.com/property-details/4-BHK-350-Sq-yrd-Villa-FOR-Rent-Raysan-in-Gandhinagar&id=4d423738333836353337,2026-04-19 13:51:41,23.16672,72.66059,,Raysan,Vedika exotica.,19210|GNLU Metro Station,382421,,Villa,Furnished,,,East,350,Sq-yrd,5 to 10 years,"Vedika Exotica is strategically located at Randesan with a seamless connectivity to the prominent areas of Gandhinagar. The 74 in this project all come with smart interiors and wellutilised spaces.A renowned builder Sheetal Infrastructure Pvt. Ltd. has crafted Vedika Exotica with a lot of perfection. This project comes under the pincode of 382421. At Vedika Exotica, you can enjoy a modern lifestyle as all conveniences are easily available.",60000,120000,0,19,4,1 Covered,No,Yes,No,Jogging and Strolling Track,False,True,Agent,100,Immediately,2026-04-18T23:45:32.000Z,Today,True
iZ9QKpqqvZ9zpSvf+uAgZw==,Magicbricks,https://www.magicbricks.com/property-details/4-BHK-400-Sq-yrd-Villa-FOR-Rent-Raysan-in-Gandhinagar&id=4d423737363135363531,2026-04-19 13:51:41,23.16672,72.66059,,Raysan,Gandhinagar Rayasan gift city pdpu road,19210|GNLU Metro Station|5 minutes,,,Villa,Semi-Furnished,,,East,400,Sq-yrd,Less than 5 years,"This property is new construction, well maintained property, allowed parking fix, many amenities available, 24h security and water line.",65000,130000,1500,18,4,1 Open,No,No,No,"Air Conditioned, Banquet Hall, Bar/Lounge, Jogging and Strolling Track",True,True,Agent,100,Immediately,2026-03-25T22:51:51.000Z,"Mar 26, '26",True
GD165LREQ8xzpSvf+uAgZw==,Magicbricks,https://www.magicbricks.com/property-details/4-BHK-4500-Sq-ft-Villa-FOR-Rent-Infocity-in-Gandhinagar&id=4d423830373234363039,2026-04-19 13:51:41,23.194097,72.629751,,Infocity,Banglow,,,,Villa,Furnished,,,,4500,Sq-ft,New Construction,"4 BHK, Villa is available for Rent in Infocity, Gandhinagar for 60,000",60000,120000,2500,13,4,,No,No,No,,False,False,Owner,36,Immediately,2026-03-21T22:30:38.000Z,"Mar 22, '26",True
AC1WjIdpitpzpSvf+uAgZw==,Magicbricks,https://www.magicbricks.com/property-details/4-BHK-380-Sq-yrd-Villa-FOR-Rent-Kudasan-in-Gandhinagar&id=4d423736383030323933,2026-04-19 13:51:41,23.1698784,72.6232479,,Kudasan,"nr. guda garden, kudasan",,,,Villa,Furnished,,,East,380,Sq-yrd,New Construction,"fully furnished bunglow, new construction, fresh bunglow and airy rooms.",70000,180000,0,20,5,"2 Covered, 2 Open",No,No,Yes,Jogging and Strolling Track,True,True,Agent,80,Immediately,2026-04-16T23:45:22.000Z,"Apr 17, '26",True
FZGxkGW//y5zpSvf+uAgZw==,Magicbricks,https://www.magicbricks.com/property-details/4-BHK-290-Sq-yrd-Villa-FOR-Rent-Sector-1-in-Gandhinagar&id=4d423834303839323731,2026-04-19 13:51:41,23.2002483,72.6370086,,Jay Ranchod Real Estate,"Gandhinagar, Gujarat",,,,Villa,Furnished,,,East,290,Sq-yrd,10 to 15 years,good location and good locality,80000,160000,1000,31,4,,Yes,No,No,"Service/Goods Lift, Laundry Service, RO Water System, Banquet Hall",True,True,Agent,80,Immediately,2026-04-05T12:37:10.000Z,"Apr 05, '26",True
5/wKU8LzGMlzpSvf+uAgZw==,Magicbricks,https://www.magicbricks.com/property-details/4-BHK-330-Sq-m-Villa-FOR-Rent-Sector-19-in-Gandhinagar&id=4d423830353135303333,2026-04-19 13:51:41,23.2216137,72.6668552,,Sector 19,"Gandhinagar, Gujarat",,,,Villa,Furnished,,,East,330,Sq-m,10 to 15 years,this properties is good,75000,150000,0,21,4,,No,No,No,"Air Conditioned, RO Water System",True,True,Agent,78,Immediately,2026-03-18T05:28:19.000Z,"Mar 18, '26",True
LOeolK75WOZzpSvf+uAgZw==,Magicbricks,https://www.magicbricks.com/property-details/4-BHK-300-Sq-yrd-Villa-FOR-Rent-Raysan-in-Gandhinagar&id=4d423833383235393235,2026-04-19 13:51:41,23.16672,72.66059,,Raysan,"Gandhinagar, Gujarat",19210|GNLU Metro Station,,,Villa,Furnished,,,North - East,,,Less than 5 years,"4 BHK, Villa is available for Rent in Raysan, Gandhinagar for 80,000",80000,1600000,,25,5,,No,No,No,,False,True,Agent,73,Immediately,2026-03-17T12:38:32.000Z,"Mar 17, '26",True
MO4bhRj7xn1zpSvf+uAgZw==,Magicbricks,https://www.magicbricks.com/property-details/4-BHK-350-Sq-yrd-Villa-FOR-Rent-Sector-1-in-Gandhinagar&id=4d423834303839323039,2026-04-19 13:51:41,23.2002483,72.6370086,,Jay Ranchod Real Estate,"Gandhinagar, Gujarat",,,,Villa,Semi-Furnished,,,East,350,Sq-yrd,10 to 15 years,good location and good locality,75000,150000,1000,24,4,,No,No,No,"Laundry Service, RO Water System, Banquet Hall, Outdoor Tennis Courts",True,True,Agent,80,Immediately,2026-04-05T12:31:35.000Z,"Apr 05, '26",True
GZOgfLluNh5zpSvf+uAgZw==,Magicbricks,https://www.magicbricks.com/property-details/4-BHK-330-Sq-yrd-Villa-FOR-Rent-Sector-8-in-Gandhinagar&id=4d423733303330353333,2026-04-19 13:51:41,23.205134,72.651818,,Mangal Murti Property Solution,gandhinagar,,,,Villa,Furnished,,,North - East,330,Sq-yrd,Less than 5 years,this property is for company guest house,85000,170000,2000,29,4,,Yes,No,No,Air Conditioned,False,True,Agent,83,Immediately,2026-04-18T23:45:32.000Z,Today,True
0nldIVoZTcZzpSvf+uAgZw==,Magicbricks,https://www.magicbricks.com/property-details/4-BHK-330-Sq-m-Villa-FOR-Rent-Sector-1-in-Gandhinagar&id=4d423636303332393633,2026-04-19 13:51:41,23.2002483,72.6370086,,Gandhinagar Real Estate,"Gandhinagar, Gujarat",,,,Villa,Unfurnished,,,North - East,330,Sq-m,5 to 10 years,this proptiy is near by Tcs area good Loction in this house all are good full furniture,75000,,,21,4,,No,No,No,,False,True,Agent,66,Immediately,2026-03-07T04:51:53.000Z,"Mar 07, '26",True
RviKQ8RgEMBzpSvf+uAgZw==,Magicbricks,https://www.magicbricks.com/property-details/4-BHK-780-Sq-yrd-Villa-FOR-Rent-in-Gandhinagar&id=4d423831353039353631,2026-04-19 13:51:41,,,,City Estate Management ,"Zundal- Ambapur Road,",,,,Villa,Furnished,,,East,780,Sq-yrd,10 to 15 years,"Fully Furnished Bungalow For Rent, 4BHK Bungalow, private Garden and Swimming pool available",150000,300000,4500,21,4,2 Covered,Yes,No,No,"Service/Goods Lift, Intercom Facility, Internet/Wi-Fi Connectivity, Banquet Hall",False,True,Agent,100,Immediately,2026-04-17T23:45:19.000Z,Yesterday,True
C8nrmz1xEmFzpSvf+uAgZw==,Magicbricks,https://www.magicbricks.com/property-details/4-BHK-3870-Sq-ft-Villa-FOR-Rent-Nasmed-in-Gandhinagar&id=4d423833373034393737,2026-04-19 13:51:41,23.109189,72.408232,,Atharva Realty,"arvind uplands, nasmed",,,,Villa,Furnished,,,North,3870,Sq-ft,New Construction,"4 BHK, Villa is available for Rent in Nasmed, Gandhinagar for 1.50 Lac(s)",150000,450000,0,39,4,,No,No,No,"Air Conditioned, Intercom Facility, Internet/Wi-Fi Connectivity, Banquet Hall",True,True,Agent,73,Immediately,2026-04-17T23:45:19.000Z,Yesterday,True
do5mI7GG8ypzpSvf+uAgZw==,Magicbricks,https://www.magicbricks.com/property-details/3-BHK-Villa-FOR-Rent-Uvarsad-in-Gandhinagar&id=4d423631303934363035,2026-04-19 13:51:41,23.209984,72.587686,,Hansa,"Gandhinagar, Gujarat",,,,Villa,Semi-Furnished,,,,,,,"3 BHK, Villa is available for Rent in Uvarsad, Gandhinagar",,,,,,,No,No,No,,False,False,Owner,39,Immediately,2026-02-11T13:53:09.000Z,"Feb 11, '26",True
ef5e/x4d9o9zpSvf+uAgZw==,Magicbricks,https://www.magicbricks.com/property-details/3-BHK-200-Sq-yrd-Villa-FOR-Rent-Raysan-in-Gandhinagar&id=4d423834303837343335,2026-04-19 13:51:41,23.16672,72.66059,,Raysan,1.,19210|GNLU Metro Station|5 minutes,,,Villa,Unfurnished,,,East,200,Sq-yrd,Less than 5 years,"A bungalow is a singlestory or lowrise house, often featuring a wide veranda, spacious rooms, and a cozy layout. Known for its simplicity and comfort, it usually includes a garden or yard, offering privacy and relaxation. Bungalows are popular for their accessibility, practical design, and connection to outdoor living spaces.",35000,35000,2000,19,3,1 Covered,No,No,Yes,Jogging and Strolling Track,True,True,Agent,80,Immediately,2026-04-16T23:45:20.000Z,"Apr 17, '26",True
JQ+Nlf+r+KlzpSvf+uAgZw==,Magicbricks,https://www.magicbricks.com/property-details/4-BHK-200-Sq-yrd-Villa-FOR-Rent-Randesan-in-Gandhinagar&id=4d423833343835313035,2026-04-19 13:51:41,23.17588,72.65443,,Randesan,"Randesan,Gandhinagar",,,,Villa,Furnished,,,East,200,Sq-yrd,2023,"offering thoughtfully designed apartments with contemporary architecture and quality construction. The project features essential amenities, landscaped surroundings, secure premises, and convenient access to schools, hospitals, and commercial areas, making it ideal for comfortable urban family living.",45000,90000,2000,25,4,1 Covered,No,No,No,,True,True,Agent,78,Immediately,2026-04-17T23:45:19.000Z,Yesterday,True
/qRufXQqP2xzpSvf+uAgZw==,Magicbricks,https://www.magicbricks.com/property-details/4-BHK-200-Sq-yrd-Villa-FOR-Rent-Sector-1-in-Gandhinagar&id=4d423834303839303039,2026-04-19 13:51:41,23.2002483,72.6370086,,Jay Ranchod Real Estate,"Gandhinagar, Gujarat",,,,Villa,Semi-Furnished,,,East,200,Sq-yrd,5 to 10 years,good location and good locality,50000,100000,1000,28,4,,No,No,No,"Laundry Service, RO Water System, Banquet Hall",True,True,Agent,80,Immediately,2026-04-05T12:12:47.000Z,"Apr 05, '26",True
uuW6ql3vd3BzpSvf+uAgZw==,Magicbricks,https://www.magicbricks.com/property-details/4-BHK-135-Sq-m-Villa-FOR-Rent-Sector-21-in-Gandhinagar&id=4d423738363138343135,2026-04-19 13:51:41,23.2328001,72.663899,,Sector 21,nearby Jain derasar sector 21,,,,Villa,Furnished,,,East,135,Sq-m,15 to 20 years,this properties good,50000,100000,0,34,3,1 Open,No,No,No,,True,True,Agent,98,Immediately,2026-03-18T05:29:42.000Z,"Mar 18, '26",True
sguo68J3MCBzpSvf+uAgZw==,Magicbricks,https://www.magicbricks.com/property-details/4-BHK-300-Sq-ft-Villa-FOR-Rent-Raysan-in-Gandhinagar&id=4d423733323532353639,2026-04-19 13:51:41,23.16672,72.66059,,Raysan,Gandhinagar,19210|GNLU Metro Station,,,Villa,Furnished,,,East,300,Sq-ft,New Construction,"This property is new construction, well maintained property, allowed parking fix, many amenities available, 24h security and water line.",50000,100000,1500,167,5,2 Open,No,No,No,"Air Conditioned, Banquet Hall, Bar/Lounge, Jogging and Strolling Track",True,True,Agent,100,Immediately,2026-03-24T07:21:29.000Z,"Mar 24, '26",True
Y/fE2OTZB4hzpSvf+uAgZw==,Magicbricks,https://www.magicbricks.com/property-details/4-BHK-389-Sq-yrd-Villa-FOR-Rent-Raysan-in-Gandhinagar&id=4d423833373737313133,2026-04-19 13:51:41,23.16672,72.66059,,Raysan,"Gandhinagar, Gujarat",19210|GNLU Metro Station,,,Villa,Semi-Furnished,,,North - East,389,Sq-yrd,5 to 10 years,"4 BHK, Villa is available for Rent in Raysan, Gandhinagar for 45,000",45000,90000,,13,4,,No,No,No,,False,True,Agent,68,Immediately,2026-03-14T07:05:01.000Z,"Mar 14, '26",True
CrJkImm5dwBzpSvf+uAgZw==,Magicbricks,https://www.magicbricks.com/property-details/4-BHK-405-Sq-ft-Residential-House-FOR-Rent-Raysan-in-Gandhinagar&id=4d423834323535323939,2026-04-19 13:51:41,23.16672,72.66059,,Raysan,"Gandhinagar, Gujarat",19210|GNLU Metro Station,,,Residential House,Semi-Furnished,,,,,,2006,"This 4 BHK house is up for rent in the well-known Raysan area. The monthly rent is ₹45,000. The address of this house is Raysan, Gandhinagar, Gujarat.",45000,,,,4,,No,No,No,,False,True,Agent,44,Immediately,2026-04-18T23:45:34.000Z,Today,True
pVWOvE1JEKRzpSvf+uAgZw==,Magicbricks,https://www.magicbricks.com/property-details/4-BHK-400-Sq-yrd-Villa-FOR-Rent-Raysan-in-Gandhinagar&id=4d423834303837353639,2026-04-19 13:51:41,23.16672,72.66059,,Raysan,"Raysan, Ahmedabad, Gujarat",19210|GNLU Metro Station|5 minutes,,,Villa,Furnished,,,East,400,Sq-yrd,Less than 5 years,"Fortune Kimberly at Raysan is a premium residential villa project offering exclusive 4 BHK homes designed for luxury and comfort. The project features limited units with spacious layouts, modern architecture, and quality construction. It provides amenities like landscaped surroundings, security, and parking facilities. Located in a rapidly developing area, it ensures excellent connectivity to schools, hospitals, and key city hubs, making it ideal for both comfortable living and longterm investment.",45000,90000,0,12,4,2 Open,No,No,Yes,Jogging and Strolling Track,True,True,Agent,80,Immediately,2026-04-16T23:45:20.000Z,"Apr 17, '26",True
3JKzn1xUjLxzpSvf+uAgZw==,Magicbricks,https://www.magicbricks.com/property-details/4-BHK-200-Sq-yrd-Villa-FOR-Rent-Sector-1-in-Gandhinagar&id=4d423833353936383737,2026-04-19 13:51:41,23.2002483,72.6370086,,Jay Ranchod Real Estate,"Gandhinagar, Gujarat",,,,Villa,Furnished,,,East,200,Sq-yrd,Less than 5 years,good location and good locality,50000,100000,1000,28,4,,No,No,No,"Laundry Service, RO Water System, Banquet Hall, Outdoor Tennis Courts",True,True,Agent,80,Immediately,2026-02-28T12:10:53.000Z,"Feb 28, '26",True
Ct664WU0erJzpSvf+uAgZw==,Magicbricks,https://www.magicbricks.com/property-details/4-BHK-420-Sq-yrd-Villa-FOR-Rent-Raysan-in-Gandhinagar&id=4d423737363135373637,2026-04-19 13:51:41,23.16672,72.66059,,Raysan,Gandhinagar Rayasan gift city,19210|GNLU Metro Station|5 minutes,,,Villa,Unfurnished,,,East,420,Sq-yrd,Less than 5 years,"This property is new construction, well maintained property, allowed parking fix, many amenities available, 24h security and water line.",45000,90000,1500,12,4,1 Open,No,No,No,"Air Conditioned, Banquet Hall, Bar/Lounge, Jogging and Strolling Track",True,True,Agent,100,Immediately,2026-03-25T22:50:24.000Z,"Mar 26, '26",True
x/5aEgcEnutzpSvf+uAgZw==,Magicbricks,https://www.magicbricks.com/property-details/4-BHK-370-Sq-yrd-Villa-FOR-Rent-Raysan-in-Gandhinagar&id=4d423831393037343735,2026-04-19 13:51:41,23.16672,72.66059,,Raysan,gandhinagar rayasan gift city,19210|GNLU Metro Station|5 minutes,,,Villa,Semi-Furnished,,,East,370,Sq-yrd,Less than 5 years,"This property is new construction and well maintained society, prime location and big gardan and children play area, many iminites and specious flat , alloted parking and big visitor parking available, only family members allow ,24 h security and water line available, nice one society",55000,110000,1500,17,4,,No,No,No,"Air Conditioned, Banquet Hall, Bar/Lounge, Jogging and Strolling Track",True,True,Agent,83,Immediately,2026-03-24T07:22:06.000Z,"Mar 24, '26",True
EJ05CDIEw2xzpSvf+uAgZw==,Magicbricks,https://www.magicbricks.com/property-details/4-BHK-25-Sq-yrd-Residential-House-FOR-Rent-Raysan-in-Gandhinagar&id=4d423834323535323839,2026-04-19 13:51:41,23.16672,72.66059,,Raysan,"Gandhinagar, Gujarat",19210|GNLU Metro Station,,,Residential House,Semi-Furnished,,,,,,2006,"You can find this 4 BHK rental house in the main area of Raysan. The monthly rent is ₹45,000. The address of this house is Raysan, Gandhinagar, Gujarat.",45000,,,,4,,No,No,No,,False,True,Agent,44,Immediately,2026-04-18T23:45:34.000Z,Today,True
MRG8iOOpNBJzpSvf+uAgZw==,Magicbricks,https://www.magicbricks.com/property-details/4-BHK-300-Sq-yrd-Villa-FOR-Rent-Raysan-in-Gandhinagar&id=4d423833303631353337,2026-04-19 13:51:41,23.16672,72.66059,,Raysan,gandhinagar rayasan gift city,19210|GNLU Metro Station|5 minutes,,,Villa,Semi-Furnished,,,East,300,Sq-yrd,Less than 5 years,"This property is new construction and well maintained society, prime location and big gardan and children play area, many iminites and specious flat , alloted parking and big visitor parking available, only family members allow ,24 h security and water line available, nice one",50000,100000,1500,19,4,,No,No,No,"Air Conditioned, Banquet Hall, Bar/Lounge, Jogging and Strolling Track",True,True,Agent,75,Immediately,2026-03-24T07:17:46.000Z,"Mar 24, '26",True
2sVQ5ZbXDhJzpSvf+uAgZw==,Magicbricks,https://www.magicbricks.com/property-details/4-BHK-350-Sq-yrd-Villa-FOR-Rent-Khoraj-in-Gandhinagar&id=4d423832353139363931,2026-04-19 13:51:41,23.1532438,72.554934,,Khoraj,"Near Sentossa Greens Bunglows Khoraj, Sarkhej - Gandhinagar Hwy, Ahmedabad, Gujarat",,,,Villa,Semi-Furnished,,,East,350,Sq-yrd,Less than 5 years,4 bhk semi furniture bungalow on rent khoraj gandhinagar highway road vaishnodevi circle,30000,60000,0,10,4,"2 Covered, 1 Open",No,No,No,,False,True,Agent,100,Immediately,2026-04-16T23:45:21.000Z,"Apr 17, '26",True
ONNKWdKg8opzpSvf+uAgZw==,Magicbricks,https://www.magicbricks.com/property-details/4-BHK-250-Sq-yrd-Villa-FOR-Rent-Raysan-in-Gandhinagar&id=4d423831323232323137,2026-04-19 13:51:41,23.16672,72.66059,,Raysan,Raysan,19210|GNLU Metro Station,,,Villa,Unfurnished,,,East,250,Sq-yrd,5 to 10 years,This is big size bungalow located at PDPU Road . It is road touch property and well maintained. only available for family and working bachlors.,35000,35000,0,16,4,1 Covered,No,No,Yes,Jogging and Strolling Track,True,True,Agent,80,Immediately,2026-04-16T23:45:20.000Z,"Apr 17, '26",True
j35b/612hxhzpSvf+uAgZw==,Magicbricks,https://www.magicbricks.com/property-details/4-BHK-309-Sq-m-Residential-House-FOR-Rent-PDPU-Road-in-Gandhinagar&id=4d423734303232303333,2026-04-19 13:51:41,23.1540460891807,72.6665273263145,,Dishi Assets Management,"society, Bhaijipura Rd, opposite VEDIKA E SERIES, Rd, PDPU, Gujarat 382421",,,,Residential House,Furnished,,,,309,Sq-m,5 to 10 years,"The beautiful 4 BHK house is now available for rent in the premium location of PDPU Road. You will also have to pay a monthly rent of ₹36,999. Live in the house and get access to various useful facilities such as 4 Wardrobe, 4 Bed, Sofa, Dining Table and Gas Connection.",36999,79999,2000,11,5,,No,No,No,,True,True,Agent,61,Immediately,2026-04-18T23:45:31.000Z,Today,True
M6tnm/oYGsZzpSvf+uAgZw==,Magicbricks,https://www.magicbricks.com/property-details/4-BHK-330-Sq-yrd-Villa-FOR-Rent-Randesan-in-Gandhinagar&id=4d423833363138333535,2026-04-19 13:51:41,23.17588,72.65443,,Randesan,"Gandhinagar, Gujarat",,,,Villa,Furnished,,,East,330,Sq-yrd,5 to 10 years,good location and locality and school and market and hospital and moll,30000,60000,1000,10,4,,Yes,No,No,"Bar/Lounge, Outdoor Tennis Courts",True,True,Agent,76,Immediately,2026-03-02T11:28:44.000Z,"Mar 02, '26",True
b76OBN1D2VFzpSvf+uAgZw==,Magicbricks,https://www.magicbricks.com/property-details/4-BHK-350-Sq-yrd-Villa-FOR-Rent-Raysan-in-Gandhinagar&id=4d423738383437343933,2026-04-19 13:51:41,23.16672,72.66059,,Raysan,Gandhinagar Rayasan pdpu road,19210|GNLU Metro Station|5 minutes,,,Villa,Unfurnished,,,East,350,Sq-yrd,Less than 5 years,this is good property near metro station very good property school Market metro station very good property,30000,60000,1500,10,4,1 Open,No,No,No,"Air Conditioned, Banquet Hall, Bar/Lounge, Jogging and Strolling Track",True,True,Agent,100,Immediately,2026-03-24T07:25:35.000Z,"Mar 24, '26",True
cInMlT2+6rJzpSvf+uAgZw==,Magicbricks,https://www.magicbricks.com/property-details/4-BHK-90-Sq-yrd-Residential-House-FOR-Rent-Sector-3-in-Gandhinagar&id=4d423733343635383433,2026-04-19 13:51:41,23.2042405,72.6297181,,Sector 3,Sector 3,,,,Residential House,Furnished,1,1,East,90,Sq-yrd,Less than 5 years,"4 bhk penthouse available for sale. The beautiful 4 BHK house is now available for rent in the premium location of Sector 3. The monthly rent of the independent house is ₹30,000. The independent house is located on the 1st floor which includes 4 bathrooms and 2 balcony. 2 Open parking facility is also available. The house is equipped with normal tiles/kotah stone flooring. In addition, the house includes None of these. This house is situated at Sector 3, Sector 3, Gandhinagar, Gujarat.",30000,60000,0,37,4,2 Open,No,No,No,Air Conditioned,True,True,Agent,100,Immediately,2026-03-27T07:42:46.000Z,"Mar 27, '26",True
VZ9tdoOwW9BzpSvf+uAgZw==,Magicbricks,https://www.magicbricks.com/property-details/4-BHK-1773-Sq-ft-Residential-House-FOR-Rent-Raysan-in-Gandhinagar&id=4d423833383733373339,2026-04-19 13:51:41,23.16672,72.66059,,Raysan,"Raysan, Gandhinagar, Ahmedabad, Gujarat",19210|GNLU Metro Station|5 minutes,,,Residential House,Semi-Furnished,,,East,1773,Sq-ft,2009,"You can find this 4 BHK house on rent in a good area of Raysan. The rent is ₹28,000 per month. There is also a facility of 2 Covered, 2 Open parking. Some attractive additional facilities available with the house are Gas Connection. You'll find ceramic tiles, granite, marble, marbonite, mosaic, normal tiles/kotah stone, vitrified, wooden flooring in the house. In addition, the house includes Study and Store. The address of the house is Raysan, Gandhinagar, Ahmedabad, Gujarat.",28000,28000,0,16,4,"2 Covered, 2 Open",No,No,No,,False,True,Agent,97,Immediately,2026-03-20T08:21:43.000Z,"Mar 20, '26",True
yVcOYhynKeFzpSvf+uAgZw==,Magicbricks,https://www.magicbricks.com/property-details/4-BHK-1745-Sq-ft-Residential-House-FOR-Rent-Raysan-in-Gandhinagar&id=4d423833303637373835,2026-04-19 13:51:41,23.16672,72.66059,,Raysan,"Shivanta Castle, PDPU Rd, beside Poonam Recreation and Cultural Club, Raysan, Gujarat",19210|GNLU Metro Station|5 minutes,,,Residential House,Furnished,,,East,1745,Sq-ft,5 to 10 years,"Shivanta Castle Bungalow offers premium living with spacious architecture, elegant elevation, and thoughtfully designed interiors. Surrounded by peaceful surroundings, it features private open spaces, modern amenities, and quality construction. With comfort, privacy, and luxury blended together, it is ideal for families seeking an upscale residential lifestyle in a wellconnected urban location.",27000,27000,0,15,4,1 Covered,No,No,No,,False,True,Agent,98,Immediately,2026-04-18T23:45:33.000Z,Today,True
GO8w0rht34NzpSvf+uAgZw==,Magicbricks,https://www.magicbricks.com/property-details/4-BHK-300-Sq-yrd-Villa-FOR-Rent-Khoraj-in-Gandhinagar&id=4d423831313135343837,2026-04-19 13:51:41,23.1532438,72.554934,,Khoraj,"Near Sentossa Greens Bunglows Khoraj, Sarkhej - Gandhinagar Hwy, Ahmedabad, Gujarat",,,,Villa,Semi-Furnished,,,East,300,Sq-yrd,Less than 5 years,4 bhk semi furniture bungalow on rent khoraj gandhinagar road vaishnodevi circle sg highway good locality near by khoraj ahmedababd.,30000,60000,0,11,4,"2 Covered, 1 Open",No,Yes,No,Jogging and Strolling Track,False,True,Agent,95,Immediately,2026-03-25T05:08:53.000Z,"Mar 25, '26",True
JWGBDKL20StzpSvf+uAgZw==,Magicbricks,https://www.magicbricks.com/property-details/4-BHK-270-Sq-yrd-Villa-FOR-Rent-Raysan-in-Gandhinagar&id=4d423833303630373037,2026-04-19 13:51:41,23.16672,72.66059,,Raysan,gandhinagar rayasan gift city,19210|GNLU Metro Station|5 minutes,382421,,Villa,Semi-Furnished,,,East,270,Sq-yrd,Less than 5 years,"This property is new construction and well maintained society, prime location and big gardan and children play area, many iminites and specious flat , alloted parking and big visitor parking available, only family members allow ,24 h security and water line available, nice one",35000,70000,1500,14,4,,No,No,No,"Air Conditioned, Banquet Hall, Bar/Lounge, Jogging and Strolling Track",True,True,Agent,60,Immediately,2026-03-24T07:20:36.000Z,"Mar 24, '26",True
v68eiMnhtzxzpSvf+uAgZw==,Magicbricks,https://www.magicbricks.com/property-details/4-BHK-450-Sq-yrd-Villa-FOR-Rent-Gandhinagar-in-Gandhinagar&id=4d423737353732333737,2026-04-19 13:51:41,23.0395677,72.5660045,,Gandhinagar,Gandhinagar gift city pdpu road,,,,Villa,Semi-Furnished,,,East,450,Sq-yrd,Less than 5 years,"This property is new construction, well maintained property, allowed parking fix, many amenities available, 24h security and water line.",30000,60000,1500,7,4,1 Open,No,No,No,"Air Conditioned, Banquet Hall, Bar/Lounge, Jogging and Strolling Track",True,True,Agent,85,Immediately,2026-03-22T21:25:22.000Z,"Mar 23, '26",True
5KzPJ4oeeNVzpSvf+uAgZw==,Magicbricks,https://www.magicbricks.com/property-details/5-BHK-2400-Sq-ft-Villa-FOR-Rent-Sector-1-in-Gandhinagar&id=4d423634303232353039,2026-04-19 13:51:41,23.2002483,72.6370086,,Gandhinagar Real Estate,sector 1,,,,Villa,Unfurnished,,,North - East,2400,Sq-ft,5 to 10 years,this property is near by Tcs and nift uid good location in this house full furnish laxurish banglo on rent pg company gest house famliy all are well come,65000,120000,0,27,5,,No,No,No,"Air Conditioned, Banquet Hall, Bar/Lounge, Jogging and Strolling Track",False,True,Agent,78,Immediately,2026-02-21T17:57:09.000Z,"Feb 21, '26",True
Q+D8Mt4lHONzpSvf+uAgZw==,Magicbricks,https://www.magicbricks.com/property-details/10-plus-BHK-600-Sq-yrd-Villa-FOR-Rent-Pethapur-in-Gandhinagar&id=4d423833333836313131,2026-04-19 13:51:41,23.264967,72.6679214,,Pethapur,Pethapur To Randheja Road,,,,Villa,Unfurnished,,,East,600,Sq-yrd,New Construction,Pethapur To Randheja Main Road Location Flat,150000,150000,1000,28,10,1 Open,Yes,No,No,Internet/Wi-Fi Connectivity,True,True,Agent,98,Immediately,2026-04-16T23:45:22.000Z,"Apr 17, '26",True
a9pHFQL7kstzpSvf+uAgZw==,Magicbricks,https://www.magicbricks.com/property-details/5-BHK-330-Sq-m-Villa-FOR-Rent-Sector-8-in-Gandhinagar&id=4d423731383734393637,2026-04-19 13:51:41,23.205134,72.651818,,Best Boy Realtors,sector 8 mahadev tempal near by,,,,Villa,Furnished,,,East,330,Sq-m,10 to 15 years,330 Mtr fully Furnished good location in ghandhinagar sector 8,85000,170000,1500,24,5,1 Open,No,No,No,,True,True,Agent,100,Immediately,2026-03-18T05:30:35.000Z,"Mar 18, '26",True
H40owPpPJMxzpSvf+uAgZw==,Magicbricks,https://www.magicbricks.com/property-details/5-BHK-350-Sq-m-Villa-FOR-Rent-Gandhinagar-in-Gandhinagar&id=4d423731383232313337,2026-04-19 13:51:41,23.0395677,72.5660045,,Gandhinagar,"CH Road, Gandhinagar",,,,Villa,Furnished,,,East,350,Sq-m,Less than 5 years,5bhk fully furnished luxurius bunglow in prime location at Gandhinagar.,80000,160000,0,21,6,"2 Covered, 2 Open",No,No,No,,True,True,Agent,80,Immediately,2026-04-18T23:45:34.000Z,Today,True
JBqf75ryyDtzpSvf+uAgZw==,Magicbricks,https://www.magicbricks.com/property-details/5-BHK-330-Sq-yrd-Villa-FOR-Rent-Sector-1-in-Gandhinagar&id=4d423739373138323635,2026-04-19 13:51:41,23.2002483,72.6370086,,Shree Visat Estate,"Gandhinagar, Gujarat",,,,Villa,Unfurnished,,,East,330,Sq-yrd,New Construction,Good location property in sector 1,80000,80000,0,27,5,,No,No,No,"Air Conditioned, Banquet Hall, Bar/Lounge, Outdoor Tennis Courts",True,True,Agent,58,Immediately,2026-04-04T06:30:54.000Z,"Apr 04, '26",True
