listing_id,source_portal,listing_url,scraped_at,latitude,longitude,locality,sublocality,address,landmark_details,pincode,bhk_type,property_type,furnishing,floor_number,total_floors,facing,sqft,area_type,age_years,apartment_bio,monthly_rent,deposit_amount,maintenance_monthly,price_per_sqft,bathrooms,parking,has_lift,has_gym,has_security,luxury_amenities,is_verified,is_premium,owner_type,confidence_score,possession_status,listed_date,last_updated,is_available
2gbTRaOEUABzpSvf+uAgZw==,Magicbricks,https://www.magicbricks.com/property-details/1-BHK-740-Sq-ft-Multistorey-Apartment-FOR-Rent-Adajan-in-Surat&id=4d423832383130383533,2026-04-19 13:52:36,21.1973663,72.782489,,Adajan,555.,"19202|Tnj International School, 19202|International Institute Of Management And Technical Studies (Iimt), 19206|Rajhans Theatre, 19206|Imperial Square Mall",,,Apartment,Semi-Furnished,6,10,North,740,Sq-ft,15 to 20 years,"1 bhk flat for rent with fully ventilation A beautiful 1 BHK flat is available for rent in Adajan. The flat is available for rent at a competitive amount of ₹11,000. The apartment is on the 6 floor, has a carpet area of 400 sqft with 1 bathrooms and 1 balcony. This unit features power back up, security, service/goods lift. Visit the flat at Honey Park Rd, Honey Park Area, L.P.Savani, Surat, Gujarat.",11000,33000,0,15,1,,Yes,No,No,"Service/Goods Lift, Internet/Wi-Fi Connectivity, Banquet Hall",False,True,Agent,69,Immediately,2026-04-17T23:45:20.000Z,Yesterday,True
NNw+bjuxcJVzpSvf+uAgZw==,Magicbricks,https://www.magicbricks.com/property-details/1-BHK-735-Sq-ft-Multistorey-Apartment-FOR-Rent-Jahangirabad-in-Surat&id=4d423732323130303039,2026-04-19 13:52:36,21.216427,72.78212,,Shree Siddhi Vinayak Property Consultant,jahangirabad,,,,Apartment,Unfurnished,12,14,East,735,Sq-ft,New Construction,"1 bhk new unused untouched flat for rent. near new d mart jahangirabad If you are planning to rent a flat, you can consider this 1 BHK flat situated in the prime location of Jahangirabad. You can get this flat at monthly rent of ₹13,000. Located on the 12 floor, the flat comprises 1 bathrooms, 2 balcony, and has a covered area of 735 sqft. The apartment is equipped with power back up, reserved parking, security, intercom facility. Visit the flat at Jahangirabad, Surat,Gujarat.",13000,36000,,18,1,,No,No,No,"Intercom Facility, Laundry Service, Internet/Wi-Fi Connectivity, Banquet Hall",False,True,Agent,73,Immediately,2026-04-17T23:45:21.000Z,Yesterday,True
8N6OYHypB59zpSvf+uAgZw==,Magicbricks,https://www.magicbricks.com/property-details/1-BHK-771-Sq-ft-Multistorey-Apartment-FOR-Rent-Palanpur-in-Surat&id=4d423733363630343331,2026-04-19 13:52:36,21.215963,72.770389,,Rajeshwar Properties,"TP-9, FP, 116, Near Shavion shopping Shavion Circal, Gauvravpath, Road, Palanpur, Surat, Gujarat",,,,Apartment,Unfurnished,7,13,North - East,771,Sq-ft,New Construction,"1 bhk flat for rent, It is a superb property and offers an excellent view. The flat is semi furnished with multiple amenities and promises a comfortable stay. Indeed, the society too has for enjoyment, such as, and security personnel etc, Other facilities include intercom facility, lift and park etc.",13000,39000,0,17,1,1 Covered,Yes,No,Yes,Jogging and Strolling Track,False,True,Agent,95,Immediately,2026-04-17T23:45:19.000Z,Yesterday,True
fS/WbSaWcfRzpSvf+uAgZw==,Magicbricks,https://www.magicbricks.com/property-details/1-BHK-650-Sq-ft-Multistorey-Apartment-FOR-Rent-Palanpur-in-Surat&id=4d423834323336333239,2026-04-19 13:52:36,21.215963,72.770389,,Neelkanth Property,"Surat, Gujarat",,,,Apartment,Semi-Furnished,6,12,East,650,Sq-ft,5 to 10 years,"1 BHK Semi Furnished Flat For Rent A beautiful 1 BHK flat is available for rent in Palanpur. Available at a rental price of ₹16,500, this 1 BHK flat is worth considering. The apartment is on the 6 floor, has a covered area of 650 sqft with 1 bathrooms and 1 balcony. The apartment comes furnished with power back up, reserved parking, security, air conditioned, intercom facility, ro water system.",16500,50000,1,25,1,,No,No,No,"Air Conditioned, Laundry Service, Internet/Wi-Fi Connectivity, Jogging and Strolling Track",True,True,Agent,53,Immediately,2026-04-14T13:27:22.000Z,"Apr 14, '26",True
EkMl2ZLAvLdzpSvf+uAgZw==,Magicbricks,https://www.magicbricks.com/property-details/1-BHK-800-Sq-ft-Multistorey-Apartment-FOR-Rent-Adajan-in-Surat&id=4d423832393930303431,2026-04-19 13:52:36,21.1973663,72.782489,,Adajan,"Surat, Gujarat","19202|Gajera Global School, 19202|Lp Savani International School, 19206|Imperial Square Mall, 19206|Regent Mall",,,Apartment,Furnished,8,11,West,800,Sq-ft,New Construction,"A beautiful 1 BHK flat is available for rent in Adajan. The 1 BHK apartment is available at a reasonable rent of ₹20,000. The flat is on the 8 floor and includes 1 bathrooms, 1 balcony with a carpet area of 400 sqft. The apartment comes furnished with power back up, reserved parking, security, service/goods lift, intercom facility, ro water system. The apartment is located at Palanpur, Surat, Gujarat.",20000,60000,0,25,1,,No,No,No,"Laundry Service, Internet/Wi-Fi Connectivity, RO Water System, Banquet Hall",False,True,Agent,70,Immediately,2026-04-17T23:45:20.000Z,Yesterday,True
A9KaU+AJnKRzpSvf+uAgZw==,Magicbricks,https://www.magicbricks.com/property-details/1-BHK-800-Sq-ft-Multistorey-Apartment-FOR-Rent-Citylight-Area-in-Surat&id=4d423739313036313531,2026-04-19 13:52:36,21.1666367,72.7955775,,Citylight Area,Citylight.,,,,Apartment,Furnished,5,10,East,800,Sq-ft,10 to 15 years,"1 bhk fully furnishedf lat for rent in citylight surat. You can explore this 1 BHK flat on rent in Citylight Area Surat. You can get this flat at monthly rent of ₹21,000. The residents of the flat have access to additional facilities such as 1 Wardrobe, 1 Bed, 1 AC, Sofa and Gas Connection. Located on the 5 floor, the flat comprises 2 bathrooms, 1 balcony, and has a covered area of 800 sqft. 1 Covered parking space is also available. This property offers power back up, reserved parking, security. Find this apartment at Citylight., Citylight Area, Surat, Gujarat.",21000,60000,0,26,2,1 Covered,No,No,No,,False,True,Agent,95,Immediately,2026-04-16T23:45:21.000Z,"Apr 17, '26",True
NmTvsBWqyRJzpSvf+uAgZw==,Magicbricks,https://www.magicbricks.com/property-details/1-BHK-750-Sq-ft-Multistorey-Apartment-FOR-Rent-Palan-Pur-Patiya-in-Surat&id=4d423832393337373237,2026-04-19 13:52:36,21.2099842,72.7921003,,Palan Pur Patiya,gaurav path road,,,,Apartment,Semi-Furnished,5,12,East,750,Sq-ft,Less than 5 years,"3 bhk flat new building with luxurious amenities with light fen kitchen trolley a.c. A beautiful 1 BHK flat is available for rent in Palan Pur Patiya. This 1 BHK flat can be availed at the rental price of ₹12,000. Located on the 5 floor, the flat has 1 bathrooms, 1 balcony in covered area of 750 sqft. 1 Covered parking space is also available. The apartment comes furnished with power back up, reserved parking, security, service/goods lift, air conditioned, intercom facility, ro water system. The full address of the apartment is Palanpur, Surat, Gujarat .",12000,36000,0,16,1,1 Covered,No,No,No,"Air Conditioned, Banquet Hall, Bar/Lounge, Jogging and Strolling Track",True,True,Agent,95,Immediately,2026-04-16T23:45:22.000Z,"Apr 17, '26",True
IBOPOju2OjpzpSvf+uAgZw==,Magicbricks,https://www.magicbricks.com/property-details/1-BHK-700-Sq-ft-Multistorey-Apartment-FOR-Rent-Pal-Gam-in-Surat&id=4d423737383738323233,2026-04-19 13:52:36,21.1961857,72.7706259,,Pal Gam,Near Rajcorner,,,,Apartment,Unfurnished,1,5,East,700,Sq-ft,5 to 10 years,"1BHK flat for rent, Pal area nearby Raj Corner flat in tube light fan, modular Kitchen gas line and other for more information, contact me Find 1 BHK flat for rent in Pal Gam Surat. The rent of the 1 BHK flat is ₹13,000. The apartment is on the 1 floor, has a carpet area of 400 sqft with 1 bathrooms and 1 balcony. You will also find 1 Covered parking facility. This flat is fitted with power back up, reserved parking, security. The full address of the apartment is Near Rajcorner, Pal Gam, Surat, Gujarat.",13000,36000,1,19,1,1 Covered,No,No,No,,False,True,Agent,100,Immediately,2026-03-18T05:12:50.000Z,"Mar 18, '26",True
fl1RibzSZ61zpSvf+uAgZw==,Magicbricks,https://www.magicbricks.com/property-details/1-BHK-743-Sq-ft-Multistorey-Apartment-FOR-Rent-Palan-Pur-Patiya-in-Surat&id=4d423734313830393235,2026-04-19 13:52:36,21.2099842,72.7921003,,Palan Pur Patiya,Palanpur canal rod near lpsavani school,,,,Apartment,Semi-Furnished,3,5,East,743,Sq-ft,Less than 5 years,"all amenities,near by school lpsavani,all company bus near bus stand You can avail the 1 BHK flat for rent in the well-known location of Palan Pur Patiya. The 1 BHK apartment is available at a reasonable rent of ₹14,000. Located on the 3 floor, the flat has 1 bathrooms, 1 balcony in carpet area of 512 sqft. This unit is designed with power back up, reserved parking, security, service/goods lift, air conditioned, intercom facility, ro water system. The address is Palanpur, Surat.",14000,40000,,19,1,,No,No,No,"Air Conditioned, Laundry Service, Internet/Wi-Fi Connectivity, Banquet Hall",False,True,Agent,78,Immediately,2026-04-13T03:05:51.000Z,"Apr 13, '26",True
c6uJLwrC7YBzpSvf+uAgZw==,Magicbricks,https://www.magicbricks.com/property-details/1-BHK-771-Sq-ft-Multistorey-Apartment-FOR-Rent-Palanpur-in-Surat&id=4d423833373430393835,2026-04-19 13:52:36,21.215963,72.770389,,Shivaay Realty,"Palanpur,Surat",,,,Apartment,Semi-Furnished,8,14,,771,Sq-ft,Less than 5 years,"You can explore this 1 BHK flat on rent in Palanpur Surat. The 1 BHK apartment is available at a reasonable rent of ₹14,000. The flat is located on the 8 floor which includes 1 bathrooms, 2 balcony, and covers a carpet area of 424 sqft. Visit the flat at TP-9, FP, 116, Near Shavion shopping Shavion Circal, Gauvravpath, Road, Palanpur, Surat, Gujarat.",14000,42000,,18,1,,No,No,No,,True,True,Agent,40,Immediately,2026-03-11T17:19:43.000Z,"Mar 11, '26",True
sX9euEL3GL5zpSvf+uAgZw==,Magicbricks,https://www.magicbricks.com/property-details/1-BHK-750-Sq-ft-Multistorey-Apartment-FOR-Rent-Jahangirabad-in-Surat&id=4d423830323633363635,2026-04-19 13:52:36,21.216427,72.78212,,Deepak Daryani,"Jahangirabad,Surat",,,,Apartment,Furnished,6,14,East,750,Sq-ft,Less than 5 years,"1BHK Flat Rent In Jahangirabad Surat Find this 1 BHK rental flat in Jahangirabad Surat. The flat is available for rent at a competitive amount of ₹17,500. If you rent the flat, you will have access to facilities like 1 Wardrobe, 1 Bed, Sofa and Gas Connection. The flat is located on the 6 floor which includes 1 bathrooms, 1 balcony, and covers a carpet area of 450 sqft. 1 Covered parking space is also available. This unit features reserved parking, security. Find this apartment at Jahangirabad, Surat Gujrat .",17500,52500,0,23,1,1 Covered,No,No,No,,True,True,Agent,78,Immediately,2026-03-15T07:20:57.000Z,"Mar 15, '26",True
M9nXPXdV6JlzpSvf+uAgZw==,Magicbricks,https://www.magicbricks.com/property-details/1-BHK-771-Sq-ft-Multistorey-Apartment-FOR-Rent-Palanpur-Gam-in-Surat&id=4d423731323638393131,2026-04-19 13:52:36,21.21086,72.771334,,Pinal  Barfiwala,Surat,,,,Apartment,Semi-Furnished,5,13,East,771,Sq-ft,Less than 5 years,"best location for family residence Check out this newly constructed 1 BHK flat on rent in the prime location of Palanpur Gam Surat. Available at a rental price of ₹13,000, this 1 BHK flat is worth considering. Located on the 5 floor, the flat has 1 bathrooms, 1 balcony in covered area of 771 sqft. This unit features power back up, reserved parking, security, air conditioned, intercom facility. Visit the flat at Palanpur, Surat, Gujarat .",13000,40000,0,17,1,,No,No,No,"Air Conditioned, Laundry Service, Internet/Wi-Fi Connectivity, Jogging and Strolling Track",True,True,Agent,60,Immediately,2026-02-27T05:50:46.000Z,"Feb 27, '26",True
36WRX857p0hzpSvf+uAgZw==,Magicbricks,https://www.magicbricks.com/property-details/1-BHK-750-Sq-ft-Multistorey-Apartment-FOR-Rent-Palanpur-in-Surat&id=4d423738343232303635,2026-04-19 13:52:36,21.215963,72.770389,,Pooja Real Estate,"Surat, Gujarat",,,,Apartment,Furnished,7,13,,750,Sq-ft,New Construction,"A beautiful 1 BHK flat is available for rent in Palanpur. This 1 BHK flat is available at the reasonable rent amount of ₹19,000. Located on the 7 floor, the flat comprises 1 bathrooms, 1 balcony, and has a carpet area of 400 sqft. The apartment is located at Palanpur, Surat, Gujarat.",19000,,,25,1,,No,No,No,,False,True,Agent,57,Immediately,2026-03-11T07:39:50.000Z,"Mar 11, '26",True
uT+ZttPOiMZzpSvf+uAgZw==,Magicbricks,https://www.magicbricks.com/property-details/1-BHK-1050-Sq-ft-Multistorey-Apartment-FOR-Rent-Adajan-in-Surat&id=4d423831333436383637,2026-04-19 13:52:36,21.1973663,72.782489,,Adajan,"Surat, Gujarat","19202|L.P. Savani International School, 19202|Seven Steps School, 19206|Imperial Square Mall, 19206|Bellissimo Hub",,,Apartment,Semi-Furnished,4,8,East,1050,Sq-ft,5 to 10 years,"1 BHK Semi Furnished Flat for rent. 1 BHK apartment is available on rent in Adajan Surat right away. The flat is available for rent at a competitive amount of ₹12,500. 1 Bed and Gas Connection are some of the additional amenities available with the apartment. Located on the 4 floor, the flat comprises 1 bathrooms, 1 balcony, and has a carpet area of 680 sqft. 1 Open parking facility are also available. The property features reserved parking. Visit the apartment at Adajan, Surat, Gujarat.",12500,37500,1,12,1,1 Open,No,No,No,,True,True,Agent,88,Immediately,2026-03-21T12:18:22.000Z,"Mar 21, '26",True
NeDNupjkxSlzpSvf+uAgZw==,Magicbricks,https://www.magicbricks.com/property-details/1-BHK-759-Sq-ft-Multistorey-Apartment-FOR-Rent-Palanpur-Gam-in-Surat&id=4d423833333530393933,2026-04-19 13:52:36,21.21086,72.771334,,Kamlesh Property Deal,near Katariya showroom,,,,Apartment,Semi-Furnished,2,10,North,759,Sq-ft,New Construction,"1 BHK flat for rent with furnished one split AC freeze or water, washing machine, sofa, curtains, safety door, gas pipeline, gas stove, gas geyser 1 BHK flat is available for rent in Palanpur Gam immediately. ₹20,500 is the monthly rent of this 1 BHK flat. Located on the 2 floor, the flat comprises 1 bathrooms, 1 balcony, and has a covered area of 759 sqft. The property has 10 floor and is equipped with Kids play area facilities. This property offers power back up, reserved parking, security, air conditioned, intercom facility. You can visit the flat at BLOCK NO 8, TP SCHEME 9, FP NO 151/2, NEAR SMC GARDEN, PALANPORE, PO PAL, SURAT, GUJARAT.",20500,55000,,27,1,,No,No,No,"Air Conditioned, Intercom Facility, Banquet Hall",True,True,Agent,78,Immediately,2026-02-20T18:06:55.000Z,"Feb 20, '26",True
79lgW42OjANzpSvf+uAgZw==,Magicbricks,https://www.magicbricks.com/property-details/1-BHK-750-Sq-ft-Multistorey-Apartment-FOR-Rent-Dumas-Road-in-Surat&id=4d423634373139313931,2026-04-19 13:52:36,21.1378068259953,72.7505612386718,,Dumas Road,Aakash Weekend Address near Carolina and DPS School airport Road Surat,"19201|Gidc Katagram, 19202|CK Pithawala College of Engineering Technology, 19202|Lourdes Convent High School, 19206|Surat Central, 19206|Canopus Mall, 19209|Surat International Airport",,,Apartment,Furnished,8,10,East,750,Sq-ft,New Construction,"Studio flat luxuries flat Find 1 BHK flat for rent in Dumas Road Surat. The Rent amount of this 1 BHK apartment is set at an attractive price of ₹16,000. The flat is on the 8 floor and includes 1 bathrooms, 1 balcony with a covered area of 750 sqft. 1 Covered parking space is also available. This home provides power back up, reserved parking, security, service/goods lift, visitor parking. The flat can be visited at Weekend Address,Near Delhi Public School,Silent Zone Road, Opp.Surat Airport, Dumas, Gujarat.",16000,48000,0,21,1,1 Covered,No,No,No,"Banquet Hall, Bar/Lounge, Jogging and Strolling Track, Outdoor Tennis Courts",True,True,Agent,90,Immediately,2026-03-20T11:01:20.000Z,"Mar 20, '26",True
Sao6FXXuREhzpSvf+uAgZw==,Magicbricks,https://www.magicbricks.com/property-details/1-BHK-760-Sq-ft-Multistorey-Apartment-FOR-Rent-Palanpur-in-Surat&id=4d423833393037343535,2026-04-19 13:52:36,21.215963,72.770389,,Sanjay Dalwani,Palanpur surat.,,,,Apartment,Furnished,5,10,East,760,Sq-ft,5 to 10 years,"1 bhk flat for rent in orchid infinity palanpur. You can explore this 1 BHK flat on rent in Palanpur Surat. The 1 BHK apartment is available at a reasonable rent of ₹18,000. The residents of the flat have access to additional facilities such as 1 Wardrobe, 1 Bed, 1 TV, 1 AC, Sofa and Gas Connection. The apartment is on the 5 floor, has a carpet area of 400 sqft with 2 bathrooms and 2 balcony. There is also facility of 1 Covered parking. This unit is designed with reserved parking. You can visit the flat at Palanpur surat., Palanpur, Surat, Gujarat.",18000,60000,0,24,2,1 Covered,No,No,No,,True,True,Agent,80,Immediately,2026-04-18T23:45:34.000Z,Today,True
juzKpuhvGUZzpSvf+uAgZw==,Magicbricks,https://www.magicbricks.com/property-details/1-BHK-1100-Sq-ft-Multistorey-Apartment-FOR-Rent-Palanpur-in-Surat&id=4d423834313436353231,2026-04-19 13:52:36,21.215963,72.770389,,Thakkar Skyline Real Estate,"Surat, Gujarat",,,,Apartment,Furnished,6,12,East,1100,Sq-ft,5 to 10 years,"1 BHK fully furnished flat for rent, having 1100 qft covered area. Grab the chance to own this affordable 1 BHK flat for rent in the Palanpur area. This 1 BHK flat is available at the reasonable rent amount of ₹18,000. The flat is on the 6 floor and includes 1 bathrooms, 1 balcony with a carpet area of 750 sqft. The residence includes power back up, reserved parking, security, air conditioned. The address is Palanpur, Surat, Gujarat.",18000,54000,1,16,1,,Yes,No,No,Air Conditioned,True,True,Agent,58,Immediately,2026-04-08T12:11:01.000Z,"Apr 08, '26",True
yvbfudNdkQFzpSvf+uAgZw==,Magicbricks,https://www.magicbricks.com/property-details/1-BHK-750-Sq-ft-Multistorey-Apartment-FOR-Rent-LP-Savani-in-Surat&id=4d423731313834353433,2026-04-19 13:52:36,21.1991,72.78237,,Himmat Vanara,"Pooja Flats, Near LP Savani, Adajan, Surat",,,,Apartment,Semi-Furnished,3,3,North,750,Sq-ft,15 to 20 years,"If you are searching a 1 BHK apartment for rent in LP Savani, check out this amazing rental flat. The Rent amount of this 1 BHK apartment is set at an attractive price of ₹13,500. The flat is located on the 3 floor which includes 1 bathrooms, 1 balcony, and covers a carpet area of 450 sqft. You can visit the flat at Pooja Flats, Near LP Savani, Adajan, Surat, LP Savani, Surat, Gujarat. This is a no-brokerage flat, as the owner is offering this 1 BHK flat on rent.",13500,28000,1000,18,1,,No,No,No,,False,False,Owner,79,Immediately,2026-04-05T17:00:19.000Z,"Apr 05, '26",True
HGWKdEm2SAVzpSvf+uAgZw==,Magicbricks,https://www.magicbricks.com/property-details/1-BHK-761-Sq-ft-Multistorey-Apartment-FOR-Rent-Palan-Pur-Patiya-in-Surat&id=4d423633323334323937,2026-04-19 13:52:36,21.2099842,72.7921003,,Palan Pur Patiya,"Surat, Gujarat",,,,Apartment,Furnished,13,13,,,,New Construction,"Multistorey apartment is available for rent. It carpet area of 761 sq-ft, it is a good location property. Please contact for more details. 1 BHK apartment is available on rent in Palan Pur Patiya Surat right away. The rent of the 1 BHK flat is ₹16,000. Located on the 13 floor, the flat comprises 1 bathrooms, 2 balcony, and has a carpet area of 761 sqft. The full address of the apartment is Palanpur, Surat, Gujarat . This is a no-brokerage flat, as the owner is offering this 1 BHK flat on rent.",16000,50000,,,1,,No,No,No,,False,False,Owner,36,Immediately,2026-04-17T21:32:02.000Z,Yesterday,True
2dTBeGIXkOpzpSvf+uAgZw==,Magicbricks,https://www.magicbricks.com/property-details/1-BHK-456-Sq-ft-Builder-Floor-Apartment-FOR-Rent-Bhestan-in-Surat&id=4d423834323330313237,2026-04-19 13:52:36,21.1276811,72.8574558,,Bhestan,bhestan railway station,,,,Builder Floor Apartment,Unfurnished,1,1,East,456,Sq-ft,New Construction,"Find 1 BHK flat for rent in Bhestan Surat. The flat is available for rent at a competitive amount of ₹5,500. This property offers security. Visit the apartment at bhestan railway station, Bhestan, Surat, Gujarat. This is a no-brokerage flat, as the owner is offering this 1 BHK flat on rent.",5500,10000,250,12,1,,No,No,No,,False,False,Owner,65,Immediately,2026-04-14T08:27:34.000Z,"Apr 14, '26",True
D2w8rVM87ChzpSvf+uAgZw==,Magicbricks,https://www.magicbricks.com/property-details/1-BHK-702-Sq-ft-Multistorey-Apartment-FOR-Rent-Pal-Gam-in-Surat&id=4d423834313237343737,2026-04-19 13:52:36,21.1961857,72.7706259,,Pal Gam,Shree Vallabh Srusti,,,,Apartment,Furnished,1,5,East,702,Sq-ft,5 to 10 years,"1 BHK flat is available for rent in Pal Gam immediately. The apartment is available at an affordable rental price of ₹18,000. The flat is located on the 1 floor which includes 1 bathrooms, 2 balcony, and covers a covered area of 702 sqft. This unit features reserved parking, security. This flat is located at Shree Vallabh Srusti, Pal Gam, Surat, Gujarat. This 1 BHK rental flat comes with no brokerage fees.",18000,,,26,1,,No,No,No,,False,False,Owner,74,Select Date,2026-04-07T14:57:01.000Z,"Apr 07, '26",True
7PPra5hldj9zpSvf+uAgZw==,Magicbricks,https://www.magicbricks.com/property-details/1-BHK-698-Sq-ft-Multistorey-Apartment-FOR-Rent-Jahangirabad-in-Surat&id=4d423833383535333735,2026-04-19 13:52:36,21.216427,72.78212,,Piyush Raval,"Surat, Gujarat",,,,Apartment,Semi-Furnished,13,14,,,,,"Multistory apartment is available for rent. It is a good location. Please contact for more details. If you are searching a 1 BHK apartment for rent in Jahangirabad, check out this amazing rental flat. This 1 BHK flat is available at the reasonable rent amount of ₹15,000. Some added-on facilities available with the flat are 1 Wardrobe, 1 AC and Gas Connection. The apartment is on the 13 floor, has a carpet area of 698 sqft with 1 bathrooms and 1 balcony. This flat is located at Jahangirabad, Surat, Gujarat. There are no brokerage fees on this 1 BHK multistorey apartment.",15000,28000,1200,,1,,No,No,No,,False,False,Owner,36,Immediately,2026-03-19T08:36:04.000Z,"Mar 19, '26",True
TKmRAL39Q2tzpSvf+uAgZw==,Magicbricks,https://www.magicbricks.com/property-details/1-BHK-650-Sq-ft-Multistorey-Apartment-FOR-Rent-City-Light-Town-in-Surat&id=4d423834323032333437,2026-04-19 13:52:36,21.166715,72.792362,,Mit jhaveri,Ajit park society,,,,Apartment,Furnished,Ground,3,South - East,650,Sq-ft,New Construction,"If you are planning to rent a flat, you can consider this 1 BHK flat situated in the prime location of City Light Town. ₹19,000 is the monthly rent of this 1 BHK flat. The flat is located on the Ground floor which includes 1 bathrooms, 1 balcony, and covers a carpet area of 550 sqft. This flat is located at Athwa, Surat, Gujarat. The owner has posted this 1 BHK flat for rent, so the brokerage fees is zero on this multistorey apartment.",19000,,,29,1,,No,No,No,,False,False,Owner,56,Immediately,2026-04-11T17:38:03.000Z,"Apr 11, '26",True
68JMOJMq9Z5zpSvf+uAgZw==,Magicbricks,https://www.magicbricks.com/property-details/1-BHK-527-Sq-ft-Builder-Floor-Apartment-FOR-Rent-in-Surat&id=4d423834303932343233,2026-04-19 13:52:36,,,,Henil Shukla,"Surat, Gujarat",,,,Builder Floor Apartment,Unfurnished,3,3,,527,Sq-ft,,"Find 1 BHK flat for rent in 54, Mukatanand Society, Vesu, Surat. Surat. ₹15,000 is the monthly rent of this 1 BHK flat. There are no brokerage fees on this 1 BHK multistorey apartment.",15000,,,28,1,,No,No,No,,False,False,Owner,26,Immediately,2026-04-06T04:12:45.000Z,"Apr 06, '26",True
14uXWZIrAq9zpSvf+uAgZw==,Magicbricks,https://www.magicbricks.com/property-details/1-BHK-1050-Sq-ft-Multistorey-Apartment-FOR-Rent-Vesu-Canal-Road-in-Surat&id=4d423834313532383137,2026-04-19 13:52:36,21.158859737319,72.7954871572205,,Vesu Canal Road,"Surat, Gujarat",,,,Apartment,Furnished,3,4,North,1050,Sq-ft,10 to 15 years,"Multistorey apartment is available for rent. It has a covered area of 1050 sq-ft, it is 1 BHK apartment. Please contact for more details. You can avail the 1 BHK flat for rent in the well-known location of Vesu Canal Road. The flat is available for rent at a competitive amount of ₹18,000. The apartment is on the 3 floor, has a carpet area of 500 sqft with 1 bathrooms and 1 balcony. This unit is designed with power back up, reserved parking, security, service/goods lift, air conditioned, intercom facility, ro water system. You can visit the flat at Canal Road, Surat,Gujarat.",18000,54000,,17,1,,No,No,No,"Air Conditioned, Laundry Service, Internet/Wi-Fi Connectivity, Jogging and Strolling Track",True,True,Agent,53,Immediately,2026-04-09T04:48:53.000Z,"Apr 09, '26",True
VXcFhfbQ9xtzpSvf+uAgZw==,Magicbricks,https://www.magicbricks.com/property-details/1-BHK-600-Sq-ft-Multistorey-Apartment-FOR-Rent-in-Surat&id=4d423833353334313435,2026-04-19 13:52:36,,,,Shivaji,"Surat, Gujarat",,,,Apartment,Furnished,5,14,,600,Sq-ft,5 to 10 years,"Grab the chance to own this affordable 1 BHK flat for rent in the suman shail area. The rent of the 1 BHK flat is ₹12,000. The apartment is on the 5 floor, has a carpet area of 500 sqft with 1 bathrooms and 1 balcony. There are no brokerage fees on this 1 BHK multistorey apartment.",12000,30000,1000,20,1,,No,No,No,,False,False,Owner,58,Immediately,2026-02-24T08:19:57.000Z,"Feb 24, '26",True
HY/2JtPo4C1zpSvf+uAgZw==,Magicbricks,https://www.magicbricks.com/property-details/1-BHK-600-Sq-ft-Multistorey-Apartment-FOR-Rent-in-Surat&id=4d423833323237353033,2026-04-19 13:52:36,,,,ritesh,hitesh apartment near khured bakery,,,,Apartment,Unfurnished,6,6,North - East,600,Sq-ft,10 to 15 years,"easily available everything around flat milk vegetables etc A beautiful 1 BHK flat is available for rent in hitesh apartment. The 1 BHK apartment is available at a reasonable rent of ₹12,000. The property features power back up, security. This 1 BHK flat is directly posted by the owner, so you don't need to pay any brokerage on this property.",12000,20000,450,20,1,,No,No,No,,False,False,Owner,71,Immediately,2026-02-02T19:02:20.000Z,"Feb 03, '26",True
89cdfqvSvNdzpSvf+uAgZw==,Magicbricks,https://www.magicbricks.com/property-details/1-BHK-650-Sq-ft-Multistorey-Apartment-FOR-Rent-Pal-in-Surat&id=4d423538393938303333,2026-04-19 13:52:36,21.1807801,72.7529018,,Pal,"Surat, Gujarat","19202|Gajera Global School, 19202|Seven Steps School, 19206|Bellissimo Hub, 19206|Pal. Star World",,,Apartment,Furnished,4,4,South - East,650,Sq-ft,10 to 15 years,"Everything of your daily needs in your reach. Posh locality. Healthy neighbour. Supporting nature. 1 BHK apartment is available on rent in Pal Surat right away. The apartment is available at an affordable rental price of ₹9,000. The flat is on the 4 floor and includes 1 bathrooms, 2 balcony with a covered area of 650 sqft. The residence includes reserved parking. The apartment is located at Pal, Surat, Gujarat. This 1 BHK flat is directly posted by the owner, so you don't need to pay any brokerage on this property.",9000,20000,,14,1,,No,No,No,,False,False,Owner,66,Immediately,2026-03-18T21:30:36.000Z,"Mar 19, '26",True
7abna4tufOZzpSvf+uAgZw==,Magicbricks,https://www.magicbricks.com/property-details/1-BHK-1000-Sq-ft-Multistorey-Apartment-FOR-Rent-in-Surat&id=4d423734313335353439,2026-04-19 13:52:36,,,,Shikha Kapadia,"Surat, Gujarat",,,,Apartment,Semi-Furnished,1,3,,1000,Sq-ft,Above 20 years,"You can avail the 1 BHK flat for rent in the well-known location of gopipura. Available at a rental price of ₹12,000, this 1 BHK flat is worth considering. This 1 BHK flat is directly posted by the owner, so you don't need to pay any brokerage on this property.",12000,,500,12,2,,No,No,No,,False,False,Owner,36,Immediately,2026-03-10T21:33:31.000Z,"Mar 11, '26",True
8nhuQJ4TSDpzpSvf+uAgZw==,Magicbricks,https://www.magicbricks.com/property-details/2-BHK-1310-Sq-ft-Multistorey-Apartment-FOR-Rent-Vesu-in-Surat&id=4d423831343430373835,2026-04-19 13:52:36,21.1447177,72.7717775,,Vesu,vesu,"19210|Udhna Railway Station, 19202|G.D. Goenka International School, 19202|White Lotus International School",,,Apartment,Unfurnished,6,12,East,1310,Sq-ft,Less than 5 years,"2 BHK, Multistorey Apartment For Rentin Vesu, Surat Grab the chance to own this affordable 2 BHK flat for rent in the Vesu area. The rent of the 2 BHK flat is ₹22,000. The flat is on the 6 floor and includes 2 bathrooms, 2 balcony with a carpet area of 760 sqft. There is also facility of 1 Covered parking. The residence includes power back up, reserved parking, security. The flat can be visited at Vesu, Surat Gujrat.",22000,66000,0,17,2,1 Covered,No,No,No,,False,True,Agent,95,Immediately,2026-04-16T23:45:20.000Z,"Apr 17, '26",True
GuTD3RyRPCxzpSvf+uAgZw==,Magicbricks,https://www.magicbricks.com/property-details/2-BHK-1173-Sq-ft-Multistorey-Apartment-FOR-Rent-Palanpur-in-Surat&id=4d423832343630373435,2026-04-19 13:52:36,21.215963,72.770389,,Universal Property,"Palanpur,Surat",,,,Apartment,Unfurnished,6,13,East,1173,Sq-ft,Less than 5 years,"2 BHK Flat for Rent Prime Location Middle Floor Good Wellmaintained Building Main Road Touch Building Shops, Market School Nearby Almost New Construction Longterm Rent AvailableSpacious 2 BHK flat available for rent in a prime, easily accessible location. The building is modern and well maintained, with all dailyuse facilities close by.",19000,57000,1,16,2,1 Covered,No,No,No,,False,True,Agent,100,Immediately,2026-04-16T11:33:22.000Z,"Apr 16, '26",True
PuEHMx1ONH5zpSvf+uAgZw==,Magicbricks,https://www.magicbricks.com/property-details/2-BHK-1140-Sq-ft-Multistorey-Apartment-FOR-Rent-Palanpur-Gam-in-Surat&id=4d423832383130383931,2026-04-19 13:52:36,21.21086,72.771334,,Rental Surat,555.,,,,Apartment,Semi-Furnished,7,12,East,1140,Sq-ft,5 to 10 years,"2 bhk flat for rent with fully ventilation You can avail the 2 BHK flat for rent in the well-known location of Palanpur Gam. The rent of the 2 BHK flat is ₹16,000. The flat is on the 7 floor and includes 2 bathrooms, 1 balcony with a carpet area of 600 sqft. The flat comes with power back up, reserved parking, security. You can visit the flat at Palanpur, Surat, Gujarat .",16000,48000,0,14,2,,Yes,No,No,Internet/Wi-Fi Connectivity,False,True,Agent,80,Immediately,2026-04-17T23:45:20.000Z,Yesterday,True
9KGFzieYJkJzpSvf+uAgZw==,Magicbricks,https://www.magicbricks.com/property-details/2-BHK-1250-Sq-ft-Multistorey-Apartment-FOR-Rent-Pal-in-Surat&id=4d423633333437343439,2026-04-19 13:52:36,21.1807801,72.7529018,,Pal,pal bhatha,"19202|Lp Savani International School, 19202|Gajera Global School, 19206|Pal. Star World, 19206|Bellissimo Hub",,,Apartment,Unfurnished,5,14,North,1250,Sq-ft,New Construction,"excellent 2 bhk new unused flat for rent . very nice location and locality You can avail the 2 BHK flat for rent in the well-known location of Pal. The 2 BHK apartment is available at a reasonable rent of ₹17,000. The flat is located on the 5 floor which includes 2 bathrooms, 1 balcony, and covers a covered area of 1250 sqft. The flat comes with power back up, reserved parking, security, service/goods lift, intercom facility. You can visit the flat at PAL, Surat Gujrat.",17000,45000,,14,2,,Yes,No,No,"Service/Goods Lift, Intercom Facility, Conference Room",False,True,Agent,78,Immediately,2026-04-17T23:45:21.000Z,Yesterday,True
QDPaS1rKz/dzpSvf+uAgZw==,Magicbricks,https://www.magicbricks.com/property-details/2-BHK-1170-Sq-ft-Multistorey-Apartment-FOR-Rent-Palanpur-in-Surat&id=4d423739333436323939,2026-04-19 13:52:36,21.215963,72.770389,,Rajeshwar Properties,"Palanpur,Surat",,,,Apartment,Semi-Furnished,4,5,North - East,1170,Sq-ft,Less than 5 years,"2 bhk flat for rent, It is a superb property and offers an excellent view. The flat is semi furnished with multiple amenities and promises a comfortable stay. Indeed, the society too has for enjoyment, such as club housecommunity center, fitness centregym, and security personnel etc, Other facilities include intercom facility, lift and park etc.",15500,46500,0,13,2,1 Covered,Yes,No,No,Jogging and Strolling Track,False,True,Agent,100,Immediately,2026-04-17T23:45:19.000Z,Yesterday,True
sytqRYPzyidzpSvf+uAgZw==,Magicbricks,https://www.magicbricks.com/property-details/2-BHK-900-Sq-ft-Multistorey-Apartment-FOR-Rent-Dumas-Road-in-Surat&id=4d423830353730383931,2026-04-19 13:52:36,21.1378068259953,72.7505612386718,,Dumas Road,"4, Dumas Rd, New Magdalla, Surat, Gujarat","19201|Gidc Katagram, 19202|Lourdes Convent High School, 19202|Scholar English Academy School, 19206|Canopus Mall, 19206|Surat Central, 19209|Surat International Airport",,,Apartment,Furnished,12,14,East,900,Sq-ft,Less than 5 years,"It has Gymnasium, Jogging and Strolling Track, Lift, Piped Gas, Power Back Up, Reserved Parking, Security, Swimming Pool Find this 2 BHK rental flat in Dumas Road Surat. You can get this flat at monthly rent of ₹20,000. The residents of the flat have access to additional facilities such as 2 Bed and 2 Wardrobe. Located on the 12 floor, the flat comprises 2 bathrooms, 1 balcony, and has a covered area of 900 sqft. You will also find 1 Covered, 1 Open parking facility. This unit features power back up, reserved parking, security. Find this apartment at 4, Dumas Rd, New Magdalla, Surat, Gujarat .",20000,60000,,22,2,"1 Covered, 1 Open",Yes,No,No,Jogging and Strolling Track,True,True,Agent,80,Immediately,2026-04-19T06:30:53.000Z,Today,True
bIzXnOKkj/pzpSvf+uAgZw==,Magicbricks,https://www.magicbricks.com/property-details/2-BHK-1230-Sq-ft-Multistorey-Apartment-FOR-Rent-Palan-Pur-Patiya-in-Surat&id=4d423833393035393039,2026-04-19 13:52:36,21.2099842,72.7921003,,Palan Pur Patiya,"Palan Pur Patiya,Surat",,,,Apartment,Unfurnished,4,7,East,1230,Sq-ft,Less than 5 years,"2 bhk flat for rent in rajhans orange palanpur syrat. Grab the chance to own this affordable 2 BHK flat for rent in the Palan Pur Patiya area. The rent of the 2 BHK flat is ₹15,000. Located on the 4 floor, the flat comprises 2 bathrooms, 2 balcony, and has a carpet area of 680 sqft. The property includes 1 Covered parking. The property has 7 floor and is equipped with Guest Accommodation, Kids Club, Kids Play Pool With Water Slides facilities. This property offers power back up, reserved parking, security. The apartment is located at Palan Pur Patiya, Surat..",15000,45000,0,12,2,1 Covered,No,No,No,,True,True,Agent,80,Immediately,2026-04-18T23:45:34.000Z,Today,True
vGAw0953fl1zpSvf+uAgZw==,Magicbricks,https://www.magicbricks.com/property-details/2-BHK-1050-Sq-ft-Multistorey-Apartment-FOR-Rent-Palanpur-in-Surat&id=4d423834323336313535,2026-04-19 13:52:36,21.215963,72.770389,,Neelkanth Property,Palanpur,,,,Apartment,Semi-Furnished,6,14,East,1050,Sq-ft,Less than 5 years,"2 BHK Semi Furnished Flat For Rent If you are planning to rent a flat, you can consider this 2 BHK flat situated in the prime location of Palanpur. The flat is available for rent at a competitive amount of ₹18,000. The flat is located on the 6 floor which includes 2 bathrooms, 1 balcony, and covers a covered area of 1050 sqft. The residence includes power back up, security, intercom facility, ro water system.",18000,54000,1,17,2,,No,No,No,"Laundry Service, Internet/Wi-Fi Connectivity, RO Water System, Jogging and Strolling Track",True,True,Agent,55,Immediately,2026-04-14T13:10:07.000Z,"Apr 14, '26",True
MecBpAgyD6VzpSvf+uAgZw==,Magicbricks,https://www.magicbricks.com/property-details/2-BHK-1350-Sq-ft-Multistorey-Apartment-FOR-Rent-Pal-in-Surat&id=4d423830303436353039,2026-04-19 13:52:36,21.1807801,72.7529018,,Pal,Gavrav path road Pal surat,"19202|Gajera Global School, 19202|Lp Savani International School, 19206|Pal. Star World, 19206|Bellissimo Hub",,,Apartment,Furnished,12,12,South -West,1350,Sq-ft,5 to 10 years,"2bhk fully luxurious furniture If you are planning to rent a flat, you can consider this 2 BHK flat situated in the prime location of Pal. The apartment is available at an affordable rental price of ₹21,000. The flat is located on the 12 floor which includes 3 bathrooms, 2 balcony, and covers a carpet area of 1000 sqft. The property features power back up, reserved parking, security, service/goods lift, air conditioned, intercom facility, ro water system. The full address of the apartment is GAVRAV PATH, T.P 10, Pal Gam, Surat, Gujarat.",21000,60000,0,16,3,,No,No,No,"Air Conditioned, Laundry Service, Bar/Lounge, Jogging and Strolling Track",False,True,Agent,78,Immediately,2026-04-17T23:45:19.000Z,Yesterday,True
8t4i4pa14BZzpSvf+uAgZw==,Magicbricks,https://www.magicbricks.com/property-details/2-BHK-1400-Sq-ft-Multistorey-Apartment-FOR-Rent-Vesu-in-Surat&id=4d423831383238373737,2026-04-19 13:52:36,21.1447177,72.7717775,,Vesu,vesu surat,"19210|Udhna Railway Station, 19202|G.D. Goenka International School, 19202|Bhagwan Mahavir College of Engineering Technology",,,Apartment,Unfurnished,8,12,East,1400,Sq-ft,Less than 5 years,"2 Bhk unfurnished flat for rent in roongta green leaf, vesu, surat A beautiful 2 BHK flat is available for rent in Vesu. This 2 BHK flat is available at the reasonable rent amount of ₹24,000. The flat is on the 8 floor and includes 2 bathrooms, 1 balcony with a covered area of 1400 sqft. The building has 12 floor and offers Kids play area amenities. The property features power back up, reserved parking, security. Find this apartment at Final Plot no. 39, TP NO 75 (Vesu-Abhva-Vesu)., Surat City, Surat, Gujarat.",24000,72000,1,17,2,,Yes,No,No,Banquet Hall,True,True,Agent,60,Immediately,2026-04-16T23:45:21.000Z,"Apr 17, '26",True
snDAn38fiNtzpSvf+uAgZw==,Magicbricks,https://www.magicbricks.com/property-details/2-BHK-1200-Sq-ft-Multistorey-Apartment-FOR-Rent-Palanpur-in-Surat&id=4d423832393239383531,2026-04-19 13:52:36,21.215963,72.770389,,Real Homes Real Estate,"Surat, Gujarat",,,,Apartment,Semi-Furnished,7,13,East,1200,Sq-ft,5 to 10 years,"2 BHK flat is available for rent in Palanpur immediately. The 2 BHK apartment is available at a reasonable rent of ₹20,000. The flat is located on the 7 floor which includes 2 bathrooms, 2 balcony, and covers a carpet area of 600 sqft. The property features power back up, security. The flat can be visited at Palanpur Canal Rd, Near L.P. Savani, Sant Crystal Avenue, Palanpur, Surat, Gujarat.",20000,63000,0,17,2,,No,No,No,,False,True,Agent,75,Immediately,2026-04-17T23:45:20.000Z,Yesterday,True
pf2M1yeHshBzpSvf+uAgZw==,Magicbricks,https://www.magicbricks.com/property-details/2-BHK-1155-Sq-ft-Multistorey-Apartment-FOR-Rent-Dahin-Nagar-in-Surat&id=4d423832393232313433,2026-04-19 13:52:36,21.223561,72.78687,,Dahin Nagar,jahangirabad,,,,Apartment,Semi-Furnished,8,13,East,1155,Sq-ft,Less than 5 years,"2 bhk multy story luxurious campus with luxurious amenities Find this 2 BHK rental flat in Dahin Nagar Surat. This 2 BHK flat can be availed at the rental price of ₹16,000. The apartment is on the 8 floor, has a covered area of 1155 sqft with 2 bathrooms and 2 balcony. 1 Covered parking space is also available. This unit features power back up, reserved parking, security, service/goods lift, intercom facility, ro water system. Visit the flat at Tp. 44, F.P, 21, Canal Road, near CNG Pump, Prabhudarshan Society, Jahangirabad, Dahin Nagar, Surat,.",16000,48000,0,14,2,1 Covered,Yes,No,No,"Service/Goods Lift, RO Water System, Banquet Hall, Outdoor Tennis Courts",True,True,Agent,100,Immediately,2026-04-17T23:45:20.000Z,Yesterday,True
zGag1i0kkuFzpSvf+uAgZw==,Magicbricks,https://www.magicbricks.com/property-details/2-BHK-1246-Sq-ft-Multistorey-Apartment-FOR-Rent-Palanpur-in-Surat&id=4d423830383836393233,2026-04-19 13:52:36,21.215963,72.770389,,Royal Property Consultant,"Surat, Gujarat",,,,Apartment,Semi-Furnished,10,13,East,1246,Sq-ft,5 to 10 years,"Find this 2 BHK rental flat in Palanpur Surat. The apartment is available at an affordable rental price of ₹18,500. The flat is located on the 10 floor which includes 2 bathrooms, 2 balcony, and covers a covered area of 1246 sqft. The building has 13 floor and offers Guest Accommodation, Kids Club, Kids Play Pool With Water Slides amenities. The residence includes power back up, reserved parking, security, service/goods lift, intercom facility, ro water system. The address is Palan Pur Patiya, Surat.",18500,55500,0,15,2,,Yes,No,No,"Service/Goods Lift, Intercom Facility, RO Water System, Banquet Hall",True,True,Agent,53,Immediately,2026-04-17T23:45:20.000Z,Yesterday,True
RfP5ndxNc9tzpSvf+uAgZw==,Magicbricks,https://www.magicbricks.com/property-details/2-BHK-1252-Sq-ft-Multistorey-Apartment-FOR-Rent-Bhimrad-in-Surat&id=4d423738333236373133,2026-04-19 13:52:36,21.129281,72.800067,,KARMBHOOMI REALTORS,"Bhimrad,Surat",,,,Apartment,Unfurnished,Lower Basement,15,East,1252,Sq-ft,2015,"Property having east facing naket flat but as per your reqirment furniture can instal immediatlly.with all live amenities 95 percent occupency You can explore this 2 BHK flat on rent in Bhimrad Surat. The apartment is available at an affordable rental price of ₹18,001. The apartment is on the Lower Basement floor, has a carpet area of 700 sqft with 2 bathrooms and 1 balcony. 1 Covered, 1 Open parking facility are also available. This unit is designed with power back up, reserved parking, security.",18001,54000,1,14,2,"1 Covered, 1 Open",Yes,No,No,Jogging and Strolling Track,True,True,Agent,78,Immediately,2026-04-16T23:45:20.000Z,"Apr 17, '26",True
0NzangrYkNBzpSvf+uAgZw==,Magicbricks,https://www.magicbricks.com/property-details/2-BHK-1450-Sq-ft-Multistorey-Apartment-FOR-Rent-Jahangirabad-in-Surat&id=4d423834323138393539,2026-04-19 13:52:36,21.216427,72.78212,,Shree Madhav Shine Properties,"Surat, Gujarat",,,,Apartment,Furnished,8,14,East,1450,Sq-ft,Less than 5 years,"2 BHK Fully Furnished Flat For Rent with all amenities available Find 2 BHK flat for rent in Jahangirabad Surat. The flat is available for rent at a competitive amount of ₹20,500. Located on the 8 floor, the flat comprises 2 bathrooms, 1 balcony, and has a carpet area of 950 sqft. The apartment is equipped with power back up, reserved parking, security, air conditioned. The flat can be visited at Jahangirabad, Surat,Gujarat.",20500,60000,1,14,2,,Yes,No,No,Air Conditioned,False,True,Agent,78,Immediately,2026-04-13T10:13:19.000Z,"Apr 13, '26",True
q5Gk3joGdhJzpSvf+uAgZw==,Magicbricks,https://www.magicbricks.com/property-details/2-BHK-1289-Sq-ft-Multistorey-Apartment-FOR-Rent-Pal-Gam-in-Surat&id=4d423639363933313531,2026-04-19 13:52:36,21.1961857,72.7706259,,Pal Gam,pal goverav path rod near fire station,,,,Apartment,Furnished,4,12,East,1289,Sq-ft,5 to 10 years,"Main rod touch property Find 2 BHK flat for rent in Pal Gam Surat. The 2 BHK apartment is available at a reasonable rent of ₹20,000. The apartment is on the 4 floor, has a carpet area of 1000 sqft with 2 bathrooms and 1 balcony. This property offers power back up, reserved parking, security, service/goods lift, air conditioned, intercom facility, ro water system. Visit the apartment at TP 10 Main Rd, Palanpur, Surat, Gujarat .",20000,60000,,16,2,,No,No,No,"Air Conditioned, Banquet Hall, Bar/Lounge, Jogging and Strolling Track",False,True,Agent,78,Immediately,2026-04-13T03:10:40.000Z,"Mar 24, '26",True
KNOHgGVNNk5zpSvf+uAgZw==,Magicbricks,https://www.magicbricks.com/property-details/2-BHK-1250-Sq-ft-Multistorey-Apartment-FOR-Rent-Vesu-in-Surat&id=4d423834313231393439,2026-04-19 13:52:36,21.1447177,72.7717775,,Vesu,"Surat, Gujarat","19210|Udhna Railway Station, 19202|G.D. Goenka International School, 19202|T M Patel International School",,,Apartment,Semi-Furnished,8,12,,1250,Sq-ft,10 to 15 years,"2 BHK flat is available for rent in Vesu immediately. The multistorey apartment is available at rent of ₹22,000. The flat is on the 8 floor and includes 2 bathrooms, 1 balcony with a carpet area of 800 sqft. Visit the flat at Abhawa Road, E3 Block, Vesu, Surat, Gujarat .",22000,66000,,18,2,,No,No,No,,True,True,Agent,36,Immediately,2026-04-07T10:21:44.000Z,"Apr 07, '26",True
gG0peFehhX9zpSvf+uAgZw==,Magicbricks,https://www.magicbricks.com/property-details/2-BHK-1295-Sq-ft-Multistorey-Apartment-FOR-Rent-Pal-in-Surat&id=4d423834313038393537,2026-04-19 13:52:36,21.1807801,72.7529018,,Pal,"Gaurav Path Road, Pal","19202|Seven Steps School, 19202|Lp Savani International School, 19206|Bellissimo Hub, 19206|Pal. Star World",,,Apartment,Furnished,7,13,East,1295,Sq-ft,5 to 10 years,"2 Bhk fully furnished with electronics for rent 2 BHK flat is available for rent in Pal immediately. The Rent amount of this 2 BHK apartment is set at an attractive price of ₹24,000. The flat is located on the 7 floor which includes 2 bathrooms, 1 balcony, and covers a carpet area of 813 sqft. You will also find 1 Covered parking facility. This unit is designed with power back up, security, air conditioned. Visit the apartment at Gaurav Path Road, Pal, Pal, Surat, Gujarat.",24000,72000,1,19,2,1 Covered,Yes,No,Yes,Air Conditioned,True,True,Agent,80,Immediately,2026-04-06T14:08:54.000Z,"Apr 06, '26",True
XpM1eieA44dzpSvf+uAgZw==,Magicbricks,https://www.magicbricks.com/property-details/2-BHK-1250-Sq-ft-Multistorey-Apartment-FOR-Rent-Jahangirabad-in-Surat&id=4d423834323935373039,2026-04-19 13:52:36,21.216427,72.78212,,Premium Property and Consultancy,gauravpath,,,,Apartment,Semi-Furnished,13,14,,1250,Sq-ft,New Construction,"new brand 2bhk property You can avail the 2 BHK flat for rent in the well-known location of Jahangirabad. This 2 BHK flat can be availed at the rental price of ₹20,000. Located on the 13 floor, the flat has 2 bathrooms, 2 balcony in covered area of 1250 sqft. This home provides power back up, security, service/goods lift. Visit the flat at TP-6, Bhesan Rd, Surat, Gujarat .",20000,,,16,2,,Yes,No,No,Service/Goods Lift,False,True,Agent,74,Immediately,2026-04-18T07:25:02.000Z,Yesterday,True
X2LcHWPXgZdzpSvf+uAgZw==,Magicbricks,https://www.magicbricks.com/property-details/2-BHK-1321-Sq-ft-Multistorey-Apartment-FOR-Rent-Vesu-in-Surat&id=4d423834323838373331,2026-04-19 13:52:36,21.1447177,72.7717775,,Vesu,"Vesu,Surat","19210|Udhna Railway Station, 19202|White Lotus International School, 19202|T M Patel International School",,,Apartment,Unfurnished,4,13,East,1321,Sq-ft,,"East facing Flat And Pure veg. Campus...... If you are planning to rent a flat, you can consider this 2 BHK flat situated in the prime location of Vesu. The multistorey apartment is available at rent of ₹22,000. The flat is located on the 4 floor which includes 2 bathrooms, 3 balcony, and covers a covered area of 1321 sqft. There is also facility of 1 Covered parking. The building has 13 floor and offers Kids play area amenities. This flat is fitted with reserved parking, security. This flat is located at Final Plot no. 39, TP NO 75 (Vesu-Abhva-Vesu)., Surat City, Surat, Gujarat.",22000,66000,,17,2,1 Covered,No,No,No,,False,True,Agent,88,Immediately,2026-04-17T13:25:09.000Z,"Apr 17, '26",True
qoMIhsl57ChzpSvf+uAgZw==,Magicbricks,https://www.magicbricks.com/property-details/2-BHK-1200-Sq-ft-Multistorey-Apartment-FOR-Rent-Palanpur-Gam-in-Surat&id=4d423834303134373131,2026-04-19 13:52:36,21.21086,72.771334,,X Properties,"Surat, Gujarat",,,,Apartment,Furnished,4,11,East,1200,Sq-ft,2012,"Residential Open Plot for sale in Gated Colony A beautiful 2 BHK flat is available for rent in Palanpur Gam. Available at a rental price of ₹25,000, this 2 BHK flat is worth considering. The apartment is on the 4 floor, has a carpet area of 800 sqft with 2 bathrooms and 1 balcony. The property features power back up, reserved parking, security. Visit the flat at TP 10 Main Rd, Pal Gam, Surat, Gujarat.",25000,75000,,21,2,,No,No,No,,False,True,Agent,68,Immediately,2026-04-01T04:05:19.000Z,"Apr 01, '26",True
kc22qixr1w9zpSvf+uAgZw==,Magicbricks,https://www.magicbricks.com/property-details/2-BHK-1100-Sq-ft-Multistorey-Apartment-FOR-Rent-Pal-in-Surat&id=4d423834323039303333,2026-04-19 13:52:36,21.1807801,72.7529018,,Pal,"Surat, Gujarat","19202|Seven Steps School, 19202|International Institute Of Management And Technical Studies (Iimt), 19206|Pal. Star World, 19206|Bellissimo Hub",,,Apartment,Furnished,5,5,East,1100,Sq-ft,5 to 10 years,"A beautiful 2 BHK flat is available for rent in Pal. Available at a rental price of ₹25,000, this 2 BHK flat is worth considering. The flat is on the 5 floor and includes 2 bathrooms, 1 balcony with a covered area of 1100 sqft. This home provides security, service/goods lift, intercom facility. This flat is located at Pal, Surat, Gujarat.",25000,75000,,23,2,,Yes,No,No,"Service/Goods Lift, Intercom Facility, Banquet Hall, Conference Room",False,True,Agent,66,Immediately,2026-04-12T12:19:43.000Z,"Apr 12, '26",True
9H+v38gN2IlzpSvf+uAgZw==,Magicbricks,https://www.magicbricks.com/property-details/2-BHK-1178-Sq-ft-Multistorey-Apartment-FOR-Rent-Jahangirabad-in-Surat&id=4d423832313834303031,2026-04-19 13:52:36,21.216427,72.78212,,Sun Property,"Jahangirabad,Surat",,,,Apartment,Semi-Furnished,5,12,East,1178,Sq-ft,Less than 5 years,"2 BHK Semi Furnished Flat For Rent with all amenities available If you are planning to rent a flat, you can consider this 2 BHK flat situated in the prime location of Jahangirabad. ₹16,000 is the monthly rent of this 2 BHK flat. Get access to smart facilities such as Gas Connection simply by choosing this flat for rent. The flat is located on the 5 floor which includes 2 bathrooms, 2 balcony, and covers a carpet area of 750 sqft. 1 Covered parking facility are also available. This flat is fitted with reserved parking. The address is Prabhudarshan Society, Dahin Nagar, Surat, Gujarat .",16000,48000,1,14,2,1 Covered,No,No,No,,False,True,Agent,95,Immediately,2026-02-26T02:17:19.000Z,"Feb 26, '26",True
3rj/xcUDlrZzpSvf+uAgZw==,Magicbricks,https://www.magicbricks.com/property-details/2-BHK-1310-Sq-ft-Multistorey-Apartment-FOR-Rent-Vesu-in-Surat&id=4d423833353934313533,2026-04-19 13:52:36,21.1447177,72.7717775,,Vesu,Vesu,"19210|Udhna Railway Station, 19202|G.D. Goenka International School, 19202|Bhagwan Mahavir College of Engineering Technology",,,Apartment,Semi-Furnished,8,13,North - East,1310,Sq-ft,Less than 5 years,"in A beautiful 2 BHK flat is available for rent in Vesu. The 2 BHK apartment is available at a reasonable rent of ₹21,000. The apartment is on the 8 floor, has a covered area of 1310 sqft with 2 bathrooms and 1 balcony. This home provides power back up, reserved parking, security, service/goods lift, air conditioned, intercom facility, ro water system. Visit the apartment at Vesu, Surat, Gujarat .",21000,63000,10000,16,2,,No,No,No,"Air Conditioned, Banquet Hall, Bar/Lounge, Jogging and Strolling Track",True,True,Agent,60,Immediately,2026-02-28T09:11:22.000Z,"Feb 28, '26",True
BLu8bE3IogVzpSvf+uAgZw==,Magicbricks,https://www.magicbricks.com/property-details/2-BHK-1227-Sq-ft-Multistorey-Apartment-FOR-Rent-Palanpur-Gam-in-Surat&id=4d423833303037383933,2026-04-19 13:52:36,21.21086,72.771334,,Iconic Properties,palanpur,,,,Apartment,Unfurnished,7,13,South -West,1227,Sq-ft,5 to 10 years,"Main road high rise towers Find 2 BHK flat for rent in Palanpur Gam Surat. The apartment is available at an affordable rental price of ₹16,500. The flat is on the 7 floor and includes 2 bathrooms, 1 balcony with a carpet area of 750 sqft. This home provides power back up, reserved parking, security, air conditioned, intercom facility, ro water system.",16500,50000,0,13,2,,No,No,No,"Air Conditioned, Laundry Service, RO Water System, Banquet Hall",True,True,Agent,60,Immediately,2026-04-07T05:02:56.000Z,"Apr 07, '26",True
Xieb5QZbTJtzpSvf+uAgZw==,Magicbricks,https://www.magicbricks.com/property-details/2-BHK-1344-Sq-ft-Multistorey-Apartment-FOR-Rent-Jahangirabad-in-Surat&id=4d423833383331383231,2026-04-19 13:52:36,21.216427,72.78212,,Shivaay Realty,near Dmart Jahangirabad,,,,Apartment,Unfurnished,8,14,East,1344,Sq-ft,Less than 5 years,"Best Connectivity To Railway Station, Metro Station, Hazira Best Connectivity Ring road etc. all Market Is Near By Walking Distance. 2 BHK apartment is available on rent in Jahangirabad Surat right away. The apartment is available at an affordable rental price of ₹18,500. The apartment is on the 8 floor, has a covered area of 1344 sqft with 2 bathrooms and 3 balcony. The residence includes power back up, reserved parking, security, air conditioned.",18500,55500,,14,2,,No,No,No,"Air Conditioned, Laundry Service, Internet/Wi-Fi Connectivity, Jogging and Strolling Track",True,True,Agent,58,Immediately,2026-03-18T06:30:11.000Z,"Mar 18, '26",True
ZnjK+SEAmNpzpSvf+uAgZw==,Magicbricks,https://www.magicbricks.com/property-details/2-BHK-1250-Sq-ft-Multistorey-Apartment-FOR-Rent-Jahangir-Pura-in-Surat&id=4d423831333135333839,2026-04-19 13:52:36,21.247161,72.8018701,,Jahangir Pura,"Jahangirpura, Surat Gujrat",,,,Apartment,Semi-Furnished,7,14,East,1250,Sq-ft,,"2 bhk spacious semi furnished flat for rent in jahangirpura surat. Check out this newly constructed 2 BHK flat on rent in the prime location of Jahangir Pura Surat. The Rent amount of this 2 BHK apartment is set at an attractive price of ₹15,000. Live in this lovely flat and get access to various useful facilities such as Gas Connection. The apartment is on the 7 floor, has a covered area of 1250 sqft with 2 bathrooms and 3 balcony. 1 Covered parking space is also available. This home provides power back up, reserved parking, security. The address is Jahangirpura, Surat Gujrat.",15000,42000,0,12,2,1 Covered,Yes,Yes,No,Jogging and Strolling Track,True,True,Agent,75,Immediately,2026-03-13T07:28:10.000Z,"Mar 13, '26",True
XRaO1HkNgatzpSvf+uAgZw==,Magicbricks,https://www.magicbricks.com/property-details/2-BHK-1278-Sq-ft-Multistorey-Apartment-FOR-Rent-Adajan-in-Surat&id=4d423833343731373835,2026-04-19 13:52:36,21.1973663,72.782489,,Adajan,Gauravpath Road,"19202|Lp Savani International School, 19202|Imperial International School, 19206|Imperial Square Mall, 19206|Rajhans Theatre",,,Apartment,Unfurnished,,,East,1278,Sq-ft,New Construction,"Luxurious home your key to Happiness. You can avail the 2 BHK flat for rent in the well-known location of Adajan. The flat is available for rent at a competitive amount of ₹18,000. 1 Covered parking space is also available. The apartment is equipped with reserved parking, security. Visit the apartment at Gauravpath Road, Adajan, Surat, Gujarat.",18000,54000,1,14,2,1 Covered,Yes,Yes,No,Jogging and Strolling Track,False,True,Agent,100,Immediately,2026-02-19T09:01:59.000Z,"Feb 19, '26",True
I55PisPRHjBzpSvf+uAgZw==,Magicbricks,https://www.magicbricks.com/property-details/2-BHK-1245-Sq-ft-Multistorey-Apartment-FOR-Rent-Palanpur-in-Surat&id=4d423738343533333939,2026-04-19 13:52:36,21.215963,72.770389,,Pooja Real Estate,"Surat, Gujarat",,,,Apartment,Semi-Furnished,10,12,,1245,Sq-ft,New Construction,"Find 2 BHK flat for rent in Palanpur Surat. This 2 BHK flat can be availed at the rental price of ₹22,000. The apartment is on the 10 floor, has a carpet area of 800 sqft with 2 bathrooms and 1 balcony. The apartment is located at Palanpur, Surat, Gujarat.",22000,,,18,2,,No,No,No,,False,True,Agent,59,Immediately,2026-03-11T07:39:49.000Z,"Mar 11, '26",True
EPgK1cMjmPdzpSvf+uAgZw==,Magicbricks,https://www.magicbricks.com/property-details/2-BHK-1100-Sq-ft-Multistorey-Apartment-FOR-Rent-Jahangir-Pura-in-Surat&id=4d423834303030393639,2026-04-19 13:52:36,21.247161,72.8018701,,Jahangir Pura,Palanpur,,,,Apartment,Semi-Furnished,8,14,East,1100,Sq-ft,5 to 10 years,"2 BHK Semi Furnished Flat For rent preferably for company working or Bank employee If you are searching a 2 BHK apartment for rent in Jahangir Pura, check out this amazing rental flat. This 2 BHK flat can be availed at the rental price of ₹16,000. The flat is located on the 8 floor which includes 2 bathrooms, 1 balcony, and covers a carpet area of 700 sqft. You will also find 1 Covered parking facility. The apartment is equipped with power back up, reserved parking, security, intercom facility. The full address of the apartment is Palanpur, Jahangir Pura, Surat, Gujarat.",16000,48000,1,15,2,1 Covered,Yes,No,No,Intercom Facility,False,True,Agent,100,Immediately,2026-03-30T17:58:47.000Z,"Mar 30, '26",True
qXerHaWBSMpzpSvf+uAgZw==,Magicbricks,https://www.magicbricks.com/property-details/2-BHK-1280-Sq-ft-Multistorey-Apartment-FOR-Rent-Vesu-in-Surat&id=4d423831343430373837,2026-04-19 13:52:36,21.1447177,72.7717775,,Vesu,vesu,"19210|Udhna Railway Station, 19202|White Lotus International School, 19202|Bhagwan Mahavir College of Engineering Technology",,,Apartment,Unfurnished,10,13,East,1280,Sq-ft,Less than 5 years,"2 BHK, Multistorey Apartment For Rentin Vesu, Surat Find 2 BHK flat for rent in Vesu Surat. This 2 BHK flat is available at the reasonable rent amount of ₹30,000. Located on the 10 floor, the flat has 2 bathrooms, 1 balcony in carpet area of 800 sqft. There is also facility of 1 Covered parking. This unit features power back up, reserved parking, security. You can visit the flat at vesu, Vesu, Surat, Gujarat.",30000,75000,0,23,2,1 Covered,Yes,No,No,Outdoor Tennis Courts,False,True,Agent,95,Immediately,2026-04-16T23:45:20.000Z,"Apr 17, '26",True
Lmf4TVtsdGdzpSvf+uAgZw==,Magicbricks,https://www.magicbricks.com/property-details/2-BHK-1251-Sq-ft-Multistorey-Apartment-FOR-Rent-Palanpur-in-Surat&id=4d423833303037373733,2026-04-19 13:52:36,21.215963,72.770389,,Universal Property,Surat Palanpur,,,,Apartment,Furnished,13,14,East,1251,Sq-ft,Less than 5 years,"2 bhk full furnished flat for rent If you are searching a 2 BHK apartment for rent in Palanpur, check out this amazing rental flat. The rent of the 2 BHK flat is ₹26,000. The flat is on the 13 floor and includes 2 bathrooms, 2 balcony with a carpet area of 725 sqft. 1 Covered parking facility are also available. The flat comes with power back up, reserved parking, security, air conditioned. You can visit the flat at F.P.23, T.P.9, Palanpur Canal Road, Near Gaurav Path Road, Surat City, Surat, Gujarat.",26000,78000,0,21,2,1 Covered,Yes,No,No,"Air Conditioned, Banquet Hall",False,True,Agent,100,Immediately,2026-04-16T11:40:38.000Z,"Apr 16, '26",True
/zX6lf6oxnxzpSvf+uAgZw==,Magicbricks,https://www.magicbricks.com/property-details/2-BHK-1310-Sq-ft-Multistorey-Apartment-FOR-Rent-Palanpur-Gam-in-Surat&id=4d423737323637323831,2026-04-19 13:52:36,21.21086,72.771334,,Rajeshwar Properties,"Palanpur, Surat, Gujarat",,,,Apartment,Furnished,6,13,North - East,1310,Sq-ft,New Construction,"You can avail the 2 BHK flat for rent in the well-known location of Palanpur Gam. ₹28,000 is the monthly rent of this 2 BHK flat. Additional amenities available with the flat are 2 Wardrobe, 2 Bed, 1 TV, Fridge, 2 AC, Sofa, Washing Machine, Dining Table and Gas Connection. Located on the 6 floor, the flat has 2 bathrooms, 2 balcony in covered area of 1310 sqft. You will also find 1 Covered parking facility. The residence includes power back up, reserved parking, security. The address is Palanpur, Surat, Gujarat.",28000,84000,0,21,2,1 Covered,Yes,Yes,No,Jogging and Strolling Track,False,True,Agent,100,Immediately,2026-04-17T23:45:19.000Z,Yesterday,True
yRhZ+Go72BNzpSvf+uAgZw==,Magicbricks,https://www.magicbricks.com/property-details/2-BHK-1225-Sq-ft-Multistorey-Apartment-FOR-Rent-Palanpur-in-Surat&id=4d423833393036353735,2026-04-19 13:52:36,21.215963,72.770389,,Sanjay Dalwani,"Palanpur,Surat",,,,Apartment,Furnished,2,13,East,1225,Sq-ft,,"2 bhk flat available for rent in flobcon surat. 2 BHK flat is available for rent in Palanpur immediately. The flat is available for rent at a competitive amount of ₹30,000. 2 Wardrobe, 2 Bed, 2 TV, 2 AC and Gas Connection are some of the additional amenities available with the apartment. Located on the 2 floor, the flat comprises 2 bathrooms, 2 balcony, and has a carpet area of 700 sqft. There is also facility of 1 Covered parking. This property offers power back up, reserved parking, security. Visit the flat at T.P. - 9, F.P. - 28, Block No. - 109, Opp. Rajhans Stadium Plaza, L.P. Savani Canal Road, Palanpor, Surat .",30000,90000,0,24,2,1 Covered,No,No,No,,True,True,Agent,78,Immediately,2026-04-18T23:45:34.000Z,Today,True
NQatgv4YnMlzpSvf+uAgZw==,Magicbricks,https://www.magicbricks.com/property-details/2-BHK-1310-Sq-ft-Multistorey-Apartment-FOR-Rent-Vesu-in-Surat&id=4d423831383238383033,2026-04-19 13:52:36,21.1447177,72.7717775,,Vesu,"Surat, Gujarat","19210|Udhna Railway Station, 19202|T M Patel International School, 19202|Bhagwan Mahavir College of Engineering Technology",,,Apartment,Furnished,7,13,East,1310,Sq-ft,Less than 5 years,"2 BHK furnished flat for rent in green leaf, vesu,surat You can avail the 2 BHK flat for rent in the well-known location of Vesu. The multistorey apartment is available at rent of ₹30,000. Located on the 7 floor, the flat comprises 2 bathrooms, 2 balcony, and has a covered area of 1310 sqft. This flat is fitted with power back up, reserved parking, security. The full address of the apartment is Vesu, Surat, Gujarat .",30000,90000,1,23,2,,Yes,No,No,Banquet Hall,True,True,Agent,58,Immediately,2026-04-16T23:45:21.000Z,"Apr 17, '26",True
nvC1rhqrcHVzpSvf+uAgZw==,Magicbricks,https://www.magicbricks.com/property-details/2-BHK-1280-Sq-ft-Multistorey-Apartment-FOR-Rent-Palanpur-in-Surat&id=4d423834323639323537,2026-04-19 13:52:36,21.215963,72.770389,,Royal Property Consultant,"Surat, Gujarat",,395005,,Apartment,Furnished,6,12,East,1280,Sq-ft,Less than 5 years,"Find this 2 BHK rental flat in Palanpur Surat. The rent of the 2 BHK flat is ₹30,000. The flat is on the 6 floor and includes 2 bathrooms, 1 balcony with a carpet area of 725 sqft. The residence includes power back up, reserved parking, security, intercom facility. The apartment is located at 105/1, 105/2, BLOCK 152, TPS 09, FP NO. 62, PAIKI A, Chorasi, Surat, Gujarat, 395005.",30000,90000,0,23,2,,No,No,No,"Intercom Facility, Banquet Hall, Outdoor Tennis Courts",False,True,Agent,73,Immediately,2026-04-18T23:45:32.000Z,Today,True
45HsLlZ5r1BzpSvf+uAgZw==,Magicbricks,https://www.magicbricks.com/property-details/2-BHK-1225-Sq-ft-Multistorey-Apartment-FOR-Rent-Palanpur-in-Surat&id=4d423831393635373931,2026-04-19 13:52:36,21.215963,72.770389,,Real Homes Real Estate,"Surat, Gujarat",,,,Apartment,Furnished,6,12,East,1225,Sq-ft,New Construction,"2 BHK flat is available for rent in Palanpur immediately. The rent of the 2 BHK flat is ₹30,000. The apartment is on the 6 floor, has a covered area of 1225 sqft with 2 bathrooms and 2 balcony. This home provides power back up, security, air conditioned, intercom facility, ro water system. The address is T.P. - 9, F.P. - 28, Block No. - 109, Opp. Rajhans Stadium Plaza, L.P. Savani Canal Road, Palanpor, Surat .",30000,90000,0,24,2,,No,No,No,"Air Conditioned, Laundry Service, RO Water System, Banquet Hall",False,True,Agent,73,Immediately,2026-04-17T23:45:20.000Z,Yesterday,True
gLsp/JGUxkxzpSvf+uAgZw==,Magicbricks,https://www.magicbricks.com/property-details/2-BHK-1200-Sq-ft-Multistorey-Apartment-FOR-Rent-Palanpur-in-Surat&id=4d423834323336323931,2026-04-19 13:52:36,21.215963,72.770389,,Neelkanth Property,"Surat, Gujarat",,,,Apartment,Furnished,5,12,East,1200,Sq-ft,Less than 5 years,"2 BHK Fully Furnished Flat For Rent with all amenities available 2 BHK flat is available for rent in Palanpur immediately. The apartment is available at an affordable rental price of ₹30,000. Located on the 5 floor, the flat comprises 2 bathrooms, 2 balcony, and has a carpet area of 750 sqft. This property offers power back up, reserved parking, security, air conditioned. You can visit the flat at Palanpur Canal Rd, Palanpur, Surat, Gujarat .",30000,90000,1,25,2,,Yes,No,No,Air Conditioned,True,True,Agent,53,Immediately,2026-04-14T13:23:12.000Z,"Apr 14, '26",True
BGqptrJGvwxzpSvf+uAgZw==,Magicbricks,https://www.magicbricks.com/property-details/2-BHK-1200-Sq-ft-Multistorey-Apartment-FOR-Rent-Palanpur-Gam-in-Surat&id=4d423834323335333335,2026-04-19 13:52:36,21.21086,72.771334,,X Properties,"Surat, Gujarat",,,,Apartment,Furnished,5,10,,1200,Sq-ft,2012,"2 BHK flat is available for rent in Palanpur Gam immediately. The multistorey apartment is available at rent of ₹25,500. The apartment is on the 5 floor, has a carpet area of 800 sqft with 2 bathrooms and 1 balcony. The address is FP-30, TP-9, Palanpur, Surat, Gujarat.",25500,75000,,21,2,,No,No,No,,False,True,Agent,48,Select Date,2026-04-14T12:13:40.000Z,"Apr 14, '26",True
Y/L3hhafXSBzpSvf+uAgZw==,Magicbricks,https://www.magicbricks.com/property-details/2-BHK-1245-Sq-ft-Multistorey-Apartment-FOR-Rent-Vesu-in-Surat&id=4d423834303537363539,2026-04-19 13:52:36,21.1447177,72.7717775,,Vesu,vesu,"19210|Udhna Railway Station, 19202|T M Patel International School, 19202|G.D. Goenka International School",,,Apartment,Furnished,8,13,North - East,1245,Sq-ft,Less than 5 years,"You can avail the 2 BHK flat for rent in the well-known location of Vesu. ₹36,000 is the monthly rent of this 2 BHK flat. Located on the 8 floor, the flat has 2 bathrooms, 1 balcony in covered area of 1245 sqft. The flat comes with power back up, reserved parking, security, service/goods lift, intercom facility, ro water system. The address is Canal Rd, Vesu, Surat, Gujarat.",36000,108000,,29,2,,No,No,No,"Laundry Service, Banquet Hall, Jogging and Strolling Track, Outdoor Tennis Courts",False,True,Agent,68,Immediately,2026-04-03T09:52:49.000Z,"Apr 03, '26",True
/lYHGQlzP5tzpSvf+uAgZw==,Magicbricks,https://www.magicbricks.com/property-details/2-BHK-1410-Sq-ft-Multistorey-Apartment-FOR-Rent-Bhimrad-in-Surat&id=4d423833353030383937,2026-04-19 13:52:36,21.129281,72.800067,,R Real Estate,"Surat, Gujarat",,,,Apartment,Furnished,12,15,East,1410,Sq-ft,New Construction,"2 BHK apartment is available on rent in Bhimrad Surat right away. The multistorey apartment is available at rent of ₹35,000. The flat is located on the 12 floor which includes 2 bathrooms, 1 balcony, and covers a carpet area of 1000 sqft. This property offers power back up, reserved parking, security, service/goods lift, visitor parking.",35000,,,25,2,,No,No,No,"Banquet Hall, Bar/Lounge, Jogging and Strolling Track, Outdoor Tennis Courts",True,True,Agent,58,Immediately,2026-02-26T06:46:25.000Z,"Feb 26, '26",True
omT1qpuyOfJzpSvf+uAgZw==,Magicbricks,https://www.magicbricks.com/property-details/2-BHK-1223-Sq-ft-Multistorey-Apartment-FOR-Rent-Adajan-in-Surat&id=4d423834323130313831,2026-04-19 13:52:36,21.1973663,72.782489,,Adajan,Orchid harmony pal goverav path rod near fire station,"19202|Ryan International School Cbse, 19202|Imperial International School, 19206|Regent Mall, 19206|Rajhans Theatre",,,Apartment,Furnished,10,12,East,1223,Sq-ft,Less than 5 years,"new project near by all company bus Stand 1 four wheeler parking alloted You can avail the 2 BHK flat for rent in the well-known location of Adajan. The apartment is available at an affordable rental price of ₹30,000. The flat is on the 10 floor and includes 2 bathrooms, 1 balcony with a carpet area of 852 sqft. The apartment comes furnished with power back up, reserved parking, security, service/goods lift, air conditioned, intercom facility, ro water system. You can visit the flat at Opp.Palanpore Fire Station, Gaurav Path, near Essar Petrol Pump, Palanpur, Surat, Gujarat .",30000,90000,,25,2,,No,No,No,"Air Conditioned, Laundry Service, Banquet Hall, Bar/Lounge",False,True,Agent,78,Immediately,2026-04-12T15:04:38.000Z,"Apr 12, '26",True
LaDXKgkHL1tzpSvf+uAgZw==,Magicbricks,https://www.magicbricks.com/property-details/2-BHK-1310-Sq-ft-Multistorey-Apartment-FOR-Rent-Vesu-in-Surat&id=4d423834303133323035,2026-04-19 13:52:36,21.1447177,72.7717775,,Vesu,"Surat, Gujarat","19210|Udhna Railway Station, 19202|T M Patel International School, 19202|G.D. Goenka International School",,,Apartment,Furnished,13,13,South - East,1310,Sq-ft,10 to 15 years,"in You can avail the 2 BHK flat for rent in the well-known location of Vesu. The rent of the 2 BHK flat is ₹27,000. Located on the 13 floor, the flat comprises 2 bathrooms, 1 balcony, and has a covered area of 1310 sqft. This property offers power back up, reserved parking, security, service/goods lift, air conditioned, intercom facility, ro water system.",27000,82000,10000,21,2,,No,No,No,"Air Conditioned, Banquet Hall, Bar/Lounge, Jogging and Strolling Track",True,True,Agent,58,Immediately,2026-03-31T16:00:00.000Z,"Mar 31, '26",True
Ykykz5QeSpxzpSvf+uAgZw==,Magicbricks,https://www.magicbricks.com/property-details/2-BHK-1250-Sq-ft-Multistorey-Apartment-FOR-Rent-Adajan-in-Surat&id=4d423832323833343531,2026-04-19 13:52:36,21.1973663,72.782489,,Adajan,"Surat, Gujarat","19202|Ryan International School Cbse, 19202|Tnj International School, 19206|Walkway Mall, 19206|Regent Mall",,,Apartment,Furnished,4,13,East,1250,Sq-ft,10 to 15 years,"2 BHK apartment is available on rent in Adajan Surat right away. This 2 BHK flat can be availed at the rental price of ₹28,500. Located on the 4 floor, the flat comprises 2 bathrooms, 1 balcony, and has a covered area of 1250 sqft. The residence includes power back up, reserved parking, security, air conditioned, intercom facility. Find this apartment at Adajan, Surat..",28500,90000,,23,2,,No,No,No,"Air Conditioned, Banquet Hall, Bar/Lounge, Jogging and Strolling Track",False,True,Agent,66,Immediately,2026-02-21T14:24:36.000Z,"Feb 21, '26",True
wK0Fh58GUIZzpSvf+uAgZw==,Magicbricks,https://www.magicbricks.com/property-details/2-BHK-1321-Sq-ft-Multistorey-Apartment-FOR-Rent-Vesu-in-Surat&id=4d423833393938383533,2026-04-19 13:52:36,21.1447177,72.7717775,,Vesu,"Vesu,Surat","19210|Udhna Railway Station, 19202|White Lotus International School, 19202|T M Patel International School",,,Apartment,Furnished,10,13,East,1321,Sq-ft,,"East facing With South west Wind Direction FlatAlso Flat with untouched furniture and garden Facing flat. Grab the chance to own this affordable 2 BHK flat for rent in the Vesu area. The flat is available for rent at a competitive amount of ₹33,000. Live in this lovely flat and get access to various useful facilities such as 2 Wardrobe, 2 Bed, 2 AC, Sofa, Dining Table and Gas Connection. The flat is on the 10 floor and includes 3 bathrooms, 3 balcony with a covered area of 1321 sqft. There is also facility of 1 Covered parking. This property features 13 floor and offers a range of Kids play area facilities. This unit is designed with power back up, reserved parking, security. Find this apartment at Final Plot no. 39, TP NO 75 (Vesu-Abhva-Vesu)., Surat City, Surat, Gujarat.",33000,66000,,25,3,1 Covered,Yes,No,No,Jogging and Strolling Track,False,True,Agent,88,Immediately,2026-03-30T12:58:52.000Z,"Mar 30, '26",True
rG2GSdywlxpzpSvf+uAgZw==,Magicbricks,https://www.magicbricks.com/property-details/2-BHK-1275-Sq-ft-Multistorey-Apartment-FOR-Rent-Pal-in-Surat&id=4d423833393138353233,2026-04-19 13:52:36,21.1807801,72.7529018,,Pal,pal,"19202|International Institute Of Management And Technical Studies (Iimt), 19202|Seven Steps School, 19206|Bellissimo Hub, 19206|Pal. Star World",,,Apartment,Furnished,6,14,,1275,Sq-ft,Less than 5 years,"2bhk fully furnished flat in pal area Grab the chance to own this affordable 2 BHK flat for rent in the Pal area. The multistorey apartment is available at rent of ₹30,000. The apartment is on the 6 floor, has a covered area of 1275 sqft with 2 bathrooms and 3 balcony. The flat comes with power back up, reserved parking, security, air conditioned. Visit the flat at T.P. :-50, F.P. :-27, Opp. Bhulkavihar school, Hazira Rd, nr. Pal Haveli, Pal Gam, Surat, Gujarat 3.",30000,90000,,24,2,,Yes,No,No,Air Conditioned,False,True,Agent,74,Immediately,2026-03-24T06:22:27.000Z,"Mar 24, '26",True
i46YBLn471JzpSvf+uAgZw==,Magicbricks,https://www.magicbricks.com/property-details/2-BHK-1250-Sq-ft-Multistorey-Apartment-FOR-Rent-Jahangir-Pura-in-Surat&id=4d423831343138353531,2026-04-19 13:52:36,21.247161,72.8018701,,Jahangir Pura,Pal Guarav Path,,,,Apartment,Furnished,8,14,East,1250,Sq-ft,,"You can avail the 2 BHK flat for rent in the well-known location of Jahangir Pura. This 2 BHK flat is available at the reasonable rent amount of ₹26,000. Some added-on facilities available with the flat are 2 Wardrobe, 2 Bed, 1 TV, Fridge, 1 AC, Sofa, Washing Machine, Dining Table and Gas Connection. Located on the 8 floor, the flat has 2 bathrooms, 1 balcony in covered area of 1250 sqft. You will also find 1 Covered parking facility. This unit is designed with power back up, reserved parking, security. You can visit the flat at Vaishnodevi Char Rasta, Palanpur Canal Road, Jahangir Pura, Surat, Gujarat .",26000,78000,0,21,2,1 Covered,Yes,Yes,No,Jogging and Strolling Track,True,True,Agent,75,Immediately,2026-03-15T07:29:19.000Z,"Mar 15, '26",True
nI3DMl25XgFzpSvf+uAgZw==,Magicbricks,https://www.magicbricks.com/property-details/2-BHK-1200-Sq-ft-Multistorey-Apartment-FOR-Rent-Palanpur-in-Surat&id=4d423833393839323539,2026-04-19 13:52:36,21.215963,72.770389,,Pooja Real Estate,near raj world palnpur,,,,Apartment,Furnished,5,13,East,1200,Sq-ft,New Construction,"ultra luxurious flat for rent in premium location of palanpur Check out this newly constructed 2 BHK flat on rent in the prime location of Palanpur Surat. The rent of the 2 BHK flat is ₹32,000. The flat is located on the 5 floor which includes 2 bathrooms, 2 balcony, and covers a carpet area of 600 sqft. This flat is located at near raj world palnpur, Palanpur, Surat, Gujarat.",32000,,,27,2,,No,No,No,,False,True,Agent,66,Immediately,2026-03-29T17:19:26.000Z,"Mar 29, '26",True
Ggpok/EWoFpzpSvf+uAgZw==,Magicbricks,https://www.magicbricks.com/property-details/2-BHK-1250-Sq-ft-Multistorey-Apartment-FOR-Rent-Vesu-in-Surat&id=4d423833353437303539,2026-04-19 13:52:36,21.1447177,72.7717775,,Vesu,"Surat, Gujarat","19210|Udhna Railway Station, 19202|Bhagwan Mahavir College of Engineering Technology, 19202|White Lotus International School",,,Apartment,Furnished,5,12,East,1250,Sq-ft,Less than 5 years,"It has gym, jogging track, lift, power back up If you are searching a 2 BHK apartment for rent in Vesu, check out this amazing rental flat. This 2 BHK flat can be availed at the rental price of ₹35,000. Some premium add-on facilities bundled with the flat are 2 Wardrobe, 2 Bed, Fridge, Sofa and Dining Table. The apartment is on the 5 floor, has a covered area of 1250 sqft with 2 bathrooms and 1 balcony. The property includes 1 Covered parking. The property features power back up. The apartment is located at Vesu, Surat, Gujarat.",35000,105000,,28,2,1 Covered,Yes,Yes,No,Jogging and Strolling Track,True,True,Agent,76,Immediately,2026-02-25T07:25:14.000Z,"Feb 25, '26",True
ABjzyAclKC1zpSvf+uAgZw==,Magicbricks,https://www.magicbricks.com/property-details/2-BHK-1410-Sq-ft-Multistorey-Apartment-FOR-Rent-Dumas-Road-in-Surat&id=4d423734363035303639,2026-04-19 13:52:36,21.1378068259953,72.7505612386718,,Dumas Road,"Dumas Road,Surat","19201|Gidc Katagram, 19202|CK Pithawala College of Engineering Technology, 19202|Scholar English Academy School, 19206|Canopus Mall, 19206|Surat Central, 19209|Surat International Airport",,,Apartment,Furnished,4,11,East,1410,Sq-ft,Less than 5 years,"Find 2 BHK flat for rent in Dumas Road Surat. Available at a rental price of ₹36,000, this 2 BHK flat is worth considering. Some added-on facilities available with the flat are 2 Wardrobe, 2 Bed, 1 TV, Fridge, 2 AC, Sofa, Washing Machine, Dining Table and Gas Connection. The flat is on the 4 floor and includes 2 bathrooms, 1 balcony with a carpet area of 815 sqft. 1 Covered parking facility are also available. This flat is fitted with power back up, reserved parking, security.",36000,120000,2500,26,2,1 Covered,Yes,No,No,Jogging and Strolling Track,False,True,Agent,95,Immediately,2026-03-16T06:55:20.000Z,"Mar 16, '26",True
1urgD7Sg69RzpSvf+uAgZw==,Magicbricks,https://www.magicbricks.com/property-details/2-BHK-1290-Sq-ft-Multistorey-Apartment-FOR-Rent-Vesu-in-Surat&id=4d423736353738343333,2026-04-19 13:52:36,21.1447177,72.7717775,,Vesu,vesu,"19210|Udhna Railway Station, 19202|White Lotus International School, 19202|Bhagwan Mahavir College of Engineering Technology",,,Apartment,Furnished,5,11,East,1290,Sq-ft,10 to 15 years,"2bhk fully furnished If you are searching a 2 BHK apartment for rent in Vesu, check out this amazing rental flat. Available at a rental price of ₹35,000, this 2 BHK flat is worth considering. Located on the 5 floor, the flat comprises 2 bathrooms, 1 balcony, and has a carpet area of 750 sqft. 1 Covered parking space is also available. The property features power back up, reserved parking, security. Visit the flat at vesu, Vesu, Surat, Gujarat.",35000,100000,0,27,2,1 Covered,No,No,No,,True,True,Agent,95,Immediately,2026-03-08T14:04:31.000Z,"Mar 08, '26",True
IITCNh3oAclzpSvf+uAgZw==,Magicbricks,https://www.magicbricks.com/property-details/2-BHK-1300-Sq-ft-Multistorey-Apartment-FOR-Rent-Althan-in-Surat&id=4d423830363334373937,2026-04-19 13:52:36,21.1493019,72.8053877,,Althan,"Althan - Sarsana Rd, Surat, Gujarat","19201|Software Technology Parks Of India (Stpi) Surat, 19202|I.G. Desai School, 19202|Broadway International School",,,Apartment,Semi-Furnished,12,13,East,1300,Sq-ft,5 to 10 years,"2 Bhk Flat Available On Rent In Bhimrad Althan SuratSemi Furnished Flat Ready To Move Property Good LocationEverything Is Near By Walking DistanceCall Us For More Details And Visit Check out this newly constructed 2 BHK flat on rent in the prime location of Althan Surat. This 2 BHK flat can be availed at the rental price of ₹26,000. Some added-on facilities available with the flat are 2 Wardrobe, 1 Bed, 1 AC and Gas Connection. Located on the 12 floor, the flat has 2 bathrooms, 1 balcony in carpet area of 850 sqft. You will also find 1 Covered parking facility. The property features reserved parking. Find this apartment at Althan - Sarsana Rd, Surat, Gujarat .",26000,78000,1000,20,2,1 Covered,No,No,No,,False,True,Agent,93,Immediately,2026-04-02T05:32:08.000Z,"Apr 02, '26",True
zSx1PcGXT1RzpSvf+uAgZw==,Magicbricks,https://www.magicbricks.com/property-details/2-BHK-1350-Sq-ft-Multistorey-Apartment-FOR-Rent-Piplod-in-Surat&id=4d423833303935363135,2026-04-19 13:52:36,21.1610353,72.7762099,,Piplod,piplod main road,"19201|Software Technology Parks Of India (Stpi), 19201|Gidc Icchapore, 19202|Jh Ambani High School, 19202|Radiant English Academy, 19206|VR Mall, 19206|Kamdhenu Mall",,,Apartment,Furnished,4,12,East,1350,Sq-ft,New Construction,"If you are planning to rent a flat, you can consider this 2 BHK flat situated in the prime location of Piplod. The multistorey apartment is available at rent of ₹30,000. Located on the 4 floor, the flat comprises 2 bathrooms, 1 balcony, and has a carpet area of 800 sqft. Visit the apartment at 4-A,Ratna Dham Sankul, opposite Chandni Chowk, Piplod, Surat, Gujarat.",30000,,,22,2,,No,No,No,,True,True,Agent,66,Immediately,2026-04-08T05:23:25.000Z,"Apr 08, '26",True
VVgKuIwvZ+hzpSvf+uAgZw==,Magicbricks,https://www.magicbricks.com/property-details/2-BHK-1283-Sq-ft-Multistorey-Apartment-FOR-Rent-Vesu-in-Surat&id=4d423832343637333539,2026-04-19 13:52:36,21.1447177,72.7717775,,Vesu,vesu,"19210|Udhna Railway Station, 19202|T M Patel International School, 19202|G.D. Goenka International School",,,Apartment,Furnished,4,10,East,1283,Sq-ft,10 to 15 years,"If you are searching a 2 BHK apartment for rent in Vesu, check out this amazing rental flat. You can get this flat at monthly rent of ₹28,000. The apartment is on the 4 floor, has a covered area of 1283 sqft with 2 bathrooms and 1 balcony. This unit is designed with power back up, reserved parking, security, air conditioned, intercom facility, ro water system.",28000,84000,,22,2,,No,No,No,"Air Conditioned, Banquet Hall, Bar/Lounge, Jogging and Strolling Track",True,True,Agent,53,Immediately,2026-04-09T04:06:08.000Z,"Apr 09, '26",True
dKLvIj/MPadzpSvf+uAgZw==,Magicbricks,https://www.magicbricks.com/property-details/2-BHK-1325-Sq-ft-Multistorey-Apartment-FOR-Rent-Vesu-in-Surat&id=4d423631313137363439,2026-04-19 13:52:36,21.1447177,72.7717775,,Vesu,Surat,"19210|Udhna Railway Station, 19202|G.D. Goenka International School, 19202|T M Patel International School",,,Apartment,Unfurnished,5,13,South -West,1325,Sq-ft,Less than 5 years,"2 bhk fully furnished flat on rent in althan with new furniture very good location with all mordan aminities Find this 2 BHK rental flat in Vesu Surat. The 2 BHK apartment is available at a reasonable rent of ₹28,000. The flat is located on the 5 floor which includes 2 bathrooms, 2 balcony, and covers a carpet area of 650 sqft. This flat is fitted with ro water system. Visit the flat at Surat, Vesu, Surat, Gujarat.",28000,60000,1,21,2,,No,Yes,No,"RO Water System, Banquet Hall",True,True,Agent,92,Immediately,2026-03-20T11:03:44.000Z,"Mar 20, '26",True
LW+dwjEnicdzpSvf+uAgZw==,Magicbricks,https://www.magicbricks.com/property-details/2-BHK-1209-Sq-ft-Multistorey-Apartment-FOR-Rent-Vesu-in-Surat&id=4d423830323738383131,2026-04-19 13:52:36,21.1447177,72.7717775,,Vesu,"Surat, Gujarat","19210|Udhna Railway Station, 19202|Bhagwan Mahavir College of Engineering Technology, 19202|T M Patel International School",,,Apartment,Furnished,2,8,,1209,Sq-ft,Less than 5 years,"If you are searching a 2 BHK apartment for rent in Vesu, check out this amazing rental flat. The multistorey apartment is available at rent of ₹30,000. The flat is on the 2 floor and includes 2 bathrooms, 1 balcony with a covered area of 1209 sqft. You can visit the flat at Vesu, Surat..",30000,,,25,2,,No,No,No,,True,True,Agent,33,Immediately,2026-03-01T07:21:12.000Z,"Mar 01, '26",True
jaZv7K7Z16JzpSvf+uAgZw==,Magicbricks,https://www.magicbricks.com/property-details/2-BHK-1300-Sq-ft-Multistorey-Apartment-FOR-Rent-Vesu-in-Surat&id=4d423834313635323031,2026-04-19 13:52:36,21.1447177,72.7717775,,Vesu, Vesu,"19210|Udhna Railway Station, 19202|G.D. Goenka International School, 19202|Bhagwan Mahavir College of Engineering Technology",,,Apartment,Furnished,5,12,East,1300,Sq-ft,15 to 20 years,"Nandini-1 Vesu Surat Bank employee preferred You can avail the 2 BHK flat for rent in the well-known location of Vesu. You can get this flat at monthly rent of ₹27,000. Located on the 5 floor, the flat comprises 2 bathrooms, 1 balcony, and has a covered area of 1300 sqft. This flat is fitted with power back up, reserved parking, security, intercom facility. Find this apartment at Vesu Main Road, Vesu, Surat, Gujarat . You can find the 2 BHK flat without any brokerage.",27000,,,21,2,,Yes,No,No,Intercom Facility,False,False,Owner,68,Immediately,2026-04-09T11:45:30.000Z,"Apr 09, '26",True
RWUQkqvAl6JzpSvf+uAgZw==,Magicbricks,https://www.magicbricks.com/property-details/2-BHK-1410-Sq-ft-Multistorey-Apartment-FOR-Rent-Dumas-Road-in-Surat&id=4d423634323638393733,2026-04-19 13:52:36,21.1378068259953,72.7505612386718,,Dumas Road,"Avadh Copper Stone, Dumas Road","19201|Gidc Katagram, 19202|Lourdes Convent High School, 19202|Scholar English Academy School, 19206|Canopus Mall, 19206|Surat Central, 19209|Surat International Airport",,,Apartment,Semi-Furnished,Ground,12,East,1410,Sq-ft,Less than 5 years,"2 BHK flat is available for rent in Dumas Road immediately. ₹27,000 is the monthly rent of this 2 BHK flat. If you rent the flat, you will have access to facilities like Fridge, Washing Machine and Gas Connection. Located on the Ground floor, the flat comprises 2 bathrooms, 1 balcony, and has a carpet area of 1410 sqft. There is also facility of 1 Covered parking. This property offers power back up, reserved parking, security. This 2 BHK apartment ad is listed by the owner, so there is no brokerage fee.",27000,81000,1692,19,2,1 Covered,Yes,No,No,Jogging and Strolling Track,False,False,Owner,95,Select Date,2026-03-29T06:02:30.000Z,"Mar 29, '26",True
inscGbvkho5zpSvf+uAgZw==,Magicbricks,https://www.magicbricks.com/property-details/2-BHK-1535-Sq-ft-Multistorey-Apartment-FOR-Rent-Vesu-in-Surat&id=4d423833353234343437,2026-04-19 13:52:36,21.1447177,72.7717775,,Vesu,"Vesu, Surat Gujarat","19210|Udhna Railway Station, 19202|White Lotus International School, 19202|Bhagwan Mahavir College of Engineering Technology",,,Apartment,Furnished,9,13,East,1535,Sq-ft,New Construction,"Find 2 BHK flat for rent in Vesu Surat. This 2 BHK flat can be availed at the rental price of ₹36,000. The flat comes with some add-on facilities such as 2 Wardrobe, 2 Bed, 1 TV, Fridge, 3 AC, Sofa, Dining Table and Gas Connection. The apartment is on the 9 floor, has a carpet area of 850 sqft with 3 bathrooms and 1 balcony. 1 Covered, 1 Open parking space is also available. This unit is designed with power back up, reserved parking, security. This flat is located at Vesu, Surat Gujarat, Vesu, Surat, Gujarat.",36000,108000,2,23,3,"1 Covered, 1 Open",Yes,Yes,No,Jogging and Strolling Track,False,True,Agent,100,Immediately,2026-04-17T23:45:20.000Z,Yesterday,True
9fzDtQdl+wNzpSvf+uAgZw==,Magicbricks,https://www.magicbricks.com/property-details/2-BHK-1200-Sq-ft-Multistorey-Apartment-FOR-Rent-Adajan-in-Surat&id=4d423830363235323139,2026-04-19 13:52:36,21.1973663,72.782489,,Adajan,near gauravpath road,"19202|Seven Steps School, 19202|L.P. Savani International School, 19206|Regent Mall, 19206|Bellissimo Hub",,,Apartment,Furnished,9,12,East,1200,Sq-ft,Less than 5 years,"2 BHK Flat For rent with all amenities available Find this 2 BHK rental flat in Adajan Surat. The 2 BHK apartment is available at a reasonable rent of ₹28,000. The apartment is on the 9 floor, has a carpet area of 715 sqft with 2 bathrooms and 1 balcony. You will also find 1 Covered parking facility. The flat comes with power back up, reserved parking, security. You can visit the flat at Palanpur Canal Rd, Opposite Stuti Icon, Palanpur, Surat, Gujarat .",28000,90000,0,23,2,1 Covered,No,No,No,,False,True,Agent,100,Immediately,2026-04-17T23:45:20.000Z,Yesterday,True
mq9L3gRFhlZzpSvf+uAgZw==,Magicbricks,https://www.magicbricks.com/property-details/3-BHK-1650-Sq-ft-Multistorey-Apartment-FOR-Rent-Pal-Gam-in-Surat&id=4d423833333531373535,2026-04-19 13:52:36,21.1961857,72.7706259,,Pal Gam,Pal Gavravpath Road,,,,Apartment,Unfurnished,2,13,East,1650,Sq-ft,5 to 10 years,"3bhk Extra dack balcony flat for rent prime location near by school market and other Grab the chance to own this affordable 3 BHK flat for rent in the Pal Gam area. This 3 BHK flat can be availed at the rental price of ₹25,000. Located on the 2 floor, the flat comprises 3 bathrooms, 2 balcony, and has a carpet area of 1200 sqft. The property includes 1 Covered parking. This flat is fitted with power back up, reserved parking, security. You can visit the flat at Pal Gam, Surat, Gujarat .",25000,75000,1,15,3,1 Covered,No,No,No,,False,True,Agent,95,Immediately,2026-04-16T11:40:38.000Z,"Apr 16, '26",True
L1qvGrsVrNRzpSvf+uAgZw==,Magicbricks,https://www.magicbricks.com/property-details/3-BHK-1700-Sq-ft-Multistorey-Apartment-FOR-Rent-Pal-in-Surat&id=4d423832383130393235,2026-04-19 13:52:36,21.1807801,72.7529018,,Pal,555.,"19202|Seven Steps School, 19202|International Institute Of Management And Technical Studies (Iimt), 19206|Bellissimo Hub, 19206|Pal. Star World",,,Apartment,Semi-Furnished,6,13,East,1700,Sq-ft,10 to 15 years,"3 bhk flat for rent with all modern amenities A beautiful 3 BHK flat is available for rent in Pal. Available at a rental price of ₹18,000, this 3 BHK flat is worth considering. The apartment is on the 6 floor, has a carpet area of 950 sqft with 3 bathrooms and 1 balcony. This unit features power back up, reserved parking, security. The full address of the apartment is PAL, Surat Gujrat.",18000,54000,0,11,3,,Yes,No,No,Internet/Wi-Fi Connectivity,False,True,Agent,80,Immediately,2026-04-17T23:45:20.000Z,Yesterday,True
L97DVGjdpp5zpSvf+uAgZw==,Magicbricks,https://www.magicbricks.com/property-details/3-BHK-1825-Sq-ft-Multistorey-Apartment-FOR-Rent-Palanpur-in-Surat&id=4d423731363439333535,2026-04-19 13:52:36,21.215963,72.770389,,Rajeshwar Properties,"Palanpur,Surat",,,,Apartment,Semi-Furnished,8,14,North - East,1825,Sq-ft,New Construction,"3 bhk flat for rent, It is a superb property and offers an excellent view. The flat is semi furnished with multiple amenities and promises a comfortable stay. Indeed, the society too has for enjoyment, such as club housecommunity center, fitness centregym, and security personnel etc, Other facilities include intercom facility, lift and park etc.",22000,66000,0,12,3,1 Covered,Yes,Yes,No,Jogging and Strolling Track,False,True,Agent,100,Immediately,2026-04-17T23:45:19.000Z,Yesterday,True
Dx3aCl1XsH1zpSvf+uAgZw==,Magicbricks,https://www.magicbricks.com/property-details/3-BHK-1726-Sq-ft-Multistorey-Apartment-FOR-Rent-Palanpur-in-Surat&id=4d423735333834373339,2026-04-19 13:52:36,21.215963,72.770389,,Shree Siddhi Vinayak Property Consultant,palanpur,,,,Apartment,Unfurnished,12,15,North,1726,Sq-ft,New Construction,"3 bhk flat available for rent..all modern days aminites avilable. 3 BHK flat is available for rent in Palanpur immediately. The apartment is available at an affordable rental price of ₹25,000. Located on the 12 floor, the flat has 3 bathrooms, 1 balcony in covered area of 1726 sqft. This property offers power back up, reserved parking, security, service/goods lift, air conditioned, intercom facility, ro water system.",25000,75000,,14,3,,No,No,No,"Air Conditioned, Banquet Hall, Bar/Lounge, Jogging and Strolling Track",False,True,Agent,78,Immediately,2026-04-17T23:45:21.000Z,Yesterday,True
HCTDVz9vaZVzpSvf+uAgZw==,Magicbricks,https://www.magicbricks.com/property-details/3-BHK-1545-Sq-ft-Multistorey-Apartment-FOR-Rent-Pal-in-Surat&id=4d423833393036313937,2026-04-19 13:52:36,21.1807801,72.7529018,,Pal,"PAL, Surat Gujrat","19202|Gajera Global School, 19202|Lp Savani International School, 19206|Pal. Star World, 19206|Bellissimo Hub",,,Apartment,Semi-Furnished,9,13,East,1545,Sq-ft,,"3 bhk flat available for rent in green city bhatha pal surat. If you are searching a 3 BHK apartment for rent in Pal, check out this amazing rental flat. This 3 BHK flat can be availed at the rental price of ₹18,000. Additional amenities available with the flat are Gas Connection. The flat is located on the 9 floor which includes 3 bathrooms, 2 balcony, and covers a carpet area of 900 sqft. There is also facility of 2 Covered parking. The residence includes reserved parking. Visit the flat at PAL, Surat Gujrat.",18000,54000,0,12,3,2 Covered,No,No,No,,False,True,Agent,93,Immediately,2026-04-18T23:45:34.000Z,Today,True
YNKaThyPIndzpSvf+uAgZw==,Magicbricks,https://www.magicbricks.com/property-details/3-BHK-1950-Sq-ft-Multistorey-Apartment-FOR-Rent-Adajan-in-Surat&id=4d423834323336333339,2026-04-19 13:52:36,21.1973663,72.782489,,Adajan,"Surat, Gujarat","19202|Lp Savani International School, 19202|Imperial International School, 19206|Regent Mall, 19206|Rajhans Theatre",,,Apartment,Semi-Furnished,8,14,East,1950,Sq-ft,Less than 5 years,"3 BHK Semi Furnished Flat For Rent. Please contact for more details. Check out this newly constructed 3 BHK flat on rent in the prime location of Adajan Surat. You can get this flat at monthly rent of ₹21,000. The flat is located on the 8 floor which includes 3 bathrooms, 2 balcony, and covers a covered area of 1950 sqft. The property encompasses 14 floor and provides Kids play area amenities. This flat is fitted with power back up, reserved parking, security, intercom facility, ro water system. The full address of the apartment is F P No 17, Sub Plot No A, Block No 80/A, Opp. Anand Villa, Bhesan Road, Jahangirabad, Adajan, Surat City, Surat, Gujarat.",21000,63000,1,11,3,,No,No,No,"Laundry Service, Internet/Wi-Fi Connectivity, RO Water System, Jogging and Strolling Track",True,True,Agent,53,Immediately,2026-04-14T13:29:25.000Z,"Apr 14, '26",True
LiqF4A8X4cJzpSvf+uAgZw==,Magicbricks,https://www.magicbricks.com/property-details/3-BHK-2085-Sq-ft-Multistorey-Apartment-FOR-Rent-Pal-in-Surat&id=4d423830343833363139,2026-04-19 13:52:36,21.1807801,72.7529018,,Pal,Gavrav path road Pal surat,"19202|Gajera Global School, 19202|Seven Steps School, 19206|Bellissimo Hub, 19206|Pal. Star World",,,Apartment,Semi-Furnished,3,5,South -West,2085,Sq-ft,Less than 5 years,"If you are searching a 3 BHK apartment for rent in Pal, check out this amazing rental flat. Available at a rental price of ₹23,500, this 3 BHK flat is worth considering. The apartment is on the 3 floor, has a carpet area of 1285 sqft with 3 bathrooms and 2 balcony. The apartment is equipped with power back up, reserved parking, security, service/goods lift, air conditioned, visitor parking, intercom facility, ro water system. The apartment is located at Gavrav path road Pal surat, Pal, Surat, Gujarat.",23500,70000,0,11,3,,No,No,No,"Air Conditioned, Banquet Hall, Bar/Lounge, Jogging and Strolling Track",False,True,Agent,75,Immediately,2026-04-17T23:45:19.000Z,Yesterday,True
Vr072vK3cuBzpSvf+uAgZw==,Magicbricks,https://www.magicbricks.com/property-details/3-BHK-2346-Sq-ft-Multistorey-Apartment-FOR-Rent-Palanpur-in-Surat&id=4d423830383837323339,2026-04-19 13:52:36,21.215963,72.770389,,Royal Property Consultant,"Surat, Gujarat",,,,Apartment,Unfurnished,9,13,East,2346,Sq-ft,Less than 5 years,"If you are planning to rent a flat, you can consider this 3 BHK flat situated in the prime location of Palanpur. The multistorey apartment is available at rent of ₹24,500. The flat is on the 9 floor and includes 3 bathrooms, 3 balcony with a covered area of 2346 sqft. The building includes 13 floor and supports Guest Accommodation, Kids Club, Kids Play Pool With Water Slides living. The residence includes power back up, reserved parking, security, service/goods lift, intercom facility, ro water system. This flat is located at Palan Pur Patiya, Surat.",24500,75000,0,10,3,,Yes,No,No,"Service/Goods Lift, Intercom Facility, RO Water System, Banquet Hall",True,True,Agent,53,Immediately,2026-04-17T23:45:20.000Z,Yesterday,True
9/PWl3tBRm5zpSvf+uAgZw==,Magicbricks,https://www.magicbricks.com/property-details/3-BHK-1610-Sq-ft-Multistorey-Apartment-FOR-Rent-Jahangirabad-in-Surat&id=4d423832393331313339,2026-04-19 13:52:36,21.216427,72.78212,,Handsshake Properties,jahangirabad,,,,Apartment,Semi-Furnished,4,14,East,1610,Sq-ft,Less than 5 years,"3 bhk flat multy story building facility light fen kitchen trolley with luxurious amenities Check out this newly constructed 3 BHK flat on rent in the prime location of Jahangirabad Surat. This 3 BHK flat can be availed at the rental price of ₹20,000. The flat is on the 4 floor and includes 3 bathrooms, 2 balcony with a covered area of 1610 sqft. The property includes 1 Covered parking. The apartment is equipped with power back up, reserved parking, security, service/goods lift, air conditioned, intercom facility, ro water system. Find this apartment at Opp. Madhav Baug, Nr. Palanpur Canal, Bhesan Rd, Ugat, Junction, Surat, Gujarat .",20000,60000,0,12,3,1 Covered,No,No,No,"Air Conditioned, Banquet Hall, Bar/Lounge, Jogging and Strolling Track",True,True,Agent,80,Immediately,2026-04-18T23:45:33.000Z,Today,True
wTBpSrINyIRzpSvf+uAgZw==,Magicbricks,https://www.magicbricks.com/property-details/3-BHK-2100-Sq-ft-Multistorey-Apartment-FOR-Rent-Althan-in-Surat&id=4d423636383632363139,2026-04-19 13:52:36,21.1493019,72.8053877,,Althan,"Althan,Surat","19201|Software Technology Parks Of India (Stpi) Surat, 19202|I.G. Desai School, 19202|South Indian Talent School",,,Apartment,Unfurnished,6,12,South -West,2100,Sq-ft,5 to 10 years,"Siddhi ellipse ,althan ,2100sqft ,3bhk ,rent 23000. Grab the chance to own this affordable 3 BHK flat for rent in the Althan area. The 3 BHK apartment is available at a reasonable rent of ₹23,000. The apartment is on the 6 floor, has a covered area of 2100 sqft with 3 bathrooms and 1 balcony. 1 Covered, 1 Open parking facility are also available. The property features power back up, reserved parking, security.",23000,70000,1,11,3,"1 Covered, 1 Open",Yes,Yes,No,Jogging and Strolling Track,True,True,Agent,75,Immediately,2026-04-16T23:45:20.000Z,"Apr 17, '26",True
Lw+PGCvnRbBzpSvf+uAgZw==,Magicbricks,https://www.magicbricks.com/property-details/3-BHK-1650-Sq-ft-Multistorey-Apartment-FOR-Rent-Jahangirabad-in-Surat&id=4d423831323235303939,2026-04-19 13:52:36,21.216427,72.78212,,Shree Madhav Shine Properties,"Surat, Gujarat",,,,Apartment,Unfurnished,14,14,East,,,New Construction,"3 BHK flat for rent demandtable campus ready to move all basic amenities okay If you are planning to rent a flat, you can consider this 3 BHK flat situated in the prime location of Jahangirabad. The flat is available for rent at a competitive amount of ₹22,000. The flat is on the 14 floor and includes 3 bathrooms, 3 balcony with a carpet area of 1650 sqft. The residence includes power back up, reserved parking, security, visitor parking. This flat is located at Opp. Madhav Baug, Nr. Palanpur Canal, Bhesan Rd, Ugat, Junction, Surat, Gujarat .",22000,66000,,,3,,No,No,No,"Visitor Parking, Banquet Hall, Conference Room, Jogging and Strolling Track",True,True,Agent,53,Immediately,2026-03-06T10:28:29.000Z,"Mar 06, '26",True
hMGDTRvRQX5zpSvf+uAgZw==,Magicbricks,https://www.magicbricks.com/property-details/3-BHK-1518-Sq-ft-Multistorey-Apartment-FOR-Rent-Palanpur-in-Surat&id=4d423732353937303535,2026-04-19 13:52:36,21.215963,72.770389,,K K Real Estate,Palanpur gam near by jalaram international school,,,,Apartment,Furnished,5,12,East,1518,Sq-ft,Less than 5 years,"all amenities main rod touch property good location Find this 3 BHK rental flat in Palanpur Surat. The apartment is available at an affordable rental price of ₹23,000. The flat is located on the 5 floor which includes 3 bathrooms, 2 balcony, and covers a covered area of 1518 sqft. This building features 12 floor and provides Guest Accommodation, Kids Club, Kids Play Pool With Water Slides facilities. The apartment comes furnished with power back up, reserved parking, security, service/goods lift, air conditioned, intercom facility, ro water system. This flat is located at Palan Pur Patiya, Surat.",23000,70000,,15,3,,No,No,No,"Air Conditioned, Banquet Hall, Bar/Lounge, Jogging and Strolling Track",False,True,Agent,78,Immediately,2026-04-13T03:09:40.000Z,"Apr 13, '26",True
EegKglig3FlzpSvf+uAgZw==,Magicbricks,https://www.magicbricks.com/property-details/3-BHK-2300-Sq-ft-Multistorey-Apartment-FOR-Rent-Vesu-in-Surat&id=4d423833333935313733,2026-04-19 13:52:36,21.1447177,72.7717775,,Vesu,"Surat, Gujarat","19210|Udhna Railway Station, 19202|T M Patel International School, 19202|G.D. Goenka International School",,,Apartment,Semi-Furnished,8,13,East,2300,Sq-ft,New Construction,"If you are planning to rent a flat, you can consider this 3 BHK flat situated in the prime location of Vesu. This 3 BHK flat can be availed at the rental price of ₹25,000. The apartment is on the 8 floor, has a carpet area of 1800 sqft with 3 bathrooms and 1 balcony. You can visit the flat at Vesu, Surat Gujrat .",25000,,,11,3,,No,No,No,,False,True,Agent,58,Immediately,2026-02-21T01:30:27.000Z,"Feb 21, '26",True
JX9PIRsjQ59zpSvf+uAgZw==,Magicbricks,https://www.magicbricks.com/property-details/3-BHK-1520-Sq-ft-Multistorey-Apartment-FOR-Rent-Palanpur-in-Surat&id=4d423834313839363835,2026-04-19 13:52:36,21.215963,72.770389,,X Properties,"Surat, Gujarat",,,,Apartment,Semi-Furnished,7,12,,1520,Sq-ft,2012,"Find this 3 BHK rental flat in Palanpur Surat. This 3 BHK flat can be availed at the rental price of ₹21,500. The flat is on the 7 floor and includes 3 bathrooms, 1 balcony with a carpet area of 850 sqft. The address is Gaurav Path, Palanpur, Surat, Gujarat.",21500,64500,,14,3,,No,No,No,,False,True,Agent,48,Select Date,2026-04-11T01:52:42.000Z,"Apr 11, '26",True
uaTeU74L13VzpSvf+uAgZw==,Magicbricks,https://www.magicbricks.com/property-details/3-BHK-1500-Sq-ft-Multistorey-Apartment-FOR-Rent-Palanpur-Gam-in-Surat&id=4d423830353631393539,2026-04-19 13:52:36,21.21086,72.771334,,Pramukh Estate,"Surat, Gujarat",,,,Apartment,Semi-Furnished,3,5,East,1500,Sq-ft,10 to 15 years,"Find 3 BHK flat for rent in Palanpur Gam Surat. The 3 BHK apartment is available at a reasonable rent of ₹23,000. Located on the 3 floor, the flat comprises 3 bathrooms, 1 balcony, and has a covered area of 1500 sqft. The apartment is equipped with power back up, ro water system.",23000,69000,,15,3,,No,No,No,"Laundry Service, RO Water System, Banquet Hall, Bar/Lounge",False,True,Agent,66,Immediately,2026-02-21T14:25:15.000Z,"Feb 21, '26",True
zJzv0b+AkHlzpSvf+uAgZw==,Magicbricks,https://www.magicbricks.com/property-details/3-BHK-1600-Sq-ft-Multistorey-Apartment-FOR-Rent-Althan-in-Surat&id=4d423833343933363431,2026-04-19 13:52:36,21.1493019,72.8053877,,Althan,"Surat, Gujarat","19201|Software Technology Parks Of India (Stpi) Surat, 19202|South Indian Talent School, 19202|I.G. Desai School",,,Apartment,Semi-Furnished,8,11,North - East,1600,Sq-ft,5 to 10 years,"in If you are searching a 3 BHK apartment for rent in Althan, check out this amazing rental flat. The flat is available for rent at a competitive amount of ₹19,000. The apartment is on the 8 floor, has a covered area of 1600 sqft with 3 bathrooms and 1 balcony. This flat is fitted with power back up, reserved parking, security, service/goods lift, air conditioned, intercom facility, ro water system. The full address of the apartment is Rameshwaram Green, opp. DMart, beside rameshwar hills before sewage bridge, Althan, Surat, Gujarat .",19000,57000,15000,12,3,,No,No,No,"Air Conditioned, Banquet Hall, Bar/Lounge, Jogging and Strolling Track",True,True,Agent,58,Immediately,2026-02-20T13:37:36.000Z,"Feb 20, '26",True
7syXRqx1oMdzpSvf+uAgZw==,Magicbricks,https://www.magicbricks.com/property-details/3-BHK-1600-Sq-ft-Multistorey-Apartment-FOR-Rent-Palanpur-in-Surat&id=4d423832333135393137,2026-04-19 13:52:36,21.215963,72.770389,,Shivaay Realty,palanpur,,,,Apartment,Unfurnished,3,5,East,1600,Sq-ft,New Construction,"good and big campus in palanpur. You can explore this 3 BHK flat on rent in Palanpur Surat. The 3 BHK apartment is available at a reasonable rent of ₹19,000. The apartment is on the 3 floor, has a carpet area of 950 sqft with 3 bathrooms and 2 balcony. The property consists of 5 floor and offers Kids Club, Kids Play Pool With Water Slides conveniences. The flat comes with power back up, reserved parking, security, service/goods lift, visitor parking. The apartment is located at Palan Pur Patiya, Surat..",19000,,,12,3,,Yes,No,No,"Service/Goods Lift, Visitor Parking, Outdoor Tennis Courts",False,True,Agent,69,Immediately,2026-03-07T14:28:43.000Z,"Mar 07, '26",True
KnZ6XkkuYOBzpSvf+uAgZw==,Magicbricks,https://www.magicbricks.com/property-details/3-BHK-1950-Sq-ft-Multistorey-Apartment-FOR-Rent-Pal-in-Surat&id=4d423831343232353137,2026-04-19 13:52:36,21.1807801,72.7529018,,Pal,Pal Guarav Path,"19202|International Institute Of Management And Technical Studies (Iimt), 19202|Gajera Global School, 19206|Pal. Star World, 19206|Bellissimo Hub",,,Apartment,Semi-Furnished,5,14,East,1950,Sq-ft,,Veer Swastik Heights Spacious Modern Flat Prime Location Family Friendly Rent AvailableElegant Veer Swastik Heights Apartment Luxury Interiors Ready to Move In Rent NowVeer Swastik Heights Residency Premium Amenities Secure Stylish Ideal Family HomeSpacious Veer Swastik Heights Flat Peaceful Neighborhood Modern Comforts Available,25000,75000,0,13,3,1 Covered,Yes,Yes,No,Jogging and Strolling Track,True,True,Agent,75,Immediately,2026-03-13T05:44:38.000Z,"Mar 13, '26",True
qWBo4/e/m2dzpSvf+uAgZw==,Magicbricks,https://www.magicbricks.com/property-details/3-BHK-1857-Sq-ft-Multistorey-Apartment-FOR-Rent-Adajan-in-Surat&id=4d423833343732303233,2026-04-19 13:52:36,21.1973663,72.782489,,Adajan,Gauravpath Road,"19202|Gajera Global School, 19202|Seven Steps School, 19206|Regent Mall, 19206|Walkway Mall",,,Apartment,Unfurnished,,,East,1857,Sq-ft,New Construction,"Multistorey apartment is available for rent. It has a covered area of 1857 sq-ft, it is 3 BHK apartment. Please contact for more details. 3 BHK flat is available for rent in Adajan immediately. Available at a rental price of ₹25,000, this 3 BHK flat is worth considering. There is also facility of 1 Covered parking. This property offers power back up, reserved parking, security. The full address of the apartment is Gauravpath Road, Adajan, Surat, Gujarat.",25000,75000,1,13,3,1 Covered,Yes,Yes,No,Jogging and Strolling Track,False,True,Agent,100,Immediately,2026-02-19T09:10:41.000Z,"Feb 19, '26",True
vvGii6X6EFBzpSvf+uAgZw==,Magicbricks,https://www.magicbricks.com/property-details/3-BHK-1800-Sq-ft-Multistorey-Apartment-FOR-Rent-Palanpur-in-Surat&id=4d423830313737353835,2026-04-19 13:52:36,21.215963,72.770389,,Pooja Real Estate,"Surat, Gujarat",,,,Apartment,Unfurnished,7,12,,1800,Sq-ft,Less than 5 years,"If you are searching a 3 BHK apartment for rent in Palanpur, check out this amazing rental flat. The apartment is available at an affordable rental price of ₹23,000. The flat is located on the 7 floor which includes 3 bathrooms, 2 balcony, and covers a carpet area of 1000 sqft. Find this apartment at Palanpur, Surat, Gujarat.",23000,75000,0,13,3,,No,No,No,,False,True,Agent,58,Immediately,2026-03-11T07:31:49.000Z,"Mar 11, '26",True
vu8r9rebTq9zpSvf+uAgZw==,Magicbricks,https://www.magicbricks.com/property-details/3-BHK-2300-Sq-ft-Multistorey-Apartment-FOR-Rent-in-Surat&id=4d423834303931333131,2026-04-19 13:52:36,,,,Thakkar Skyline Real Estate,"Surat, Gujarat",,,,Apartment,Furnished,6,10,East,2300,Sq-ft,10 to 15 years,"3 BHK Fully Furnished Flat For Rent with all amenities available 3 BHK apartment is available on rent in Palanpur Canal Road Surat right away. Available at a rental price of ₹25,000, this 3 BHK flat is worth considering. Located on the 6 floor, the flat has 3 bathrooms, 2 balcony in carpet area of 1650 sqft. This home provides power back up, reserved parking, security, air conditioned.",25000,75000,1,11,3,,Yes,No,No,Air Conditioned,False,True,Agent,78,Immediately,2026-04-05T18:21:50.000Z,"Apr 05, '26",True
oSkB2DXt/lZzpSvf+uAgZw==,Magicbricks,https://www.magicbricks.com/property-details/3-BHK-2050-Sq-ft-Multistorey-Apartment-FOR-Rent-Vesu-in-Surat&id=4d423639353533333737,2026-04-19 13:52:36,21.1447177,72.7717775,,Vesu,Surat,"19210|Udhna Railway Station, 19202|T M Patel International School, 19202|White Lotus International School",,,Apartment,Semi-Furnished,4,12,,2050,Sq-ft,5 to 10 years,"3bhk flat for rent at vip road vesu 3 BHK flat is available for rent in Vesu immediately. This 3 BHK flat can be availed at the rental price of ₹25,000. The apartment is on the 4 floor, has a carpet area of 1300 sqft with 3 bathrooms and 1 balcony. 1 Covered parking facility are also available. This property offers power back up, reserved parking, security.",25000,75000,0,12,3,1 Covered,No,No,No,,True,True,Agent,91,Immediately,2026-04-11T07:15:49.000Z,"Apr 11, '26",True
C5QlTBh4RY5zpSvf+uAgZw==,Magicbricks,https://www.magicbricks.com/property-details/3-BHK-2162-Sq-ft-Multistorey-Apartment-FOR-Rent-Vesu-in-Surat&id=4d423739303633313033,2026-04-19 13:52:36,21.1447177,72.7717775,,Vesu,Agarwal School,"19210|Udhna Railway Station, 19202|Bhagwan Mahavir College of Engineering Technology, 19202|T M Patel International School",,,Apartment,Unfurnished,3,3,East,2162,Sq-ft,New Construction,"Multistorey apartment is available for rent. 3 BHK Flat For Rent in Amora. You can avail the 3 BHK flat for rent in the well-known location of Vesu. Available at a rental price of ₹25,000, this 3 BHK flat is worth considering. The apartment is on the 3 floor, has a covered area of 2162 sqft with 3 bathrooms and 3 balcony. 1 Covered parking facility are also available. This unit features power back up, reserved parking, security. Visit the flat at Vesu, Surat Gujrat .",25000,78000,2,12,3,1 Covered,Yes,Yes,No,Jogging and Strolling Track,False,True,Agent,100,Immediately,2026-04-09T04:29:58.000Z,"Apr 09, '26",True
eOgX5fw52I1zpSvf+uAgZw==,Magicbricks,https://www.magicbricks.com/property-details/3-BHK-1850-Sq-ft-Multistorey-Apartment-FOR-Rent-Vesu-in-Surat&id=4d423833333131363833,2026-04-19 13:52:36,21.1447177,72.7717775,,Vesu,vesu,"19210|Udhna Railway Station, 19202|White Lotus International School, 19202|T M Patel International School",,,Apartment,Unfurnished,3,7,East,1850,Sq-ft,Less than 5 years,"Check out this newly constructed 3 BHK flat on rent in the prime location of Vesu Surat. The 3 BHK apartment is available at a reasonable rent of ₹25,000. The apartment is on the 3 floor, has a covered area of 1850 sqft with 3 bathrooms and 2 balcony. This building features 7 floor and provides Kids play area facilities. The apartment is equipped with power back up, reserved parking, security, air conditioned, intercom facility, ro water system. The flat can be visited at ONGC Colony Phase 2, Survey No. 299 3, Tps No. 6, Fp No. 40 Paikii, Canal Road, Vesu, Surat.",25000,75000,,14,3,,No,No,No,"Air Conditioned, Banquet Hall, Bar/Lounge, Jogging and Strolling Track",False,True,Agent,73,Immediately,2026-04-11T05:17:33.000Z,"Apr 11, '26",True
6oT2ISI01OlzpSvf+uAgZw==,Magicbricks,https://www.magicbricks.com/property-details/3-BHK-2350-Sq-ft-Multistorey-Apartment-FOR-Rent-Vesu-in-Surat&id=4d423833303238323237,2026-04-19 13:52:36,21.1447177,72.7717775,,Vesu,"Surat, Gujarat","19210|Udhna Railway Station, 19202|White Lotus International School, 19202|Bhagwan Mahavir College of Engineering Technology",,,Apartment,Unfurnished,7,14,,2350,Sq-ft,New Construction,"You can explore this 3 BHK flat on rent in Vesu Surat. The 3 BHK apartment is available at a reasonable rent of ₹25,000. The flat is on the 7 floor and includes 3 bathrooms, 1 balcony with a carpet area of 1800 sqft. The full address of the apartment is Vesu, Surat Gujrat .",25000,,,11,3,,No,No,No,,True,True,Agent,61,Immediately,2026-04-08T05:23:32.000Z,"Apr 08, '26",True
bU7jCghMgqpzpSvf+uAgZw==,Magicbricks,https://www.magicbricks.com/property-details/3-BHK-1600-Sq-ft-Multistorey-Apartment-FOR-Rent-Adajan-Patiya-in-Surat&id=4d423833333530393037,2026-04-19 13:52:36,21.2044807,72.805757,,Adajan Patiya,Ram chowk Ghod dod road,,,,Apartment,Semi-Furnished,3,4,North - East,1600,Sq-ft,2012,"Find 3 BHK flat for rent in Adajan Patiya Surat. ₹23,000 is the monthly rent of this 3 BHK flat. The flat is on the 3 floor and includes 3 bathrooms, 2 balcony with a covered area of 1600 sqft. This home provides power back up, air conditioned. The apartment is located at Kalpana Chawla Marg, Opp. D-Mart, Shri Nath Society Adajan Gam, Adajan, Surat, Gujarat.",23000,67000,,14,3,,Yes,No,No,Air Conditioned,True,True,Agent,68,Immediately,2026-02-20T18:07:52.000Z,"Feb 20, '26",True
FCIyn/bHbKdzpSvf+uAgZw==,Magicbricks,https://www.magicbricks.com/property-details/3-BHK-1650-Sq-ft-Multistorey-Apartment-FOR-Rent-Vesu-in-Surat&id=4d423634373835393039,2026-04-19 13:52:36,21.1447177,72.7717775,,Vesu,Happy Elegance near star galaxy vesu Surat,"19210|Udhna Railway Station, 19202|White Lotus International School, 19202|T M Patel International School",,,Apartment,Unfurnished,9,12,East,1650,Sq-ft,New Construction,"Ultra Luxurious New Campus With All Amenities So Good Grab the chance to own this affordable 3 BHK flat for rent in the Vesu area. The apartment is available at an affordable rental price of ₹23,000. The flat is on the 9 floor and includes 3 bathrooms, 2 balcony with a carpet area of 800 sqft. The property features power back up, reserved parking, security, visitor parking. Visit the apartment at Vesu, Surat..",23000,69000,0,14,3,,No,No,No,"Visitor Parking, Conference Room, Jogging and Strolling Track, Outdoor Tennis Courts",True,True,Agent,74,Immediately,2026-03-20T11:00:57.000Z,"Mar 20, '26",True
Q4yzLx1RzS1zpSvf+uAgZw==,Magicbricks,https://www.magicbricks.com/property-details/3-BHK-1770-Sq-ft-Multistorey-Apartment-FOR-Rent-Palanpur-in-Surat&id=4d423830353831303435,2026-04-19 13:52:36,21.215963,72.770389,,kamal captain,"Surat, Gujarat",,,,Apartment,Unfurnished,9,14,,1770,Sq-ft,,"A beautiful 3 BHK flat is available for rent in Palanpur. This 3 BHK flat can be availed at the rental price of ₹25,000. The full address of the apartment is Shiven Florenza, Beside Prestige Rivanta, T, P-9, Gaurav Path, Palanpur, Surat, Gujarat . You can find the 3 BHK flat without any brokerage.",25000,,,14,3,,No,No,No,,False,False,Owner,48,Immediately,2026-04-12T11:13:03.000Z,"Apr 12, '26",True
iCHeVMAqylNzpSvf+uAgZw==,Magicbricks,https://www.magicbricks.com/property-details/3-BHK-1700-Sq-ft-Multistorey-Apartment-FOR-Rent-Athwa-in-Surat&id=4d423738393836393331,2026-04-19 13:52:36,21.1709816,72.7775803,,Athwa,"Surat, Gujarat","19202|Sarvajanik College of Engineering Technology, 19202|Sardar Vallabhbhai National Institute of Technology, 19206|PVR Rahul Raj Mall",,,Apartment,Furnished,4,10,,,,10 to 15 years,"Girls and Boys PG available Without brokerage 6K Per Person Male Bed Available, Fully Furnished And All Amenities Available Parle Point Main Road,24 hours Water,R o water purifier,1 st Floor, 2 Lift,Big Parking, Freeze, washing Machine, Burner With Pipe line, Light Bill And Gas Bill, Daily Swiper cleaning And Daily Washroom Cleaning Including,Food Facilities Available Charges Extra, Booking Fast, 1 August Ready To Move,Call Ya WhatsApp Me",17000,7000,0,,3,,Yes,No,No,"Laundry Service, Internet/Wi-Fi Connectivity, RO Water System",False,False,Owner,58,Immediately,2026-04-18T21:32:04.000Z,Today,True
3QvohpO3ujlzpSvf+uAgZw==,Magicbricks,https://www.magicbricks.com/property-details/3-BHK-1800-Sq-ft-Multistorey-Apartment-FOR-Rent-Jahangir-Pura-in-Surat&id=4d423731373734333035,2026-04-19 13:52:36,21.247161,72.8018701,,Jahangir Pura,Vaishnodevi Sky,,,,Apartment,Furnished,4,12,East,1800,Sq-ft,5 to 10 years,"Multistorey apartment is available for rent. It covered area of 1800 sqft, it is a good location property. Please contact for more details. 3 BHK apartment is available on rent in Jahangir Pura Surat right away. The Rent amount of this 3 BHK apartment is set at an attractive price of ₹25,000. The flat is on the 4 floor and includes 3 bathrooms, 1 balcony with a carpet area of 1200 sqft. 1 Open parking facility are also available. This unit is designed with security. The apartment is located at Jahangirpura, Surat.. There are no brokerage fees on this 3 BHK multistorey apartment.",25000,75000,0,14,3,1 Open,Yes,Yes,Yes,Jogging and Strolling Track,False,False,Owner,98,Immediately,2026-04-15T16:01:33.000Z,"Apr 15, '26",True
nwMV0cuK1t5zpSvf+uAgZw==,Magicbricks,https://www.magicbricks.com/property-details/3-BHK-2560-Sq-ft-Multistorey-Apartment-FOR-Rent-Vesu-in-Surat&id=4d423831343430383033,2026-04-19 13:52:36,21.1447177,72.7717775,,Vesu,vesu,"19210|Udhna Railway Station, 19202|Bhagwan Mahavir College of Engineering Technology, 19202|White Lotus International School",,,Apartment,Unfurnished,7,12,East,2560,Sq-ft,5 to 10 years,"3 BHK, Multistorey Apartment For Rentin Vesu, Surat Grab the chance to own this affordable 3 BHK flat for rent in the Vesu area. Available at a rental price of ₹35,000, this 3 BHK flat is worth considering. The flat is located on the 7 floor which includes 3 bathrooms, 2 balcony, and covers a carpet area of 1350 sqft. There is also facility of 1 Covered, 1 Open parking. The property features power back up, security, service/goods lift. The address is T.P.-75, EP.-26, Subplot - 2,Nr. Celebrity Green, Vesu, Surat..",35000,105000,0,14,3,"1 Covered, 1 Open",Yes,No,No,"Service/Goods Lift, Outdoor Tennis Courts",False,True,Agent,95,Immediately,2026-04-18T23:45:31.000Z,Today,True
qWrrHYjtMPpzpSvf+uAgZw==,Magicbricks,https://www.magicbricks.com/property-details/3-BHK-1775-Sq-ft-Multistorey-Apartment-FOR-Rent-Palanpur-in-Surat&id=4d423834323933333535,2026-04-19 13:52:36,21.215963,72.770389,,Universal Property,"Surat, Gujarat",,,,Apartment,Semi-Furnished,9,14,,1775,Sq-ft,2011,"You can explore this 3 BHK flat on rent in Palanpur Surat. The Rent amount of this 3 BHK apartment is set at an attractive price of ₹29,500. The flat is on the 9 floor and includes 3 bathrooms, 2 balcony with a covered area of 1775 sqft. The building has 14 floor and offers Kids play area amenities. The address is Gaurav Path Road, Palanpur, Surat.",29500,90000,0,17,3,,No,No,No,,True,True,Agent,36,Immediately,2026-04-18T05:52:57.000Z,Yesterday,True
suRvXJvbkHpzpSvf+uAgZw==,Magicbricks,https://www.magicbricks.com/property-details/3-BHK-1810-Sq-ft-Multistorey-Apartment-FOR-Rent-Palanpur-in-Surat&id=4d423732343239393035,2026-04-19 13:52:36,21.215963,72.770389,,Rajeshwar Properties,palanpur,,,,Apartment,Furnished,9,14,North - East,1810,Sq-ft,New Construction,"You can explore this 3 BHK flat on rent in Palanpur Surat. This 3 BHK flat can be availed at the rental price of ₹35,000. Here you can enjoy world class facilities like 3 Wardrobe, 3 Bed, 1 TV, Fridge, 1 AC, Sofa, Dining Table and Gas Connection. The flat is on the 9 floor and includes 3 bathrooms, 3 balcony with a covered area of 1810 sqft. 2 Covered parking facility are also available. This home provides power back up, reserved parking, security, air conditioned, intercom facility. The apartment is located at Palanpur, Surat, Gujarat .",35000,105000,0,19,3,2 Covered,No,No,No,"Air Conditioned, Intercom Facility, Banquet Hall, Jogging and Strolling Track",False,True,Agent,100,Immediately,2026-04-17T23:45:19.000Z,Yesterday,True
cBwiYosoOutzpSvf+uAgZw==,Magicbricks,https://www.magicbricks.com/property-details/3-BHK-2260-Sq-ft-Multistorey-Apartment-FOR-Rent-Vesu-in-Surat&id=4d423830373034363339,2026-04-19 13:52:36,21.1447177,72.7717775,,Vesu,"Vesu,Surat","19210|Udhna Railway Station, 19202|G.D. Goenka International School, 19202|T M Patel International School",,,Apartment,Unfurnished,5,13,East,2260,Sq-ft,5 to 10 years,"It has Swimming Pool, Gymnasium, Club House, Childrens Play Area, Theatre, Park, Banquet Hall, Amphitheatre, Jogging Track If you are searching a 3 BHK apartment for rent in Vesu, check out this amazing rental flat. This 3 BHK flat is available at the reasonable rent amount of ₹35,000. Located on the 5 floor, the flat has 3 bathrooms, 1 balcony in covered area of 2260 sqft. There is also facility of 1 Covered parking. This property offers reserved parking, security. Visit the apartment at TP 75, FP42, Vesu Abhva, Vesu Main Road, Vesu, Surat, Gujarat .",35000,105000,,15,3,1 Covered,Yes,Yes,No,Jogging and Strolling Track,True,True,Agent,80,Immediately,2026-04-19T06:45:08.000Z,Today,True
6ea4r7NiVtRzpSvf+uAgZw==,Magicbricks,https://www.magicbricks.com/property-details/3-BHK-1950-Sq-ft-Multistorey-Apartment-FOR-Rent-Palanpur-in-Surat&id=4d423833393036363135,2026-04-19 13:52:36,21.215963,72.770389,,Sanjay Dalwani,"Palanpur,Surat",,,,Apartment,Semi-Furnished,6,12,East,1950,Sq-ft,,"3 bhk flat available for rent in santavn seron. 3 BHK apartment is available on rent in Palanpur Surat right away. The flat is available for rent at a competitive amount of ₹28,000. The apartment is on the 6 floor, has a carpet area of 900 sqft with 3 bathrooms and 2 balcony. There is also facility of 1 Covered parking. The flat comes with power back up, reserved parking, security.",28000,84000,0,14,3,1 Covered,No,No,No,,True,True,Agent,78,Immediately,2026-04-18T23:45:34.000Z,Today,True
N3vmiXRBgrBzpSvf+uAgZw==,Magicbricks,https://www.magicbricks.com/property-details/3-BHK-1900-Sq-ft-Multistorey-Apartment-FOR-Rent-Pal-in-Surat&id=4d423735313630313739,2026-04-19 13:52:36,21.1807801,72.7529018,,Pal,Pal adajan surat.,"19202|Gajera Global School, 19202|Lp Savani International School, 19206|Pal. Star World, 19206|Bellissimo Hub",,,Apartment,Furnished,10,12,East,1900,Sq-ft,Less than 5 years,"3 bhk fully furnished and lucurious and spacious flat for rent in pal adajan surat. 3 BHK flat is available for rent in Pal immediately. You can get this flat at monthly rent of ₹40,000. The flat comes with some add-on facilities such as 2 Wardrobe, 3 Bed, 2 AC, Dining Table and Gas Connection. Located on the 10 floor, the flat has 3 bathrooms, 3 balcony in carpet area of 1120 sqft. You will also find 1 Covered, 1 Open parking facility. This home provides power back up, reserved parking, security. Visit the apartment at Pal adajan surat., Pal, Surat, Gujarat.",40000,120000,1,21,3,"1 Covered, 1 Open",Yes,No,No,Jogging and Strolling Track,False,True,Agent,95,Immediately,2026-04-17T23:45:19.000Z,Yesterday,True
ekWLIMa3UvxzpSvf+uAgZw==,Magicbricks,https://www.magicbricks.com/property-details/3-BHK-2200-Sq-ft-Multistorey-Apartment-FOR-Rent-Pal-Gam-in-Surat&id=4d423834323336303435,2026-04-19 13:52:36,21.1961857,72.7706259,,Pal Gam,"Surat, Gujarat",,,,Apartment,Semi-Furnished,6,12,East,2200,Sq-ft,Less than 5 years,"3 BHK Semi Furnished Flat For Rent with Electronics only for Veg family If you are searching a 3 BHK apartment for rent in Pal Gam, check out this amazing rental flat. This 3 BHK flat is available at the reasonable rent amount of ₹35,000. The apartment is on the 6 floor, has a carpet area of 1600 sqft with 3 bathrooms and 2 balcony. This unit is designed with power back up, reserved parking, security. You can visit the flat at Pal Gam, Surat, Gujarat .",35000,105000,1,16,3,,No,No,No,,False,True,Agent,78,Immediately,2026-04-14T12:58:46.000Z,"Apr 14, '26",True
GQhjZKj5XHhzpSvf+uAgZw==,Magicbricks,https://www.magicbricks.com/property-details/3-BHK-1857-Sq-ft-Multistorey-Apartment-FOR-Rent-Palanpur-in-Surat&id=4d423830303436353033,2026-04-19 13:52:36,21.215963,72.770389,,Patel Property ,pal palanpore Gavrav path road surat,,,,Apartment,Semi-Furnished,12,15,South -West,1857,Sq-ft,New Construction,"You can avail the 3 BHK flat for rent in the well-known location of Palanpur. The 3 BHK apartment is available at a reasonable rent of ₹26,000. The flat is located on the 12 floor which includes 3 bathrooms, 2 balcony, and covers a covered area of 1857 sqft. The apartment comes furnished with power back up, reserved parking, security, service/goods lift, intercom facility, ro water system.",26000,75000,0,14,3,,No,No,No,"Banquet Hall, Bar/Lounge, Jogging and Strolling Track, Outdoor Tennis Courts",False,True,Agent,75,Immediately,2026-04-16T23:45:20.000Z,"Apr 17, '26",True
/z8ElK+eectzpSvf+uAgZw==,Magicbricks,https://www.magicbricks.com/property-details/3-BHK-1725-Sq-ft-Multistorey-Apartment-FOR-Rent-Palanpur-in-Surat&id=4d423833343435393737,2026-04-19 13:52:36,21.215963,72.770389,,Real Homes Real Estate,"Surat, Gujarat",,,,Apartment,Semi-Furnished,11,13,East,1725,Sq-ft,New Construction,"Check out this newly constructed 3 BHK flat on rent in the prime location of Palanpur Surat. This 3 BHK flat can be availed at the rental price of ₹35,000. The flat is located on the 11 floor which includes 3 bathrooms, 1 balcony, and covers a covered area of 1725 sqft. The apartment is equipped with power back up, reserved parking, security, service/goods lift, air conditioned, intercom facility, ro water system. Visit the flat at BLOCK NO 106,TP NO 8 (PALANPOR), FP NO 104/PAIKEE SUB PLOT B/ PAIKEE SUB PLOT 1,, Surat City, Surat, Gujarat.",35000,105000,0,20,3,,No,No,No,"Air Conditioned, Laundry Service, Internet/Wi-Fi Connectivity, Banquet Hall",False,True,Agent,75,Immediately,2026-04-17T23:45:20.000Z,Yesterday,True
35JnWZpTJdNzpSvf+uAgZw==,Magicbricks,https://www.magicbricks.com/property-details/3-BHK-1782-Sq-ft-Multistorey-Apartment-FOR-Rent-Palanpur-Gam-in-Surat&id=4d423834323034363133,2026-04-19 13:52:36,21.21086,72.771334,,Handsshake Properties,palanpurgam,,,,Apartment,Furnished,4,12,East,1782,Sq-ft,5 to 10 years,"If you are searching a 3 BHK apartment for rent in Palanpur Gam, check out this amazing rental flat. The 3 BHK apartment is available at a reasonable rent of ₹33,000. Located on the 4 floor, the flat has 3 bathrooms, 3 balcony in covered area of 1782 sqft. This unit features power back up, reserved parking, security, visitor parking, intercom facility, ro water system. Visit the flat at Palanpur, Surat, Gujarat .",33000,99000,0,19,3,,No,No,No,"Visitor Parking, RO Water System, Banquet Hall, Outdoor Tennis Courts",True,True,Agent,58,Immediately,2026-04-17T23:45:20.000Z,Yesterday,True
BxhZV6EV5zNzpSvf+uAgZw==,Magicbricks,https://www.magicbricks.com/property-details/3-BHK-1857-Sq-ft-Multistorey-Apartment-FOR-Rent-Palanpur-in-Surat&id=4d423830383836393531,2026-04-19 13:52:36,21.215963,72.770389,,Royal Property Consultant,"Surat, Gujarat",,,,Apartment,Semi-Furnished,6,12,East,1857,Sq-ft,Less than 5 years,"3 BHK apartment is available on rent in Palanpur Surat right away. The 3 BHK apartment is available at a reasonable rent of ₹26,000. The flat is located on the 6 floor which includes 3 bathrooms, 2 balcony, and covers a covered area of 1857 sqft. This unit is designed with power back up.",26000,78000,0,14,3,,Yes,No,No,"Laundry Service, Outdoor Tennis Courts",True,True,Agent,53,Immediately,2026-04-17T23:45:20.000Z,Yesterday,True
07xKdgsEwRNzpSvf+uAgZw==,Magicbricks,https://www.magicbricks.com/property-details/3-BHK-1300-Sq-ft-Multistorey-Apartment-FOR-Rent-Vesu-in-Surat&id=4d423831323733313237,2026-04-19 13:52:36,21.1447177,72.7717775,,Vesu,"Surat, Gujarat","19210|Udhna Railway Station, 19202|T M Patel International School, 19202|G.D. Goenka International School",,,Apartment,Unfurnished,5,12,,1300,Sq-ft,5 to 10 years,"For authentic and specific details regarding Nandani 13hk security, contact the managing office or security department directly. Written materials or brochures can often be translated into English for clarity.",26000,78000,1,20,3,"1 Covered, 1 Open",No,No,No,,False,True,Agent,86,Immediately,2026-04-17T23:45:19.000Z,Yesterday,True
YOJzYY1iVZxzpSvf+uAgZw==,Magicbricks,https://www.magicbricks.com/property-details/3-BHK-2200-Sq-ft-Multistorey-Apartment-FOR-Rent-Palanpur-Gam-in-Surat&id=4d423834323138393933,2026-04-19 13:52:36,21.21086,72.771334,,Shree Madhav Shine Properties,"Surat, Gujarat",,,,Apartment,Furnished,6,14,East,2200,Sq-ft,Less than 5 years,"3 BHK Fully Furnished Flat For Rent with all amenities available You can explore this 3 BHK flat on rent in Palanpur Gam Surat. You can get this flat at monthly rent of ₹27,000. The flat is on the 6 floor and includes 3 bathrooms, 2 balcony with a carpet area of 1450 sqft. The residence includes power back up, reserved parking, security, air conditioned. Visit the flat at Palanpur, Surat Gujrat.",27000,81000,1,12,3,,Yes,No,No,Air Conditioned,False,True,Agent,78,Immediately,2026-04-13T10:16:21.000Z,"Apr 13, '26",True
nzFiDEqaAHFzpSvf+uAgZw==,Magicbricks,https://www.magicbricks.com/property-details/3-BHK-1955-Sq-ft-Multistorey-Apartment-FOR-Rent-Palanpur-Gam-in-Surat&id=4d423834323336333039,2026-04-19 13:52:36,21.21086,72.771334,,Neelkanth Property,"Surat, Gujarat",,,,Apartment,Furnished,6,14,East,1955,Sq-ft,Less than 5 years,"3 BHK Fully Furnished with all the amenities and electronics available For Rent 3 BHK apartment is available on rent in Palanpur Gam Surat right away. The apartment is available at an affordable rental price of ₹36,000. Located on the 6 floor, the flat has 3 bathrooms, 2 balcony in covered area of 1955 sqft. This unit is designed with power back up, reserved parking, security, air conditioned. Find this apartment at Palanpore High St, Sant Crystal Avenue, Palanpur, Surat, Gujarat .",36000,108000,1,18,3,,Yes,No,No,Air Conditioned,True,True,Agent,53,Immediately,2026-04-14T13:25:36.000Z,"Apr 14, '26",True
ftjwMNQarzNzpSvf+uAgZw==,Magicbricks,https://www.magicbricks.com/property-details/3-BHK-2500-Sq-ft-Multistorey-Apartment-FOR-Rent-in-Surat&id=4d423834313130363037,2026-04-19 13:52:36,21.11013605,72.71941838,,Rajdeep Soni,"Surat, Gujarat",,,,Apartment,Semi-Furnished,7,13,East,2500,Sq-ft,New Construction,"River viwe Find 3 BHK flat for rent in Dumas Surat. The Rent amount of this 3 BHK apartment is set at an attractive price of ₹35,000. The apartment is on the 7 floor, has a covered area of 2500 sqft with 3 bathrooms and 1 balcony. The flat comes with power back up, reserved parking, security, air conditioned, intercom facility, ro water system.",35000,105000,,14,3,,No,No,No,"Air Conditioned, Banquet Hall, Bar/Lounge, Jogging and Strolling Track",True,True,Agent,56,Immediately,2026-04-06T19:13:00.000Z,"Apr 07, '26",True
yzzG9zZKNlVzpSvf+uAgZw==,Magicbricks,https://www.magicbricks.com/property-details/3-BHK-1671-Sq-ft-Multistorey-Apartment-FOR-Rent-Adajan-in-Surat&id=4d423831343132323635,2026-04-19 13:52:36,21.1973663,72.782489,,Adajan,"Surat, Gujarat","19202|International Institute Of Management And Technical Studies (Iimt), 19202|Seven Steps School, 19206|Bellissimo Hub, 19206|Imperial Square Mall",,,Apartment,Furnished,5,10,,1671,Sq-ft,5 to 10 years,"3 BHK flat is available for rent in Adajan immediately. The Rent amount of this 3 BHK apartment is set at an attractive price of ₹32,000. The flat is located on the 5 floor which includes 3 bathrooms, 1 balcony, and covers a carpet area of 900 sqft. The apartment is equipped with security.",32000,,,19,3,,No,No,No,,False,True,Agent,71,Immediately,2026-04-04T05:51:44.000Z,"Apr 04, '26",True
xrWbNoqsm8JzpSvf+uAgZw==,Magicbricks,https://www.magicbricks.com/property-details/3-BHK-2260-Sq-ft-Multistorey-Apartment-FOR-Rent-Vesu-in-Surat&id=4d423736303238323831,2026-04-19 13:52:36,21.1447177,72.7717775,,Vesu,"Surat, Gujarat","19210|Udhna Railway Station, 19202|T M Patel International School, 19202|G.D. Goenka International School",,,Apartment,Semi-Furnished,5,13,North - East,2260,Sq-ft,Less than 5 years,"Prime locality Grab the chance to own this affordable 3 BHK flat for rent in the Vesu area. You can get this flat at monthly rent of ₹35,000. Located on the 5 floor, the flat comprises 3 bathrooms, 4 balcony, and has a covered area of 2260 sqft. This unit is designed with power back up, reserved parking, security, service/goods lift, air conditioned, intercom facility, ro water system. The flat can be visited at TP 75, FP42, Vesu Abhva, Vesu Main Road, Vesu, Surat, Gujarat .",35000,70000,0,15,3,,No,No,No,"Air Conditioned, Banquet Hall, Bar/Lounge, Jogging and Strolling Track",True,True,Agent,53,Immediately,2026-04-18T03:23:54.000Z,Yesterday,True
GXWix86pGiNzpSvf+uAgZw==,Magicbricks,https://www.magicbricks.com/property-details/3-BHK-1651-Sq-ft-Multistorey-Apartment-FOR-Rent-Palanpur-in-Surat&id=4d423834323435343339,2026-04-19 13:52:36,21.215963,72.770389,,Premium Property and Consultancy,gauravpath road,,,,Apartment,Semi-Furnished,13,14,,1651,Sq-ft,New Construction,"new project in gauravpath If you are planning to rent a flat, you can consider this 3 BHK flat situated in the prime location of Palanpur. The rent of the 3 BHK flat is ₹30,000. The apartment is on the 13 floor, has a covered area of 1651 sqft with 3 bathrooms and 4 balcony. The residence includes power back up, security.",30000,90000,,18,3,,No,No,No,,False,True,Agent,76,Immediately,2026-04-15T08:37:30.000Z,"Apr 15, '26",True
n6KrFUhoea9zpSvf+uAgZw==,Magicbricks,https://www.magicbricks.com/property-details/3-BHK-1665-Sq-ft-Multistorey-Apartment-FOR-Rent-Palanpur-in-Surat&id=4d423833353436313733,2026-04-19 13:52:36,21.215963,72.770389,,X Properties,"Surat, Gujarat",,395005,,Apartment,Semi-Furnished,7,14,East,1665,Sq-ft,Less than 5 years,"Residential Open Plot for sale in Gated Colony Find 3 BHK flat for rent in Palanpur Surat. The Rent amount of this 3 BHK apartment is set at an attractive price of ₹30,000. The apartment is on the 7 floor, has a carpet area of 953 sqft with 3 bathrooms and 1 balcony. This unit features power back up, reserved parking, security. Visit the apartment at 105/1, 105/2, BLOCK 152, TPS 09, FP NO. 62, PAIKI A, Chorasi, Surat, Gujarat, 395005.",30000,90000,,18,3,,No,No,No,,False,True,Agent,66,Immediately,2026-02-25T06:52:20.000Z,"Feb 25, '26",True
I7Ffa7896tpzpSvf+uAgZw==,Magicbricks,https://www.magicbricks.com/property-details/3-BHK-1875-Sq-ft-Multistorey-Apartment-FOR-Rent-Jahangir-Pura-in-Surat&id=4d423834323130373533,2026-04-19 13:52:36,21.247161,72.8018701,,Jahangir Pura,Jahangirpura iskon temple near saroli bridge,,,,Apartment,Furnished,5,14,East,1875,Sq-ft,New Construction,"new project near by all company bus Stand 1 four wheeler parking alloted Find this 3 BHK rental flat in Jahangir Pura Surat. The multistorey apartment is available at rent of ₹32,000. Located on the 5 floor, the flat comprises 3 bathrooms, 2 balcony, and has a carpet area of 1120 sqft. The property features power back up, reserved parking, security, service/goods lift, air conditioned, intercom facility, ro water system. Find this apartment at beside KAILASHDHAM SOCIETY, near ESSAR PETROL PUMP, Jahangir Pura, Surat, Gujarat .",32000,96000,,17,3,,No,No,No,"Air Conditioned, Laundry Service, Internet/Wi-Fi Connectivity, Bar/Lounge",False,True,Agent,78,Immediately,2026-04-12T17:19:52.000Z,"Apr 12, '26",True
Fq/4PEoXT/VzpSvf+uAgZw==,Magicbricks,https://www.magicbricks.com/property-details/3-BHK-1861-Sq-ft-Multistorey-Apartment-FOR-Rent-Palanpur-in-Surat&id=4d423832313834303635,2026-04-19 13:52:36,21.215963,72.770389,,Sun Property,"Palanpur,Surat",,,,Apartment,Semi-Furnished,5,12,East,1861,Sq-ft,2012,"3 BHK Semi Furnished Flat For Rent with all amenities available 3 BHK flat is available for rent in Palanpur immediately. This 3 BHK flat can be availed at the rental price of ₹32,000. Gas Connection are some of the additional amenities available with the apartment. The flat is on the 5 floor and includes 3 bathrooms, 3 balcony with a carpet area of 1250 sqft. 2 Covered parking facility are also available. The apartment comes furnished with reserved parking.",32000,96000,1,17,3,2 Covered,No,No,No,,True,True,Agent,73,Immediately,2026-02-26T02:16:45.000Z,"Feb 26, '26",True
2rhjdYe/myVzpSvf+uAgZw==,Magicbricks,https://www.magicbricks.com/property-details/3-BHK-1643-Sq-ft-Multistorey-Apartment-FOR-Rent-Vesu-in-Surat&id=4d423831363939303639,2026-04-19 13:52:36,21.1447177,72.7717775,,Vesu,"Vesu,Surat","19210|Udhna Railway Station, 19202|White Lotus International School, 19202|G.D. Goenka International School",,,Apartment,Semi-Furnished,3,13,East,1643,Sq-ft,Less than 5 years,"3bhk flat for rent in vesu with kitchen trolly fan and light If you are planning to rent a flat, you can consider this 3 BHK flat situated in the prime location of Vesu. You can get this flat at monthly rent of ₹26,000. The residents of the flat have access to additional facilities such as Gas Connection. Located on the 3 floor, the flat has 3 bathrooms, 1 balcony in carpet area of 850 sqft. There is also facility of 1 Open parking. This property offers power back up, reserved parking, security. Visit the flat at Vesu, Surat..",26000,80000,0,16,3,1 Open,Yes,No,No,Jogging and Strolling Track,True,True,Agent,95,Immediately,2026-04-16T07:52:12.000Z,"Apr 16, '26",True
KJ7zs1t/6L1zpSvf+uAgZw==,Magicbricks,https://www.magicbricks.com/property-details/3-BHK-1845-Sq-ft-Multistorey-Apartment-FOR-Rent-Palan-Pur-Patiya-in-Surat&id=4d423834303434383535,2026-04-19 13:52:36,21.2099842,72.7921003,,Palan Pur Patiya,"Surat, Gujarat",,,,Apartment,Furnished,12,14,East,1845,Sq-ft,Less than 5 years,"Find this 3 BHK rental flat in Palan Pur Patiya Surat. You can get this flat at monthly rent of ₹35,000. The apartment is on the 12 floor, has a covered area of 1845 sqft with 3 bathrooms and 1 balcony. The apartment comes furnished with air conditioned, intercom facility. The apartment is located at Capital St, opp. New L.P. Savani School, Palanpur, Surat, Gujarat .",35000,105000,,19,3,,No,No,No,"Air Conditioned, Intercom Facility, Internet/Wi-Fi Connectivity, Bar/Lounge",False,True,Agent,71,Immediately,2026-04-02T12:57:55.000Z,"Apr 02, '26",True
3/mC+VZQAdJzpSvf+uAgZw==,Magicbricks,https://www.magicbricks.com/property-details/3-BHK-1700-Sq-ft-Multistorey-Apartment-FOR-Rent-Vesu-in-Surat&id=4d423834303336303737,2026-04-19 13:52:36,21.1447177,72.7717775,,Vesu,"Surat, Gujarat","19210|Udhna Railway Station, 19202|T M Patel International School, 19202|White Lotus International School",,,Apartment,Furnished,3,13,South - East,1700,Sq-ft,5 to 10 years,"in A beautiful 3 BHK flat is available for rent in Vesu. The rent of the 3 BHK flat is ₹37,000. The flat is located on the 3 floor which includes 3 bathrooms, 1 balcony, and covers a covered area of 1700 sqft. The apartment comes furnished with power back up, reserved parking, security, service/goods lift, air conditioned, intercom facility, ro water system.",37000,121000,20000,22,3,,No,No,No,"Air Conditioned, Banquet Hall, Bar/Lounge, Jogging and Strolling Track",True,True,Agent,58,Immediately,2026-04-02T07:30:11.000Z,"Apr 02, '26",True
mwsnmH1YnLxzpSvf+uAgZw==,Magicbricks,https://www.magicbricks.com/property-details/3-BHK-2538-Sq-ft-Multistorey-Apartment-FOR-Rent-Pal-in-Surat&id=4d423831333233313435,2026-04-19 13:52:36,21.1807801,72.7529018,,Pal,pal,"19202|International Institute Of Management And Technical Studies (Iimt), 19202|Gajera Global School, 19206|Pal. Star World, 19206|Bellissimo Hub",,,Apartment,Semi-Furnished,3,12,East,2538,Sq-ft,5 to 10 years,"Luxirious project A beautiful 3 BHK flat is available for rent in Pal. The flat is available for rent at a competitive amount of ₹35,000. The flat is on the 3 floor and includes 3 bathrooms, 1 balcony with a carpet area of 1300 sqft. The flat comes with power back up, reserved parking, security, service/goods lift, air conditioned, intercom facility, ro water system. The address is Navi Fali, Moti Fali, Pal Gam, Surat, Gujarat .",35000,105000,0,14,3,,No,No,No,"Air Conditioned, Banquet Hall, Jogging and Strolling Track, Outdoor Tennis Courts",True,True,Agent,60,Immediately,2026-04-04T05:36:27.000Z,"Apr 04, '26",True
dY0bq5j1Q8xzpSvf+uAgZw==,Magicbricks,https://www.magicbricks.com/property-details/3-BHK-2161-Sq-ft-Multistorey-Apartment-FOR-Rent-Palanpur-in-Surat&id=4d423833383632303331,2026-04-19 13:52:36,21.215963,72.770389,,Shivaay Realty,"Palanpur,Surat",,,,Apartment,Unfurnished,4,14,East,2161,Sq-ft,New Construction,"All New campus, 3 towers are here onlymain gaurav path road touchgated community A beautiful 3 BHK flat is available for rent in Palanpur. The flat is available for rent at a competitive amount of ₹36,000. The flat is on the 4 floor and includes 3 bathrooms, 3 balcony with a carpet area of 1189 sqft. The property includes 1 Covered, 1 Open parking. This home provides power back up, reserved parking, security.",36000,108000,,17,3,"1 Covered, 1 Open",Yes,Yes,No,Jogging and Strolling Track,True,True,Agent,75,Immediately,2026-03-19T09:22:28.000Z,"Mar 19, '26",True
wXaTFOSl0FlzpSvf+uAgZw==,Magicbricks,https://www.magicbricks.com/property-details/3-BHK-1750-Sq-ft-Multistorey-Apartment-FOR-Rent-Palanpur-Gam-in-Surat&id=4d423831343232353835,2026-04-19 13:52:36,21.21086,72.771334,,Deepak Daryani,Pal Guarav Path,,,,Apartment,Semi-Furnished,5,14,East,1750,Sq-ft,Less than 5 years,Orchid Elite Spacious Modern Flat Prime Location Family Friendly Rent AvailableElegant Orchid Elite Apartment Luxury Interiors Ready to Move In Rent NowOrchid Elite Residency Premium Amenities Secure Stylish Ideal Family HomeSpacious Orchid Elite Flat Peaceful Neighborhood Modern Comforts Available,30000,90000,0,17,3,1 Covered,Yes,Yes,No,Jogging and Strolling Track,True,True,Agent,78,Immediately,2026-03-13T05:41:02.000Z,"Mar 13, '26",True
TMUfDq5kNZhzpSvf+uAgZw==,Magicbricks,https://www.magicbricks.com/property-details/3-BHK-1900-Sq-ft-Multistorey-Apartment-FOR-Rent-Jahangir-Pura-in-Surat&id=4d423830313737353833,2026-04-19 13:52:36,21.247161,72.8018701,,Jahangir Pura,jahangirpura,,,,Apartment,Furnished,8,12,,1900,Sq-ft,New Construction,"Check out this newly constructed 3 BHK flat on rent in the prime location of Jahangir Pura Surat. The apartment is available at an affordable rental price of ₹30,000. Get access to smart facilities such as 2 Bed, Fridge, 2 AC, Sofa and Gas Connection simply by choosing this flat for rent. The apartment is on the 8 floor, has a carpet area of 1100 sqft with 3 bathrooms and 2 balcony. This flat is located at jahangirpura, Jahangir Pura, Surat, Gujarat.",30000,90000,0,16,3,,No,No,No,,False,True,Agent,60,Immediately,2026-03-11T07:31:49.000Z,"Mar 11, '26",True
WWPSx2ooLrVzpSvf+uAgZw==,Magicbricks,https://www.magicbricks.com/property-details/3-BHK-1655-Sq-ft-Multistorey-Apartment-FOR-Rent-Palanpur-in-Surat&id=4d423834303030393431,2026-04-19 13:52:36,21.215963,72.770389,,Thakkar Skyline Real Estate,"Gaurav Path Road , Palanpur",,,,Apartment,Semi-Furnished,3,14,East,1655,Sq-ft,5 to 10 years,"3 BHK Semi Furnished Flat For rent with all amenities available You can avail the 3 BHK flat for rent in the well-known location of Palanpur. The rent of the 3 BHK flat is ₹33,000. The apartment is on the 3 floor, has a carpet area of 1000 sqft with 3 bathrooms and 2 balcony. There is also facility of 1 Covered parking. This unit is designed with power back up, reserved parking, security, visitor parking. The full address of the apartment is Gaurav Path Road , Palanpur, Palanpur, Surat, Gujarat.",33000,90000,1,20,3,1 Covered,Yes,No,No,Visitor Parking,False,True,Agent,100,Immediately,2026-03-30T17:50:34.000Z,"Mar 30, '26",True
8Bdfcop2QDFzpSvf+uAgZw==,Magicbricks,https://www.magicbricks.com/property-details/3-BHK-2525-Sq-ft-Multistorey-Apartment-FOR-Rent-Vesu-in-Surat&id=4d423830353337373535,2026-04-19 13:52:36,21.1447177,72.7717775,,Vesu,"Vesu,Surat","19210|Udhna Railway Station, 19202|White Lotus International School, 19202|T M Patel International School",,,Apartment,Unfurnished,10,13,North,2525,Sq-ft,New Construction,"3 BHK Flat For RentPramukh Revanta, Vesu.New BuildingModern AmenitiesSpecious LivingAirport ViewVesu Canal Road, Surat. If you are planning to rent a flat, you can consider this 3 BHK flat situated in the prime location of Vesu. This 3 BHK flat is available at the reasonable rent amount of ₹35,000. The apartment is on the 10 floor, has a carpet area of 1388 sqft with 3 bathrooms and 3 balcony. 2 Covered parking facility are also available. The residence includes power back up, reserved parking, security.",35000,105000,2,14,3,2 Covered,Yes,Yes,No,Jogging and Strolling Track,False,True,Agent,100,Immediately,2026-03-30T04:58:58.000Z,"Mar 30, '26",True
lwPE/2xBvP1zpSvf+uAgZw==,Magicbricks,https://www.magicbricks.com/property-details/3-BHK-1900-Sq-ft-Multistorey-Apartment-FOR-Rent-Vesu-in-Surat&id=4d423834313435323835,2026-04-19 13:52:36,21.1447177,72.7717775,,Vesu,"Surat, Gujarat","19210|Udhna Railway Station, 19202|G.D. Goenka International School, 19202|White Lotus International School",,,Apartment,Furnished,7,13,North - East,1900,Sq-ft,5 to 10 years,"vesu vip road, near shayambaba temple, vesu Find 3 BHK flat for rent in Vesu Surat. ₹45,000 is the monthly rent of this 3 BHK flat. Fridge, Sofa and Dining Table are some of the additional amenities available with the apartment. The apartment is on the 7 floor, has a covered area of 1900 sqft with 3 bathrooms and 1 balcony. There is also facility of 1 Covered parking. The property features power back up, reserved parking, security. The apartment is located at Vesu, Surat, Gujarat.",45000,135000,0,24,3,1 Covered,No,No,No,,True,True,Agent,70,Immediately,2026-04-16T23:45:20.000Z,"Apr 17, '26",True
G237mYjJOhpzpSvf+uAgZw==,Magicbricks,https://www.magicbricks.com/property-details/3-BHK-2000-Sq-ft-Multistorey-Apartment-FOR-Rent-Piplod-in-Surat&id=4d423734353436383839,2026-04-19 13:52:36,21.1610353,72.7762099,,Piplod,9-B Pallavi Apartment Dumas Road Piplod Surat,"19201|Software Technology Parks Of India (Stpi), 19201|Gidc Icchapore, 19202|Radiant English Academy, 19202|Jh Ambani High School, 19206|Kamdhenu Mall, 19206|Central Mall",,,Apartment,Furnished,9,10,,2000,Sq-ft,10 to 15 years,"Find 3 BHK flat for rent in Piplod Surat. The apartment is available at an affordable rental price of ₹43,000. Additional amenities available with the flat are 3 Wardrobe, 3 Bed, 1 TV, Fridge, 3 AC, Sofa, Dining Table and Gas Connection. The flat is on the 9 floor and includes 3 bathrooms, 1 balcony with a carpet area of 1700 sqft. The full address of the apartment is 9-B Pallavi Apartment Dumas Road Piplod Surat, Piplod, Surat, Gujarat. You can find the 3 BHK flat without any brokerage.",43000,129000,,22,3,,No,No,No,,False,False,Owner,60,Immediately,2026-04-14T08:48:23.000Z,"Apr 14, '26",True
qCPkMjD5M+JzpSvf+uAgZw==,Magicbricks,https://www.magicbricks.com/property-details/3-BHK-2550-Sq-ft-Multistorey-Apartment-FOR-Rent-Vesu-in-Surat&id=4d423830373038343435,2026-04-19 13:52:36,21.1447177,72.7717775,,Vesu,"Vesu,Surat","19210|Udhna Railway Station, 19202|Bhagwan Mahavir College of Engineering Technology, 19202|G.D. Goenka International School",,,Apartment,Unfurnished,4,12,East,2550,Sq-ft,2005,"It has Swimming Pool, Gymnasium, Club House, Childrens Play Area, Park, Banquet Hall, Gazebo, Jogging Track, Yoga Meditation Area 3 BHK flat is available for rent in Vesu immediately. The flat is available for rent at a competitive amount of ₹45,000. The flat is on the 4 floor and includes 3 bathrooms, 1 balcony with a covered area of 2550 sqft.",45000,105000,,18,3,,Yes,Yes,No,Jogging and Strolling Track,True,True,Agent,71,Immediately,2026-04-19T07:04:59.000Z,Today,True
k8qyvcv0kJhzpSvf+uAgZw==,Magicbricks,https://www.magicbricks.com/property-details/3-BHK-2500-Sq-ft-Multistorey-Apartment-FOR-Rent-Vesu-in-Surat&id=4d423637343336323739,2026-04-19 13:52:36,21.1447177,72.7717775,,Vesu,Vesu,"19210|Udhna Railway Station, 19202|T M Patel International School, 19202|G.D. Goenka International School",,,Apartment,Furnished,4,8,East,2500,Sq-ft,New Construction,"Best hose for small family in surat Check out this newly constructed 3 BHK flat on rent in the prime location of Vesu Surat. The multistorey apartment is available at rent of ₹55,000. Located on the 4 floor, the flat has 2 bathrooms, 1 balcony in covered area of 2500 sqft. 2 Covered, 2 Open parking facility are also available. This unit features power back up, security. Visit the flat at Vesu, Vesu, Surat, Gujarat.",55000,,,22,2,"2 Covered, 2 Open",No,No,No,,False,True,Agent,91,Immediately,2026-04-17T23:45:19.000Z,Yesterday,True
eOYfDMDRfXhzpSvf+uAgZw==,Magicbricks,https://www.magicbricks.com/property-details/3-BHK-1890-Sq-ft-Multistorey-Apartment-FOR-Rent-Pal-in-Surat&id=4d423830383837323439,2026-04-19 13:52:36,21.1807801,72.7529018,,Pal,"Surat, Gujarat","19202|International Institute Of Management And Technical Studies (Iimt), 19202|Seven Steps School, 19206|Pal. Star World, 19206|Bellissimo Hub",,,Apartment,Furnished,8,13,East,1890,Sq-ft,New Construction,"Grab the chance to own this affordable 3 BHK flat for rent in the Pal area. This 3 BHK flat can be availed at the rental price of ₹45,000. Located on the 8 floor, the flat comprises 3 bathrooms, 2 balcony, and has a covered area of 1890 sqft. This flat is fitted with power back up, reserved parking, security, service/goods lift, air conditioned, intercom facility, ro water system. The apartment is located at Navi Fali, Moti Fali, Pal Gam, Surat, Gujarat .",45000,135000,0,24,3,,No,No,No,"Air Conditioned, Banquet Hall, Jogging and Strolling Track, Outdoor Tennis Courts",True,True,Agent,53,Immediately,2026-04-17T23:45:20.000Z,Yesterday,True
6rVKLmS5/RJzpSvf+uAgZw==,Magicbricks,https://www.magicbricks.com/property-details/3-BHK-2200-Sq-ft-Multistorey-Apartment-FOR-Rent-Vesu-in-Surat&id=4d423739353534383231,2026-04-19 13:52:36,21.1447177,72.7717775,,Vesu,"Vesu Main Road, Vesu, Surat, Gujarat","19210|Udhna Railway Station, 19202|T M Patel International School, 19202|G.D. Goenka International School",,,Apartment,Furnished,5,14,South - East,2200,Sq-ft,10 to 15 years,"Very good property with good amenities and security. If you are searching a 3 BHK apartment for rent in Vesu, check out this amazing rental flat. The rent of the 3 BHK flat is ₹45,000. Some attractive additional facilities available with the flat are 3 Wardrobe, 3 Bed, 1 TV, Fridge, 3 AC, Sofa, Dining Table and Gas Connection. Located on the 5 floor, the flat comprises 3 bathrooms, 2 balcony, and has a carpet area of 1700 sqft. There is also facility of 1 Covered parking. The apartment is equipped with power back up, reserved parking, security. This flat is located at Vesu Main Road, Vesu, Surat, Gujarat .",45000,135000,3500,20,3,1 Covered,No,No,No,,False,True,Agent,98,Immediately,2026-04-16T23:45:20.000Z,"Apr 17, '26",True
LnloeBs8mcJzpSvf+uAgZw==,Magicbricks,https://www.magicbricks.com/property-details/3-BHK-1840-Sq-ft-Multistorey-Apartment-FOR-Rent-Dumas-Road-in-Surat&id=4d423834313130353631,2026-04-19 13:52:36,21.1378068259953,72.7505612386718,,Dumas Road,"Surat, Gujarat","19201|Gidc Katagram, 19202|CK Pithawala College of Engineering Technology, 19202|Lourdes Convent High School, 19206|Canopus Mall, 19206|Surat Central, 19209|Surat International Airport",,,Apartment,Furnished,7,12,East,1840,Sq-ft,Less than 5 years,"River viwe 3 BHK flat is available for rent in Dumas Road immediately. The rent of the 3 BHK flat is ₹50,000. Located on the 7 floor, the flat has 3 bathrooms, 1 balcony in carpet area of 1140 sqft. This unit features power back up, reserved parking, security, service/goods lift, air conditioned, intercom facility, ro water system. Find this apartment at Near DPS School, Silent Zone Road Opp. Airport, Dumas Road, Dumas, Surat.",50000,150000,,27,3,,No,No,No,"Air Conditioned, Banquet Hall, Bar/Lounge, Jogging and Strolling Track",False,True,Agent,71,Select Date,2026-04-06T18:52:38.000Z,"Apr 07, '26",True
5KksfYHDOCpzpSvf+uAgZw==,Magicbricks,https://www.magicbricks.com/property-details/3-BHK-1950-Sq-ft-Multistorey-Apartment-FOR-Rent-Vesu-in-Surat&id=4d423831313735343135,2026-04-19 13:52:36,21.1447177,72.7717775,,Vesu,"Surat, Gujarat","19210|Udhna Railway Station, 19202|G.D. Goenka International School, 19202|White Lotus International School",,,Apartment,Furnished,9,13,South,1950,Sq-ft,5 to 10 years,"3bhk flat for rent on iconic canal road You can explore this 3 BHK flat on rent in Vesu Surat. You can get this flat at monthly rent of ₹55,000. Located on the 9 floor, the flat comprises 3 bathrooms, 1 balcony, and has a carpet area of 960 sqft. The apartment is equipped with power back up, reserved parking, security, service/goods lift, air conditioned, intercom facility, ro water system. You can visit the flat at Vesu, Surat, Gujarat .",55000,165000,4500,28,3,,No,No,No,"Air Conditioned, Laundry Service, Jogging and Strolling Track, Outdoor Tennis Courts",False,True,Agent,78,Immediately,2026-04-04T05:50:36.000Z,"Apr 04, '26",True
/RkrubzixCtzpSvf+uAgZw==,Magicbricks,https://www.magicbricks.com/property-details/3-BHK-2650-Sq-ft-Multistorey-Apartment-FOR-Rent-Vesu-in-Surat&id=4d423833353437373733,2026-04-19 13:52:36,21.1447177,72.7717775,,Vesu,"Surat, Gujarat","19210|Udhna Railway Station, 19202|G.D. Goenka International School, 19202|White Lotus International School",,,Apartment,Furnished,9,13,East,2650,Sq-ft,New Construction,"3 BHK apartment is available on rent in Vesu Surat right away. The rent of the 3 BHK flat is ₹45,000. The flat is on the 9 floor and includes 3 bathrooms, 1 balcony with a carpet area of 2000 sqft. The building comprises 13 floor and includes Kids play area features. This unit is designed with reserved parking, security, visitor parking. Visit the apartment at Behind of Agarwal vidhya vihar School, Vesu, Surat, Gujarat .",45000,,,17,3,,No,No,No,Visitor Parking,True,True,Agent,63,Immediately,2026-02-26T06:46:57.000Z,"Feb 26, '26",True
6hgfFxSIJg9zpSvf+uAgZw==,Magicbricks,https://www.magicbricks.com/property-details/3-BHK-2150-Sq-ft-Multistorey-Apartment-FOR-Rent-Vesu-in-Surat&id=4d423637363332303233,2026-04-19 13:52:36,21.1447177,72.7717775,,Vesu,opposite Rebounce vesu,"19210|Udhna Railway Station, 19202|White Lotus International School, 19202|Bhagwan Mahavir College of Engineering Technology",,,Apartment,Furnished,5,12,East,2150,Sq-ft,10 to 15 years,"Full furnished flat with electronics You can avail the 3 BHK flat for rent in the well-known location of Vesu. The rent of the 3 BHK flat is ₹45,000. Located on the 5 floor, the flat has 3 bathrooms, 1 balcony in carpet area of 1089 sqft. There is also facility of 1 Covered parking. The residence includes reserved parking, security. You can visit the flat at Vesu, Surat, Gujarat.",45000,135000,4156,21,3,1 Covered,Yes,Yes,No,Jogging and Strolling Track,False,True,Agent,100,Immediately,2026-04-15T07:26:34.000Z,"Apr 15, '26",True
oiX3g+c8Vq1zpSvf+uAgZw==,Magicbricks,https://www.magicbricks.com/property-details/3-BHK-2100-Sq-ft-Multistorey-Apartment-FOR-Rent-Vesu-in-Surat&id=4d423833393032383033,2026-04-19 13:52:36,21.1447177,72.7717775,,Vesu,"Surat, Gujarat","19210|Udhna Railway Station, 19202|T M Patel International School, 19202|Bhagwan Mahavir College of Engineering Technology",,,Apartment,Furnished,8,12,South,,,10 to 15 years,"A multistorey apartment is available for rent. It is a good location. Please contact for more details. You can avail the 3 BHK flat for rent in the well-known location of Vesu. The rent of the 3 BHK flat is ₹41,000. The flat is on the 8 floor and includes 3 bathrooms, 1 balcony with a carpet area of 2100 sqft. This unit features power back up, reserved parking, security, service/goods lift, air conditioned, intercom facility, ro water system. The address is Vesu, Surat, Gujarat .",41000,123000,50000,,3,,No,No,No,"Air Conditioned, Banquet Hall, Bar/Lounge, Jogging and Strolling Track",True,True,Agent,53,Immediately,2026-03-22T14:25:30.000Z,"Mar 22, '26",True
xJPwMvbdMlhzpSvf+uAgZw==,Magicbricks,https://www.magicbricks.com/property-details/3-BHK-2450-Sq-ft-Multistorey-Apartment-FOR-Rent-Pal-in-Surat&id=4d423830333032393235,2026-04-19 13:52:36,21.1807801,72.7529018,,Pal,"Navi Fali, Moti Fali, Pal Gam, Surat, Gujarat","19202|Gajera Global School, 19202|Seven Steps School, 19206|Bellissimo Hub, 19206|Pal. Star World",,,Apartment,Furnished,7,14,East,2450,Sq-ft,Less than 5 years,"3 BHK Flat Fully Furnished Rent In Pal 3 BHK flat is available for rent in Pal immediately. The multistorey apartment is available at rent of ₹44,000. Get access to smart facilities such as 3 Wardrobe, 3 Bed, 1 TV, Sofa, Dining Table and Gas Connection simply by choosing this flat for rent. Located on the 7 floor, the flat has 3 bathrooms, 2 balcony in carpet area of 1400 sqft. 1 Covered parking facility are also available. This flat is fitted with power back up, reserved parking, security. You can visit the flat at Navi Fali, Moti Fali, Pal Gam, Surat, Gujarat .",44000,135000,0,18,3,1 Covered,No,No,No,,True,True,Agent,78,Immediately,2026-03-15T07:13:28.000Z,"Mar 15, '26",True
6sDrgY4NMj5zpSvf+uAgZw==,Magicbricks,https://www.magicbricks.com/property-details/3-BHK-3000-Sq-ft-Multistorey-Apartment-FOR-Rent-Piplod-in-Surat&id=4d423832313831313735,2026-04-19 13:52:36,21.1610353,72.7762099,,Piplod,"In Piplod, Surat.","19201|Gidc Icchapore, 19201|Software Technology Parks Of India (Stpi), 19202|Jh Ambani High School, 19202|Radiant English Academy, 19206|Vijay Sales, 19206|Central Mall",,,Apartment,Unfurnished,7,13,East,3000,Sq-ft,Less than 5 years,"3 BHK Flat For RentKPM Terra Prime, Piplod.KTLF3000 Sq.Ft Super AreaSpecious FlatModen AmenitiesIn Piplod, Surat. If you are searching a 3 BHK apartment for rent in Piplod, check out this amazing rental flat. The Rent amount of this 3 BHK apartment is set at an attractive price of ₹45,000. Located on the 7 floor, the flat comprises 3 bathrooms, 1 balcony, and has a carpet area of 1650 sqft. The property includes 2 Covered parking. This unit is designed with power back up, reserved parking, security. Visit the flat at KPM Terra Prime, Vesu, Big Bazzar Lane, opp. Bhartimaiya School, Piplod, Surat, Gujarat .",45000,135000,4,15,3,2 Covered,Yes,Yes,No,Jogging and Strolling Track,False,True,Agent,98,Immediately,2026-03-19T05:21:06.000Z,"Mar 19, '26",True
ywtN8dp+yhJzpSvf+uAgZw==,Magicbricks,https://www.magicbricks.com/property-details/3-BHK-1930-Sq-ft-Multistorey-Apartment-FOR-Rent-Dumas-Road-in-Surat&id=4d423833383830313533,2026-04-19 13:52:36,21.1378068259953,72.7505612386718,,Dumas Road,"Surat, Gujarat","19201|Gidc Katagram, 19202|Lourdes Convent High School, 19202|CK Pithawala College of Engineering Technology, 19206|Surat Central, 19206|Canopus Mall, 19209|Surat International Airport",,,Apartment,Furnished,6,12,East,1930,Sq-ft,New Construction,"3 BHK flat is available for rent in Dumas Road immediately. This 3 BHK flat is available at the reasonable rent amount of ₹45,000. The flat is located on the 6 floor which includes 3 bathrooms, 3 balcony, and covers a covered area of 1930 sqft.",45000,,,23,3,,No,No,No,Banquet Hall,True,True,Agent,48,Immediately,2026-03-20T12:04:35.000Z,"Mar 20, '26",True
xH7xArZfVUZzpSvf+uAgZw==,Magicbricks,https://www.magicbricks.com/property-details/3-BHK-1775-Sq-ft-Multistorey-Apartment-FOR-Rent-Vesu-in-Surat&id=4d423832353832323135,2026-04-19 13:52:36,21.1447177,72.7717775,,Vesu,vip road,"19210|Udhna Railway Station, 19202|White Lotus International School, 19202|G.D. Goenka International School",,,Apartment,Furnished,5,14,East,1775,Sq-ft,New Construction,"vesu canal road near project available for rent of sell 3 BHK flat is available for rent in Vesu immediately. This 3 BHK flat is available at the reasonable rent amount of ₹55,000. The flat is located on the 5 floor which includes 3 bathrooms, 1 balcony, and covers a carpet area of 1000 sqft. The building includes 14 floor and supports Kids play area living. The property features reserved parking, security, visitor parking. The full address of the apartment is Behind of Agarwal vidhya vihar School, Vesu, Surat, Gujarat .",55000,,,31,3,,No,No,No,Visitor Parking,True,True,Agent,81,Immediately,2026-04-08T06:10:12.000Z,"Apr 08, '26",True
WO3KqC82P1FzpSvf+uAgZw==,Magicbricks,https://www.magicbricks.com/property-details/3-BHK-2505-Sq-ft-Multistorey-Apartment-FOR-Rent-Vesu-in-Surat&id=4d423834313130323037,2026-04-19 13:52:36,21.1447177,72.7717775,,Vesu,vesu,"19210|Udhna Railway Station, 19202|Bhagwan Mahavir College of Engineering Technology, 19202|White Lotus International School",,,Apartment,Unfurnished,6,12,East,2505,Sq-ft,5 to 10 years,"You can explore this 3 BHK flat on rent in Vesu Surat. The 3 BHK apartment is available at a reasonable rent of ₹45,000. The apartment is on the 6 floor, has a covered area of 2505 sqft with 3 bathrooms and 1 balcony. The residence includes power back up, reserved parking, security, air conditioned, intercom facility, ro water system. Visit the flat at Vesu, Surat..",45000,135000,,18,3,,No,No,No,"Air Conditioned, Banquet Hall, Bar/Lounge, Jogging and Strolling Track",True,True,Agent,53,Immediately,2026-04-06T17:33:24.000Z,"Apr 06, '26",True
gPbuJBpD9xZzpSvf+uAgZw==,Magicbricks,https://www.magicbricks.com/property-details/3-BHK-2400-Sq-ft-Multistorey-Apartment-FOR-Rent-VIP-Road-in-Surat&id=4d423830303835323939,2026-04-19 13:52:36,21.1413009,72.7813698,,VIP Road,"Surat, Gujarat",,,,Apartment,Unfurnished,11,18,South -West,2400,Sq-ft,New Construction,"Check out this newly constructed 3 BHK flat on rent in the prime location of VIP Road Surat. The rent of the 3 BHK flat is ₹42,000. Located on the 11 floor, the flat has 3 bathrooms, 1 balcony in covered area of 2400 sqft. This unit is designed with power back up. The full address of the apartment is VIP Road Vesu , Surat Gujrat .",42000,120000,,18,3,,No,No,No,,False,True,Agent,69,Immediately,2026-03-11T06:18:33.000Z,"Mar 11, '26",True
+zShwreaZTlzpSvf+uAgZw==,Magicbricks,https://www.magicbricks.com/property-details/3-BHK-1930-Sq-ft-Multistorey-Apartment-FOR-Rent-Dumas-Road-in-Surat&id=4d423634363831303535,2026-04-19 13:52:36,21.1378068259953,72.7505612386718,,Dumas Road,"Avadh Copper Stone near DPS School airport Road, Surat","19201|Gidc Katagram, 19202|CK Pithawala College of Engineering Technology, 19202|Scholar English Academy School, 19206|Canopus Mall, 19206|Surat Central, 19209|Surat International Airport",,,Apartment,Furnished,2,12,South -West,1930,Sq-ft,New Construction,"luxurious project and luxuries flat All immunities 3 BHK flat is available for rent in Dumas Road immediately. The flat is available for rent at a competitive amount of ₹50,000. The apartment is on the 2 floor, has a carpet area of 970 sqft with 3 bathrooms and 3 balcony. This unit is designed with power back up, reserved parking, security, visitor parking.",50000,150000,0,26,3,,No,No,No,"Visitor Parking, Banquet Hall, Jogging and Strolling Track, Outdoor Tennis Courts",True,True,Agent,89,Immediately,2026-03-20T11:01:47.000Z,"Mar 20, '26",True
ZiB/DNGdbJtzpSvf+uAgZw==,Magicbricks,https://www.magicbricks.com/property-details/3-BHK-1800-Sq-ft-Multistorey-Apartment-FOR-Rent-Vesu-in-Surat&id=4d423738343639383539,2026-04-19 13:52:36,21.1447177,72.7717775,,Vesu, Vesu,"19210|Udhna Railway Station, 19202|White Lotus International School, 19202|T M Patel International School",,,Apartment,Furnished,8,9,South -West,1800,Sq-ft,5 to 10 years,"Grab the chance to own this affordable 3 BHK flat for rent in the Vesu area. ₹45,000 is the monthly rent of this 3 BHK flat. Located on the 8 floor, the flat has 3 bathrooms, 2 balcony in carpet area of 1250 sqft. This home provides power back up, reserved parking, security, ro water system. Visit the flat at Vesu. You can find the 3 BHK flat without any brokerage.",45000,135000,0,25,3,,Yes,No,No,RO Water System,False,False,Owner,74,Immediately,2026-04-18T21:32:02.000Z,Today,True
nx0/Pq751K1zpSvf+uAgZw==,Magicbricks,https://www.magicbricks.com/property-details/3-BHK-2100-Sq-ft-Multistorey-Apartment-FOR-Rent-in-Surat&id=4d423832343432333931,2026-04-19 13:52:36,,,,YASH MEHTA,"Surat, Gujarat",,,,Apartment,Furnished,13,13,East,2100,Sq-ft,5 to 10 years,"3 BHK apartment is available on rent in near exult shoppers Surat right away. The Rent amount of this 3 BHK apartment is set at an attractive price of ₹55,000. The flat is located on the 13 floor which includes 3 bathrooms, 2 balcony, and covers a carpet area of 1650 sqft. This home provides power back up, reserved parking, security, service/goods lift, air conditioned, intercom facility, ro water system. This 3 BHK rental flat comes with no brokerage fees.",55000,165000,0,26,3,,No,No,No,"Air Conditioned, Laundry Service, Banquet Hall, Jogging and Strolling Track",False,False,Owner,68,Immediately,2026-04-17T22:30:29.000Z,Yesterday,True
ini+p0BVL8hzpSvf+uAgZw==,Magicbricks,https://www.magicbricks.com/property-details/3-BHK-2115-Sq-ft-Multistorey-Apartment-FOR-Rent-Pal-in-Surat&id=4d423834313832343935,2026-04-19 13:52:36,21.1807801,72.7529018,,Pal,pal,"19202|Lp Savani International School, 19202|Gajera Global School, 19206|Bellissimo Hub, 19206|Pal. Star World",,,Apartment,Furnished,8,13,East,2115,Sq-ft,Less than 5 years,"Check out this newly constructed 3 BHK flat on rent in the prime location of Pal Surat. The rent of the 3 BHK flat is ₹50,000. The flat is on the 8 floor and includes 3 bathrooms, 3 balcony with a covered area of 2115 sqft. The flat comes with power back up, reserved parking, security, service/goods lift, intercom facility, ro water system. The flat can be visited at Bhatha, Surat, Gujarat .",50000,150000,0,24,3,,No,No,No,"Laundry Service, Banquet Hall, Jogging and Strolling Track, Outdoor Tennis Courts",True,True,Agent,75,Immediately,2026-04-18T23:45:33.000Z,Today,True
IcqmqSvH0mpzpSvf+uAgZw==,Magicbricks,https://www.magicbricks.com/property-details/3-BHK-2400-Sq-ft-Multistorey-Apartment-FOR-Rent-Dumas-Road-in-Surat&id=4d423738383136303235,2026-04-19 13:52:36,21.1378068259953,72.7505612386718,,Dumas Road,"Marion Residency,Dumas, Gujarat","19201|Gidc Katagram, 19202|Lourdes Convent High School, 19202|CK Pithawala College of Engineering Technology, 19206|Canopus Mall, 19206|Surat Central, 19209|Surat International Airport",,,Apartment,Furnished,8,13,East,2400,Sq-ft,5 to 10 years,"3 Bhk 2400 sqftfully furnishedwith electronicssea viewfor companies bachelorsriver viewnice location nice atmosphere nr avadh cooper stone, dumas road, suratopp- airport family, companies bachelors are allowed",42000,126000,2000,18,3,1 Covered,Yes,Yes,No,Jogging and Strolling Track,True,True,Agent,78,Immediately,2026-04-02T05:40:46.000Z,"Apr 02, '26",True
qJoS4WWCnE5zpSvf+uAgZw==,Magicbricks,https://www.magicbricks.com/property-details/3-BHK-3500-Sq-ft-Multistorey-Apartment-FOR-Rent-Vesu-in-Surat&id=4d423833393335303337,2026-04-19 13:52:36,21.1447177,72.7717775,,Vesu,"Surat, Gujarat","19210|Udhna Railway Station, 19202|White Lotus International School, 19202|Bhagwan Mahavir College of Engineering Technology",,,Apartment,Furnished,5,11,,3500,Sq-ft,5 to 10 years,"Multistory apartment is available for rent. It is a good location. Please contact for more details. Grab the chance to own this affordable 3 BHK flat for rent in the Vesu area. The apartment is available at an affordable rental price of ₹42,000. The apartment is on the 5 floor, has a carpet area of 2000 sqft with 3 bathrooms and 2 balcony. The apartment comes furnished with power back up, reserved parking, security, service/goods lift, air conditioned, intercom facility, ro water system. This flat is located at Vesu, Surat, Gujarat .",42000,,,12,3,,No,No,No,"Air Conditioned, Banquet Hall, Bar/Lounge, Jogging and Strolling Track",True,True,Agent,41,Immediately,2026-03-25T09:13:17.000Z,"Mar 25, '26",True
yF9nLD8ilYFzpSvf+uAgZw==,Magicbricks,https://www.magicbricks.com/property-details/3-BHK-2847-Sq-ft-Multistorey-Apartment-FOR-Rent-Vesu-in-Surat&id=4d423832343230303331,2026-04-19 13:52:36,21.1447177,72.7717775,,Vesu,vesu vip road,"19210|Udhna Railway Station, 19202|Bhagwan Mahavir College of Engineering Technology, 19202|T M Patel International School",,,Apartment,Unfurnished,9,13,,2847,Sq-ft,Less than 5 years,"3 BHK apartment is available on rent in Vesu Surat right away. This 3 BHK flat can be availed at the rental price of ₹50,000. The flat is located on the 9 floor which includes 3 bathrooms, 3 balcony, and covers a carpet area of 1566 sqft. The apartment comes furnished with air conditioned. This 3 BHK apartment ad is listed by the owner, so there is no brokerage fee.",50000,150000,6000,18,3,,No,No,No,Air Conditioned,False,False,Owner,49,Immediately,2026-02-15T21:29:22.000Z,"Feb 16, '26",True
WfW5YhOWQ7NzpSvf+uAgZw==,Magicbricks,https://www.magicbricks.com/property-details/3-BHK-2700-Sq-ft-Multistorey-Apartment-FOR-Rent-Vesu-in-Surat&id=4d423333383339373237,2026-04-19 13:52:36,21.1447177,72.7717775,,Vesu,"Vesu Canal Road, Surat","19210|Udhna Railway Station, 19202|G.D. Goenka International School, 19202|White Lotus International School",,,Apartment,Furnished,1,10,East,2700,Sq-ft,5 to 10 years,"Check out this newly constructed 3 BHK flat on rent in the prime location of Vesu Surat. Available at a rental price of ₹45,000, this 3 BHK flat is worth considering. There is also facility of 1 Covered parking. The residence includes power back up, reserved parking, security, visitor parking, ro water system. The flat can be visited at Vesu Canal Road, Surat, Vesu, Surat, Gujarat. The owner has posted this 3 BHK flat for rent, so the brokerage fees is zero on this multistorey apartment.",45000,135000,0,17,3,1 Covered,No,No,No,"Visitor Parking, Laundry Service, RO Water System",False,False,Owner,98,Immediately,2026-03-18T16:20:25.000Z,"Mar 18, '26",True
AT93jpv1jyFzpSvf+uAgZw==,Magicbricks,https://www.magicbricks.com/property-details/3-BHK-2075-Sq-ft-Multistorey-Apartment-FOR-Rent-Citylight-Area-in-Surat&id=4d423430343239343935,2026-04-19 13:52:36,21.1666367,72.7955775,,Citylight Area,"Surat, Gujarat",,,,Apartment,Furnished,11,11,,2075,Sq-ft,,"The 3 bedroom Unit is situated on 11th floor and has 3 bathroom Get this well-designed Unit on a monthly rental of 45000. You can avail the 3 BHK flat for rent in the well-known location of Citylight Area. The flat is available for rent at a competitive amount of ₹45,000. This flat is located at Citylight Area, Surat, Gujarat. This 3 BHK flat is directly posted by the owner, so you don't need to pay any brokerage on this property.",45000,,,22,3,,No,No,No,,False,False,Owner,0,Immediately,2026-04-15T21:30:41.000Z,"Apr 16, '26",True
Ij2rDYDnOYFzpSvf+uAgZw==,Magicbricks,https://www.magicbricks.com/property-details/3-BHK-2500-Sq-ft-Multistorey-Apartment-FOR-Rent-in-Surat&id=4d423834313236393033,2026-04-19 13:52:36,21.11013605,72.71941838,,Bhumi Property Consultant,"Dumas,Surat",,,,Apartment,Semi-Furnished,11,13,East,2500,Sq-ft,2001,"3 bhk semi furnished flat for rent in avadh habitat dummas road dummas surat. If you are planning to rent a flat, you can consider this 3 BHK flat situated in the prime location of Dumas. ₹45,000 is the monthly rent of this 3 BHK flat. Located on the 11 floor, the flat comprises 3 bathrooms, 1 balcony, and has a covered area of 2500 sqft. There is also facility of 1 Covered parking. The residence includes reserved parking.",45000,135000,0,18,3,1 Covered,No,No,No,,True,True,Agent,73,Immediately,2026-04-18T23:45:31.000Z,Today,True
alik/tAYFxVzpSvf+uAgZw==,Magicbricks,https://www.magicbricks.com/property-details/3-BHK-1890-Sq-ft-Multistorey-Apartment-FOR-Rent-Dumas-Road-in-Surat&id=4d423833343831373137,2026-04-19 13:52:36,21.1378068259953,72.7505612386718,,Dumas Road,"Dumas Road,Surat","19201|Gidc Katagram, 19202|Lourdes Convent High School, 19202|CK Pithawala College of Engineering Technology, 19206|Canopus Mall, 19206|Surat Central, 19209|Surat International Airport",,,Apartment,Furnished,2,11,East,1890,Sq-ft,2005,"It has gym, lift, swimming pool, power back up. You can explore this 3 BHK flat on rent in Dumas Road Surat. The apartment is available at an affordable rental price of ₹50,000. Some premium add-on facilities bundled with the flat are 3 Wardrobe, 3 Bed and Fridge. The apartment is on the 2 floor, has a covered area of 1890 sqft with 3 bathrooms and 1 balcony. 1 Covered parking space is also available. The flat comes with power back up, reserved parking.",50000,150000,,26,3,1 Covered,No,No,No,,True,True,Agent,73,Immediately,2026-04-19T04:57:16.000Z,Today,True
0FIQdABOPOJzpSvf+uAgZw==,Magicbricks,https://www.magicbricks.com/property-details/3-BHK-2162-Sq-ft-Multistorey-Apartment-FOR-Rent-Vesu-in-Surat&id=4d423635353838393439,2026-04-19 13:52:36,21.1447177,72.7717775,,Vesu,Vesu,"19210|Udhna Railway Station, 19202|White Lotus International School, 19202|T M Patel International School",,,Apartment,Furnished,6,12,East,2162,Sq-ft,5 to 10 years,"fully furnished Flet If you are searching a 3 BHK apartment for rent in Vesu, check out this amazing rental flat. You can get this flat at monthly rent of ₹50,000. The apartment is on the 6 floor, has a carpet area of 1200 sqft with 3 bathrooms and 1 balcony. The property includes 2 Covered parking. This home provides power back up, reserved parking, security, service/goods lift, air conditioned, intercom facility, ro water system. This flat is located at Vesu, Surat..",50000,3,3000,23,3,2 Covered,No,No,No,"Air Conditioned, Banquet Hall, Bar/Lounge, Jogging and Strolling Track",False,True,Agent,100,Immediately,2026-04-17T23:45:19.000Z,Yesterday,True
AgEtSbhIdDdzpSvf+uAgZw==,Magicbricks,https://www.magicbricks.com/property-details/3-BHK-1930-Sq-ft-Multistorey-Apartment-FOR-Rent-in-Surat&id=4d423739313035393733,2026-04-19 13:52:36,21.11013605,72.71941838,,Royal Property Consultant,"Dumas Road,Surat",,,,Apartment,Furnished,7,12,East,1930,Sq-ft,2000,"3 bhk fully furnished flat for rent in avadh copperstone dummas surat. 3 BHK flat is available for rent in Dumas immediately. The rent of the 3 BHK flat is ₹42,000. Get access to smart facilities such as 3 Wardrobe, 3 Bed, 3 AC, Sofa, Dining Table and Gas Connection simply by choosing this flat for rent. The flat is on the 7 floor and includes 3 bathrooms, 3 balcony with a covered area of 1930 sqft. You will also find 1 Covered parking facility. This unit features power back up, reserved parking, security.",42000,126000,0,22,3,1 Covered,No,No,No,,True,True,Agent,93,Immediately,2026-04-16T23:45:21.000Z,"Apr 17, '26",True
o9EIWF41ztRzpSvf+uAgZw==,Magicbricks,https://www.magicbricks.com/property-details/3-BHK-2200-Sq-ft-Multistorey-Apartment-FOR-Rent-Palanpur-Gam-in-Surat&id=4d423833333130393633,2026-04-19 13:52:36,21.21086,72.771334,,bgps systems pvt ltd,"Shivam - B 504, near sahjanand hills, gaurav path main road.",,,,Apartment,Furnished,5,12,East,2200,Sq-ft,Less than 5 years,"3 BHK flat is available for rent in Palanpur Gam immediately. You can get this flat at monthly rent of ₹63,000. The apartment is on the 5 floor, has a carpet area of 1100 sqft with 3 bathrooms and 4 balcony. The apartment comes furnished with power back up, reserved parking, security, visitor parking. You can visit the flat at Fire Station, TP-9, Gaurav Path Road, Nr, Palanpur, Surat, Gujarat. The brokerage amount of the 3 BHK apartment is zero.",63000,,,29,3,,Yes,No,No,"Visitor Parking, Laundry Service",False,True,Owner,79,Immediately,2026-04-15T23:48:45.000Z,"Apr 16, '26",True
NEE3HVXII29zpSvf+uAgZw==,Magicbricks,https://www.magicbricks.com/property-details/3-BHK-2700-Sq-ft-Multistorey-Apartment-FOR-Rent-Vesu-in-Surat&id=4d423635373330333739,2026-04-19 13:52:36,21.1447177,72.7717775,,Vesu,VIP Road,"19210|Udhna Railway Station, 19202|Bhagwan Mahavir College of Engineering Technology, 19202|T M Patel International School",,,Apartment,Furnished,5,13,East,2700,Sq-ft,5 to 10 years,"full furnished Flet Find this 3 BHK rental flat in Vesu Surat. This 3 BHK flat is available at the reasonable rent amount of ₹58,000. Located on the 5 floor, the flat comprises 3 bathrooms, 1 balcony, and has a carpet area of 1400 sqft. This flat is fitted with power back up, reserved parking, security, service/goods lift, air conditioned, intercom facility, ro water system. The flat can be visited at VIP Road, Opp. Nandini 3 Appt, E3 Block, Vesu, Surat, Gujarat.",58000,3,1000,21,3,,No,No,No,"Air Conditioned, Banquet Hall, Bar/Lounge, Jogging and Strolling Track",False,True,Agent,94,Immediately,2026-04-17T23:45:19.000Z,Yesterday,True
d+IvaM6sT4lzpSvf+uAgZw==,Magicbricks,https://www.magicbricks.com/property-details/3-BHK-2810-Sq-ft-Multistorey-Apartment-FOR-Rent-Pal-in-Surat&id=4d423739313036353031,2026-04-19 13:52:36,21.1807801,72.7529018,,Pal,"Pal, Surat.","19202|Gajera Global School, 19202|Lp Savani International School, 19206|Pal. Star World, 19206|Bellissimo Hub",,,Apartment,Furnished,9,12,East,2810,Sq-ft,2000,"3 bhk fully furnished flat for rent in green city gold. 3 BHK flat is available for rent in Pal immediately. This 3 BHK flat can be availed at the rental price of ₹65,000. Some premium add-on facilities bundled with the flat are 3 Wardrobe, 3 Bed, 3 AC, Sofa, Dining Table and Gas Connection. The flat is on the 9 floor and includes 3 bathrooms, 1 balcony with a covered area of 2810 sqft. There is also facility of 2 Covered parking. This flat is fitted with power back up, reserved parking, security. Visit the flat at Pal, Surat..",65000,200000,0,23,3,2 Covered,Yes,No,No,Jogging and Strolling Track,False,True,Agent,93,Immediately,2026-04-17T23:45:20.000Z,Yesterday,True
Thft9i0VlOBzpSvf+uAgZw==,Magicbricks,https://www.magicbricks.com/property-details/3-BHK-1840-Sq-ft-Multistorey-Apartment-FOR-Rent-Dumas-Road-in-Surat&id=4d423834303539343937,2026-04-19 13:52:36,21.1378068259953,72.7505612386718,,Dumas Road,dumas,"19201|Gidc Katagram, 19202|CK Pithawala College of Engineering Technology, 19202|Lourdes Convent High School, 19206|Surat Central, 19206|Canopus Mall, 19209|Surat International Airport",,,Apartment,Furnished,2,12,East,1840,Sq-ft,5 to 10 years,"Check out this newly constructed 3 BHK flat on rent in the prime location of Dumas Road Surat. The flat is available for rent at a competitive amount of ₹60,000. The apartment is on the 2 floor, has a covered area of 1840 sqft with 3 bathrooms and 1 balcony. The flat comes with power back up, reserved parking, security, service/goods lift, air conditioned, intercom facility, ro water system. Visit the apartment at Near DPS School, Silent Zone Road Opp. Airport, Dumas Road, Dumas, Surat.",60000,180000,,33,3,,No,No,No,"Air Conditioned, Banquet Hall, Bar/Lounge, Jogging and Strolling Track",False,True,Agent,73,Immediately,2026-04-03T10:45:51.000Z,"Apr 03, '26",True
0vFVe+FrGUxzpSvf+uAgZw==,Magicbricks,https://www.magicbricks.com/property-details/3-BHK-2800-Sq-ft-Multistorey-Apartment-FOR-Rent-Vesu-in-Surat&id=4d423833333435393235,2026-04-19 13:52:36,21.1447177,72.7717775,,Vesu,"Surat, Gujarat","19210|Udhna Railway Station, 19202|White Lotus International School, 19202|T M Patel International School",,,Apartment,Furnished,4,11,East,2800,Sq-ft,New Construction,"You can explore this 3 BHK flat on rent in Vesu Surat. The Rent amount of this 3 BHK apartment is set at an attractive price of ₹60,000. The apartment is equipped with power back up, reserved parking, security. The address is VIP Road, Opp. Nandini 3 Appt, E3 Block, Vesu, Surat, Gujarat.",60000,,,21,3,,Yes,No,No,Banquet Hall,False,True,Agent,63,Immediately,2026-02-23T01:30:28.000Z,"Feb 23, '26",True
J4kMQnxgnRFzpSvf+uAgZw==,Magicbricks,https://www.magicbricks.com/property-details/3-BHK-2200-Sq-ft-Multistorey-Apartment-FOR-Rent-Dumas-Road-in-Surat&id=4d423636373131323835,2026-04-19 13:52:36,21.1378068259953,72.7505612386718,,Dumas Road,Dumas Sultanabad road,"19201|Gidc Katagram, 19202|Lourdes Convent High School, 19202|Scholar English Academy School, 19206|Canopus Mall, 19206|Surat Central, 19209|Surat International Airport",,,Apartment,Furnished,3,11,East,2200,Sq-ft,Less than 5 years,"Direct River View Flat at dumas area tapi viewprominent view from flat with furnish flat there a big garden area lift parking You can explore this 3 BHK flat on rent in Dumas Road Surat. You can get this flat at monthly rent of ₹70,000. The apartment is on the 3 floor, has a carpet area of 1087 sqft with 3 bathrooms and 1 balcony. There is also facility of 1 Covered, 1 Open parking. This property offers power back up, reserved parking, security. Visit the apartment at Marion Residency,Dumas, Gujarat.",70000,250000,4812,32,3,"1 Covered, 1 Open",Yes,No,No,Jogging and Strolling Track,False,True,Agent,95,Immediately,2026-04-17T09:01:49.000Z,"Apr 17, '26",True
ySjn2ZwAgMNzpSvf+uAgZw==,Magicbricks,https://www.magicbricks.com/property-details/3-BHK-2217-Sq-ft-Multistorey-Apartment-FOR-Rent-Pal-in-Surat&id=4d423834303536303535,2026-04-19 13:52:36,21.1807801,72.7529018,,Pal,"Surat, Gujarat","19202|Seven Steps School, 19202|Gajera Global School, 19206|Bellissimo Hub, 19206|Pal. Star World",,,Apartment,Furnished,6,10,East,2217,Sq-ft,10 to 15 years,"You can explore this 3 BHK flat on rent in Pal Surat. This 3 BHK flat is available at the reasonable rent amount of ₹60,000. The flat is on the 6 floor and includes 3 bathrooms, 1 balcony with a covered area of 2217 sqft. This flat is fitted with power back up, reserved parking, air conditioned, intercom facility. Visit the flat at 54, Adajan Gam, Surat, Gujarat .",60000,180000,,27,3,,No,No,No,"Air Conditioned, Intercom Facility, Bar/Lounge",False,True,Agent,71,Immediately,2026-04-03T09:05:17.000Z,"Apr 03, '26",True
R5bPY1uHXxNzpSvf+uAgZw==,Magicbricks,https://www.magicbricks.com/property-details/3-BHK-1700-Sq-ft-Multistorey-Apartment-FOR-Rent-Vesu-in-Surat&id=4d423833363032343839,2026-04-19 13:52:36,21.1447177,72.7717775,,Vesu,"Surat, Gujarat","19210|Udhna Railway Station, 19202|T M Patel International School, 19202|G.D. Goenka International School",,,Apartment,Furnished,12,13,,1700,Sq-ft,2012,"3 BHK flat is available for rent in Vesu immediately. The Rent amount of this 3 BHK apartment is set at an attractive price of ₹62,000. The apartment is on the 12 floor, has a carpet area of 1300 sqft with 3 bathrooms and 2 balcony. The apartment comes furnished with power back up, reserved parking, security, service/goods lift, air conditioned, intercom facility, ro water system. The flat can be visited at Vesu, Surat..",62000,,,36,3,,No,No,No,"Air Conditioned, Banquet Hall, Bar/Lounge, Jogging and Strolling Track",True,True,Agent,36,Immediately,2026-03-01T07:31:54.000Z,"Mar 01, '26",True
kP20IB8UwJhzpSvf+uAgZw==,Magicbricks,https://www.magicbricks.com/property-details/3-BHK-1800-Sq-ft-Multistorey-Apartment-FOR-Rent-Pal-in-Surat&id=4d423739313036303337,2026-04-19 13:52:36,21.1807801,72.7529018,,Pal,"Navi Fali, Moti Fali, Pal Gam, Surat, Gujarat","19202|Gajera Global School, 19202|International Institute Of Management And Technical Studies (Iimt), 19206|Pal. Star World, 19206|Bellissimo Hub",,,Apartment,Furnished,7,12,East,1800,Sq-ft,New Construction,"3 bhk fully furnished flat for rent in kingstone pal adajan surat. Check out this newly constructed 3 BHK flat on rent in the prime location of Pal Surat. The Rent amount of this 3 BHK apartment is set at an attractive price of ₹70,000. Some attractive additional facilities available with the flat are 3 Wardrobe, 3 Bed, 3 AC, Sofa and Gas Connection. The flat is located on the 7 floor which includes 3 bathrooms, 1 balcony, and covers a covered area of 1800 sqft. You will also find 2 Covered parking facility. The residence includes power back up, reserved parking, security. Visit the flat at Navi Fali, Moti Fali, Pal Gam, Surat, Gujarat .",70000,210000,0,39,3,2 Covered,Yes,No,No,Jogging and Strolling Track,False,True,Agent,95,Immediately,2026-04-16T23:45:21.000Z,"Apr 18, '26",True
Es5FH6pF0+BzpSvf+uAgZw==,Magicbricks,https://www.magicbricks.com/property-details/3-BHK-2150-Sq-ft-Multistorey-Apartment-FOR-Rent-Vesu-in-Surat&id=4d423733303534393935,2026-04-19 13:52:36,21.1447177,72.7717775,,Vesu,vesu,"19210|Udhna Railway Station, 19202|T M Patel International School, 19202|G.D. Goenka International School",,,Apartment,Furnished,11,13,East,2150,Sq-ft,Less than 5 years,"its a Luxurious furnished flat on rent 3 BHK apartment is available on rent in Vesu Surat right away. This 3 BHK flat is available at the reasonable rent amount of ₹61,000. Located on the 11 floor, the flat has 3 bathrooms, 1 balcony in carpet area of 1352 sqft. The property includes 1 Covered parking. This unit features power back up, reserved parking, security, service/goods lift, visitor parking. You can visit the flat at TP 75, FP42, Vesu Abhva, Vesu Main Road, Vesu, Surat, Gujarat .",61000,200000,5487,28,3,1 Covered,No,No,No,"Banquet Hall, Bar/Lounge, Jogging and Strolling Track, Outdoor Tennis Courts",False,True,Agent,100,Immediately,2026-03-30T09:53:21.000Z,"Mar 30, '26",True
8OhVmHcSemhzpSvf+uAgZw==,Magicbricks,https://www.magicbricks.com/property-details/3-BHK-2152-Sq-ft-Multistorey-Apartment-FOR-Rent-Vesu-in-Surat&id=4d423739333535303739,2026-04-19 13:52:36,21.1447177,72.7717775,,Vesu,"Vesu,Surat","19210|Udhna Railway Station, 19202|Bhagwan Mahavir College of Engineering Technology, 19202|G.D. Goenka International School",,,Apartment,Furnished,2,13,East,2152,Sq-ft,New Construction,"You can explore this 3 BHK flat on rent in Vesu Surat. ₹70,000 is the monthly rent of this 3 BHK flat. Some added-on facilities available with the flat are 3 Wardrobe, 3 Bed, 1 TV, Fridge, 4 AC, Sofa, Washing Machine, Dining Table and Gas Connection. Located on the 2 floor, the flat comprises 3 bathrooms, 1 balcony, and has a carpet area of 1055 sqft. There is also facility of 1 Covered, 1 Open parking. This unit features power back up, reserved parking, security.",70000,200000,4125,33,3,"1 Covered, 1 Open",No,No,No,"Banquet Hall, Jogging and Strolling Track, Outdoor Tennis Courts",False,True,Agent,95,Immediately,2026-03-05T07:15:10.000Z,"Mar 05, '26",True
HmfBkkxrPi9zpSvf+uAgZw==,Magicbricks,https://www.magicbricks.com/property-details/3-BHK-2800-Sq-ft-Multistorey-Apartment-FOR-Rent-Vesu-in-Surat&id=4d423638323737393337,2026-04-19 13:52:36,21.1447177,72.7717775,,Vesu,Vesu,"19210|Udhna Railway Station, 19202|T M Patel International School, 19202|Bhagwan Mahavir College of Engineering Technology",,,Apartment,Furnished,8,11,North,2800,Sq-ft,10 to 15 years,"If you are searching a 3 BHK apartment for rent in Vesu, check out this amazing rental flat. The 3 BHK apartment is available at a reasonable rent of ₹80,000. If you rent the flat, you will have access to facilities like 2 Bed, 1 AC, Sofa, Dining Table and Gas Connection. The flat is on the 8 floor and includes 2 bathrooms, 1 balcony with a carpet area of 2128 sqft. The flat can be visited at Vesu, Vesu, Surat, Gujarat.",80000,,,29,2,,No,No,No,,False,True,Agent,86,Immediately,2026-04-17T23:45:19.000Z,Yesterday,True
kQBC2hZJwn1zpSvf+uAgZw==,Magicbricks,https://www.magicbricks.com/property-details/3-BHK-3000-Sq-ft-Multistorey-Apartment-FOR-Rent-Vesu-in-Surat&id=4d423833333336353837,2026-04-19 13:52:36,21.1447177,72.7717775,,Vesu,"Surat, Gujarat","19210|Udhna Railway Station, 19202|G.D. Goenka International School, 19202|Bhagwan Mahavir College of Engineering Technology",,,Apartment,Furnished,12,21,East,3000,Sq-ft,New Construction,"3 bhk luxrious fully furnished flat luxurious amenities campus. If you are searching a 3 BHK apartment for rent in Vesu, check out this amazing rental flat. The multistorey apartment is available at rent of ₹95,000. The flat is on the 12 floor and includes 3 bathrooms, 1 balcony with a carpet area of 2200 sqft. The flat can be visited at Near Bhagwan Mahavir College,VIP Road, Vesu,Surat, Gujarat, India..",95000,,,32,3,,No,No,No,,False,True,Agent,63,Immediately,2026-02-23T01:30:28.000Z,"Feb 23, '26",True
tOoefT5gS4dzpSvf+uAgZw==,Magicbricks,https://www.magicbricks.com/property-details/3-BHK-2564-Sq-ft-Multistorey-Apartment-FOR-Rent-in-Surat&id=4d423831313135383135,2026-04-19 13:52:36,21.11013605,72.71941838,,Parekh Property,1 Avadh habitat Dumas road surat,,,,Apartment,Furnished,6,12,East,2564,Sq-ft,New Construction,"Check out this newly constructed 3 BHK flat on rent in the prime location of Dumas Surat. This 3 BHK flat is available at the reasonable rent amount of ₹75,000. Live in this lovely flat and get access to various useful facilities such as 3 Wardrobe, 3 Bed, 3 TV, Fridge, Microwave, 4 AC, Sofa, Washing Machine, Dining Table and Gas Connection. The apartment is on the 6 floor, has a carpet area of 1275 sqft with 3 bathrooms and 1 balcony. You will also find 1 Covered, 1 Open parking facility. This flat is fitted with power back up, reserved parking, security.",75000,250000,5474,29,3,"1 Covered, 1 Open",Yes,No,No,Jogging and Strolling Track,False,True,Agent,100,Immediately,2026-04-18T09:08:58.000Z,Yesterday,True
q7T7nHVx/oRzpSvf+uAgZw==,Magicbricks,https://www.magicbricks.com/property-details/3-BHK-2700-Sq-ft-Multistorey-Apartment-FOR-Rent-Ghod-Dod-Road-in-Surat&id=4d423834303039313135,2026-04-19 13:52:36,21.17521,72.806447,,Ghod Dod Road,"Ghoddod Road, Surat.",,,,Apartment,Furnished,4,12,North,2700,Sq-ft,10 to 15 years,"You can explore this 3 BHK flat on rent in Ghod Dod Road Surat. This 3 BHK flat can be availed at the rental price of ₹1 Lac. Here you can enjoy world class facilities like 3 Wardrobe, 3 Bed, 1 TV, Fridge, Microwave, 4 AC, Sofa, Washing Machine, Dining Table and Gas Connection. Located on the 4 floor, the flat comprises 3 bathrooms, 2 balcony, and has a carpet area of 2200 sqft. You will also find 2 Covered parking facility. The apartment is equipped with reserved parking, security. Visit the flat at Ghoddod Road, Surat., Ghod Dod Road, Surat, Gujarat.",100000,300000,3,37,3,2 Covered,No,No,No,,False,True,Agent,100,Immediately,2026-03-31T10:14:23.000Z,"Mar 31, '26",True
gudTBfdg5ppzpSvf+uAgZw==,Magicbricks,https://www.magicbricks.com/property-details/3-BHK-2880-Sq-ft-Multistorey-Apartment-FOR-Rent-Vesu-in-Surat&id=4d423637363838323931,2026-04-19 13:52:36,21.1447177,72.7717775,,Vesu,Raghuvir star galaxy vesu,"19210|Udhna Railway Station, 19202|Bhagwan Mahavir College of Engineering Technology, 19202|T M Patel International School",,,Apartment,Furnished,1,9,West,2880,Sq-ft,5 to 10 years,"premium campus with all amenities all festivals society organise grocety store and food outlets are near by You can explore this 3 BHK flat on rent in Vesu Surat. You can get this flat at monthly rent of ₹80,000. The residents of the flat have access to additional facilities such as 3 Wardrobe, 3 Bed, 1 TV, Fridge, 3 AC, Sofa, Washing Machine, Dining Table and Gas Connection. There is also facility of 1 Covered, 1 Open parking. The residence includes power back up, reserved parking, security. The apartment is located at VIP Road, behind ONGC Colony, E3 Block, Vesu, Surat, Gujarat.",80000,250000,5400,28,3,"1 Covered, 1 Open",Yes,No,No,Jogging and Strolling Track,True,True,Agent,80,Immediately,2026-02-21T12:56:41.000Z,"Feb 21, '26",True
LSne/lZDyt1zpSvf+uAgZw==,Magicbricks,https://www.magicbricks.com/property-details/1-BHK-750-Sq-ft-Multistorey-Apartment-FOR-Rent-in-Surat&id=4d423531363130343639,2026-04-19 13:52:36,,,,Saurabh Sinha,807 TORAN  Assipalav Cooperative Housing Society,,,,Apartment,Semi-Furnished,8,12,East,,,10 to 15 years,"cool n calm If you are planning to rent a flat, you can consider this 1 BHK flat situated in the prime location of TORAN appartment assopalav. The apartment is available at an affordable rental price of ₹7,500. The flat is located on the 8 floor which includes 1 bathrooms, 2 balcony, and covers a carpet area of 750 sqft. This property offers power back up, security. Do not pay any brokerage fee for this 1 BHK rental flat since the property ad is posted by the flat owner.",7500,22500,,,1,,No,No,No,,False,False,Owner,51,Immediately,2026-02-20T21:30:39.000Z,"Feb 21, '26",True
ilJTC3XTxvhzpSvf+uAgZw==,Magicbricks,https://www.magicbricks.com/property-details/1-BHK-750-Sq-ft-Multistorey-Apartment-FOR-Rent-Godadara-in-Surat&id=4d423339373332353131,2026-04-19 13:52:36,21.1697784,72.8765516,,Godadara,"Surat, Gujarat",,,,Apartment,Unfurnished,5,5,,750,Sq-ft,Less than 5 years,"The 1 bedroom Unit is located on fifth floor and it has 1 bathroom You can get this spacious Unit on a monthly rental of 5000. Find 1 BHK flat for rent in Godadara Surat. The 1 BHK apartment is available at a reasonable rent of ₹5,000. Located on the 5 floor, the flat comprises 1 bathrooms, 2 balcony, and has a covered area of 750 sqft. 1 Covered parking space is also available. Visit the flat at Godadara, Surat, Gujarat. This is a no-brokerage flat because the owner has posted the ad on this 1 BHK apartment.",5000,10000,,7,1,1 Covered,No,No,No,,False,False,Owner,37,Immediately,2026-03-23T16:56:53.000Z,"Mar 23, '26",True
AG18GFru8q1zpSvf+uAgZw==,Magicbricks,https://www.magicbricks.com/property-details/1-BHK-650-Sq-ft-Builder-Floor-Apartment-FOR-Rent-Nanpura-in-Surat&id=4d423739313039333231,2026-04-19 13:52:36,21.190025,72.814935,,Kamal,"Surat, Gujarat",,,,Builder Floor Apartment,Semi-Furnished,2,3,,650,Sq-ft,,"You can avail the 1 BHK flat for rent in the well-known location of Nanpura. The apartment is available at an affordable rental price of ₹11,000. Visit the flat at Nanpura, Surat, Gujarat. This 1 BHK apartment ad is listed by the owner, so there is no brokerage fee.",11000,,,17,1,,No,No,No,,False,False,Owner,0,Immediately,2026-03-26T21:30:44.000Z,"Mar 27, '26",True
/OlkUoef14dzpSvf+uAgZw==,Magicbricks,https://www.magicbricks.com/property-details/1-BHK-500-Sq-ft-Multistorey-Apartment-FOR-Rent-Anand-Mahal-Road-in-Surat&id=4d423733373330363637,2026-04-19 13:52:36,21.2011896433021,72.7946677820669,,Anand Mahal Road,"Surat, Gujarat",,,,Apartment,Semi-Furnished,2,4,,,,Above 20 years,"1 BHK apartment is available on rent in Anand Mahal Road Surat right away. This 1 BHK flat can be availed at the rental price of ₹7,000. The residents of the flat have access to additional facilities such as Gas Connection. The flat is located on the 2 floor which includes 1 bathrooms, 2 balcony, and covers a carpet area of 500 sqft. The flat can be visited at Anand Mahal Road, Surat, Gujarat. This is a no-brokerage flat, as the owner is offering this 1 BHK flat on rent.",7000,21000,10000,,1,,No,No,No,,False,False,Owner,37,Immediately,2026-03-23T21:32:19.000Z,"Mar 24, '26",True
2+c4R/8enjdzpSvf+uAgZw==,Magicbricks,https://www.magicbricks.com/property-details/1-BHK-350-Sq-ft-Builder-Floor-Apartment-FOR-Rent-Umra-in-Surat&id=4d423833383839393233,2026-04-19 13:52:36,21.297041,72.891423,,Hemraj Mina,5000.,,,,Builder Floor Apartment,Unfurnished,1,1,,350,Sq-ft,Above 20 years,"1 BHK flat is available for rent in Umra immediately. This 1 BHK flat is available at the reasonable rent amount of ₹5,000. This flat is located at Talav Street, Opp. Govindji Park, Umra., Surat, Gujarat . The brokerage amount of the 1 BHK apartment is zero.",5000,7000,,14,1,,No,No,No,,False,False,Owner,36,Immediately,2026-03-21T08:33:28.000Z,"Mar 21, '26",True
442ItBCTc3RzpSvf+uAgZw==,Magicbricks,https://www.magicbricks.com/property-details/1-BHK-350-Sq-ft-Multistorey-Apartment-FOR-Rent-Katargam-in-Surat&id=4d423832323531333633,2026-04-19 13:52:36,21.226604,72.831189,,Kalpana,"Surat, Gujarat",,,,Apartment,Semi-Furnished,1,4,,,,10 to 15 years,"1 BHK flat is available for rent in Katargam immediately. This 1 BHK flat can be availed at the rental price of ₹5,000. The apartment is on the 1 floor, has a carpet area of 350 sqft with 1 bathrooms and 1 balcony. The flat can be visited at Katargam, Surat, Gujarat. Do not pay any brokerage fee for this 1 BHK rental flat since the property ad is posted by the flat owner.",5000,,,,1,,No,No,No,,False,False,Owner,31,Immediately,2026-04-09T21:30:40.000Z,"Apr 10, '26",True
4RksWt5r64RzpSvf+uAgZw==,Magicbricks,https://www.magicbricks.com/property-details/1-BHK-38-Sq-m-Multistorey-Apartment-FOR-Rent-Dindoli-in-Surat&id=4d423730393531303539,2026-04-19 13:52:36,21.152422,72.874251,,Pranay Panchal,"Surat, Gujarat",,,,Apartment,Unfurnished,5,7,West,38,Sq-m,New Construction,"Check out this newly constructed 1 BHK flat on rent in the prime location of Dindoli Surat. This 1 BHK flat is available at the reasonable rent amount of ₹5,000. The flat is on the 5 floor and includes 1 bathrooms, 1 balcony with a carpet area of 760 sqft. This property offers security. You can visit the flat at Dindoli, Surat Gujrat. The owner has posted this 1 BHK flat for rent, so the brokerage fees is zero on this multistorey apartment.",5000,20000,1000,12,1,,No,No,No,,False,False,Owner,65,Immediately,2026-03-23T21:33:36.000Z,"Mar 24, '26",True
hEqF5rqXnyxzpSvf+uAgZw==,Magicbricks,https://www.magicbricks.com/property-details/1-BHK-1000-Sq-ft-Multistorey-Apartment-FOR-Rent-Gopi-Pura-in-Surat&id=4d423830313139393139,2026-04-19 13:52:36,21.193998,72.8227449,,Gopi Pura,"Surat, Gujarat",,,,Apartment,Semi-Furnished,2,8,East,1000,Sq-ft,10 to 15 years,"Multistorey apartment is available for rent. It has covered area 1000 sq-ft, it is 1 BHK apartment. Please contact for more details. Find 1 BHK flat for rent in Gopi Pura Surat. The apartment is available at an affordable rental price of ₹10,000. The apartment is on the 2 floor, has a carpet area of 900 sqft with 1 bathrooms and 1 balcony. Visit the flat at Gopi Pura, Surat, Gujarat. This 1 BHK apartment ad is listed by the owner, so there is no brokerage fee.",10000,30000,500,10,1,,No,No,No,,False,False,Owner,69,Immediately,2026-04-01T16:13:05.000Z,"Apr 01, '26",True
vSdms/IyZL1zpSvf+uAgZw==,Magicbricks,https://www.magicbricks.com/property-details/1-BHK-560-Sq-ft-Multistorey-Apartment-FOR-Rent-Ghod-Dod-Road-in-Surat&id=4d423833393731333337,2026-04-19 13:52:36,21.17521,72.806447,,Ghod Dod Road,501 adheswar park apartments near gokulam dairy athwalines surat,,,,Apartment,Unfurnished,5,10,,560,Sq-ft,Above 20 years,"A beautiful 1 BHK flat is available for rent in Ghod Dod Road. The multistorey apartment is available at rent of ₹8,000. Located on the 5 floor, the flat has 1 bathrooms, 1 balcony in carpet area of 300 sqft. The address is 501 adheswar park apartments near gokulam dairy athwalines surat, Ghod Dod Road, Surat, Gujarat. You can find the 1 BHK flat without any brokerage.",8000,24000,,14,1,,No,No,No,,False,False,Owner,36,Immediately,2026-03-28T05:16:23.000Z,"Mar 28, '26",True
a6PFwpwzZ7dzpSvf+uAgZw==,Magicbricks,https://www.magicbricks.com/property-details/1-BHK-500-Sq-ft-Multistorey-Apartment-FOR-Rent-in-Surat&id=4d423833353237363737,2026-04-19 13:52:36,,,,Milan,"Surat, Gujarat",,,,Apartment,Semi-Furnished,2,4,,500,Sq-ft,,"Find this 1 BHK rental flat in Maruti nager society kamrej char rasta Surat. The flat is available for rent at a competitive amount of ₹4,500. Do not pay any brokerage fee for this 1 BHK rental flat since the property ad is posted by the flat owner.",4500,,,9,1,,No,No,No,,False,False,Owner,0,Immediately,2026-02-23T16:08:01.000Z,"Feb 23, '26",True
TUafTnUBOtRzpSvf+uAgZw==,Magicbricks,https://www.magicbricks.com/property-details/1-BHK-700-Sq-m-Multistorey-Apartment-FOR-Rent-Vesu-in-Surat&id=4d423730373934373135,2026-04-19 13:52:36,21.1447177,72.7717775,,Vesu,"Surat, Gujarat","19210|Udhna Railway Station, 19202|T M Patel International School, 19202|White Lotus International School",,,Apartment,Unfurnished,Upper Basement,4,,,,,"Find this 1 BHK rental flat in Vesu Surat. Located on the Upper Basement floor, the flat has 1 bathrooms, 1 balcony in carpet area of 700 sqm. The apartment is located at Vesu, Surat, Gujarat. This is a no-brokerage flat, as the owner is offering this 1 BHK flat on rent.",,,,,1,,No,No,No,,False,False,Owner,21,Immediately,2026-04-11T21:32:00.000Z,"Apr 12, '26",True
8wCpF3A7bl1zpSvf+uAgZw==,Magicbricks,https://www.magicbricks.com/property-details/1-BHK-700-Sq-ft-Multistorey-Apartment-FOR-Rent-Jahangirabad-in-Surat&id=4d423832383130383435,2026-04-19 13:52:36,21.216427,72.78212,,Rental Surat,555.,,,,Apartment,Semi-Furnished,12,14,East,700,Sq-ft,Less than 5 years,"1 bhk flat for rent with all modern amenities Check out this newly constructed 1 BHK flat on rent in the prime location of Jahangirabad Surat. The apartment is available at an affordable rental price of ₹11,000. Located on the 12 floor, the flat comprises 1 bathrooms, 1 balcony, and has a carpet area of 390 sqft. This flat is fitted with power back up, security, service/goods lift. This flat is located at Jahangirabad, Surat, Gujarat.",11000,33000,0,16,1,,Yes,No,No,"Service/Goods Lift, Internet/Wi-Fi Connectivity, Banquet Hall",True,True,Agent,69,Immediately,2026-04-17T23:45:20.000Z,Yesterday,True
Ptng+ouBlX9zpSvf+uAgZw==,Magicbricks,https://www.magicbricks.com/property-details/1-BHK-735-Sq-ft-Multistorey-Apartment-FOR-Rent-Jahangirabad-in-Surat&id=4d423732383135323333,2026-04-19 13:52:36,21.216427,72.78212,,Shree Siddhi Vinayak Property Consultant,jahangirabad,,,,Apartment,Unfurnished,10,14,East,735,Sq-ft,New Construction,"1 bhk new flat for rent. with all basic amenities Find this 1 BHK rental flat in Jahangirabad Surat. The multistorey apartment is available at rent of ₹13,000. Located on the 10 floor, the flat has 1 bathrooms, 2 balcony in covered area of 735 sqft. The apartment comes furnished with power back up, security, intercom facility, ro water system. The apartment is located at Jahangirabad, Surat,Gujarat.",13000,36000,,18,1,,No,No,No,"Laundry Service, Banquet Hall, Jogging and Strolling Track, Outdoor Tennis Courts",False,True,Agent,73,Immediately,2026-04-18T23:45:34.000Z,Today,True
JZr4ZaszsOpzpSvf+uAgZw==,Magicbricks,https://www.magicbricks.com/property-details/1-BHK-771-Sq-ft-Multistorey-Apartment-FOR-Rent-Palanpur-in-Surat&id=4d423733363630323239,2026-04-19 13:52:36,21.215963,72.770389,,Rajeshwar Properties,"TP-9, FP, 116, Near Shavion shopping Shavion Circal, Gauvravpath, Road, Palanpur, Surat, Gujarat",,,,Apartment,Unfurnished,9,13,North - East,771,Sq-ft,New Construction,"1 bhk flat for rent, It is a superb property and offers an excellent view. The flat is fully furnished with bed 1 wardrobe tv, ,ac 1 RO gyser comfortable stay. Indeed, the society too has for enjoyment, such as club housecommunity center and security personnel etc, Other facilities include intercom facility, lift and park etc.",18000,54000,0,23,1,1 Covered,No,No,No,,False,True,Agent,95,Immediately,2026-04-17T23:45:19.000Z,Yesterday,True
DHvUtHhRbb9zpSvf+uAgZw==,Magicbricks,https://www.magicbricks.com/property-details/1-BHK-1050-Sq-ft-Multistorey-Apartment-FOR-Rent-Palanpur-in-Surat&id=4d423834313137363437,2026-04-19 13:52:36,21.215963,72.770389,,Neelkanth Property,"Surat, Gujarat",,,,Apartment,Semi-Furnished,6,14,East,1050,Sq-ft,5 to 10 years,"1 BHK Semi Furnished Flat For Rent You can explore this 1 BHK flat on rent in Palanpur Surat. The flat is available for rent at a competitive amount of ₹17,000. Located on the 6 floor, the flat has 1 bathrooms, 1 balcony in carpet area of 750 sqft. The residence includes power back up, security, intercom facility, ro water system.",17000,51000,1,16,1,,No,No,No,"Laundry Service, Internet/Wi-Fi Connectivity, RO Water System, Jogging and Strolling Track",False,True,Agent,78,Immediately,2026-04-07T07:54:16.000Z,"Apr 07, '26",True
33k86aFwgXlzpSvf+uAgZw==,Magicbricks,https://www.magicbricks.com/property-details/1-BHK-800-Sq-ft-Multistorey-Apartment-FOR-Rent-Adajan-in-Surat&id=4d423833323630323635,2026-04-19 13:52:36,21.1973663,72.782489,,Adajan,"Surat, Gujarat","19202|Ryan International School Cbse, 19202|L.P. Savani International School, 19206|Regent Mall, 19206|Pal. Star World",,,Apartment,Semi-Furnished,3,12,North - East,800,Sq-ft,New Construction,"1 BHK apartment is available on rent in Adajan Surat right away. ₹10,000 is the monthly rent of this 1 BHK flat. The flat is on the 3 floor and includes 1 bathrooms, 1 balcony with a carpet area of 400 sqft. The apartment comes furnished with power back up, security, service/goods lift, intercom facility, ro water system. Visit the flat at Adajan, Surat, Gujarat.",10000,30000,0,12,1,,Yes,No,No,"Service/Goods Lift, Intercom Facility, RO Water System, Banquet Hall",False,True,Agent,73,Immediately,2026-04-17T23:45:20.000Z,Yesterday,True
90EZCrKeN5tzpSvf+uAgZw==,Magicbricks,https://www.magicbricks.com/property-details/1-BHK-1000-Sq-ft-Multistorey-Apartment-FOR-Rent-Parley-Point-in-Surat&id=4d423739313035393033,2026-04-19 13:52:36,21.2351422,72.8189597,,Parley Point,Parley point surat.,,,,Apartment,Unfurnished,4,10,East,1000,Sq-ft,5 to 10 years,"1 room kitchen for rent in parley point surat. Find 1 BHK flat for rent in Parley Point Surat. The rent of the 1 BHK flat is ₹15,000. The flat is on the 4 floor and includes 1 bathrooms, 1 balcony with a covered area of 1000 sqft. The property includes 1 Covered parking. The property features reserved parking. Visit the flat at Parley point surat., Parley Point, Surat, Gujarat.",15000,45000,0,15,1,1 Covered,No,No,No,,False,True,Agent,95,Immediately,2026-04-16T23:45:21.000Z,"Apr 17, '26",True
6/MuFGPiBC5zpSvf+uAgZw==,Magicbricks,https://www.magicbricks.com/property-details/1-BHK-763-Sq-ft-Multistorey-Apartment-FOR-Rent-Adajan-in-Surat&id=4d423736373039343739,2026-04-19 13:52:36,21.1973663,72.782489,,Adajan,surabhi dairy honey park rod near Adinath Shopping center,"19202|L.P. Savani International School, 19202|Tnj International School, 19206|Pal. Star World, 19206|Bellissimo Hub",,,Apartment,Unfurnished,3,5,East,763,Sq-ft,New Construction,"new project,low rise building,four wheeler alloted,near Company bus stand You can explore this 1 BHK flat on rent in Adajan Surat. This 1 BHK flat can be availed at the rental price of ₹12,500. The apartment is on the 3 floor, has a carpet area of 479 sqft with 1 bathrooms and 1 balcony. This property offers power back up, reserved parking, security, service/goods lift, intercom facility, ro water system. The full address of the apartment is Adajan, Surat, Gujarat.",12500,33000,,16,1,,Yes,No,No,"Service/Goods Lift, Laundry Service, Internet/Wi-Fi Connectivity, RO Water System",True,True,Agent,78,Immediately,2026-04-13T03:05:18.000Z,"Apr 13, '26",True
LfQzeFX9P4pzpSvf+uAgZw==,Magicbricks,https://www.magicbricks.com/property-details/1-BHK-771-Sq-ft-Multistorey-Apartment-FOR-Rent-Palanpur-Gam-in-Surat&id=4d423832373236333139,2026-04-19 13:52:36,21.21086,72.771334,,Shivaay Realty,Gaurav path,,,,Apartment,Unfurnished,6,14,East,771,Sq-ft,Less than 5 years,"Good Community 1 BHK flat is available for rent in Palanpur Gam immediately. Available at a rental price of ₹13,000, this 1 BHK flat is worth considering. Located on the 6 floor, the flat comprises 2 bathrooms, 1 balcony, and has a carpet area of 391 sqft. This building features 14 floor and provides Kids play area facilities. The flat comes with power back up, reserved parking, security, intercom facility. Find this apartment at BLOCK NO 8, TP SCHEME 9, FP NO 151/2, NEAR SMC GARDEN, PALANPORE, PO PAL, SURAT, GUJARAT.",13000,39000,,17,2,,No,No,No,"Laundry Service, Banquet Hall, Bar/Lounge, Jogging and Strolling Track",True,True,Agent,58,Immediately,2026-03-07T14:44:22.000Z,"Mar 07, '26",True
FGBVEPdnnWpzpSvf+uAgZw==,Magicbricks,https://www.magicbricks.com/property-details/1-BHK-750-Sq-ft-Multistorey-Apartment-FOR-Rent-Palanpur-Gam-in-Surat&id=4d423830323633353933,2026-04-19 13:52:36,21.21086,72.771334,,Deepak Daryani,"Palanpur Gam,Surat",,,,Apartment,Unfurnished,5,14,East,750,Sq-ft,Less than 5 years,"1BHK Flat Rent In Palanpur Gam Surat Check out this newly constructed 1 BHK flat on rent in the prime location of Palanpur Gam Surat. The rent of the 1 BHK flat is ₹14,000. The flat is located on the 5 floor which includes 1 bathrooms, 1 balcony, and covers a carpet area of 450 sqft. There is also facility of 1 Covered parking. This unit is designed with reserved parking, security.",14000,42000,0,19,1,1 Covered,No,No,No,,True,True,Agent,78,Immediately,2026-03-15T07:20:57.000Z,"Mar 15, '26",True
hSafR/0n7LVzpSvf+uAgZw==,Magicbricks,https://www.magicbricks.com/property-details/1-BHK-800-Sq-ft-Multistorey-Apartment-FOR-Rent-Palanpur-in-Surat&id=4d423832343833323235,2026-04-19 13:52:36,21.215963,72.770389,,Pooja Real Estate,"Surat, Gujarat",,,,Apartment,Furnished,7,12,East,800,Sq-ft,New Construction,"1 bhk luxurious flat for rent in good gated society. Find 1 BHK flat for rent in Palanpur Surat. The multistorey apartment is available at rent of ₹22,000. Located on the 7 floor, the flat comprises 1 bathrooms, 2 balcony, and has a carpet area of 628 sqft. Find this apartment at Palanpur, Surat, Gujarat.",22000,,,28,1,,No,No,No,,False,True,Agent,58,Immediately,2026-03-11T07:39:15.000Z,"Mar 11, '26",True
HN5e0NLBbAtzpSvf+uAgZw==,Magicbricks,https://www.magicbricks.com/property-details/1-BHK-735-Sq-ft-Multistorey-Apartment-FOR-Rent-Jahangirabad-in-Surat&id=4d423833393037343831,2026-04-19 13:52:36,21.216427,72.78212,,Sanjay Dalwani,"Jahangirabad,Surat",,,,Apartment,Semi-Furnished,10,13,East,735,Sq-ft,,"1 bhk flat for rent in swicon wings jahangirabad. Check out this newly constructed 1 BHK flat on rent in the prime location of Jahangirabad Surat. The multistorey apartment is available at rent of ₹12,000. Get access to smart facilities such as Gas Connection simply by choosing this flat for rent. The flat is located on the 10 floor which includes 1 bathrooms, 1 balcony, and covers a carpet area of 430 sqft. There is also facility of 1 Covered parking. The flat comes with reserved parking. Visit the flat at Jahangirabad, Surat,Gujarat.",12000,36000,0,16,1,1 Covered,No,No,No,,True,True,Agent,78,Immediately,2026-04-18T23:45:34.000Z,Today,True
y0RlHuzt2cRzpSvf+uAgZw==,Magicbricks,https://www.magicbricks.com/property-details/1-BHK-1000-Sq-ft-Multistorey-Apartment-FOR-Rent-in-Surat&id=4d423834313436333235,2026-04-19 13:52:36,,,,Thakkar Skyline Real Estate,"Surat, Gujarat",,,,Apartment,Semi-Furnished,5,12,East,1000,Sq-ft,5 to 10 years,"1 BHK Semi Furnished Flat For Rent Grab the chance to own this affordable 1 BHK flat for rent in the Adajan, Surat area. The apartment is available at an affordable rental price of ₹18,000. The flat is on the 5 floor and includes 1 bathrooms, 1 balcony with a carpet area of 750 sqft. The residence includes power back up, reserved parking, security.",18000,54000,1,18,1,,No,No,No,,True,True,Agent,58,Immediately,2026-04-08T12:05:12.000Z,"Apr 08, '26",True
AAf+ZTu6NEZzpSvf+uAgZw==,Magicbricks,https://www.magicbricks.com/property-details/1-BHK-780-Sq-ft-Multistorey-Apartment-FOR-Rent-Jahangirabad-in-Surat&id=4d423832383130383433,2026-04-19 13:52:36,21.216427,72.78212,,Rental Surat,555.,,,,Apartment,Semi-Furnished,13,14,East,780,Sq-ft,Less than 5 years,"1 bhk flat for rent with all modern amenities You can avail the 1 BHK flat for rent in the well-known location of Jahangirabad. The flat is available for rent at a competitive amount of ₹12,000. The flat is located on the 13 floor which includes 1 bathrooms, 1 balcony, and covers a carpet area of 380 sqft. This unit features security. Find this apartment at Prabhudarshan Society, Dahin Nagar, Surat, Gujarat .",12000,36000,0,15,1,,No,No,No,,False,True,Agent,69,Immediately,2026-04-17T23:45:20.000Z,Yesterday,True
2c1HQt+zoapzpSvf+uAgZw==,Magicbricks,https://www.magicbricks.com/property-details/1-BHK-650-Sq-ft-Multistorey-Apartment-FOR-Rent-Palanpur-in-Surat&id=4d423738383638373039,2026-04-19 13:52:36,21.215963,72.770389,,Shree Siddhi Vinayak Property Consultant,palanpur Canal,,,,Apartment,Unfurnished,1,5,East,650,Sq-ft,Less than 5 years,"1 bhk newly painted flat for rent .. near savion circle Grab the chance to own this affordable 1 BHK flat for rent in the Palanpur area. The Rent amount of this 1 BHK apartment is set at an attractive price of ₹12,000. Located on the 1 floor, the flat comprises 1 bathrooms, 1 balcony, and has a covered area of 650 sqft. The apartment comes furnished with power back up, security, air conditioned, intercom facility, ro water system.",12000,36000,,18,1,,No,No,No,"Air Conditioned, Laundry Service, Banquet Hall, Jogging and Strolling Track",False,True,Agent,73,Immediately,2026-04-16T23:45:22.000Z,"Apr 17, '26",True
emJg5DP7km5zpSvf+uAgZw==,Magicbricks,https://www.magicbricks.com/property-details/1-BHK-1050-Sq-ft-Multistorey-Apartment-FOR-Rent-Adajan-in-Surat&id=4d423834303931323439,2026-04-19 13:52:36,21.1973663,72.782489,,Adajan,"Honey Park Road, Adajan","19202|Imperial International School, 19202|Ryan International School Cbse, 19206|Rajhans Theatre, 19206|Regent Mall",,,Apartment,Furnished,4,8,East,1050,Sq-ft,5 to 10 years,"1 BHK Fully Furnished Flat For Rent with all amenities available Find 1 BHK flat for rent in Adajan Surat. The Rent amount of this 1 BHK apartment is set at an attractive price of ₹18,000. Located on the 4 floor, the flat has 1 bathrooms, 1 balcony in carpet area of 650 sqft. This home provides power back up, reserved parking, security, service/goods lift, air conditioned, ro water system. Visit the flat at Honey Park Road, Adajan, Adajan, Surat, Gujarat.",18000,54000,1,17,1,,Yes,No,No,"Service/Goods Lift, Air Conditioned, RO Water System",False,True,Agent,75,Immediately,2026-04-05T18:01:14.000Z,"Apr 05, '26",True
kfmfJOsgymtzpSvf+uAgZw==,Magicbricks,https://www.magicbricks.com/property-details/1-BHK-800-Sq-ft-Multistorey-Apartment-FOR-Rent-Adajan-in-Surat&id=4d423833323630323035,2026-04-19 13:52:36,21.1973663,72.782489,,Adajan,"Surat, Gujarat","19202|Lp Savani International School, 19202|Seven Steps School, 19206|Rajhans Theatre, 19206|Imperial Square Mall",,,Apartment,Furnished,2,5,East,800,Sq-ft,Less than 5 years,"If you are searching a 1 BHK apartment for rent in Adajan, check out this amazing rental flat. Available at a rental price of ₹12,500, this 1 BHK flat is worth considering. Located on the 2 floor, the flat comprises 1 bathrooms, 1 balcony, and has a carpet area of 400 sqft. This unit features power back up, security, service/goods lift, intercom facility, ro water system. The full address of the apartment is Adajan, Surat, Gujarat.",12500,37500,0,16,1,,No,No,No,"Laundry Service, Internet/Wi-Fi Connectivity, Banquet Hall, Bar/Lounge",False,True,Agent,68,Immediately,2026-04-17T23:45:20.000Z,Yesterday,True
HSCpeJBfK+tzpSvf+uAgZw==,Magicbricks,https://www.magicbricks.com/property-details/1-BHK-800-Sq-ft-Multistorey-Apartment-FOR-Rent-Citylight-Area-in-Surat&id=4d423830303034343635,2026-04-19 13:52:36,21.1666367,72.7955775,,Citylight Area,"citylight, surat",,,,Apartment,Furnished,4,7,East,800,Sq-ft,New Construction,"1 bhk flat for rent in citylight surart A beautiful 1 BHK flat is available for rent in Citylight Area. The rent of the 1 BHK flat is ₹20,000. Live in this lovely flat and get access to various useful facilities such as 1 Bed, 1 AC and Sofa. The flat is located on the 4 floor which includes 1 bathrooms, 1 balcony, and covers a carpet area of 500 sqft. The property includes 1 Covered parking. This home provides power back up, reserved parking, security. Visit the flat at citylight, surat, Citylight Area, Surat, Gujarat.",20000,60000,1,25,1,1 Covered,No,No,No,,True,True,Agent,78,Immediately,2026-04-17T23:45:20.000Z,Yesterday,True
VodfPEBP8rZzpSvf+uAgZw==,Magicbricks,https://www.magicbricks.com/property-details/1-BHK-709-Sq-ft-Multistorey-Apartment-FOR-Rent-Palan-Pur-Patiya-in-Surat&id=4d423834323037333431,2026-04-19 13:52:36,21.2099842,72.7921003,,Palan Pur Patiya,Orchid infinity palanpur gam near savion circle fire station,,,,Apartment,Furnished,6,13,East,709,Sq-ft,Less than 5 years,"new project near by all company bus Stand 1 four wheeler parking alloted 1 BHK flat is available for rent in Palan Pur Patiya immediately. The rent of the 1 BHK flat is ₹20,000. The flat is located on the 6 floor which includes 1 bathrooms, 1 balcony, and covers a carpet area of 423 sqft. The property features power back up, reserved parking, security, service/goods lift, air conditioned, intercom facility, ro water system. Visit the apartment at Palanpur, Surat, Gujarat .",20000,60000,,28,1,,No,No,No,"Air Conditioned, Banquet Hall, Bar/Lounge, Jogging and Strolling Track",False,True,Agent,78,Immediately,2026-04-12T09:45:52.000Z,"Apr 12, '26",True
U4v74t4eQLRzpSvf+uAgZw==,Magicbricks,https://www.magicbricks.com/property-details/1-BHK-800-Sq-ft-Multistorey-Apartment-FOR-Rent-Jahangirabad-in-Surat&id=4d423832333135333931,2026-04-19 13:52:36,21.216427,72.78212,,Shivaay Realty,Near Gaurav path stadium.,,,,Apartment,Unfurnished,5,12,East,800,Sq-ft,New Construction,"good campus and spacious flats available. Find 1 BHK flat for rent in Jahangirabad Surat. The flat is available for rent at a competitive amount of ₹15,000. The flat is located on the 5 floor which includes 1 bathrooms, 1 balcony, and covers a carpet area of 440 sqft. The apartment is equipped with power back up, reserved parking, security, service/goods lift, visitor parking. Visit the apartment at Jahangirabad, Surat Gujrat .",15000,,,19,1,,Yes,No,No,"Service/Goods Lift, Laundry Service, Banquet Hall, Jogging and Strolling Track",True,True,Agent,51,Immediately,2026-03-07T14:50:45.000Z,"Mar 07, '26",True
XMzxEnIJ3N5zpSvf+uAgZw==,Magicbricks,https://www.magicbricks.com/property-details/4-BHK-2565-Sq-ft-Multistorey-Apartment-FOR-Rent-Pal-in-Surat&id=4d423731323938313131,2026-04-19 13:52:36,21.1807801,72.7529018,,Pal,pal,"19202|Gajera Global School, 19202|Seven Steps School, 19206|Bellissimo Hub, 19206|Pal. Star World",,,Apartment,Unfurnished,3,14,North - East,2565,Sq-ft,New Construction,"If you are searching a 4 BHK apartment for rent in Pal, check out this amazing rental flat. The flat is available for rent at a competitive amount of ₹38,000. The flat comes with some add-on facilities such as 3 Bed and Gas Connection. The flat is located on the 3 floor which includes 4 bathrooms, 3 balcony, and covers a covered area of 2565 sqft. There is also facility of 2 Covered parking. The apartment comes furnished with power back up, reserved parking, security, visitor parking, intercom facility. You can visit the flat at pal, Pal, Surat, Gujarat.",38000,114000,0,15,4,2 Covered,No,No,No,"Laundry Service, Banquet Hall, Jogging and Strolling Track, Outdoor Tennis Courts",False,True,Agent,100,Immediately,2026-04-17T23:45:19.000Z,Yesterday,True
YJWLoVen3BZzpSvf+uAgZw==,Magicbricks,https://www.magicbricks.com/property-details/4-BHK-3400-Sq-ft-Multistorey-Apartment-FOR-Rent-in-Surat&id=4d423834303931323331,2026-04-19 13:52:36,,,,Neelkanth Property,"Surat, Gujarat",,,,Apartment,Furnished,6,14,East,3400,Sq-ft,Less than 5 years,"4 BHK Fully Furnished Flat For Rent with all premium amenities available 4 BHK apartment is available on rent in Jahangirpura Surat right away. Available at a rental price of ₹40,000, this 4 BHK flat is worth considering. Located on the 6 floor, the flat has 4 bathrooms, 3 balcony in carpet area of 2400 sqft. This property offers power back up, reserved parking, security, service/goods lift, air conditioned, ro water system.",40000,120000,1,12,4,,Yes,No,No,"Service/Goods Lift, Air Conditioned, RO Water System",False,True,Agent,73,Immediately,2026-04-05T17:57:40.000Z,"Apr 05, '26",True
u1cLFuT52EZzpSvf+uAgZw==,Magicbricks,https://www.magicbricks.com/property-details/4-BHK-2389-Sq-ft-Multistorey-Apartment-FOR-Rent-Jahangir-Pura-in-Surat&id=4d423732393234363235,2026-04-19 13:52:36,21.247161,72.8018701,,Jahangir Pura,jahngir pura saroli bridge near iskon tempal,,,,Apartment,Unfurnished,9,14,East,2389,Sq-ft,New Construction,"rod touch property,new contractions,all amenities alloted for wheeler parking If you are searching a 4 BHK apartment for rent in Jahangir Pura, check out this amazing rental flat. This 4 BHK flat can be availed at the rental price of ₹28,000. Located on the 9 floor, the flat comprises 3 bathrooms, 2 balcony, and has a carpet area of 1456 sqft. This home provides power back up, reserved parking, security, service/goods lift, intercom facility. This flat is located at beside KAILASHDHAM SOCIETY, near ESSAR PETROL PUMP, Jahangir Pura, Surat, Gujarat .",28000,75000,,12,3,,Yes,No,No,"Service/Goods Lift, Intercom Facility, Laundry Service, Internet/Wi-Fi Connectivity",False,True,Agent,78,Immediately,2026-03-26T11:25:02.000Z,"Mar 26, '26",True
5e2Fiw6SQy1zpSvf+uAgZw==,Magicbricks,https://www.magicbricks.com/property-details/4-BHK-2345-Sq-ft-Multistorey-Apartment-FOR-Rent-Bamroli-in-Surat&id=4d423833343630373435,2026-04-19 13:52:36,21.133053,72.816929,,HariOm Property Broker,Althan,,,,Apartment,Semi-Furnished,6,14,East,2345,Sq-ft,New Construction,"in Find 4 BHK flat for rent in Bamroli Surat. This 4 BHK flat can be availed at the rental price of ₹30,000. The flat is on the 6 floor and includes 4 bathrooms, 1 balcony with a covered area of 2345 sqft. The building comprises 14 floor and includes Kids play area features. This unit features power back up, reserved parking, security, service/goods lift, air conditioned, intercom facility, ro water system. Find this apartment at Block no.135 , T.P:-58(Bamroli), Chorasi, Surat, Gujarat.",30000,90000,20000,13,4,,No,No,No,"Air Conditioned, Banquet Hall, Bar/Lounge, Jogging and Strolling Track",True,True,Agent,60,Immediately,2026-02-18T11:07:53.000Z,"Feb 18, '26",True
M4JJ8wWtnK9zpSvf+uAgZw==,Magicbricks,https://www.magicbricks.com/property-details/4-BHK-2980-Sq-ft-Multistorey-Apartment-FOR-Rent-Dumas-Road-in-Surat&id=4d423830323836313339,2026-04-19 13:52:36,21.1378068259953,72.7505612386718,,Dumas Road,"Dumas Road,Surat","19201|Gidc Katagram, 19202|Lourdes Convent High School, 19202|Scholar English Academy School, 19206|Surat Central, 19206|Canopus Mall, 19209|Surat International Airport",,,Apartment,Unfurnished,10,12,North,2980,Sq-ft,2005,"It has Swimming Pool, Gymnasium, Club House, Mini Theatre, Childrens Play Area, Theatre, Terrace Garden, Park, Banquet Hall You can avail the 4 BHK flat for rent in the well-known location of Dumas Road. The apartment is available at an affordable rental price of ₹40,000. The apartment is on the 10 floor, has a covered area of 2980 sqft with 4 bathrooms and 2 balcony. The property includes 1 Covered parking. The residence includes power back up, reserved parking.",40000,120000,,13,4,1 Covered,No,No,No,,True,True,Agent,78,Immediately,2026-03-19T05:17:51.000Z,"Mar 19, '26",True
NU1pEoSErdlzpSvf+uAgZw==,Magicbricks,https://www.magicbricks.com/property-details/4-BHK-3500-Sq-ft-Multistorey-Apartment-FOR-Rent-Ghod-Dod-Road-in-Surat&id=4d423738383730313037,2026-04-19 13:52:36,21.17521,72.806447,,Ghod Dod Road,704.,,,,Apartment,Unfurnished,7,9,East,3500,Sq-ft,Above 20 years,"4 bhk ktlfUnfurnished4 bathroomGhoddod roadNear prime locationGhoddod road suratEverything is walking distancekitchen trolly, light, fan, gas line Check out this newly constructed 4 BHK flat on rent in the prime location of Ghod Dod Road Surat. ₹32,000 is the monthly rent of this 4 BHK flat. The flat is on the 7 floor and includes 4 bathrooms, 3 balcony with a carpet area of 2000 sqft. 1 Covered parking facility are also available. The flat comes with power back up, reserved parking, security. Visit the apartment at 704., Ghod Dod Road, Surat, Gujarat.",32000,96000,0,9,4,1 Covered,No,No,No,,False,True,Agent,95,Immediately,2026-04-02T05:35:42.000Z,"Apr 02, '26",True
Fjq+9FE+++lzpSvf+uAgZw==,Magicbricks,https://www.magicbricks.com/property-details/4-BHK-3550-Sq-ft-Multistorey-Apartment-FOR-Rent-Vesu-in-Surat&id=4d423832353939383537,2026-04-19 13:52:36,21.1447177,72.7717775,,Vesu,vesu,"19210|Udhna Railway Station, 19202|T M Patel International School, 19202|Bhagwan Mahavir College of Engineering Technology",,,Apartment,Unfurnished,9,12,East,3550,Sq-ft,New Construction,"very good location Grab the chance to own this affordable 4 BHK flat for rent in the Vesu area. The Rent amount of this 4 BHK apartment is set at an attractive price of ₹40,000. Located on the 9 floor, the flat has 4 bathrooms, 1 balcony in carpet area of 2000 sqft. This home provides power back up, reserved parking, security, service/goods lift, visitor parking. Visit the apartment at T.P.-75, EP.-26, Subplot - 2,Nr. Celebrity Green, Vesu, Surat..",40000,,,11,4,,Yes,No,No,"Service/Goods Lift, Visitor Parking",True,True,Agent,81,Immediately,2026-04-08T06:09:26.000Z,"Apr 08, '26",True
9sMi+1LxIMdzpSvf+uAgZw==,Magicbricks,https://www.magicbricks.com/property-details/4-BHK-2720-Sq-ft-Multistorey-Apartment-FOR-Rent-Althan-in-Surat&id=4d423738303838323435,2026-04-19 13:52:36,21.1493019,72.8053877,,Althan,Althan Bhimrad Road,"19201|Software Technology Parks Of India (Stpi) Surat, 19202|Broadway International School, 19202|I.G. Desai School",,,Apartment,Unfurnished,14,14,North,2720,Sq-ft,New Construction,"4BHK Flat Give On RENT, Kitchen Trolley, Geyser, Chimney, Water Purifier, 4A.C, Fan and lights You can avail the 4 BHK flat for rent in the well-known location of Althan. You can get this flat at monthly rent of ₹37,000. Located on the 14 floor, the flat comprises 4 bathrooms, 4 balcony, and has a covered area of 2720 sqft. This unit features power back up, reserved parking, security, air conditioned, intercom facility, ro water system. The address is Bhimrad, Surat,Gujarat.",37000,111000,,14,4,,No,No,No,"Air Conditioned, Intercom Facility, RO Water System, Jogging and Strolling Track",False,True,Agent,73,Immediately,2026-04-16T23:45:21.000Z,"Apr 17, '26",True
/D8OyHxJPQNzpSvf+uAgZw==,Magicbricks,https://www.magicbricks.com/property-details/4-BHK-2800-Sq-ft-Multistorey-Apartment-FOR-Rent-Vesu-in-Surat&id=4d423738303034393935,2026-04-19 13:52:36,21.1447177,72.7717775,,Vesu,"Vesu, Surat, Gujarat","19210|Udhna Railway Station, 19202|T M Patel International School, 19202|G.D. Goenka International School",,,Apartment,Unfurnished,4,15,North - East,2800,Sq-ft,Less than 5 years,"Very nice flat in this project. Check out this newly constructed 4 BHK flat on rent in the prime location of Vesu Surat. The multistorey apartment is available at rent of ₹40,000. Located on the 4 floor, the flat comprises 4 bathrooms, 3 balcony, and has a carpet area of 1540 sqft. You will also find 2 Covered parking facility. This flat is fitted with power back up, reserved parking, security. This flat is located at Vesu, Surat, Gujarat .",40000,114,5500,14,4,2 Covered,No,No,No,,True,True,Agent,80,Immediately,2026-04-16T23:45:20.000Z,"Apr 17, '26",True
Ymr/d3KmDW5zpSvf+uAgZw==,Magicbricks,https://www.magicbricks.com/property-details/4-BHK-4450-Sq-ft-Multistorey-Apartment-FOR-Rent-in-Surat&id=4d423732343637363231,2026-04-19 13:52:36,,,,Shakun,"Next to kapadia health club , Beside Luthra bungalow , New civil road ,",,,,Apartment,Furnished,4,11,West,4450,Sq-ft,Above 20 years,"Vastu wise best property. And very airy and ventilated . Find this 4 BHK rental flat in Garden avenue Apartment Surat. The apartment is available at an affordable rental price of ₹37,500. The flat is on the 4 floor and includes 3 bathrooms, 2 balcony with a covered area of 4450 sqft. You will also find 1 Open parking facility. The apartment comes furnished with power back up, security. The owner has posted this 4 BHK flat for rent, so the brokerage fees is zero on this multistorey apartment.",37500,,,8,3,1 Open,No,No,No,,False,False,Owner,57,Immediately,2026-03-30T21:32:09.000Z,"Mar 31, '26",True
2BDuiIcmbDZzpSvf+uAgZw==,Magicbricks,https://www.magicbricks.com/property-details/4-BHK-4000-Sq-ft-Multistorey-Apartment-FOR-Rent-Ghod-Dod-Road-in-Surat&id=4d423738383037343931,2026-04-19 13:52:36,21.17521,72.806447,,Ghod Dod Road,kalpavrux,,,,Apartment,Furnished,7,10,East,4000,Sq-ft,Above 20 years,"4 bhk furnished flatghoddod road3 master badroom with attached washroom1 children badroomall badroom with window ac, bad, badsheet, cupboard, light, fankitchendining tablesofa settv unitstudy roombig saparate balconygas line and gas geyserold property but well maintained propertyavailable for only veg familycenter of surateverything is nearby walking distancecall us for more details.",40000,120000,2000,10,4,1 Covered,No,No,No,,False,True,Agent,98,Immediately,2026-04-02T05:43:05.000Z,"Apr 02, '26",True
+w/HaCTDzWdzpSvf+uAgZw==,Magicbricks,https://www.magicbricks.com/property-details/4-BHK-3000-Sq-ft-Multistorey-Apartment-FOR-Rent-Pal-in-Surat&id=4d423739313036353135,2026-04-19 13:52:36,21.1807801,72.7529018,,Pal,"54, Adajan Gam, Surat, Gujarat","19202|International Institute Of Management And Technical Studies (Iimt), 19202|Lp Savani International School, 19206|Pal. Star World, 19206|Bellissimo Hub",,,Apartment,Semi-Furnished,6,12,East,3000,Sq-ft,New Construction,"4 bhk flat for rent in vaishnodevi lifestyle pal adajan surat. If you are searching a 4 BHK apartment for rent in Pal, check out this amazing rental flat. You can get this flat at monthly rent of ₹50,000. Some added-on facilities available with the flat are 2 Wardrobe, 2 Bed and Gas Connection. The flat is located on the 6 floor which includes 4 bathrooms, 2 balcony, and covers a covered area of 3000 sqft. You will also find 2 Covered parking facility. The apartment is equipped with power back up, reserved parking, security. Visit the flat at 54, Adajan Gam, Surat, Gujarat .",50000,150000,0,17,4,2 Covered,No,No,No,,False,True,Agent,95,Immediately,2026-04-17T23:45:20.000Z,Yesterday,True
oapU/V08ckFzpSvf+uAgZw==,Magicbricks,https://www.magicbricks.com/property-details/4-BHK-2800-Sq-ft-Multistorey-Apartment-FOR-Rent-Vesu-in-Surat&id=4d423739323339393135,2026-04-19 13:52:36,21.1447177,72.7717775,,Vesu,Vip road.,"19210|Udhna Railway Station, 19202|T M Patel International School, 19202|Bhagwan Mahavir College of Engineering Technology",,,Apartment,Furnished,5,15,East,2800,Sq-ft,Less than 5 years,"Fully Furnished 4 BHK Flat For Rent in Vesu Check out this newly constructed 4 BHK flat on rent in the prime location of Vesu Surat. You can get this flat at monthly rent of ₹55,000. 1 Bed, 4 AC and Dining Table are some of the additional amenities available with the apartment. Located on the 5 floor, the flat comprises 4 bathrooms, 1 balcony, and has a carpet area of 2100 sqft. 2 Open parking space is also available. This property offers reserved parking. The apartment is located at Vip road., Vesu, Surat, Gujarat.",55000,165000,1,20,4,2 Open,No,No,No,,False,True,Agent,93,Immediately,2026-04-16T23:45:20.000Z,"Apr 17, '26",True
H70CPlDLi1tzpSvf+uAgZw==,Magicbricks,https://www.magicbricks.com/property-details/4-BHK-3600-Sq-ft-Multistorey-Apartment-FOR-Rent-in-Surat&id=4d423834303830343137,2026-04-19 13:52:36,21.11013605,72.71941838,,Rajdeep Soni,"Surat, Gujarat",,,,Apartment,Semi-Furnished,10,13,South -West,3600,Sq-ft,New Construction,"River viwe If you are planning to rent a flat, you can consider this 4 BHK flat situated in the prime location of Dumas. The flat is available for rent at a competitive amount of ₹55,000. The flat is on the 10 floor and includes 4 bathrooms, 1 balcony with a covered area of 3600 sqft. This flat is fitted with power back up, reserved parking, security, service/goods lift, air conditioned, intercom facility, ro water system.",55000,165000,,15,4,,No,No,No,"Air Conditioned, Banquet Hall, Bar/Lounge, Jogging and Strolling Track",False,True,Agent,71,Immediately,2026-04-04T21:51:56.000Z,"Apr 05, '26",True
C+5edQS6zpFzpSvf+uAgZw==,Magicbricks,https://www.magicbricks.com/property-details/4-BHK-2565-Sq-ft-Multistorey-Apartment-FOR-Rent-Pal-in-Surat&id=4d423834303533353639,2026-04-19 13:52:36,21.1807801,72.7529018,,Pal,"Surat, Gujarat","19202|Seven Steps School, 19202|Lp Savani International School, 19206|Pal. Star World, 19206|Bellissimo Hub",,,Apartment,Unfurnished,2,10,East,2565,Sq-ft,Less than 5 years,"Check out this newly constructed 4 BHK flat on rent in the prime location of Pal Surat. The multistorey apartment is available at rent of ₹45,000. The flat is on the 2 floor and includes 4 bathrooms, 1 balcony with a covered area of 2565 sqft. The building includes 10 floor and supports Kids play area living. This unit features power back up, reserved parking, security, air conditioned. Visit the apartment at BLOCK NO.298, OP NO.26, Surat City, Surat, Gujarat,.",45000,135000,,18,4,,Yes,No,No,"Air Conditioned, Bar/Lounge",False,True,Agent,71,Immediately,2026-04-03T07:26:30.000Z,"Apr 03, '26",True
jkZwvsFr83hzpSvf+uAgZw==,Magicbricks,https://www.magicbricks.com/property-details/4-BHK-2952-Sq-ft-Multistorey-Apartment-FOR-Rent-Vesu-in-Surat&id=4d423830373036383039,2026-04-19 13:52:36,21.1447177,72.7717775,,Vesu,"Vesu,Surat","19210|Udhna Railway Station, 19202|G.D. Goenka International School, 19202|White Lotus International School",,,Apartment,Unfurnished,5,12,East,2952,Sq-ft,5 to 10 years,"It has Gymnasium, Club House, Childrens Play Area, Park, Banquet Hall, Gazebo, Jogging Track, Badminton Court, Skating Rink Check out this newly constructed 4 BHK flat on rent in the prime location of Vesu Surat. This 4 BHK flat can be availed at the rental price of ₹45,000. The flat is on the 5 floor and includes 3 bathrooms, 1 balcony with a covered area of 2952 sqft. 1 Covered parking space is also available. Visit the apartment at Vesu, Surat.",45000,135000,,15,3,1 Covered,No,No,No,,True,True,Agent,80,Immediately,2026-03-17T07:21:23.000Z,"Mar 17, '26",True
C3OHzXyuNgNzpSvf+uAgZw==,Magicbricks,https://www.magicbricks.com/property-details/4-BHK-3500-Sq-ft-Multistorey-Apartment-FOR-Rent-Vesu-in-Surat&id=4d423833323036373935,2026-04-19 13:52:36,21.1447177,72.7717775,,Vesu,vesu,"19210|Udhna Railway Station, 19202|Bhagwan Mahavir College of Engineering Technology, 19202|T M Patel International School",,,Apartment,Unfurnished,6,14,,3500,Sq-ft,New Construction,"4 bhk best location of the flst or socitey 4 BHK flat is available for rent in Vesu immediately. The flat is available for rent at a competitive amount of ₹55,000. The flat is on the 6 floor and includes 4 bathrooms, 4 balcony with a carpet area of 2500 sqft.",55000,,,16,4,,No,No,No,,True,True,Agent,71,Immediately,2026-03-15T10:28:00.000Z,"Mar 15, '26",True
NbqHT1/5eiZzpSvf+uAgZw==,Magicbricks,https://www.magicbricks.com/property-details/4-BHK-3300-Sq-ft-Multistorey-Apartment-FOR-Rent-in-Surat&id=4d423832323234323037,2026-04-19 13:52:36,,,,1 Clik Property,"Surat, Gujarat",,,,Apartment,Unfurnished,9,13,East,3300,Sq-ft,Less than 5 years,"You can avail the 4 BHK flat for rent in the well-known location of vesuu. ₹45,000 is the monthly rent of this 4 BHK flat. The apartment is on the 9 floor, has a covered area of 3300 sqft with 4 bathrooms and 2 balcony. The apartment is equipped with power back up, reserved parking, security, intercom facility.",45000,135000,0,14,4,,No,No,No,"Laundry Service, Internet/Wi-Fi Connectivity, Banquet Hall, Jogging and Strolling Track",True,True,Agent,53,Immediately,2026-04-17T23:45:19.000Z,Yesterday,True
0RGSzb+gNudzpSvf+uAgZw==,Magicbricks,https://www.magicbricks.com/property-details/4-BHK-2885-Sq-ft-Multistorey-Apartment-FOR-Rent-Vesu-in-Surat&id=4d423832343632343431,2026-04-19 13:52:36,21.1447177,72.7717775,,Vesu,vesu,"19210|Udhna Railway Station, 19202|G.D. Goenka International School, 19202|Bhagwan Mahavir College of Engineering Technology",,,Apartment,Unfurnished,5,10,North,2885,Sq-ft,5 to 10 years,"You can explore this 4 BHK flat on rent in Vesu Surat. ₹45,000 is the monthly rent of this 4 BHK flat. The flat is on the 5 floor and includes 4 bathrooms, 1 balcony with a covered area of 2885 sqft. The residence includes power back up, reserved parking, security, service/goods lift, air conditioned, intercom facility, ro water system. The apartment is located at VIP Road, behind ONGC Colony, E3 Block, Vesu, Surat, Gujarat.",45000,135000,,16,4,,No,No,No,"Air Conditioned, Banquet Hall, Bar/Lounge, Jogging and Strolling Track",True,True,Agent,53,Immediately,2026-04-09T04:07:39.000Z,"Apr 09, '26",True
RB4z0hA1hMFzpSvf+uAgZw==,Magicbricks,https://www.magicbricks.com/property-details/4-BHK-2300-Sq-ft-Multistorey-Apartment-FOR-Rent-Palanpur-Gam-in-Surat&id=4d423833393536363633,2026-04-19 13:52:36,21.21086,72.771334,,Rsm,N 403 404 Rajhans Apple Canal Road  Near Maruti Kataria Palanpur Adajan Surat 395009,,,,Apartment,Semi-Furnished,4,5,,2300,Sq-ft,5 to 10 years,"Find this 4 BHK rental flat in Palanpur Gam Surat. The Rent amount of this 4 BHK apartment is set at an attractive price of ₹41,000. The flat is on the 4 floor and includes 4 bathrooms, 2 balcony with a covered area of 2300 sqft. This unit is designed with power back up, reserved parking, security. Find this apartment at Palanpur jakatnaka, Ugat Canal Rd, Adajan, Surat, Gujarat Palanpur jakatnaka, Ugat Canal Rd, Adajan,. This is a no-brokerage flat, as the owner is offering this 4 BHK flat on rent.",41000,80000,3000,18,4,,Yes,No,No,"Laundry Service, Jogging and Strolling Track",False,False,Owner,76,Immediately,2026-03-27T02:59:21.000Z,"Mar 27, '26",True
pK9HsRuFV1tzpSvf+uAgZw==,Magicbricks,https://www.magicbricks.com/property-details/4-BHK-3000-Sq-ft-Multistorey-Apartment-FOR-Rent-Adajan-in-Surat&id=4d423738393231363235,2026-04-19 13:52:36,21.1973663,72.782489,,Adajan,"54, Adajan Gam, Surat, Gujarat","19202|L.P. Savani International School, 19202|Lp Savani International School, 19206|Pal. Star World, 19206|Walkway Mall",,,Apartment,Unfurnished,6,12,East,3000,Sq-ft,Less than 5 years,"4 bhk luxurious flat for rent in vaishnodevi lifestyle pla surat Check out this newly constructed 4 BHK flat on rent in the prime location of Adajan Surat. The Rent amount of this 4 BHK apartment is set at an attractive price of ₹50,000. The flat is on the 6 floor and includes 4 bathrooms, 2 balcony with a carpet area of 1800 sqft. There is also facility of 2 Covered parking. The apartment is equipped with power back up, reserved parking. Visit the apartment at 54, Adajan Gam, Surat, Gujarat .",50000,150000,1,17,4,2 Covered,No,No,No,,False,True,Agent,95,Immediately,2026-03-13T08:11:14.000Z,"Mar 13, '26",True
db1EOP2CB61zpSvf+uAgZw==,Magicbricks,https://www.magicbricks.com/property-details/4-BHK-4200-Sq-ft-Multistorey-Apartment-FOR-Rent-Piplod-in-Surat&id=4d423734373834393333,2026-04-19 13:52:36,21.1610353,72.7762099,,Piplod,"Surat, Gujarat","19201|Software Technology Parks Of India (Stpi), 19201|Gidc Icchapore, 19202|Jh Ambani High School, 19202|Radiant English Academy, 19206|VR Mall, 19206|Kamdhenu Mall",,,Apartment,Semi-Furnished,9,12,West,4200,Sq-ft,Less than 5 years,"Grab the chance to own this affordable 4 BHK flat for rent in the Piplod area. The rent of the 4 BHK flat is ₹55,000. 4 AC are some of the additional amenities available with the apartment. Located on the 9 floor, the flat has 4 bathrooms, 1 balcony in carpet area of 2310 sqft. 1 Covered, 2 Open parking facility are also available. The property features power back up, reserved parking, security. The full address of the apartment is Piplod, Surat, Gujarat.",55000,140000,,13,4,"1 Covered, 2 Open",No,No,No,,True,True,Agent,73,Immediately,2026-02-25T04:50:10.000Z,"Feb 25, '26",True
g7hA8J1ZbEFzpSvf+uAgZw==,Magicbricks,https://www.magicbricks.com/property-details/4-BHK-3300-Sq-ft-Multistorey-Apartment-FOR-Rent-in-Surat&id=4d423832323234323535,2026-04-19 13:52:36,,,,1 Clik Property,"Surat, Gujarat",,,,Apartment,Unfurnished,9,13,East,3300,Sq-ft,Less than 5 years,"A beautiful 4 BHK flat is available for rent in vip roadd. The flat is available for rent at a competitive amount of ₹45,000. Located on the 9 floor, the flat has 4 bathrooms, 3 balcony in covered area of 3300 sqft. The apartment is equipped with power back up, reserved parking, security, intercom facility.",45000,135000,0,14,4,,No,No,No,"Laundry Service, Internet/Wi-Fi Connectivity, Banquet Hall, Jogging and Strolling Track",True,True,Agent,53,Immediately,2026-04-17T23:45:19.000Z,Yesterday,True
MN2tki33UkdzpSvf+uAgZw==,Magicbricks,https://www.magicbricks.com/property-details/4-BHK-2500-Sq-ft-Multistorey-Apartment-FOR-Rent-Adajan-in-Surat&id=4d423830383837323931,2026-04-19 13:52:36,21.1973663,72.782489,,Adajan,"Surat, Gujarat","19202|L.P. Savani International School, 19202|Seven Steps School, 19206|Rajhans Theatre, 19206|Regent Mall",,,Apartment,Unfurnished,5,12,East,2500,Sq-ft,Less than 5 years,"If you are planning to rent a flat, you can consider this 4 BHK flat situated in the prime location of Adajan. Available at a rental price of ₹50,000, this 4 BHK flat is worth considering. The flat is on the 5 floor and includes 4 bathrooms, 2 balcony with a covered area of 2500 sqft. The apartment comes furnished with power back up, security. The flat can be visited at 60, Adajan Gam, Adajan, Surat, Gujarat.",50000,150000,0,20,4,,No,No,Yes,Outdoor Tennis Courts,True,True,Agent,53,Immediately,2026-04-17T23:45:20.000Z,Yesterday,True
lAHrafb+RNdzpSvf+uAgZw==,Magicbricks,https://www.magicbricks.com/property-details/2-BHK-1190-Sq-ft-Multistorey-Apartment-FOR-Rent-Magdalla-in-Surat&id=4d423833383738363031,2026-04-19 13:52:36,21.13697986,72.76017778,,Magdalla,"Magdalla,Surat",19206|VR Surat,,,Apartment,Furnished,10,14,East,1190,Sq-ft,,"If you are searching a 2 BHK apartment for rent in Magdalla, check out this amazing rental flat. This 2 BHK flat can be availed at the rental price of ₹32,000. 3 Wardrobe, 2 Bed, 1 TV, 2 AC, Sofa, Dining Table and Gas Connection are some of the additional amenities available with the apartment. The flat is located on the 10 floor which includes 2 bathrooms, 4 balcony, and covers a carpet area of 785 sqft. 1 Covered parking space is also available. The apartment comes furnished with power back up, reserved parking, security. This 2 BHK apartment ad is listed by the owner, so there is no brokerage fee.",32000,100000,2000,27,2,1 Covered,Yes,No,No,Jogging and Strolling Track,False,False,Owner,90,Select Date,2026-03-20T11:11:09.000Z,"Mar 20, '26",True
SG3SNIzejkFzpSvf+uAgZw==,Magicbricks,https://www.magicbricks.com/property-details/2-BHK-1300-Sq-ft-Multistorey-Apartment-FOR-Rent-Vesu-in-Surat&id=4d423733333936333139,2026-04-19 13:52:36,21.1447177,72.7717775,,Vesu,A- 1002.,"19210|Udhna Railway Station, 19202|Bhagwan Mahavir College of Engineering Technology, 19202|G.D. Goenka International School",,,Apartment,Semi-Furnished,10,13,,1300,Sq-ft,New Construction,"A beautiful 2 BHK flat is available for rent in Vesu. This 2 BHK flat can be availed at the rental price of ₹26,000. The flat comes with some add-on facilities such as 2 Wardrobe, 2 Bed, 1 AC, Sofa and Gas Connection. The flat is located on the 10 floor which includes 2 bathrooms, 3 balcony, and covers a carpet area of 700 sqft. You will also find 2 Open parking facility. The property consists of 13 floor and offers Kids play area conveniences. This unit is designed with power back up, reserved parking, security. This flat is located at Final Plot no. 39, TP NO 75 (Vesu-Abhva-Vesu)., Surat City, Surat, Gujarat. This is a no-brokerage flat because the owner has posted the ad on this 2 BHK apartment.",26000,81000,,20,2,2 Open,No,No,No,,False,False,Owner,81,Immediately,2026-03-17T16:29:05.000Z,"Mar 17, '26",True
wGfbs+jAtitzpSvf+uAgZw==,Magicbricks,https://www.magicbricks.com/property-details/2-BHK-1350-Sq-ft-Multistorey-Apartment-FOR-Rent-in-Surat&id=4d423831343430373935,2026-04-19 13:52:36,,,,Bhumi Property Consultant,vesu,,,,Apartment,Furnished,5,12,East,1350,Sq-ft,Less than 5 years,"2 BHK, Multistorey Apartment For Rentin vesuu, Surat You can explore this 2 BHK flat on rent in vesuu Surat. This 2 BHK flat can be availed at the rental price of ₹35,000. The flat is located on the 5 floor which includes 2 bathrooms, 2 balcony, and covers a carpet area of 860 sqft. The property includes 1 Covered, 1 Open parking. This property offers power back up, security.",35000,105000,0,26,2,"1 Covered, 1 Open",Yes,No,No,Outdoor Tennis Courts,False,True,Agent,100,Immediately,2026-04-18T23:45:31.000Z,Today,True
YEPFzSWD1ZNzpSvf+uAgZw==,Magicbricks,https://www.magicbricks.com/property-details/2-BHK-1173-Sq-ft-Multistorey-Apartment-FOR-Rent-Palanpur-in-Surat&id=4d423834323933333733,2026-04-19 13:52:36,21.215963,72.770389,,Universal Property,"Surat, Gujarat",,,,Apartment,Furnished,10,14,,1173,Sq-ft,5 to 10 years,"Grab the chance to own this affordable 2 BHK flat for rent in the Palanpur area. The apartment is available at an affordable rental price of ₹26,000. The apartment is on the 10 floor, has a covered area of 1173 sqft with 2 bathrooms and 2 balcony. Visit the flat at Palanpur Canal Rd, Near L. P. Savani school, Palanpur, Surat, Gujarat .",26000,78000,0,22,2,,No,No,No,,True,True,Agent,63,Immediately,2026-04-18T06:50:46.000Z,Yesterday,True
Fyx3eiTwQ8lzpSvf+uAgZw==,Magicbricks,https://www.magicbricks.com/property-details/2-BHK-1351-Sq-ft-Multistorey-Apartment-FOR-Rent-Palanpur-in-Surat&id=4d423833383931393037,2026-04-19 13:52:36,21.215963,72.770389,,Sanjay Dalwani,"Palanpur,Surat",,395009,,Apartment,Semi-Furnished,9,12,East,1351,Sq-ft,,"2 bhk flat for rent in swarnim lifestyle palanpur surat. 2 BHK apartment is available on rent in Palanpur Surat right away. You can get this flat at monthly rent of ₹26,000. Additional amenities available with the flat are 2 Wardrobe and Gas Connection. Located on the 9 floor, the flat has 2 bathrooms, 1 balcony in carpet area of 750 sqft. The property has 12 floor and is equipped with Kids play area facilities. The apartment comes furnished with power back up, reserved parking, security. Visit the apartment at SWARNIM LIFESTYLE, BLOCK-136, TP 9, FP 68, SUBPLOT-2, , Surat City, Surat, GUJARAT, 395009.",26000,78000,0,19,2,,No,No,No,,False,True,Agent,84,Immediately,2026-04-16T23:45:22.000Z,"Apr 17, '26",True
SkgJe3+GGoNzpSvf+uAgZw==,Magicbricks,https://www.magicbricks.com/property-details/2-BHK-1400-Sq-ft-Multistorey-Apartment-FOR-Rent-in-Surat&id=4d423832323234323331,2026-04-19 13:52:36,,,,1 Clik Property,"Surat, Gujarat",,,,Apartment,Furnished,6,10,East,1400,Sq-ft,5 to 10 years,"If you are searching a 2 BHK apartment for rent in vip rodd, check out this amazing rental flat. ₹35,000 is the monthly rent of this 2 BHK flat. Located on the 6 floor, the flat has 2 bathrooms, 1 balcony in covered area of 1400 sqft. This unit features power back up, reserved parking, security, intercom facility.",35000,105000,0,25,2,,No,No,No,"Laundry Service, Internet/Wi-Fi Connectivity, Banquet Hall, Jogging and Strolling Track",True,True,Agent,53,Immediately,2026-04-17T23:45:19.000Z,Yesterday,True
tUbHwOM5MxJzpSvf+uAgZw==,Magicbricks,https://www.magicbricks.com/property-details/2-BHK-1300-Sq-ft-Penthouse-FOR-Rent-Adajan-in-Surat&id=4d423738393635383437,2026-04-19 13:52:36,21.1973663,72.782489,,Adajan,"Pal, adajan.","19202|International Institute Of Management And Technical Studies (Iimt), 19202|Lp Savani International School, 19206|Rajhans Theatre, 19206|Bellissimo Hub",,,Penthouse,Furnished,11,12,East,1300,Sq-ft,5 to 10 years,"2 bhk fully furnished penthouse for rent in pal adajan surat nr tgb circle adajan. Find this 2 BHK rental flat in Adajan Surat. The apartment is available at an affordable rental price of ₹35,000. If you rent the flat, you will have access to facilities like 2 Wardrobe, 2 Bed, 2 AC, Sofa, Dining Table and Gas Connection. Located on the 11 floor, the flat comprises 2 bathrooms, 1 balcony, and has a carpet area of 750 sqft. 1 Covered parking facility are also available. The apartment is equipped with power back up, reserved parking, security. Find this apartment at Pal, adajan., Adajan, Surat, Gujarat.",35000,105000,0,27,2,1 Covered,No,No,No,,False,True,Agent,93,Immediately,2026-04-16T23:45:21.000Z,"Apr 17, '26",True
I2fC6BdcCCpzpSvf+uAgZw==,Magicbricks,https://www.magicbricks.com/property-details/2-BHK-1251-Sq-ft-Multistorey-Apartment-FOR-Rent-Palanpur-in-Surat&id=4d423831393635373435,2026-04-19 13:52:36,21.215963,72.770389,,Real Homes Real Estate,"Surat, Gujarat",,,,Apartment,Furnished,6,12,,1251,Sq-ft,Less than 5 years,"You can explore this 2 BHK flat on rent in Palanpur Surat. The multistorey apartment is available at rent of ₹30,000. The flat is on the 6 floor and includes 2 bathrooms, 2 balcony with a covered area of 1251 sqft. Visit the apartment at F.P.23, T.P.9, Palanpur Canal Road, Near Gaurav Path Road, Surat City, Surat, Gujarat.",30000,90000,0,24,2,,No,No,No,,True,True,Agent,38,Immediately,2026-04-17T23:45:20.000Z,Yesterday,True
Kj9+OVCtr9BzpSvf+uAgZw==,Magicbricks,https://www.magicbricks.com/property-details/2-BHK-1500-Sq-ft-Multistorey-Apartment-FOR-Rent-Pal-in-Surat&id=4d423834303931323637,2026-04-19 13:52:36,21.1807801,72.7529018,,Pal,"Surat, Gujarat","19202|Lp Savani International School, 19202|Seven Steps School, 19206|Pal. Star World, 19206|Bellissimo Hub",,,Apartment,Semi-Furnished,5,12,East,1500,Sq-ft,5 to 10 years,"2 BHK Flat For Rent with all premium amenities available If you are planning to rent a flat, you can consider this 2 BHK flat situated in the prime location of Pal. ₹30,000 is the monthly rent of this 2 BHK flat. The apartment is on the 5 floor, has a carpet area of 1000 sqft with 2 bathrooms and 1 balcony. This unit features power back up, reserved parking, security, air conditioned. Find this apartment at Pal, Surat, Gujarat.",30000,90000,1,20,2,,Yes,No,No,Air Conditioned,False,True,Agent,73,Immediately,2026-04-05T18:07:28.000Z,"Apr 05, '26",True
FhEMSa0MY5hzpSvf+uAgZw==,Magicbricks,https://www.magicbricks.com/property-details/2-BHK-900-Sq-ft-Multistorey-Apartment-FOR-Rent-in-Surat&id=4d423833393933303433,2026-04-19 13:52:36,,,,X Properties,Palanpur,,,,Apartment,Furnished,3,14,East,,,2012,"Residential Open Plot for sale in Gated Colony 2 BHK flat is available for rent in shirpad immediately. Available at a rental price of ₹26,000, this 2 BHK flat is worth considering. The apartment is on the 3 floor, has a carpet area of 900 sqft with 2 bathrooms and 1 balcony. This unit is designed with power back up, reserved parking, security.",26000,78000,,,2,,No,No,No,,False,True,Agent,68,Immediately,2026-03-30T07:22:48.000Z,"Mar 30, '26",True
D41aoDfvZ3NzpSvf+uAgZw==,Magicbricks,https://www.magicbricks.com/property-details/2-BHK-1310-Sq-ft-Multistorey-Apartment-FOR-Rent-Vesu-in-Surat&id=4d423833393032373833,2026-04-19 13:52:36,21.1447177,72.7717775,,Vesu,"Surat, Gujarat","19210|Udhna Railway Station, 19202|T M Patel International School, 19202|White Lotus International School",,,Apartment,Furnished,8,11,North - West,1310,Sq-ft,5 to 10 years,"in You can explore this 2 BHK flat on rent in Vesu Surat. This 2 BHK flat can be availed at the rental price of ₹30,000. The flat is located on the 8 floor which includes 2 bathrooms, 1 balcony, and covers a covered area of 1310 sqft. The apartment is equipped with power back up, reserved parking, security, service/goods lift, air conditioned, intercom facility, ro water system. Visit the apartment at Vesu, Surat, Gujarat .",30000,90000,20000,23,2,,No,No,No,"Air Conditioned, Banquet Hall, Bar/Lounge, Jogging and Strolling Track",True,True,Agent,58,Immediately,2026-03-22T14:22:19.000Z,"Mar 22, '26",True
v3daohOxoBxzpSvf+uAgZw==,Magicbricks,https://www.magicbricks.com/property-details/2-BHK-1320-Sq-ft-Multistorey-Apartment-FOR-Rent-in-Surat&id=4d423739393932373035,2026-04-19 13:52:36,,,,Pramukh Estate,"Surat, Gujarat",,,,Apartment,Semi-Furnished,2,8,East,1320,Sq-ft,5 to 10 years,"If you are searching a 2 BHK apartment for rent in shaligram residancy, check out this amazing rental flat. ₹26,000 is the monthly rent of this 2 BHK flat. The flat is on the 2 floor and includes 2 bathrooms, 1 balcony with a covered area of 1320 sqft. The apartment is equipped with air conditioned.",26000,79000,,20,2,,No,No,No,"Air Conditioned, Banquet Hall, Bar/Lounge, Jogging and Strolling Track",False,True,Agent,64,Immediately,2026-02-21T14:25:54.000Z,"Feb 21, '26",True
T2ZGBK12uD9zpSvf+uAgZw==,Magicbricks,https://www.magicbricks.com/property-details/2-BHK-1250-Sq-ft-Multistorey-Apartment-FOR-Rent-Palan-Pur-Patiya-in-Surat&id=4d423831343137393435,2026-04-19 13:52:36,21.2099842,72.7921003,,Palan Pur Patiya,Pal Guarav Path,,,,Apartment,Furnished,7,14,East,1250,Sq-ft,Less than 5 years,"You can explore this 2 BHK flat on rent in Palan Pur Patiya Surat. The flat is available for rent at a competitive amount of ₹27,000. The residents of the flat have access to additional facilities such as 2 Wardrobe, 2 Bed, 1 TV, Fridge, 1 AC, Sofa, Washing Machine, Dining Table and Gas Connection. The flat is on the 7 floor and includes 2 bathrooms, 1 balcony with a covered area of 1250 sqft. 1 Covered parking space is also available. The property features power back up, reserved parking, security. Visit the flat at Palanpur, Surat, Gujarat .",27000,81000,0,22,2,1 Covered,Yes,Yes,No,Jogging and Strolling Track,True,True,Agent,78,Immediately,2026-03-15T07:29:20.000Z,"Mar 15, '26",True
Il3pwRymvLBzpSvf+uAgZw==,Magicbricks,https://www.magicbricks.com/property-details/2-BHK-1200-Sq-ft-Multistorey-Apartment-FOR-Rent-Palanpur-in-Surat&id=4d423833393839323537,2026-04-19 13:52:36,21.215963,72.770389,,Pooja Real Estate,near raj world palnpur,,,,Apartment,Furnished,5,13,East,1200,Sq-ft,New Construction,"ultra luxurious flat for renr in premium location of palanpur 2 BHK flat is available for rent in Palanpur immediately. ₹32,000 is the monthly rent of this 2 BHK flat. The flat is located on the 5 floor which includes 2 bathrooms, 2 balcony, and covers a carpet area of 600 sqft. Visit the flat at near raj world palnpur, Palanpur, Surat, Gujarat.",32000,,,27,2,,No,No,No,,False,True,Agent,41,Immediately,2026-03-29T17:18:47.000Z,"Mar 29, '26",True
20DbXYmKb+9zpSvf+uAgZw==,Magicbricks,https://www.magicbricks.com/property-details/2-BHK-1250-Sq-ft-Multistorey-Apartment-FOR-Rent-Vesu-in-Surat&id=4d423833393932353937,2026-04-19 13:52:36,21.1447177,72.7717775,,Vesu,"Surat, Gujarat","19210|Udhna Railway Station, 19202|Bhagwan Mahavir College of Engineering Technology, 19202|T M Patel International School",,,Apartment,Furnished,7,13,East,1250,Sq-ft,New Construction,"It has lift, garden, power back up Find 2 BHK flat for rent in Vesu Surat. Available at a rental price of ₹32,000, this 2 BHK flat is worth considering. The residents of the flat have access to additional facilities such as 2 Wardrobe, 2 Bed, Sofa and Dining Table. The apartment is on the 7 floor, has a covered area of 1250 sqft with 2 bathrooms and 1 balcony. 1 Covered parking facility are also available. The apartment comes furnished with power back up, reserved parking. Visit the flat at Vesu, Surat, Gujarat.",32000,96000,,26,2,1 Covered,No,No,No,,True,True,Agent,73,Immediately,2026-03-30T06:59:59.000Z,"Mar 30, '26",True
JSpwzgRS3uFzpSvf+uAgZw==,Magicbricks,https://www.magicbricks.com/property-details/2-BHK-1310-Sq-ft-Multistorey-Apartment-FOR-Rent-Vesu-in-Surat&id=4d423732373635373937,2026-04-19 13:52:36,21.1447177,72.7717775,,Vesu,vesu canal road,"19210|Udhna Railway Station, 19202|Bhagwan Mahavir College of Engineering Technology, 19202|White Lotus International School",,,Apartment,Furnished,9,14,East,1310,Sq-ft,Less than 5 years,"A beautiful 2 BHK flat is available for rent in Vesu. The rent of the 2 BHK flat is ₹36,000. The residents of the flat have access to additional facilities such as 2 Wardrobe, 2 Bed, 1 TV, Fridge, Microwave, 2 AC, Sofa, Washing Machine, Dining Table and Gas Connection. The apartment is on the 9 floor, has a carpet area of 721 sqft with 2 bathrooms and 2 balcony. 1 Covered parking facility are also available. This home provides power back up, reserved parking, security. Visit the apartment at Vesu, Surat Gujrat.",36000,125000,3500,27,2,1 Covered,Yes,No,No,Jogging and Strolling Track,True,True,Agent,80,Immediately,2026-03-05T07:13:49.000Z,"Mar 05, '26",True
worEpOqRnmFzpSvf+uAgZw==,Magicbricks,https://www.magicbricks.com/property-details/2-BHK-1300-Sq-ft-Multistorey-Apartment-FOR-Rent-in-Surat&id=4d423737303139383631,2026-04-19 13:52:36,,,,Nesttigo,"Surat, Gujarat",,,,Apartment,Semi-Furnished,5,12,,1300,Sq-ft,5 to 10 years,"for single person only Find this 2 BHK rental flat in 2bhk fully furnished Surat. The 2 BHK apartment is available at a reasonable rent of ₹35,000. Located on the 5 floor, the flat has 2 bathrooms, 1 balcony in carpet area of 750 sqft. The property features power back up, reserved parking, security, intercom facility.",35000,105000,,27,2,,Yes,No,No,Intercom Facility,True,True,Agent,54,Immediately,2026-04-08T05:41:16.000Z,"Apr 08, '26",True
hNgHHKp3N4hzpSvf+uAgZw==,Magicbricks,https://www.magicbricks.com/property-details/2-BHK-1283-Sq-ft-Multistorey-Apartment-FOR-Rent-Vesu-in-Surat&id=4d423832343637343139,2026-04-19 13:52:36,21.1447177,72.7717775,,Vesu,vesu,"19210|Udhna Railway Station, 19202|Bhagwan Mahavir College of Engineering Technology, 19202|White Lotus International School",,,Apartment,Furnished,9,12,East,1283,Sq-ft,10 to 15 years,"2 BHK flat is available for rent in Vesu immediately. The rent of the 2 BHK flat is ₹26,000. The apartment is on the 9 floor, has a covered area of 1283 sqft with 2 bathrooms and 1 balcony. This unit features power back up, reserved parking, security, air conditioned, intercom facility, ro water system. Visit the apartment at Vesu Main Road, Vesu, Surat, Gujarat .",26000,78000,,20,2,,No,No,No,"Air Conditioned, Banquet Hall, Jogging and Strolling Track, Outdoor Tennis Courts",True,True,Agent,53,Immediately,2026-04-09T04:05:40.000Z,"Apr 09, '26",True
EobPEyUoFmRzpSvf+uAgZw==,Magicbricks,https://www.magicbricks.com/property-details/2-BHK-1500-Sq-ft-Multistorey-Apartment-FOR-Rent-Magdall-Road-in-Surat&id=4d423736373732393933,2026-04-19 13:52:36,21.170447,72.8251531,,Magdall Road,vesu,,,,Apartment,Unfurnished,2,8,,1500,Sq-ft,Less than 5 years,"2 BHK apartment is available on rent in Magdall Road Surat right away. The Rent amount of this 2 BHK apartment is set at an attractive price of ₹30,000. The flat is located on the 2 floor which includes 3 bathrooms, 1 balcony, and covers a carpet area of 1200 sqft. The flat can be visited at vesu, Magdall Road, Surat, Gujarat.",30000,90000,,20,3,,No,No,No,,False,True,Agent,56,Immediately,2026-03-01T07:25:22.000Z,"Mar 01, '26",True
oIIR0yfMANlzpSvf+uAgZw==,Magicbricks,https://www.magicbricks.com/property-details/2-BHK-1275-Sq-ft-Multistorey-Apartment-FOR-Rent-Palanpur-in-Surat&id=4d423830353934383037,2026-04-19 13:52:36,21.215963,72.770389,,Safe & Shine Properties,gauravpath road,,,,Apartment,Semi-Furnished,10,14,East,1275,Sq-ft,New Construction,"new brand Check out this newly constructed 2 BHK flat on rent in the prime location of Palanpur Surat. The multistorey apartment is available at rent of ₹28,000. The apartment is on the 10 floor, has a carpet area of 750 sqft with 2 bathrooms and 1 balcony. The property includes 1 Covered parking. The property has 14 floor and is equipped with Kids play area facilities. The apartment is equipped with power back up, reserved parking, security, intercom facility. The full address of the apartment is Gaurav Path Road, Palanpur, Surat.",28000,85000,0,22,2,1 Covered,No,No,No,"Intercom Facility, Bar/Lounge, Jogging and Strolling Track, Outdoor Tennis Courts",True,True,Agent,80,Immediately,2026-04-17T23:45:20.000Z,Yesterday,True
ekpEWf9j0olzpSvf+uAgZw==,Magicbricks,https://www.magicbricks.com/property-details/2-BHK-1400-Sq-ft-Multistorey-Apartment-FOR-Rent-Jahangirabad-in-Surat&id=4d423833313132363131,2026-04-19 13:52:36,21.216427,72.78212,,Bhumi Property Consultant,"Surat, Gujarat",,,,Apartment,Furnished,5,11,East,1400,Sq-ft,Less than 5 years,"full furnished flat2 bhkrent 26000 2 BHK flat is available for rent in Jahangirabad immediately. Available at a rental price of ₹26,000, this 2 BHK flat is worth considering. Some premium add-on facilities bundled with the flat are 2 Wardrobe, 2 Bed, 1 TV, Fridge, 2 AC, Dining Table and Gas Connection. The apartment is on the 5 floor, has a carpet area of 700 sqft with 2 bathrooms and 1 balcony. There is also facility of 1 Covered parking. The residence includes reserved parking, security. Visit the flat at Jahangirabad, Surat, Gujarat.",26000,78000,500,19,2,1 Covered,No,No,No,,True,True,Agent,73,Immediately,2026-04-18T23:45:31.000Z,Today,True
PwmEEd/A7BxzpSvf+uAgZw==,Magicbricks,https://www.magicbricks.com/property-details/2-BHK-1251-Sq-ft-Multistorey-Apartment-FOR-Rent-Palanpur-in-Surat&id=4d423738383639353139,2026-04-19 13:52:36,21.215963,72.770389,,Universal Property,"Palanpur,Surat",,,,Apartment,Furnished,9,14,East,1251,Sq-ft,New Construction,"UltraLuxurious 2BHK Furnished Flat for RentProperty Type 2BHK, Fully FurnishedLocation Higher Floor with Excellent Wind DirectionFeatures Premium quality furniture, modern interiors, spacious layout, and excellent natural ventilation.Availability Exclusively for Vegetarian FamiliesFor more information or to schedule a visit, please contact me directly.",27000,90000,1,22,2,1 Covered,No,No,No,,False,True,Agent,100,Immediately,2026-03-25T05:43:21.000Z,"Mar 25, '26",True
l3hLUnJK9s9zpSvf+uAgZw==,Magicbricks,https://www.magicbricks.com/property-details/2-BHK-1180-Sq-ft-Multistorey-Apartment-FOR-Rent-Palanpur-in-Surat&id=4d423833383931383531,2026-04-19 13:52:36,21.215963,72.770389,,Sanjay Dalwani,"Nakshatra Embassy Rd, Palanpur, Surat, Gujarat",,,,Apartment,Furnished,10,13,East,1180,Sq-ft,,"2 bhk flat for rent in orchid gardenia surat. 2 BHK apartment is available on rent in Palanpur Surat right away. The apartment is available at an affordable rental price of ₹28,000. 2 Wardrobe, 2 Bed, 1 TV, 2 AC, Sofa, Dining Table and Gas Connection are some of the additional amenities available with the apartment. Located on the 10 floor, the flat has 2 bathrooms, 1 balcony in carpet area of 650 sqft. This home provides power back up, reserved parking, security. Visit the flat at Nakshatra Embassy Rd, Palanpur, Surat, Gujarat .",28000,81000,0,24,2,,No,No,No,,False,True,Agent,84,Immediately,2026-04-16T23:45:22.000Z,"Apr 17, '26",True
es7oIlNDWbJzpSvf+uAgZw==,Magicbricks,https://www.magicbricks.com/property-details/2-BHK-1400-Sq-ft-Multistorey-Apartment-FOR-Rent-Vesu-in-Surat&id=4d423831383238383237,2026-04-19 13:52:36,21.1447177,72.7717775,,Vesu,"Surat, Gujarat","19210|Udhna Railway Station, 19202|T M Patel International School, 19202|White Lotus International School",,,Apartment,Furnished,6,13,East,1400,Sq-ft,5 to 10 years,"2 bhk fully furnished flat for rent in vesu surat A beautiful 2 BHK flat is available for rent in Vesu. You can get this flat at monthly rent of ₹35,000. The apartment is on the 6 floor, has a carpet area of 760 sqft with 2 bathrooms and 2 balcony. The property features power back up, reserved parking, security. Find this apartment at Vesu, Surat, Gujarat .",35000,105000,1,25,2,,Yes,No,No,"Banquet Hall, Outdoor Tennis Courts",True,True,Agent,58,Immediately,2026-04-16T23:45:21.000Z,"Apr 17, '26",True
bK+c+jWCQd5zpSvf+uAgZw==,Magicbricks,https://www.magicbricks.com/property-details/2-BHK-1260-Sq-ft-Multistorey-Apartment-FOR-Rent-Pal-in-Surat&id=4d423830383837313837,2026-04-19 13:52:36,21.1807801,72.7529018,,Pal,"Surat, Gujarat","19202|International Institute Of Management And Technical Studies (Iimt), 19202|Lp Savani International School, 19206|Bellissimo Hub, 19206|Pal. Star World",,,Apartment,Furnished,7,13,East,1260,Sq-ft,Less than 5 years,"Find 2 BHK flat for rent in Pal Surat. The flat is available for rent at a competitive amount of ₹25,500. The flat is on the 7 floor and includes 2 bathrooms, 2 balcony with a covered area of 1260 sqft. This home provides power back up. Visit the apartment at Pal, Surat..",25500,78000,0,20,2,,No,No,No,,True,True,Agent,53,Immediately,2026-04-17T23:45:20.000Z,Yesterday,True
x/k3jpOI7AtzpSvf+uAgZw==,Magicbricks,https://www.magicbricks.com/property-details/2-BHK-1251-Sq-ft-Multistorey-Apartment-FOR-Rent-Palanpur-in-Surat&id=4d423830393237313433,2026-04-19 13:52:36,21.215963,72.770389,,Real Homes Real Estate,"Surat, Gujarat",,,,Apartment,Furnished,4,12,West,1251,Sq-ft,New Construction,"If you are planning to rent a flat, you can consider this 2 BHK flat situated in the prime location of Palanpur. This 2 BHK flat is available at the reasonable rent amount of ₹27,000. The apartment is on the 4 floor, has a covered area of 1251 sqft with 2 bathrooms and 2 balcony. The apartment is equipped with power back up, reserved parking, security, service/goods lift, air conditioned, intercom facility, ro water system. Visit the apartment at F.P.23, T.P.9, Palanpur Canal Road, Near Gaurav Path Road, Surat City, Surat, Gujarat.",27000,81000,0,22,2,,No,No,No,"Air Conditioned, Laundry Service, Banquet Hall, Bar/Lounge",False,True,Agent,70,Immediately,2026-04-17T23:45:20.000Z,Yesterday,True
g1n9gk0DFFBzpSvf+uAgZw==,Magicbricks,https://www.magicbricks.com/property-details/2-BHK-1250-Sq-ft-Multistorey-Apartment-FOR-Rent-Jahangirabad-in-Surat&id=4d423831343138333431,2026-04-19 13:52:36,21.216427,72.78212,,Deepak Daryani,Pal Guarav Path,,,,Apartment,Furnished,8,14,East,1250,Sq-ft,,"If you are planning to rent a flat, you can consider this 2 BHK flat situated in the prime location of Jahangirabad. ₹30,000 is the monthly rent of this 2 BHK flat. Some premium add-on facilities bundled with the flat are 2 Wardrobe, 2 Bed, 1 TV, Fridge, 1 AC, Sofa, Washing Machine, Dining Table and Gas Connection. The flat is located on the 8 floor which includes 2 bathrooms, 1 balcony, and covers a covered area of 1250 sqft. There is also facility of 1 Covered parking. The building has 14 floor and offers Kids Play Pool With Water Slides amenities. The apartment is equipped with power back up, reserved parking, security. This flat is located at BLCOK NO-1 O.P.NO-1 F.P. 1/A, T.P.S.NO-, Surat City, Surat, Gujarat.",30000,90000,0,24,2,1 Covered,Yes,Yes,No,Jogging and Strolling Track,True,True,Agent,75,Immediately,2026-03-15T07:29:20.000Z,"Mar 15, '26",True
trFqBxTy8FNzpSvf+uAgZw==,Magicbricks,https://www.magicbricks.com/property-details/2-BHK-1300-Sq-ft-Multistorey-Apartment-FOR-Rent-Pal-in-Surat&id=4d423830313737353831,2026-04-19 13:52:36,21.1807801,72.7529018,,Pal,gauravpath,"19202|International Institute Of Management And Technical Studies (Iimt), 19202|Seven Steps School, 19206|Pal. Star World, 19206|Bellissimo Hub",,,Apartment,Furnished,9,12,,1300,Sq-ft,New Construction,"Grab the chance to own this affordable 2 BHK flat for rent in the Pal area. This 2 BHK flat can be availed at the rental price of ₹27,000. Some premium add-on facilities bundled with the flat are 2 Bed, Fridge, 2 AC, Sofa and Gas Connection. Located on the 9 floor, the flat has 2 bathrooms, 1 balcony in carpet area of 790 sqft. Find this apartment at gauravpath, Pal, Surat, Gujarat.",27000,90000,0,21,2,,No,No,No,,False,True,Agent,60,Immediately,2026-03-11T07:31:49.000Z,"Mar 11, '26",True
QY7LNHgtAaxzpSvf+uAgZw==,Magicbricks,https://www.magicbricks.com/property-details/2-BHK-1250-Sq-ft-Multistorey-Apartment-FOR-Rent-Vesu-in-Surat&id=4d423834303839333133,2026-04-19 13:52:36,21.1447177,72.7717775,,Vesu,vesu,"19210|Udhna Railway Station, 19202|T M Patel International School, 19202|G.D. Goenka International School",,,Apartment,Furnished,4,12,East,1250,Sq-ft,10 to 15 years,"2 bhk furnished flat for rent in vesu 2 BHK flat is available for rent in Vesu immediately. ₹26,000 is the monthly rent of this 2 BHK flat. Some attractive additional facilities available with the flat are 2 Wardrobe, 2 Bed and Gas Connection. The apartment is on the 4 floor, has a carpet area of 850 sqft with 2 bathrooms and 1 balcony. The property includes 1 Covered parking. The property features power back up, reserved parking, security. The apartment is located at vesu, Vesu, Surat, Gujarat.",26000,80000,0,21,2,1 Covered,No,No,No,,True,True,Agent,95,Immediately,2026-04-05T12:41:00.000Z,"Apr 05, '26",True
NDKI8a9zbMxzpSvf+uAgZw==,Magicbricks,https://www.magicbricks.com/property-details/2-BHK-1310-Sq-ft-Multistorey-Apartment-FOR-Rent-in-Surat&id=4d423831343430373933,2026-04-19 13:52:36,,,,Bhumi Property Consultant,vesu,,,,Apartment,Furnished,4,8,East,1310,Sq-ft,5 to 10 years,"2 BHK, Multistorey Apartment For Rentin vesuu, Surat Find this 2 BHK rental flat in vesuu Surat. This 2 BHK flat is available at the reasonable rent amount of ₹32,000. The flat is on the 4 floor and includes 2 bathrooms, 2 balcony with a carpet area of 800 sqft. There is also facility of 1 Covered, 1 Open parking. The apartment is equipped with power back up, security.",32000,96000,0,24,2,"1 Covered, 1 Open",Yes,No,No,Outdoor Tennis Courts,False,True,Agent,95,Immediately,2026-04-16T23:45:20.000Z,"Apr 17, '26",True
+eTWeheEIoRzpSvf+uAgZw==,Magicbricks,https://www.magicbricks.com/property-details/4-BHK-3800-Sq-ft-Multistorey-Apartment-FOR-Rent-Vesu-in-Surat&id=4d423832303239303839,2026-04-19 13:52:36,21.1447177,72.7717775,,Vesu,"Vesu,Surat","19210|Udhna Railway Station, 19202|Bhagwan Mahavir College of Engineering Technology, 19202|G.D. Goenka International School",,,Apartment,Semi-Furnished,2,12,East,3800,Sq-ft,2005,"It has Swimming Pool, Gymnasium, Creche Day Care, Lounge, Childrens Play Area, Terrace Garden, Park, Banquet Hall, Gazebo Grab the chance to own this affordable 4 BHK flat for rent in the Vesu area. You can get this flat at monthly rent of ₹80,000. Here you can enjoy world class facilities like 4 AC. The flat is located on the 2 floor which includes 3 bathrooms, 1 balcony, and covers a covered area of 3800 sqft. You will also find 1 Covered parking facility. The property features reserved parking. This flat is located at F.P. NO. 50/2, T.P. NO. 5 ( VESU-BHIMRAD), , Surat City, Surat, Gujarat.",80000,240000,,21,3,1 Covered,No,No,No,,True,True,Agent,73,Immediately,2026-04-18T05:08:30.000Z,Yesterday,True
g6iGQm64J0ZzpSvf+uAgZw==,Magicbricks,https://www.magicbricks.com/property-details/4-BHK-2900-Sq-ft-Multistorey-Apartment-FOR-Rent-Vesu-in-Surat&id=4d423635353838363635,2026-04-19 13:52:36,21.1447177,72.7717775,,Vesu,Surat,"19210|Udhna Railway Station, 19202|G.D. Goenka International School, 19202|T M Patel International School",,,Apartment,Furnished,4,11,East,2900,Sq-ft,5 to 10 years,"fully furnished Flet You can avail the 4 BHK flat for rent in the well-known location of Vesu. The 4 BHK apartment is available at a reasonable rent of ₹80,000. The apartment is on the 4 floor, has a carpet area of 1400 sqft with 4 bathrooms and 1 balcony. 2 Covered parking facility are also available. This home provides power back up, reserved parking, security, service/goods lift, air conditioned, intercom facility, ro water system. Visit the flat at Vesu, Surat.",80000,250000,1,28,4,2 Covered,No,No,No,"Air Conditioned, Banquet Hall, Bar/Lounge, Jogging and Strolling Track",False,True,Agent,100,Immediately,2026-04-17T23:45:19.000Z,Yesterday,True
wJgFYK496PxzpSvf+uAgZw==,Magicbricks,https://www.magicbricks.com/property-details/4-BHK-4200-Sq-ft-Multistorey-Apartment-FOR-Rent-Vesu-in-Surat&id=4d423834313930323331,2026-04-19 13:52:36,21.1447177,72.7717775,,Vesu,"Surat, Gujarat","19210|Udhna Railway Station, 19202|G.D. Goenka International School, 19202|White Lotus International School",,,Apartment,Semi-Furnished,8,13,East,4200,Sq-ft,New Construction,"piop light fain ac If you are searching a 4 BHK apartment for rent in Vesu, check out this amazing rental flat. The rent of the 4 BHK flat is ₹80,000. Located on the 8 floor, the flat has 4 bathrooms, 1 balcony in covered area of 4200 sqft. This flat is fitted with power back up, reserved parking, security, service/goods lift, air conditioned, intercom facility, ro water system. This flat is located at T.P.S. NO:-6 (VESU),R.S.NO.:- 247/3/P + 246, , Surat City, Surat, Gujarat.",80000,240000,,19,4,,No,No,No,"Air Conditioned, Banquet Hall, Bar/Lounge, Jogging and Strolling Track",False,True,Agent,71,Immediately,2026-04-11T04:12:11.000Z,"Apr 11, '26",True
GKQbfNSCfzRzpSvf+uAgZw==,Magicbricks,https://www.magicbricks.com/property-details/4-BHK-3065-Sq-ft-Multistorey-Apartment-FOR-Rent-Vesu-in-Surat&id=4d423830383830383037,2026-04-19 13:52:36,21.1447177,72.7717775,,Vesu,"Surat, Gujarat","19210|Udhna Railway Station, 19202|Bhagwan Mahavir College of Engineering Technology, 19202|T M Patel International School",,,Apartment,Furnished,5,12,,3065,Sq-ft,New Construction,"A beautiful 4 BHK flat is available for rent in Vesu. The 4 BHK apartment is available at a reasonable rent of ₹1 Lac. The flat is located on the 5 floor which includes 5 bathrooms, 1 balcony, and covers a covered area of 3065 sqft. This unit features power back up, reserved parking. You can visit the flat at Vesu, Surat, Gujarat.",100000,,,33,5,,No,No,No,,False,True,Agent,64,Immediately,2026-04-04T05:50:08.000Z,"Apr 04, '26",True
EwuEIELjDMJzpSvf+uAgZw==,Magicbricks,https://www.magicbricks.com/property-details/4-BHK-4000-Sq-ft-Multistorey-Apartment-FOR-Rent-Vesu-in-Surat&id=4d423833343036323835,2026-04-19 13:52:36,21.1447177,72.7717775,,Vesu,"Surat, Gujarat","19210|Udhna Railway Station, 19202|T M Patel International School, 19202|White Lotus International School",,,Apartment,Furnished,8,12,North,4000,Sq-ft,New Construction,"You can avail the 4 BHK flat for rent in the well-known location of Vesu. The Rent amount of this 4 BHK apartment is set at an attractive price of ₹90,000. The flat is on the 8 floor and includes 4 bathrooms, 1 balcony with a carpet area of 3000 sqft. Find this apartment at 135, VIP Road, Surat, Gujarat .",90000,,,22,4,,No,No,No,,False,True,Agent,58,Immediately,2026-02-21T01:30:27.000Z,"Feb 21, '26",True
494STbYLKmlzpSvf+uAgZw==,Magicbricks,https://www.magicbricks.com/property-details/4-BHK-3850-Sq-ft-Multistorey-Apartment-FOR-Rent-Vesu-in-Surat&id=4d423739333831353239,2026-04-19 13:52:36,21.1447177,72.7717775,,Vesu,"VIP Road, Vesu,Surat","19210|Udhna Railway Station, 19202|Bhagwan Mahavir College of Engineering Technology, 19202|White Lotus International School",,,Apartment,Unfurnished,3,12,East,3850,Sq-ft,New Construction,"4 BHK Flat For Rent3850 Sq.Ft Super AreaSpecious Deck balconyAll Modern AmenitiesVIP Main Road, Surat. If you are planning to rent a flat, you can consider this 4 BHK flat situated in the prime location of Vesu. You can get this flat at monthly rent of ₹80,000. Located on the 3 floor, the flat has 4 bathrooms, 3 balcony in carpet area of 2117 sqft. The property includes 3 Covered parking. This home provides power back up, reserved parking, security. This flat is located at F.P. NO. 50/2, T.P. NO. 5 ( VESU-BHIMRAD), , Surat City, Surat, Gujarat.",80000,240000,3,21,4,3 Covered,Yes,No,No,Jogging and Strolling Track,False,True,Agent,95,Immediately,2026-04-14T04:58:48.000Z,"Apr 14, '26",True
L9KtAkbHLdVzpSvf+uAgZw==,Magicbricks,https://www.magicbricks.com/property-details/4-BHK-2020-Sq-ft-Multistorey-Apartment-FOR-Rent-Pal-in-Surat&id=4d423832393535353131,2026-04-19 13:52:36,21.1807801,72.7529018,,Pal,pal,"19202|Seven Steps School, 19202|Gajera Global School, 19206|Bellissimo Hub, 19206|Pal. Star World",,,Apartment,Furnished,4,12,South -West,,,5 to 10 years,"Multistory apartment is available for rent. It is a good location. Please contact for more details. Grab the chance to own this affordable 4 BHK flat for rent in the Pal area. The apartment is available at an affordable rental price of ₹85,000. Located on the 4 floor, the flat has 4 bathrooms, 1 balcony in carpet area of 2020 sqft. This unit features power back up, reserved parking, security, service/goods lift, air conditioned, intercom facility, ro water system. Find this apartment at Opposite To Green City Gold Apartments,Next to Blu Trio Commercial Hub,Near Star World,Baghban Circl.",85000,300000,5000,,4,,No,No,No,"Air Conditioned, Laundry Service, Banquet Hall, Outdoor Tennis Courts",False,True,Agent,78,Immediately,2026-04-04T05:33:24.000Z,"Apr 04, '26",True
MoyWISbhyqdzpSvf+uAgZw==,Magicbricks,https://www.magicbricks.com/property-details/4-BHK-2753-Sq-ft-Multistorey-Apartment-FOR-Rent-Vesu-in-Surat&id=4d423833363633393437,2026-04-19 13:52:36,21.1447177,72.7717775,,Vesu,"Vesu,Surat","19210|Udhna Railway Station, 19202|G.D. Goenka International School, 19202|Bhagwan Mahavir College of Engineering Technology",,,Apartment,Furnished,3,11,East,2753,Sq-ft,5 to 10 years,"You can avail the 4 BHK flat for rent in the well-known location of Vesu. The rent of the 4 BHK flat is ₹1 Lac. Live in this lovely flat and get access to various useful facilities such as 4 Wardrobe, 4 Bed, 1 TV, Fridge, 4 AC, Sofa, Washing Machine, Dining Table and Gas Connection. The apartment is on the 3 floor, has a carpet area of 1387 sqft with 4 bathrooms and 1 balcony. You will also find 1 Covered, 1 Open parking facility. This unit is designed with power back up, reserved parking, security. Visit the apartment at Vesu, Surat.",100000,400000,5489,36,4,"1 Covered, 1 Open",Yes,Yes,No,Jogging and Strolling Track,True,True,Agent,80,Immediately,2026-03-16T06:55:19.000Z,"Mar 16, '26",True
xjnkGURnPwlzpSvf+uAgZw==,Magicbricks,https://www.magicbricks.com/property-details/4-BHK-3636-Sq-ft-Multistorey-Apartment-FOR-Rent-Vesu-in-Surat&id=4d423832353635373235,2026-04-19 13:52:36,21.1447177,72.7717775,,Vesu,vip road,"19210|Udhna Railway Station, 19202|White Lotus International School, 19202|Bhagwan Mahavir College of Engineering Technology",,,Apartment,Unfurnished,8,11,East,3636,Sq-ft,New Construction,"vip road near this project available for the location or contact Find 4 BHK flat for rent in Vesu Surat. The multistorey apartment is available at rent of ₹75,000. The apartment is on the 8 floor, has a carpet area of 2000 sqft with 4 bathrooms and 1 balcony. The residence includes power back up, reserved parking, security, visitor parking. The flat can be visited at Moje:Vesu, Tal.:Surat City, District: Surat, Surat City, Surat, Gujarat,.",75000,,,21,4,,Yes,No,No,"Visitor Parking, Jogging and Strolling Track",True,True,Agent,81,Immediately,2026-04-08T05:24:27.000Z,"Apr 08, '26",True
k/XIIZ8WngRzpSvf+uAgZw==,Magicbricks,https://www.magicbricks.com/property-details/4-BHK-3450-Sq-ft-Multistorey-Apartment-FOR-Rent-Vesu-in-Surat&id=4d423832343632353733,2026-04-19 13:52:36,21.1447177,72.7717775,,Vesu,vesu,"19210|Udhna Railway Station, 19202|White Lotus International School, 19202|Bhagwan Mahavir College of Engineering Technology",,,Apartment,Unfurnished,8,12,East,3450,Sq-ft,Less than 5 years,"Grab the chance to own this affordable 4 BHK flat for rent in the Vesu area. The apartment is available at an affordable rental price of ₹75,000. Located on the 8 floor, the flat comprises 4 bathrooms, 1 balcony, and has a covered area of 3450 sqft. This home provides power back up, reserved parking, security, service/goods lift, air conditioned, intercom facility, ro water system. Visit the flat at F.P. NO. 50/2, T.P. NO. 5 ( VESU-BHIMRAD), , Surat City, Surat, Gujarat.",75000,225000,,22,4,,No,No,No,"Air Conditioned, Banquet Hall, Bar/Lounge, Jogging and Strolling Track",True,True,Agent,53,Immediately,2026-04-09T04:07:24.000Z,"Apr 09, '26",True
CkUBRTcgJfhzpSvf+uAgZw==,Magicbricks,https://www.magicbricks.com/property-details/4-BHK-2753-Sq-ft-Multistorey-Apartment-FOR-Rent-Vesu-in-Surat&id=4d423635353236393439,2026-04-19 13:52:36,21.1447177,72.7717775,,Vesu,"Vesu,Surat","19210|Udhna Railway Station, 19202|G.D. Goenka International School, 19202|T M Patel International School",,,Apartment,Furnished,1,1,East,2753,Sq-ft,Less than 5 years,"Happy golrious near vastugram vesu. You can avail the 4 BHK flat for rent in the well-known location of Vesu. You can get this flat at monthly rent of ₹80,000. Additional amenities available with the flat are 4 Wardrobe, 4 Bed, 1 TV, Fridge, 4 AC, Sofa, Washing Machine, Dining Table and Gas Connection. The apartment is on the 1 floor, has a carpet area of 1400 sqft with 4 bathrooms and 1 balcony. You will also find 2 Covered parking facility. This property offers power back up, reserved parking, security. You can visit the flat at Vesu, Surat.",80000,240000,1,29,4,2 Covered,Yes,Yes,No,Jogging and Strolling Track,True,True,Agent,98,Immediately,2026-03-20T11:04:20.000Z,"Mar 20, '26",True
wOEJAkjLdh9zpSvf+uAgZw==,Magicbricks,https://www.magicbricks.com/property-details/4-BHK-4000-Sq-ft-Multistorey-Apartment-FOR-Rent-Palanpur-in-Surat&id=4d423834303338383735,2026-04-19 13:52:36,21.215963,72.770389,,Thakkar Skyline Real Estate,"Gaurav Path Road , Palanpur",,,,Apartment,Furnished,6,14,East,4000,Sq-ft,Less than 5 years,"4 BHK Fully Furnished Ultra Luxurious Flat For Rent with all the premium amenities available If you are searching a 4 BHK apartment for rent in Palanpur, check out this amazing rental flat. The 4 BHK apartment is available at a reasonable rent of ₹1 Lac. The flat is located on the 6 floor which includes 4 bathrooms, 4 balcony, and covers a carpet area of 2500 sqft. There is also facility of 1 Covered parking. The residence includes power back up, reserved parking, security. Visit the flat at Gaurav Path Road , Palanpur, Palanpur, Surat, Gujarat.",100000,300000,1,25,4,1 Covered,No,No,No,,True,True,Agent,80,Immediately,2026-04-02T09:25:48.000Z,"Apr 02, '26",True
c5gMsl7laoVzpSvf+uAgZw==,Magicbricks,https://www.magicbricks.com/property-details/4-BHK-3800-Sq-ft-Multistorey-Apartment-FOR-Rent-Dumas-Road-in-Surat&id=4d423830373434333031,2026-04-19 13:52:36,21.1378068259953,72.7505612386718,,Dumas Road,"Dumas Road,Surat","19201|Gidc Katagram, 19202|Scholar English Academy School, 19202|Lourdes Convent High School, 19206|Canopus Mall, 19206|Surat Central, 19209|Surat International Airport",,,Apartment,Unfurnished,5,12,East,3800,Sq-ft,5 to 10 years,Vastu Luxuria provides a turnkey solution to all your lifes requirements. Right from keeping you fit to looking after your health and even injecting that necessary dose of luck.Vastu Luxuria is truly the answer to all your dreams of a sweet home and happy heart.Use of vastu in building the dream homes is aimed at add in the luck on prosperity factor into your luxuries life.,75000,225000,,20,4,3 Covered,No,No,No,,True,True,Agent,78,Immediately,2026-04-18T23:45:32.000Z,Today,True
TnGmg/pg0OlzpSvf+uAgZw==,Magicbricks,https://www.magicbricks.com/property-details/4-BHK-3500-Sq-ft-Multistorey-Apartment-FOR-Rent-Vesu-in-Surat&id=4d423833393436373835,2026-04-19 13:52:36,21.1447177,72.7717775,,Vesu,"Surat, Gujarat","19210|Udhna Railway Station, 19202|Bhagwan Mahavir College of Engineering Technology, 19202|White Lotus International School",,,Apartment,Furnished,5,10,,3500,Sq-ft,Less than 5 years,"Find this 4 BHK rental flat in Vesu Surat. The rent of the 4 BHK flat is ₹80,000. Located on the 5 floor, the flat comprises 4 bathrooms, 3 balcony, and has a carpet area of 2000 sqft. This unit features power back up, reserved parking, security, service/goods lift, air conditioned, intercom facility, ro water system. Find this apartment at Canal Rd, Vesu, Surat, Gujarat.",80000,,,23,4,,No,No,No,"Air Conditioned, Banquet Hall, Bar/Lounge, Jogging and Strolling Track",True,True,Agent,38,Immediately,2026-03-26T06:54:38.000Z,"Mar 26, '26",True
JXMb5FgL4u5zpSvf+uAgZw==,Magicbricks,https://www.magicbricks.com/property-details/4-BHK-4200-Sq-ft-Multistorey-Apartment-FOR-Rent-Vesu-in-Surat&id=4d423834323836303831,2026-04-19 13:52:36,21.1447177,72.7717775,,Vesu,"Surat, Gujarat","19210|Udhna Railway Station, 19202|White Lotus International School, 19202|T M Patel International School",,,Apartment,Unfurnished,5,12,East,4200,Sq-ft,Less than 5 years,"It has Gymnasium, Creche Day Care, Childrens Play Area, Park, Banquet Hall, Gazebo, Jogging Track, Badminton Court, Cricket Pitch You can explore this 4 BHK flat on rent in Vesu Surat. The flat is available for rent at a competitive amount of ₹80,000. Located on the 5 floor, the flat has 4 bathrooms, 1 balcony in covered area of 4200 sqft. You will also find 1 Covered parking facility. The residence includes reserved parking. Find this apartment at Vesu, Surat, Gujarat.",80000,240000,,19,4,1 Covered,Yes,Yes,No,Jogging and Strolling Track,True,True,Agent,77,Immediately,2026-04-17T11:24:17.000Z,"Apr 17, '26",True
v0hq9SaABqxzpSvf+uAgZw==,Magicbricks,https://www.magicbricks.com/property-details/4-BHK-3250-Sq-ft-Multistorey-Apartment-FOR-Rent-in-Surat&id=4d423832323234323135,2026-04-19 13:52:36,,,,1 Clik Property,"Surat, Gujarat",,,,Apartment,Furnished,10,13,East,3250,Sq-ft,Less than 5 years,"If you are searching a 4 BHK apartment for rent in vesuu, check out this amazing rental flat. This 4 BHK flat can be availed at the rental price of ₹90,000. The flat is located on the 10 floor which includes 4 bathrooms, 3 balcony, and covers a covered area of 3250 sqft. This flat is fitted with power back up, reserved parking, security, intercom facility.",90000,270000,0,28,4,,No,No,No,"Laundry Service, Internet/Wi-Fi Connectivity, Banquet Hall, Jogging and Strolling Track",True,True,Agent,53,Immediately,2026-04-17T23:45:19.000Z,Yesterday,True
OT7ve2Tw/GRzpSvf+uAgZw==,Magicbricks,https://www.magicbricks.com/property-details/4-BHK-3800-Sq-ft-Multistorey-Apartment-FOR-Rent-Vesu-in-Surat&id=4d423834313931303131,2026-04-19 13:52:36,21.1447177,72.7717775,,Vesu,"Vesu, Surat","19210|Udhna Railway Station, 19202|G.D. Goenka International School, 19202|T M Patel International School",,,Apartment,Semi-Furnished,6,13,East,3800,Sq-ft,Less than 5 years,"piop light fain ac You can explore this 4 BHK flat on rent in Vesu Surat. The rent of the 4 BHK flat is ₹80,000. The apartment is on the 6 floor, has a covered area of 3800 sqft with 4 bathrooms and 2 balcony. The building includes 13 floor and supports Kids play area living. This unit features power back up, reserved parking, security, air conditioned, intercom facility, ro water system. Visit the apartment at Vesu, Surat Gujrat.",80000,240000,,21,4,,No,No,No,"Air Conditioned, Banquet Hall, Bar/Lounge, Jogging and Strolling Track",False,True,Agent,73,Immediately,2026-04-11T05:29:44.000Z,"Apr 11, '26",True
niAZNkxzMg5zpSvf+uAgZw==,Magicbricks,https://www.magicbricks.com/property-details/4-BHK-4500-Sq-ft-Multistorey-Apartment-FOR-Rent-Athwa-in-Surat&id=4d423833343132383535,2026-04-19 13:52:36,21.1709816,72.7775803,,Athwa,"Surat, Gujarat","19202|Sarvajanik College of Engineering Technology, 19202|Sardar Vallabhbhai National Institute of Technology, 19206|PVR Rahul Raj Mall",,,Apartment,Furnished,11,13,North,4500,Sq-ft,New Construction,"Grab the chance to own this affordable 4 BHK flat for rent in the Athwa area. You can get this flat at monthly rent of ₹99,000. The flat is located on the 11 floor which includes 4 bathrooms, 2 balcony, and covers a carpet area of 3900 sqft. Find this apartment at Jivkor Nagar, Jeevkar Nagar, Athwa, Surat, Gujarat .",99000,,,22,4,,No,No,No,,False,True,Agent,58,Immediately,2026-02-22T01:30:22.000Z,"Feb 22, '26",True
flqGSLo0Le5zpSvf+uAgZw==,Magicbricks,https://www.magicbricks.com/property-details/4-BHK-3900-Sq-ft-Multistorey-Apartment-FOR-Rent-Vesu-in-Surat&id=4d423739393933323037,2026-04-19 13:52:36,21.1447177,72.7717775,,Vesu,"Vesu Main Road, Surat.","19210|Udhna Railway Station, 19202|G.D. Goenka International School, 19202|White Lotus International School",,,Apartment,Unfurnished,9,10,East,3900,Sq-ft,5 to 10 years,"4 BHK Flat For Rent3900 Sq.Ft Super AreaFully FurnishedUnion ResidencyServant RoomAll Exclusive AmenitiesVesu Main Road, Surat. You can explore this 4 BHK flat on rent in Vesu Surat. The multistorey apartment is available at rent of ₹75,000. The residents of the flat have access to additional facilities such as 4 Wardrobe, 4 Bed, 1 TV, Microwave, 4 AC, Sofa, Dining Table and Gas Connection. The flat is on the 9 floor and includes 5 bathrooms, 3 balcony with a carpet area of 2145 sqft. You will also find 2 Covered parking facility. This unit is designed with power back up, reserved parking, security. This flat is located at Vesu Main Road, Surat., Vesu, Surat, Gujarat.",75000,225000,2,19,5,2 Covered,Yes,No,No,Jogging and Strolling Track,False,True,Agent,100,Immediately,2026-04-14T05:21:28.000Z,"Apr 14, '26",True
6vHPk2HBsnBzpSvf+uAgZw==,Magicbricks,https://www.magicbricks.com/property-details/4-BHK-3840-Sq-ft-Multistorey-Apartment-FOR-Rent-Vesu-in-Surat&id=4d423833393037393339,2026-04-19 13:52:36,21.1447177,72.7717775,,Vesu,"Vesu,Surat","19210|Udhna Railway Station, 19202|G.D. Goenka International School, 19202|T M Patel International School",,,Apartment,Unfurnished,5,12,East,3840,Sq-ft,New Construction,"If you are searching a 4 BHK apartment for rent in Vesu, check out this amazing rental flat. You can get this flat at monthly rent of ₹72,000. Located on the 5 floor, the flat has 4 bathrooms, 1 balcony in carpet area of 1894 sqft. The property includes 1 Covered, 1 Open parking. The residence includes power back up, reserved parking, security. Visit the flat at vesu main road near abhva, chokdi, Surat, Abhva, Gujarat.",72000,250000,7195,19,4,"1 Covered, 1 Open",Yes,No,No,Jogging and Strolling Track,False,True,Agent,95,Immediately,2026-03-23T07:34:08.000Z,"Mar 23, '26",True
16cOqahS1bVzpSvf+uAgZw==,Magicbricks,https://www.magicbricks.com/property-details/4-BHK-4700-Sq-ft-Multistorey-Apartment-FOR-Rent-Vesu-in-Surat&id=4d423833303532323533,2026-04-19 13:52:36,21.1447177,72.7717775,,Vesu,canal road,"19210|Udhna Railway Station, 19202|Bhagwan Mahavir College of Engineering Technology, 19202|G.D. Goenka International School",,,Apartment,Unfurnished,12,13,,4700,Sq-ft,New Construction,"4 BHK flat is available for rent in Vesu immediately. You can get this flat at monthly rent of ₹90,000. Located on the 12 floor, the flat comprises 4 bathrooms, 2 balcony, and has a carpet area of 2500 sqft. This unit is designed with reserved parking. The apartment is located at T.P.S. NO:-6 (VESU),R.S.NO.:- 247/3/P + 246, , Surat City, Surat, Gujarat.",90000,,,19,4,,No,No,No,Laundry Service,True,True,Agent,67,Immediately,2026-04-08T05:23:11.000Z,"Apr 08, '26",True
Oop9QIpOKJpzpSvf+uAgZw==,Magicbricks,https://www.magicbricks.com/property-details/4-BHK-4200-Sq-ft-Multistorey-Apartment-FOR-Rent-Vesu-in-Surat&id=4d423833343938353233,2026-04-19 13:52:36,21.1447177,72.7717775,,Vesu,"Surat, Gujarat","19210|Udhna Railway Station, 19202|White Lotus International School, 19202|Bhagwan Mahavir College of Engineering Technology",,,Apartment,Semi-Furnished,4,12,West,4200,Sq-ft,5 to 10 years,"It has gym, lift, power back up, security You can avail the 4 BHK flat for rent in the well-known location of Vesu. The 4 BHK apartment is available at a reasonable rent of ₹80,000. Get access to smart facilities such as 4 AC simply by choosing this flat for rent. The flat is on the 4 floor and includes 4 bathrooms, 1 balcony with a covered area of 4200 sqft. You will also find 2 Covered parking facility. This unit is designed with power back up, security. The address is Vesu, Surat, Gujarat.",80000,240000,,19,4,2 Covered,No,No,No,,True,True,Agent,68,Immediately,2026-02-21T06:33:48.000Z,"Feb 21, '26",True
fDVNu3qKT45zpSvf+uAgZw==,Magicbricks,https://www.magicbricks.com/property-details/4-BHK-3500-Sq-ft-Multistorey-Apartment-FOR-Rent-in-Surat&id=4d423832323234323633,2026-04-19 13:52:36,,,,1 Clik Property,"Surat, Gujarat",,,,Apartment,Furnished,10,13,East,3500,Sq-ft,Less than 5 years,"4 BHK apartment is available on rent in vip roadd Surat right away. The rent of the 4 BHK flat is ₹90,000. Located on the 10 floor, the flat comprises 4 bathrooms, 2 balcony, and has a covered area of 3500 sqft. The apartment is equipped with power back up, reserved parking, security, intercom facility.",90000,270000,0,26,4,,No,No,No,"Laundry Service, Internet/Wi-Fi Connectivity, Banquet Hall, Jogging and Strolling Track",True,True,Agent,53,Immediately,2026-04-17T23:45:19.000Z,Yesterday,True
vcryxQdKrIFzpSvf+uAgZw==,Magicbricks,https://www.magicbricks.com/property-details/4-BHK-3636-Sq-ft-Multistorey-Apartment-FOR-Rent-Vesu-in-Surat&id=4d423834313537313939,2026-04-19 13:52:36,21.1447177,72.7717775,,Vesu,vip road,"19210|Udhna Railway Station, 19202|Bhagwan Mahavir College of Engineering Technology, 19202|White Lotus International School",,,Apartment,Semi-Furnished,7,12,East,3636,Sq-ft,Less than 5 years,"Find 4 BHK flat for rent in Vesu Surat. ₹75,000 is the monthly rent of this 4 BHK flat. Located on the 7 floor, the flat comprises 4 bathrooms, 2 balcony, and has a covered area of 3636 sqft. This property offers power back up, reserved parking, security, air conditioned, intercom facility. The flat can be visited at Moje:Vesu, Tal.:Surat City, District: Surat, Surat City, Surat, Gujarat,.",75000,225000,,21,4,,No,No,No,"Air Conditioned, Intercom Facility, Internet/Wi-Fi Connectivity, Banquet Hall",True,True,Agent,53,Immediately,2026-04-09T07:20:23.000Z,"Apr 09, '26",True
NsuNEy4Lod1zpSvf+uAgZw==,Magicbricks,https://www.magicbricks.com/property-details/4-BHK-5600-Sq-ft-Multistorey-Apartment-FOR-Rent-Vesu-in-Surat&id=4d423833353532373033,2026-04-19 13:52:36,21.1447177,72.7717775,,Vesu,"Surat, Gujarat","19210|Udhna Railway Station, 19202|T M Patel International School, 19202|Bhagwan Mahavir College of Engineering Technology",,,Apartment,Semi-Furnished,7,13,East,5600,Sq-ft,New Construction,"Grab the chance to own this affordable 4 BHK flat for rent in the Vesu area. The multistorey apartment is available at rent of ₹1 Lac. The flat is on the 7 floor and includes 4 bathrooms, 1 balcony with a carpet area of 4500 sqft. This unit features power back up, reserved parking, security, visitor parking. You can visit the flat at Moje:Vesu, Tal.:Surat City, District: Surat, Surat City, Surat, Gujarat,.",100000,,,18,4,,Yes,No,No,"Visitor Parking, Jogging and Strolling Track",True,True,Agent,58,Immediately,2026-02-26T07:01:32.000Z,"Feb 26, '26",True
T2nhhmMs6UJzpSvf+uAgZw==,Magicbricks,https://www.magicbricks.com/property-details/4-BHK-5175-Sq-ft-Multistorey-Apartment-FOR-Rent-Piplod-in-Surat&id=4d423834313933393935,2026-04-19 13:52:36,21.1610353,72.7762099,,Piplod,Nr.lalbhai stadium,"19201|Gidc Icchapore, 19201|Software Technology Parks Of India (Stpi), 19202|Jh Ambani High School, 19202|Radiant English Academy, 19206|Central Mall, 19206|Vr Surat",,,Apartment,Furnished,7,13,North,5175,Sq-ft,Less than 5 years,"4 BHK Spacious Flat For Rent5175 Sq.Ft Super AreaAll Modern AmenitiesFurnished 2 Room Bed Cupboard and Dinning and sofa zula washing machine and fridge 5 AC You can explore this 4 BHK flat on rent in Piplod Surat. You can get this flat at monthly rent of ₹1 Lac. Here you can enjoy world class facilities like 2 Wardrobe, 2 Bed, Fridge, 2 AC, Sofa, Washing Machine, Dining Table and Gas Connection. The flat is on the 7 floor and includes 4 bathrooms, 1 balcony with a carpet area of 2846 sqft. The property includes 3 Covered parking. This flat is fitted with power back up, reserved parking, security. The address is KPM Terra Prime, Vesu, Big Bazzar Lane, opp. Bhartimaiya School, Piplod, Surat, Gujarat .",100000,300000,3,19,4,3 Covered,Yes,Yes,No,Jogging and Strolling Track,False,True,Agent,98,Immediately,2026-04-11T07:46:00.000Z,"Apr 11, '26",True
8PAtVKBaelNzpSvf+uAgZw==,Magicbricks,https://www.magicbricks.com/property-details/4-BHK-3285-Sq-ft-Multistorey-Apartment-FOR-Rent-Vesu-in-Surat&id=4d423732303938393833,2026-04-19 13:52:36,21.1447177,72.7717775,,Vesu,"Canal Rd, Vesu, Surat, Gujarat","19210|Udhna Railway Station, 19202|G.D. Goenka International School, 19202|T M Patel International School",,,Apartment,Furnished,2,12,North,3285,Sq-ft,5 to 10 years,"Grab the chance to own this affordable 4 BHK flat for rent in the Vesu area. ₹85,000 is the monthly rent of this 4 BHK flat. Some added-on facilities available with the flat are 4 Wardrobe, 4 Bed, 2 AC, Sofa, Dining Table and Gas Connection. Located on the 2 floor, the flat comprises 4 bathrooms, 1 balcony, and has a carpet area of 1805 sqft. The property includes 1 Covered parking. The property features reserved parking, security. You can visit the flat at Canal Rd, Vesu, Surat, Gujarat.",85000,210000,5000,26,4,1 Covered,No,No,No,,False,True,Agent,95,Immediately,2026-03-16T06:55:20.000Z,"Mar 16, '26",True
dkWNATyc1UVzpSvf+uAgZw==,Magicbricks,https://www.magicbricks.com/property-details/4-BHK-4200-Sq-ft-Multistorey-Apartment-FOR-Rent-Vesu-in-Surat&id=4d423834303131393435,2026-04-19 13:52:36,21.1447177,72.7717775,,Vesu,swar sangini,"19210|Udhna Railway Station, 19202|T M Patel International School, 19202|Bhagwan Mahavir College of Engineering Technology",,,Apartment,Semi-Furnished,5,12,West,4200,Sq-ft,5 to 10 years,"You can avail the 4 BHK flat for rent in the well-known location of Vesu. This 4 BHK flat is available at the reasonable rent amount of ₹80,000. 4 AC and Gas Connection are some of the additional amenities available with the apartment. Located on the 5 floor, the flat comprises 4 bathrooms, 1 balcony, and has a carpet area of 2520 sqft. 2 Covered, 1 Open parking facility are also available. This home provides reserved parking. Visit the apartment at swar sangini, Vesu, Surat, Gujarat.",80000,240000,,19,4,"2 Covered, 1 Open",No,No,No,,True,True,Agent,75,Immediately,2026-03-31T13:23:19.000Z,"Mar 31, '26",True
+Rd5U9zZsSpzpSvf+uAgZw==,Magicbricks,https://www.magicbricks.com/property-details/4-BHK-3125-Sq-ft-Multistorey-Apartment-FOR-Rent-Vesu-in-Surat&id=4d423834313631393231,2026-04-19 13:52:36,21.1447177,72.7717775,,Vesu,happy hallmark,"19210|Udhna Railway Station, 19202|G.D. Goenka International School, 19202|T M Patel International School",,,Apartment,Semi-Furnished,7,13,East,3125,Sq-ft,New Construction,"Check out this newly constructed 4 BHK flat on rent in the prime location of Vesu Surat. The 4 BHK apartment is available at a reasonable rent of ₹75,000. The apartment is on the 7 floor, has a carpet area of 2896 sqft with 4 bathrooms and 1 balcony. This flat is fitted with power back up, reserved parking, security, air conditioned, intercom facility, ro water system. The address is vesu main road near abhva, chokdi, Surat, Abhva, Gujarat.",75000,225000,,24,4,,No,No,No,"Air Conditioned, Banquet Hall, Bar/Lounge, Jogging and Strolling Track",True,True,Agent,55,Immediately,2026-04-09T10:00:58.000Z,"Apr 09, '26",True
VzkRn9lRpDRzpSvf+uAgZw==,Magicbricks,https://www.magicbricks.com/property-details/4-BHK-4500-Sq-ft-Multistorey-Apartment-FOR-Rent-Piplod-in-Surat&id=4d423732313730303631,2026-04-19 13:52:36,21.1610353,72.7762099,,Piplod,"KPM Terra Prime, Vesu, Big Bazzar Lane, opp. Bhartimaiya School, Piplod, Surat, Gujarat","19201|Gidc Icchapore, 19201|Software Technology Parks Of India (Stpi), 19202|Jh Ambani High School, 19202|Radiant English Academy, 19206|Vr Surat, 19206|Rahulraj Mall",,,Apartment,Unfurnished,5,12,North,4500,Sq-ft,New Construction,"Vardan KPM Terra prime Piplod has 6 towers, with 13 floors each and 165 units on offer. Spread over an area of 4.75 acres, Vardan KPM Terra prime is one of the spacious housing societies in the Surat region. With all the basic amenities available, Vardan KPM Terra prime fits into your budget and your lifestyle.",75000,180000,4500,17,4,1 Covered,Yes,No,Yes,Jogging and Strolling Track,False,True,Agent,95,Immediately,2026-03-17T06:33:16.000Z,"Mar 17, '26",True
FynODR7ETvRzpSvf+uAgZw==,Magicbricks,https://www.magicbricks.com/property-details/3-BHK-1200-Sq-ft-Multistorey-Apartment-FOR-Rent-in-Surat&id=4d423739313436393035,2026-04-19 13:52:36,,,,Dharmesh manharlal Desai,opp st Xaviers school near Adarsh society ghoddod road,,,,Apartment,Unfurnished,1,3,,,,Above 20 years,"Grab the chance to own this affordable 3 BHK flat for rent in the Panchvati apartment 2 area. The rent of the 3 BHK flat is ₹23,000. The flat is located on the 1 floor which includes 2 bathrooms, 2 balcony, and covers a carpet area of 1200 sqft. This 3 BHK rental flat comes with no brokerage fees.",23000,75000,800,,2,,No,No,No,,False,False,Owner,36,Immediately,2026-04-07T21:32:04.000Z,"Apr 08, '26",True
1XN+v6ola6BzpSvf+uAgZw==,Magicbricks,https://www.magicbricks.com/property-details/3-BHK-1658-Sq-ft-Multistorey-Apartment-FOR-Rent-Pal-in-Surat&id=4d423833393837303735,2026-04-19 13:52:36,21.1807801,72.7529018,,Pal,"Green City , Pal, Adajan, Surat","19202|International Institute Of Management And Technical Studies (Iimt), 19202|Seven Steps School, 19206|Bellissimo Hub, 19206|Pal. Star World",,,Apartment,Semi-Furnished,6,15,West,1658,Sq-ft,10 to 15 years,"Best Society on Main Road of Gaurav Path Find this 3 BHK rental flat in Pal Surat. This 3 BHK flat can be availed at the rental price of ₹25,000. The flat is on the 6 floor and includes 3 bathrooms, 1 balcony with a carpet area of 1160 sqft. The apartment comes furnished with power back up, reserved parking, security, service/goods lift, intercom facility. Visit the flat at PAL, Surat Gujrat. The brokerage amount of the 3 BHK apartment is zero.",25000,,,15,3,,Yes,No,No,"Service/Goods Lift, Laundry Service, Banquet Hall, Jogging and Strolling Track",False,False,Owner,56,Immediately,2026-03-29T11:50:51.000Z,"Mar 29, '26",True
Pqp+UG+QX2pzpSvf+uAgZw==,Magicbricks,https://www.magicbricks.com/property-details/3-BHK-1600-Sq-ft-Multistorey-Apartment-FOR-Rent-in-Surat&id=4d423834323930383037,2026-04-19 13:52:36,,,,dinesh laxmanbhai,"Surat, Gujarat",,,,Apartment,Semi-Furnished,2,10,,1600,Sq-ft,,"Find this 3 BHK rental flat in City centre residency Surat. The flat is available for rent at a competitive amount of ₹20,000. This 3 BHK apartment ad is listed by the owner, so there is no brokerage fee.",20000,,,12,3,,No,No,No,,False,False,Owner,28,Select Date,2026-04-17T18:21:20.000Z,"Apr 17, '26",True
oS2yEGDsEUtzpSvf+uAgZw==,Magicbricks,https://www.magicbricks.com/property-details/3-BHK-1050-Sq-ft-Multistorey-Apartment-FOR-Rent-in-Surat&id=4d423638353631323231,2026-04-19 13:52:36,,,,hardiq patel,"C Building Ground 002, Mindhola Building, Veer Savarkar Heights, Ugat Bheshan Road, Jahangirabad, Morabhagal, Surat",,,,Apartment,Semi-Furnished,Ground,13,East,1050,Sq-ft,Less than 5 years,"You can avail the 3 BHK flat for rent in the well-known location of VEER SAVARKAR HEIGHTS. The Rent amount of this 3 BHK apartment is set at an attractive price of ₹10,000. Located on the Ground floor, the flat comprises 2 bathrooms, 1 balcony, and has a carpet area of 750 sqft. The property includes 1 Covered, 1 Open parking. This flat is fitted with power back up, security. This is a no-brokerage flat because the owner has posted the ad on this 3 BHK apartment.",10000,35000,1000,10,2,"1 Covered, 1 Open",No,No,No,,False,False,Owner,53,Immediately,2026-04-10T04:52:59.000Z,"Apr 10, '26",True
qvYa7G9koMhzpSvf+uAgZw==,Magicbricks,https://www.magicbricks.com/property-details/3-BHK-1851-Sq-ft-Multistorey-Apartment-FOR-Rent-Althan-in-Surat&id=4d423832353233323931,2026-04-19 13:52:36,21.1493019,72.8053877,,Althan,"Althan,Surat","19201|Software Technology Parks Of India (Stpi) Surat, 19202|I.G. Desai School, 19202|Broadway International School",,,Apartment,Semi-Furnished,8,13,East,1851,Sq-ft,10 to 15 years,"A spacious 3 bhk flat for rent is available in althan in sentosa height, surat. This 3 bhk flat comes with 3 bathrooms set in 1850 sq.Ft. Super builtUp usable area. This property is constructed on 1850 sq.Ft. Extra space for pooja room and store room. You also get 1 covered parking inside the premises located on 8th of 13 floor. We are offering this property on 25,000 monthly.",25000,75000,2,14,3,"1 Covered, 1 Open",Yes,Yes,No,Jogging and Strolling Track,False,True,Agent,100,Immediately,2026-04-18T23:45:33.000Z,Today,True
ZNuClV0dszxzpSvf+uAgZw==,Magicbricks,https://www.magicbricks.com/property-details/3-BHK-1715-Sq-ft-Multistorey-Apartment-FOR-Rent-Bhimrad-in-Surat&id=4d423738373530343631,2026-04-19 13:52:36,21.129281,72.800067,,Stonewall Properties,"bhimrad, beside smc party plot",,,,Apartment,Unfurnished,9,13,East,1715,Sq-ft,New Construction,"Luxurious Amenities Available In Campus, 2AC, Geyser, Chimney, Water Purifier available in flat Grab the chance to own this affordable 3 BHK flat for rent in the Bhimrad area. This 3 BHK flat can be availed at the rental price of ₹25,000. The flat is located on the 9 floor which includes 3 bathrooms, 4 balcony, and covers a covered area of 1715 sqft. This unit features power back up, reserved parking, security, air conditioned, intercom facility, ro water system.",25000,75000,,15,3,,No,No,No,"Air Conditioned, Banquet Hall, Jogging and Strolling Track, Outdoor Tennis Courts",True,True,Agent,58,Immediately,2026-04-16T23:45:21.000Z,"Apr 17, '26",True
PhukJOaioTtzpSvf+uAgZw==,Magicbricks,https://www.magicbricks.com/property-details/3-BHK-1586-Sq-ft-Multistorey-Apartment-FOR-Rent-Palanpur-in-Surat&id=4d423830343236383135,2026-04-19 13:52:36,21.215963,72.770389,,Bhumi Property Consultant,"Palanpur,Surat",,,,Apartment,Unfurnished,1,13,North - East,1586,Sq-ft,New Construction,"gauravpath road pal3 bhknaked You can explore this 3 BHK flat on rent in Palanpur Surat. This 3 BHK flat can be availed at the rental price of ₹24,000. Located on the 1 floor, the flat has 3 bathrooms, 1 balcony in carpet area of 900 sqft. The property includes 1 Covered parking. The residence includes power back up, reserved parking, security. Visit the flat at Palanpur,Surat, Palanpur, Surat, Gujarat.",24000,72000,0,15,3,1 Covered,No,No,No,,False,True,Agent,95,Immediately,2026-04-18T23:45:31.000Z,Today,True
aPUYOQe+KwxzpSvf+uAgZw==,Magicbricks,https://www.magicbricks.com/property-details/3-BHK-1500-Sq-ft-Multistorey-Apartment-FOR-Rent-Adajan-in-Surat&id=4d423832393331393437,2026-04-19 13:52:36,21.1973663,72.782489,,Adajan,Nr TGB Circle,"19202|International Institute Of Management And Technical Studies (Iimt), 19202|L.P. Savani International School, 19206|Regent Mall, 19206|Imperial Square Mall",,,Apartment,Semi-Furnished,3,8,East,1500,Sq-ft,10 to 15 years,"Check out this newly constructed 3 BHK flat on rent in the prime location of Adajan Surat. The Rent amount of this 3 BHK apartment is set at an attractive price of ₹21,000. The flat comes with some add-on facilities such as Gas Connection. Located on the 3 floor, the flat comprises 3 bathrooms, 2 balcony, and has a carpet area of 900 sqft. There is also facility of 1 Covered, 1 Open parking. The residence includes power back up, reserved parking, security. The address is Nr TGB Circle, Adajan, Surat, Gujarat.",21000,63000,500,14,3,"1 Covered, 1 Open",No,No,No,,False,True,Agent,100,Immediately,2026-04-18T23:45:33.000Z,Today,True
ECQ8kCbzQrhzpSvf+uAgZw==,Magicbricks,https://www.magicbricks.com/property-details/3-BHK-2150-Sq-ft-Multistorey-Apartment-FOR-Rent-in-Surat&id=4d423832323234323839,2026-04-19 13:52:36,,,,1 Clik Property,"Surat, Gujarat",,,,Apartment,Unfurnished,5,12,East,2150,Sq-ft,Less than 5 years,"Check out this newly constructed 3 BHK flat on rent in the prime location of althann Surat. The rent of the 3 BHK flat is ₹24,000. Located on the 5 floor, the flat has 3 bathrooms, 2 balcony in covered area of 2150 sqft. This home provides power back up, reserved parking, security, intercom facility.",24000,72000,0,11,3,,No,No,No,"Laundry Service, Internet/Wi-Fi Connectivity, Banquet Hall, Jogging and Strolling Track",True,True,Agent,53,Immediately,2026-04-17T23:45:19.000Z,Yesterday,True
fCyr0HGY9IxzpSvf+uAgZw==,Magicbricks,https://www.magicbricks.com/property-details/3-BHK-1700-Sq-ft-Multistorey-Apartment-FOR-Rent-in-Surat&id=4d423831303130303235,2026-04-19 13:52:36,,,,Safe & Shine Properties,near cinezza multiple jahagirabad,,,,Apartment,Semi-Furnished,3,14,East,1700,Sq-ft,New Construction,"3 BHK Flat For Rent with all premium amenities available You can avail the 3 BHK flat for rent in the well-known location of Kingwood. This 3 BHK flat can be availed at the rental price of ₹21,500. The apartment is on the 3 floor, has a carpet area of 1000 sqft with 3 bathrooms and 3 balcony. There is also facility of 1 Covered parking. This property offers power back up, reserved parking, security.",21500,65000,0,13,3,1 Covered,No,No,No,,True,True,Agent,80,Immediately,2026-04-17T23:45:20.000Z,Yesterday,True
IbrDpq6/DhZzpSvf+uAgZw==,Magicbricks,https://www.magicbricks.com/property-details/3-BHK-1500-Sq-ft-Multistorey-Apartment-FOR-Rent-Palanpur-Gam-in-Surat&id=4d423834313833353835,2026-04-19 13:52:36,21.21086,72.771334,,Real Homes Real Estate,"Surat, Gujarat",,,,Apartment,Unfurnished,4,5,East,1500,Sq-ft,5 to 10 years,"3 BHK apartment is available on rent in Palanpur Gam Surat right away. The flat is available for rent at a competitive amount of ₹22,000. Located on the 4 floor, the flat comprises 3 bathrooms, 3 balcony, and has a carpet area of 750 sqft. This flat is fitted with power back up, security, service/goods lift, intercom facility, ro water system. Visit the flat at Nr. Raj World Mall, Neelkanth Crossroads, Palanpur Canal Rd, Palanpur, Surat, Gujarat.",22000,66000,0,15,3,,Yes,No,No,"Service/Goods Lift, RO Water System, Banquet Hall, Bar/Lounge",True,True,Agent,53,Immediately,2026-04-18T23:45:33.000Z,Today,True
ZUaqUaCj7z9zpSvf+uAgZw==,Magicbricks,https://www.magicbricks.com/property-details/3-BHK-1570-Sq-ft-Multistorey-Apartment-FOR-Rent-Palanpur-in-Surat&id=4d423734343533303333,2026-04-19 13:52:36,21.215963,72.770389,,Topdeal Properties,"Surat, Gujarat",,,,Apartment,Semi-Furnished,2,5,East,1570,Sq-ft,5 to 10 years,"Best 3BHK flat for rent in budget. If you are planning to rent a flat, you can consider this 3 BHK flat situated in the prime location of Palanpur. Available at a rental price of ₹17,500, this 3 BHK flat is worth considering. The flat is on the 2 floor and includes 3 bathrooms, 1 balcony with a covered area of 1570 sqft. 1 Covered parking space is also available. This flat is fitted with reserved parking. The full address of the apartment is Palanpur, Surat, Gujarat.",17500,50000,0,11,3,1 Covered,No,No,No,,True,True,Agent,73,Immediately,2026-03-21T12:20:28.000Z,"Mar 21, '26",True
S6rqT5Y9kVZzpSvf+uAgZw==,Magicbricks,https://www.magicbricks.com/property-details/3-BHK-1865-Sq-ft-Multistorey-Apartment-FOR-Rent-Althan-in-Surat&id=4d423831353634313139,2026-04-19 13:52:36,21.1493019,72.8053877,,Althan,"Surat, Gujarat","19201|Software Technology Parks Of India (Stpi) Surat, 19202|I.G. Desai School, 19202|South Indian Talent School",,,Apartment,Unfurnished,9,12,East,1865,Sq-ft,5 to 10 years,"Multistorey apartment is available for rent. It has a covered area of 1865 sq-ft, it is 3 BHK apartment. Please contact for more details. Check out this newly constructed 3 BHK flat on rent in the prime location of Althan Surat. You can get this flat at monthly rent of ₹24,000. Located on the 9 floor, the flat comprises 3 bathrooms, 1 balcony, and has a carpet area of 1050 sqft. This unit is designed with power back up, reserved parking, security, air conditioned, visitor parking, intercom facility, ro water system. Visit the apartment at Althan - Sarsana Rd, Surat, Gujarat .",24000,75000,,13,3,,No,No,No,"Air Conditioned, Banquet Hall, Jogging and Strolling Track, Outdoor Tennis Courts",True,True,Agent,53,Immediately,2026-03-30T02:08:11.000Z,"Mar 30, '26",True
ohc1FPul/v1zpSvf+uAgZw==,Magicbricks,https://www.magicbricks.com/property-details/3-BHK-1900-Sq-ft-Multistorey-Apartment-FOR-Rent-Piplod-in-Surat&id=4d423833393335313835,2026-04-19 13:52:36,21.1610353,72.7762099,,Piplod,"Surat, Gujarat","19201|Gidc Icchapore, 19201|Software Technology Parks Of India (Stpi), 19202|Jh Ambani High School, 19202|Radiant English Academy, 19206|Vijay Sales, 19206|Rahulraj Mall",,,Apartment,Furnished,6,13,,1900,Sq-ft,5 to 10 years,"If you are planning to rent a flat, you can consider this 3 BHK flat situated in the prime location of Piplod. Available at a rental price of ₹25,000, this 3 BHK flat is worth considering. The flat is located on the 6 floor which includes 3 bathrooms, 2 balcony, and covers a carpet area of 1200 sqft. This property offers power back up, reserved parking, security, service/goods lift, air conditioned, intercom facility, ro water system.",25000,,,13,3,,No,No,No,"Air Conditioned, Banquet Hall, Bar/Lounge, Jogging and Strolling Track",True,True,Agent,38,Immediately,2026-03-25T09:21:25.000Z,"Mar 25, '26",True
di/6NbTjq2dzpSvf+uAgZw==,Magicbricks,https://www.magicbricks.com/property-details/3-BHK-1353-Sq-ft-Multistorey-Apartment-FOR-Rent-Jahangir-Pura-in-Surat&id=4d423833303238323031,2026-04-19 13:52:36,21.247161,72.8018701,,Jahangir Pura,"D-204, Vaishnodevi sky, canal road, near Vaishnodevi Blue Bells, jahangirpura",,,,Apartment,Semi-Furnished,2,12,,1353,Sq-ft,,"A beautiful 3 BHK flat is available for rent in Jahangir Pura. The Rent amount of this 3 BHK apartment is set at an attractive price of ₹22,000. The apartment is on the 2 floor, has a carpet area of 1000 sqft with 3 bathrooms and 2 balcony. Visit the flat at Jahangirpura, Surat.. You can find the 3 BHK flat without any brokerage.",22000,66000,2000,16,3,,No,No,No,,False,False,Owner,38,Immediately,2026-04-01T16:13:08.000Z,"Apr 01, '26",True
O9/CEOpen45zpSvf+uAgZw==,Magicbricks,https://www.magicbricks.com/property-details/3-BHK-1726-Sq-ft-Multistorey-Apartment-FOR-Rent-Palanpur-in-Surat&id=4d423731303635313337,2026-04-19 13:52:36,21.215963,72.770389,,Ashish Gor,"A-1001 Nakshatra Galaxia, Palanpore Surat",,,,Apartment,Unfurnished,10,15,,1726,Sq-ft,New Construction,"If you are searching a 3 BHK apartment for rent in Palanpur, check out this amazing rental flat. The Rent amount of this 3 BHK apartment is set at an attractive price of ₹25,000. Located on the 10 floor, the flat comprises 3 bathrooms, 1 balcony, and has a covered area of 1726 sqft. This is a no-brokerage flat, as the owner is offering this 3 BHK flat on rent.",25000,50000,2500,14,3,,No,No,No,,False,False,Owner,40,Immediately,2026-02-19T13:28:26.000Z,"Feb 19, '26",True
n99i80QgbLBzpSvf+uAgZw==,Magicbricks,https://www.magicbricks.com/property-details/3-BHK-1800-Sq-ft-Multistorey-Apartment-FOR-Rent-Bhatha-in-Surat&id=4d423735343431313035,2026-04-19 13:52:36,21.190386,72.765712,,Ashish Kakroo,8f102.,,,,Apartment,Semi-Furnished,1,13,South - East,1800,Sq-ft,5 to 10 years,"A well-maintained 3 BHK semi-furnished flat is available FOR RENT at Green City, Gaurav Path Road, Surat. airy, well illuminated, spacious, 1st floor, bed, sofa set, dining table, dressing tables, curtains, refrigerator, TV, microwave, kitchen with trolley, fans, tube lights and dedicated parking..Rent is 25,000 per month and the flat is available for immediate possession.",25000,75000,27000,14,3,,No,No,No,"Laundry Service, RO Water System, Banquet Hall, Jogging and Strolling Track",False,False,Owner,73,Immediately,2026-02-26T22:30:33.000Z,"Feb 27, '26",True
wKMB5tZy65JzpSvf+uAgZw==,Magicbricks,https://www.magicbricks.com/property-details/3-BHK-1640-Sq-ft-Multistorey-Apartment-FOR-Rent-in-Surat&id=4d423833353637383535,2026-04-19 13:52:36,,,,latesh kapadia,"Surat, Gujarat",,,,Apartment,Semi-Furnished,3,3,,1640,Sq-ft,,"If you are searching a 3 BHK apartment for rent in Ghod Dod Road, Surat, check out this amazing rental flat. The flat is available for rent at a competitive amount of ₹25,000. The owner has posted this 3 BHK flat for rent, so the brokerage fees is zero on this multistorey apartment.",25000,,,15,2,,No,No,No,,False,False,Owner,28,Immediately,2026-02-26T11:44:36.000Z,"Feb 26, '26",True
D0QopgCt/QpzpSvf+uAgZw==,Magicbricks,https://www.magicbricks.com/property-details/3-BHK-1785-Sq-ft-Multistorey-Apartment-FOR-Rent-Jahangir-Pura-in-Surat&id=4d423831353536353735,2026-04-19 13:52:36,21.247161,72.8018701,,Jahangir Pura,Jahangir Pura,,,,Apartment,Furnished,12,12,North - West,1785,Sq-ft,5 to 10 years,"Fully Furnished and Secured New Green Flat in Middle of Surat with Green Forest and Tapi River Resort view from all rooms and balconies for Peace of Mind. Best connectivity with Iscon Temple, Hospitals, Schools etc nearby with society all modern common aminities like 24 hours security, community halls, gym, jogging area, children play area etc",24000,50000,1500,13,3,,No,No,No,"Air Conditioned, Banquet Hall, Jogging and Strolling Track, Outdoor Tennis Courts",False,False,Owner,78,Select Date,2026-03-27T09:35:41.000Z,"Mar 27, '26",True
J3gSHx8jwFlzpSvf+uAgZw==,Magicbricks,https://www.magicbricks.com/property-details/3-BHK-1300-Sq-ft-Multistorey-Apartment-FOR-Rent-in-Surat&id=4d423531363434393837,2026-04-19 13:52:36,,,,manoj,"Surat, Gujarat",,,,Apartment,Semi-Furnished,1,4,,1300,Sq-ft,,"You can explore this 3 BHK flat on rent in Om Residency Chaprabhatta Road Amroli Surat Surat. Available at a rental price of ₹7,500, this 3 BHK flat is worth considering. Do not pay any brokerage fee for this 3 BHK rental flat since the property ad is posted by the flat owner.",7500,,,6,3,,No,No,No,,False,False,Owner,41,Immediately,2026-03-24T21:32:33.000Z,"Mar 25, '26",True
zyuXQgSxG9FzpSvf+uAgZw==,Magicbricks,https://www.magicbricks.com/property-details/3-BHK-1350-Sq-ft-Multistorey-Apartment-FOR-Rent-Pal-in-Surat&id=4d423833393032303539,2026-04-19 13:52:36,21.1807801,72.7529018,,Pal,"Surat, Gujarat","19202|Seven Steps School, 19202|International Institute Of Management And Technical Studies (Iimt), 19206|Bellissimo Hub, 19206|Pal. Star World",,,Apartment,Semi-Furnished,8,12,,1350,Sq-ft,,"Check out this newly constructed 3 BHK flat on rent in the prime location of Pal Surat. ₹23,000 is the monthly rent of this 3 BHK flat. The full address of the apartment is Pal Gam, Surat, Gujarat. This is a no-brokerage flat, as the owner is offering this 3 BHK flat on rent.",23000,,,17,3,,No,No,No,,False,False,Owner,28,Immediately,2026-03-22T12:41:50.000Z,"Mar 22, '26",True
SYbTNN4TJzFzpSvf+uAgZw==,Magicbricks,https://www.magicbricks.com/property-details/3-BHK-1800-Sq-ft-Multistorey-Apartment-FOR-Rent-Piplod-in-Surat&id=4d423634353030313937,2026-04-19 13:52:36,21.1610353,72.7762099,,Piplod,"Surat, Gujarat","19201|Software Technology Parks Of India (Stpi), 19201|Gidc Icchapore, 19202|Jh Ambani High School, 19202|Radiant English Academy, 19206|Kamdhenu Mall, 19206|Big Bazaar",,,Apartment,Furnished,3,9,,1800,Sq-ft,5 to 10 years,"Check out this newly constructed 3 BHK flat on rent in the prime location of Piplod Surat. This 3 BHK flat can be availed at the rental price of ₹25,000. The apartment is on the 3 floor, has a carpet area of 1500 sqft with 3 bathrooms and 3 balcony. Visit the flat at Piplod, Surat, Gujarat. This 3 BHK apartment ad is listed by the owner, so there is no brokerage fee.",25000,75000,2000,14,3,,No,No,No,,False,False,Owner,33,Immediately,2026-03-21T10:21:11.000Z,"Mar 21, '26",True
ivIRglHUdMtzpSvf+uAgZw==,Magicbricks,https://www.magicbricks.com/property-details/3-BHK-1825-Sq-ft-Multistorey-Apartment-FOR-Rent-Palanpur-in-Surat&id=4d423637313439383333,2026-04-19 13:52:36,21.215963,72.770389,,Arun shahi,"Surat, Gujarat",,,,Apartment,Semi-Furnished,5,13,,1825,Sq-ft,,"Find 3 BHK flat for rent in Palanpur Surat. Available at a rental price of ₹24,000, this 3 BHK flat is worth considering. The apartment is on the 5 floor, has a carpet area of 1250 sqft with 3 bathrooms and 3 balcony. Visit the flat at Palan Pur Patiya, Surat.. This 3 BHK apartment ad is listed by the owner, so there is no brokerage fee.",24000,48000,,13,3,,No,No,No,,False,False,Owner,33,Immediately,2026-03-21T22:30:36.000Z,"Mar 22, '26",True
/SlakGRJlZpzpSvf+uAgZw==,Magicbricks,https://www.magicbricks.com/property-details/3-BHK-1592-Sq-ft-Multistorey-Apartment-FOR-Rent-Jahangirabad-in-Surat&id=4d423832383330393135,2026-04-19 13:52:36,21.216427,72.78212,,Vishal Garg,"Surat, Gujarat",,,,Apartment,Semi-Furnished,11,14,,1592,Sq-ft,,"You can avail the 3 BHK flat for rent in the well-known location of Jahangirabad. The multistorey apartment is available at rent of ₹22,000. This flat is located at Jahangirabad, Surat Gujrat. This 3 BHK apartment ad is listed by the owner, so there is no brokerage fee.",22000,,,14,3,,No,No,No,,False,False,Owner,46,Immediately,2026-03-14T21:30:39.000Z,"Mar 15, '26",True
mCDBHvE4+5FzpSvf+uAgZw==,Magicbricks,https://www.magicbricks.com/property-details/3-BHK-1400-Sq-ft-Multistorey-Apartment-FOR-Rent-Althan-in-Surat&id=4d423832383434383839,2026-04-19 13:52:36,21.1493019,72.8053877,,Althan,"Rameshwaram Green, Opposite Althan D Mart, beside Rameshwar Hills Althan, Surat, Gujarat","19201|Software Technology Parks Of India (Stpi) Surat, 19202|Broadway International School, 19202|I.G. Desai School",,,Apartment,Unfurnished,9,10,West,1400,Sq-ft,5 to 10 years,"Garden facing flat, Society Main Road Facing, This flat gets more Sunlight and more Air. The Landlord lives in Rajasthan. 3 BHK apartment is available on rent in Althan Surat right away. This 3 BHK flat can be availed at the rental price of ₹19,000. The flat is on the 9 floor and includes 2 bathrooms, 2 balcony with a carpet area of 1400 sqft. The apartment is equipped with power back up, reserved parking, security, service/goods lift, visitor parking, intercom facility, ro water system. You can visit the flat at Rameshwaram Green, opp. DMart, beside rameshwar hills before sewage bridge, Althan, Surat, Gujarat . Do not pay any brokerage fee for this 3 BHK rental flat since the property ad is posted by the flat owner.",19000,61000,0,14,2,,Yes,No,No,"Service/Goods Lift, Visitor Parking, Internet/Wi-Fi Connectivity, RO Water System",False,False,Owner,85,Immediately,2026-03-04T22:30:37.000Z,"Mar 05, '26",True
gi2cx9aSmKNzpSvf+uAgZw==,Magicbricks,https://www.magicbricks.com/property-details/3-BHK-2695-Sq-ft-Multistorey-Apartment-FOR-Rent-Pal-in-Surat&id=4d423732313135303133,2026-04-19 13:52:36,21.1807801,72.7529018,,Pal, Pal,"19202|Gajera Global School, 19202|International Institute Of Management And Technical Studies (Iimt), 19206|Bellissimo Hub, 19206|Pal. Star World",,,Apartment,Semi-Furnished,3,13,South -West,2695,Sq-ft,Less than 5 years,"It is 3bhk flat is located in the one of the best society of Pal. It is 3bhk flat with semi furnished. Preference is to be given to service class. The flat is very spacious and well maintained. It is having 3bed room, 3 bathroom and 1 balcony. Brokers may please not contact.",25000,78000,0,9,3,,Yes,Yes,No,RO Water System,False,True,Owner,80,Immediately,2026-04-10T23:35:52.000Z,"Apr 11, '26",True
6LS7IgzEPsVzpSvf+uAgZw==,Magicbricks,https://www.magicbricks.com/property-details/3-BHK-2000-Sq-ft-Multistorey-Apartment-FOR-Rent-Bhatar-Road-in-Surat&id=4d423734383331353137,2026-04-19 13:52:36,21.1699161,72.815363,,Bhatar Road,"Surat, Gujarat",,,,Apartment,Semi-Furnished,5,8,,2000,Sq-ft,,"If you are planning to rent a flat, you can consider this 3 BHK flat situated in the prime location of Bhatar Road. The apartment is available at an affordable rental price of ₹20,000. Visit the flat at Bhatar Road, Surat, Gujarat. The owner has posted this 3 BHK flat for rent, so the brokerage fees is zero on this multistorey apartment.",20000,,,10,3,,No,No,No,,False,False,Owner,0,Immediately,2026-04-01T16:13:11.000Z,"Apr 01, '26",True
fzshUW+I3ZZzpSvf+uAgZw==,Magicbricks,https://www.magicbricks.com/property-details/3-BHK-1500-Sq-ft-Multistorey-Apartment-FOR-Rent-Jahangirabad-in-Surat&id=4d423537373537313639,2026-04-19 13:52:36,21.216427,72.78212,,Kunal Srivastava,"Surat, Gujarat",,,,Apartment,Semi-Furnished,7,13,,1500,Sq-ft,,"3 BHK apartment is available on rent in Jahangirabad Surat right away. This 3 BHK flat can be availed at the rental price of ₹10,000. The flat is on the 7 floor and includes 3 bathrooms, 2 balcony with a carpet area of 920 sqft. The address is Jahangirabad, Surat, Gujarat. Do not pay any brokerage fee for this 3 BHK rental flat since the property ad is posted by the flat owner.",10000,4000,500,7,3,,No,No,No,,False,False,Owner,33,Immediately,2026-03-18T17:54:10.000Z,"Mar 18, '26",True
fN1yR/8DeT5zpSvf+uAgZw==,Magicbricks,https://www.magicbricks.com/property-details/3-BHK-1505-Sq-ft-Multistorey-Apartment-FOR-Rent-Adajan-in-Surat&id=4d423130333734373434,2026-04-19 13:52:36,21.1973663,72.782489,,Adajan,"Surat, Gujarat","19202|Lp Savani International School, 19202|International Institute Of Management And Technical Studies (Iimt), 19206|Pal. Star World, 19206|Regent Mall",,,Apartment,Furnished,,,East,1505,Sq-ft,Less than 5 years,"3 BHK apartment is available on rent in Adajan Surat right away. You can get this flat at monthly rent of ₹25,000. Get access to smart facilities such as 1 Wardrobe, 2 Bed, 1 TV, Fridge, 1 AC, Sofa, Washing Machine, Dining Table and Gas Connection simply by choosing this flat for rent. 1 Covered parking facility are also available. This unit is designed with power back up, reserved parking, security, visitor parking, intercom facility. The apartment is located at Adajan, Surat, Gujarat. This is a no-brokerage flat, as the owner is offering this 3 BHK flat on rent.",25000,,,17,3,1 Covered,No,No,No,"Visitor Parking, Intercom Facility, Jogging and Strolling Track",False,True,Owner,40,Immediately,2026-02-24T23:39:42.000Z,"Feb 25, '26",True
rCEHMV4vr5dzpSvf+uAgZw==,Magicbricks,https://www.magicbricks.com/property-details/3-BHK-Multistorey-Apartment-FOR-Rent-Adajan-in-Surat&id=4d423634353334393733,2026-04-19 13:52:36,21.1973663,72.782489,,Adajan,"Surat, Gujarat","19202|International Institute Of Management And Technical Studies (Iimt), 19202|Lp Savani International School, 19206|Imperial Square Mall, 19206|Pal. Star World",,,Apartment,,,,,,,,"You can explore this 3 BHK flat on rent in Adajan Surat. Visit the flat at Adajan, Surat, Gujarat. You can find the 3 BHK flat without any brokerage.",,,,,2,,No,No,No,,False,False,Owner,14,Immediately,2026-03-15T17:47:20.000Z,"Mar 15, '26",True
iSfGp0YBLodzpSvf+uAgZw==,Magicbricks,https://www.magicbricks.com/property-details/2-BHK-1200-Sq-ft-Multistorey-Apartment-FOR-Rent-Althan-in-Surat&id=4d423633363832363833,2026-04-19 13:52:36,21.1493019,72.8053877,,Althan,althan,"19201|Software Technology Parks Of India (Stpi) Surat, 19202|Broadway International School, 19202|South Indian Talent School",,,Apartment,Semi-Furnished,3,10,,1200,Sq-ft,5 to 10 years,"2bhk flat for rent in althan..... Find 2 BHK flat for rent in Althan Surat. The apartment is available at an affordable rental price of ₹18,000. Live in this lovely flat and get access to various useful facilities such as Gas Connection. The flat is on the 3 floor and includes 2 bathrooms, 1 balcony with a carpet area of 850 sqft. You will also find 1 Covered parking facility. The apartment is equipped with power back up, reserved parking, security. Visit the flat at althan, Althan, Surat, Gujarat.",18000,51000,0,15,2,1 Covered,No,No,No,,True,True,Agent,91,Immediately,2026-04-11T07:16:23.000Z,"Apr 11, '26",True
z8S/irzD3V1zpSvf+uAgZw==,Magicbricks,https://www.magicbricks.com/property-details/2-BHK-1200-Sq-ft-Multistorey-Apartment-FOR-Rent-Citylight-Area-in-Surat&id=4d423834313334303635,2026-04-19 13:52:36,21.1666367,72.7955775,,Citylight Area,"citylight, surat",,,,Apartment,Semi-Furnished,2,10,North,1200,Sq-ft,15 to 20 years,"2 BHK SANSKRUTI apartment Near SBITwo bedroom apartmentHaving beds air condition aqua guard dining table Find this 2 BHK rental flat in Citylight Area Surat. The Rent amount of this 2 BHK apartment is set at an attractive price of ₹23,000. The residents of the flat have access to additional facilities such as 1 Wardrobe, 2 Bed, 1 AC, Sofa, Dining Table and Gas Connection. Located on the 2 floor, the flat comprises 2 bathrooms, 1 balcony, and has a carpet area of 745 sqft. You will also find 1 Covered parking facility. This unit features reserved parking, security. Visit the apartment at citylight, surat, Citylight Area, Surat, Gujarat.",23000,70000,2,19,2,1 Covered,No,No,No,,False,True,Agent,95,Immediately,2026-04-08T06:14:48.000Z,"Apr 08, '26",True
Eg1dXQxWhJVzpSvf+uAgZw==,Magicbricks,https://www.magicbricks.com/property-details/2-BHK-1252-Sq-ft-Multistorey-Apartment-FOR-Rent-Bhimrad-in-Surat&id=4d423830373634383431,2026-04-19 13:52:36,21.129281,72.800067,,Hiren Desai,"Surat, Gujarat",,,,Apartment,Unfurnished,5,14,East,1252,Sq-ft,New Construction,"Multistorey apartment is available for rent. It has a covered area of 1252 sq-ft, it is 2 BHK apartment. Please contact for more details. 2 BHK apartment is available on rent in Bhimrad Surat right away. You can get this flat at monthly rent of ₹19,000. Located on the 5 floor, the flat comprises 2 bathrooms, 1 balcony, and has a carpet area of 700 sqft. This unit features power back up, reserved parking, security, service/goods lift, air conditioned, visitor parking, intercom facility, ro water system.",19000,50000,0,15,2,,No,No,No,"Air Conditioned, Banquet Hall, Bar/Lounge, Jogging and Strolling Track",False,True,Agent,82,Immediately,2026-04-05T02:39:34.000Z,"Apr 05, '26",True
WnU6cS0cCJpzpSvf+uAgZw==,Magicbricks,https://www.magicbricks.com/property-details/2-BHK-1700-Sq-ft-Multistorey-Apartment-FOR-Rent-Palanpur-Gam-in-Surat&id=4d423832383238333231,2026-04-19 13:52:36,21.21086,72.771334,,Kamlesh Property Deal,Kataria service Station,,,,Apartment,Semi-Furnished,4,10,North,1700,Sq-ft,Less than 5 years,"2bhk flat Rent gas pipeline modular kitchen safety door Tubelight fan You can avail the 2 BHK flat for rent in the well-known location of Palanpur Gam. ₹18,500 is the monthly rent of this 2 BHK flat. Located on the 4 floor, the flat comprises 2 bathrooms, 1 balcony, and has a covered area of 1700 sqft. The property has 10 floor and is equipped with Kids play area facilities. The apartment is equipped with power back up, security. Find this apartment at BLOCK NO 8, TP SCHEME 9, FP NO 151/2, NEAR SMC GARDEN, PALANPORE, PO PAL, SURAT, GUJARAT.",18500,,,11,2,,No,No,No,,True,True,Agent,73,Immediately,2026-03-24T10:10:58.000Z,"Mar 24, '26",True
e+pc9LMkxxVzpSvf+uAgZw==,Magicbricks,https://www.magicbricks.com/property-details/2-BHK-1450-Sq-ft-Multistorey-Apartment-FOR-Rent-Palanpur-in-Surat&id=4d423739343939333739,2026-04-19 13:52:36,21.215963,72.770389,,Topdeal Properties,"Surat, Gujarat",,,,Apartment,Semi-Furnished,5,12,East,1450,Sq-ft,Less than 5 years,"Semi Furnished 2 BHK Flat for Rent You can explore this 2 BHK flat on rent in Palanpur Surat. You can get this flat at monthly rent of ₹17,000. Additional amenities available with the flat are 1 Wardrobe, 1 Bed and Gas Connection. The flat is on the 5 floor and includes 2 bathrooms, 1 balcony with a carpet area of 950 sqft. The property includes 1 Covered parking. The property features reserved parking. Visit the flat at Palanpur, Surat, Gujarat.",17000,51000,1,12,2,1 Covered,No,No,No,,True,True,Agent,91,Immediately,2026-03-21T12:20:28.000Z,"Mar 21, '26",True
dZTSMf/nY/9zpSvf+uAgZw==,Magicbricks,https://www.magicbricks.com/property-details/2-BHK-1400-Sq-ft-Multistorey-Apartment-FOR-Rent-Dumas-Road-in-Surat&id=4d423833383830353639,2026-04-19 13:52:36,21.1378068259953,72.7505612386718,,Dumas Road,"Surat, Gujarat","19201|Gidc Katagram, 19202|CK Pithawala College of Engineering Technology, 19202|Scholar English Academy School, 19206|Surat Central, 19206|Canopus Mall, 19209|Surat International Airport",394550,,Apartment,Semi-Furnished,6,13,East,1400,Sq-ft,New Construction,"If you are searching a 2 BHK apartment for rent in Dumas Road, check out this amazing rental flat. The Rent amount of this 2 BHK apartment is set at an attractive price of ₹24,000. Located on the 6 floor, the flat has 2 bathrooms, 2 balcony in covered area of 1400 sqft. The address is Opp Airport B/H Avadh Carolina Nr DPS School Silent Zone Road, Road, off Dumas, Surat, 394550.",24000,,,17,2,,No,No,No,Banquet Hall,True,True,Agent,48,Immediately,2026-03-20T12:21:58.000Z,"Mar 20, '26",True
+fxK1ZzPyq1zpSvf+uAgZw==,Magicbricks,https://www.magicbricks.com/property-details/2-BHK-1250-Sq-ft-Multistorey-Apartment-FOR-Rent-Bhimrad-in-Surat&id=4d423738373935303831,2026-04-19 13:52:36,21.129281,72.800067,,Aadhyashakti Real Estate,Shiv Residancy,,,,Apartment,Furnished,5,13,East,1250,Sq-ft,5 to 10 years,"You can avail the 2 BHK flat for rent in the well-known location of Bhimrad. The rent of the 2 BHK flat is ₹20,000. Live in this lovely flat and get access to various useful facilities such as 2 Wardrobe, 2 Bed, 1 TV, Fridge, 1 AC, Sofa, Washing Machine and Gas Connection. There is also facility of 1 Covered parking. The flat comes with reserved parking, security. The flat can be visited at Shiv Residancy, Bhimrad, Surat, Gujarat.",20000,60000,2000,16,2,1 Covered,No,No,No,,False,True,Agent,98,Immediately,2026-04-02T05:44:52.000Z,"Apr 02, '26",True
nhT0ZhsNO0ZzpSvf+uAgZw==,Magicbricks,https://www.magicbricks.com/property-details/2-BHK-1209-Sq-ft-Multistorey-Apartment-FOR-Rent-Vesu-in-Surat&id=4d423832343632333039,2026-04-19 13:52:36,21.1447177,72.7717775,,Vesu,vesu,"19210|Udhna Railway Station, 19202|Bhagwan Mahavir College of Engineering Technology, 19202|G.D. Goenka International School",,,Apartment,Unfurnished,8,12,East,1209,Sq-ft,Less than 5 years,"Find 2 BHK flat for rent in Vesu Surat. The flat is available for rent at a competitive amount of ₹21,000. The apartment is on the 8 floor, has a covered area of 1209 sqft with 2 bathrooms and 1 balcony. This property offers power back up, reserved parking, security, air conditioned, intercom facility, ro water system. Find this apartment at Vesu, Surat..",21000,63000,,17,2,,No,No,No,"Air Conditioned, Banquet Hall, Bar/Lounge, Jogging and Strolling Track",False,True,Agent,73,Immediately,2026-04-09T04:08:05.000Z,"Apr 09, '26",True
V5MfDm285WRzpSvf+uAgZw==,Magicbricks,https://www.magicbricks.com/property-details/2-BHK-1360-Sq-ft-Multistorey-Apartment-FOR-Rent-Althan-in-Surat&id=4d423732303235313535,2026-04-19 13:52:36,21.1493019,72.8053877,,Althan,vesu,"19201|Software Technology Parks Of India (Stpi) Surat, 19202|Broadway International School, 19202|I.G. Desai School",,,Apartment,Unfurnished,4,12,East,1360,Sq-ft,New Construction,"this is good campus with ultra Luxerius facilities You can avail the 2 BHK flat for rent in the well-known location of Althan. You can get this flat at monthly rent of ₹22,000. Located on the 4 floor, the flat comprises 2 bathrooms, 1 balcony, and has a carpet area of 700 sqft. 1 Covered, 1 Open parking space is also available. The flat comes with reserved parking, security, service/goods lift, air conditioned, ro water system. Visit the flat at vesu, Althan, Surat, Gujarat.",22000,66000,1,16,2,"1 Covered, 1 Open",No,No,No,"Air Conditioned, Laundry Service, Banquet Hall, Bar/Lounge",True,True,Agent,100,Immediately,2026-04-08T05:24:20.000Z,"Apr 08, '26",True
+ohi5rWGfA1zpSvf+uAgZw==,Magicbricks,https://www.magicbricks.com/property-details/2-BHK-1149-Sq-ft-Multistorey-Apartment-FOR-Rent-Magdalla-in-Surat&id=4d423731373530383833,2026-04-19 13:52:36,21.13697986,72.76017778,,Magdalla,Aagam prestige near VR mall Magdalla Vesu,19206|VR Surat,,,Apartment,Unfurnished,7,13,,1149,Sq-ft,New Construction,"You can explore this 2 BHK flat on rent in Magdalla Surat. The 2 BHK apartment is available at a reasonable rent of ₹18,000. The flat is located on the 7 floor which includes 2 bathrooms, 1 balcony, and covers a carpet area of 600 sqft. The residence includes power back up, security, visitor parking.",18000,,,16,2,,No,No,No,"Visitor Parking, Banquet Hall, Jogging and Strolling Track, Outdoor Tennis Courts",True,True,Agent,76,Immediately,2026-03-20T11:05:34.000Z,"Mar 20, '26",True
aer3sDK9YvdzpSvf+uAgZw==,Magicbricks,https://www.magicbricks.com/property-details/2-BHK-1300-Sq-ft-Multistorey-Apartment-FOR-Rent-Dumas-Road-in-Surat&id=4d423833363033353637,2026-04-19 13:52:36,21.1378068259953,72.7505612386718,,Dumas Road,"Surat, Gujarat","19201|Gidc Katagram, 19202|CK Pithawala College of Engineering Technology, 19202|Lourdes Convent High School, 19206|Canopus Mall, 19206|Surat Central, 19209|Surat International Airport",394550,,Apartment,Semi-Furnished,5,13,,1300,Sq-ft,New Construction,"Find this 2 BHK rental flat in Dumas Road Surat. ₹25,000 is the monthly rent of this 2 BHK flat. Located on the 5 floor, the flat has 2 bathrooms, 1 balcony in carpet area of 850 sqft. The apartment is equipped with power back up, reserved parking, security, service/goods lift, air conditioned, intercom facility, ro water system. You can visit the flat at Opp Airport B/H Avadh Carolina Nr DPS School Silent Zone Road, Road, off Dumas, Surat, 394550.",25000,,,19,2,,No,No,No,"Air Conditioned, Banquet Hall, Bar/Lounge, Jogging and Strolling Track",True,True,Agent,38,Immediately,2026-03-01T08:56:36.000Z,"Mar 01, '26",True
KgqE23xsAUpzpSvf+uAgZw==,Magicbricks,https://www.magicbricks.com/property-details/2-BHK-1200-Sq-ft-Multistorey-Apartment-FOR-Rent-Adajan-in-Surat&id=4d423535343332303933,2026-04-19 13:52:36,21.1973663,72.782489,,Adajan,4.,"19202|L.P. Savani International School, 19202|Ryan International School Cbse, 19206|Walkway Mall, 19206|Rajhans Theatre",,,Apartment,Furnished,4,4,,1200,Sq-ft,10 to 15 years,"Find 2 BHK flat for rent in Adajan Surat. The apartment is available at an affordable rental price of ₹20,000. Some attractive additional facilities available with the flat are 2 Wardrobe, 2 Bed, 1 TV, Fridge, 1 AC, Sofa, Dining Table and Gas Connection. The apartment is on the 4 floor, has a carpet area of 900 sqft with 2 bathrooms and 2 balcony. This flat is located at 4., Adajan, Surat, Gujarat. There are no brokerage fees on this 2 BHK multistorey apartment.",20000,80000,1000,17,2,,No,No,No,,False,False,Owner,55,Immediately,2026-04-06T21:33:59.000Z,"Apr 07, '26",True
UuqPFAOYYLpzpSvf+uAgZw==,Magicbricks,https://www.magicbricks.com/property-details/2-BHK-900-Sq-ft-Multistorey-Apartment-FOR-Rent-Dindoli-in-Surat&id=4d423834303936313837,2026-04-19 13:52:36,21.152422,72.874251,,Sanjana,"Surat, Gujarat",,,,Apartment,Unfurnished,5,7,,900,Sq-ft,,"Grab the chance to own this affordable 2 BHK flat for rent in the Dindoli area. The flat is available for rent at a competitive amount of ₹10,000. Visit the flat at T.P S NO.-69(GODADRA-DINDOLI), BLOCK NO.-123,, Surat City, Surat, Gujarat. This 2 BHK rental flat comes with no brokerage fees.",10000,,,11,2,,No,No,No,,False,False,Owner,41,Immediately,2026-04-06T07:20:15.000Z,"Apr 06, '26",True
8UQgX98LtlRzpSvf+uAgZw==,Magicbricks,https://www.magicbricks.com/property-details/2-BHK-1070-Sq-ft-Multistorey-Apartment-FOR-Rent-Kumbharia-Gam-in-Surat&id=4d423733333532383031,2026-04-19 13:52:36,21.18568088,72.89025221,,sanjay dhaked,Nature Velly khumbhariya surat,,,,Apartment,Unfurnished,12,12,North,1070,Sq-ft,10 to 15 years,"If you are planning to rent a flat, you can consider this 2 BHK flat situated in the prime location of Kumbharia Gam. The multistorey apartment is available at rent of ₹15,000. The flat is on the 12 floor and includes 2 bathrooms, 1 balcony with a covered area of 1070 sqft. Do not pay any brokerage fee for this 2 BHK rental flat since the property ad is posted by the flat owner.",15000,,,14,2,,No,No,No,,False,False,Owner,66,Immediately,2026-04-17T22:30:26.000Z,Yesterday,True
k3lWDPUoIAVzpSvf+uAgZw==,Magicbricks,https://www.magicbricks.com/property-details/2-BHK-700-Sq-ft-Multistorey-Apartment-FOR-Rent-in-Surat&id=4d423534393537313339,2026-04-19 13:52:36,,,,NARESH SHAH,Godadara devadh road.,,,,Apartment,Unfurnished,7,7,East,700,Sq-ft,Less than 5 years,"Airy rooms with good locality. You can explore this 2 BHK flat on rent in GODADARA DEVADH ROAD Surat. The apartment is available at an affordable rental price of ₹5,000. Located on the 7 floor, the flat has 1 bathrooms, 1 balcony in carpet area of 600 sqft. 1 Open parking facility are also available. This flat is fitted with power back up, reserved parking, security. There are no brokerage fees on this 2 BHK multistorey apartment.",5000,15000,800,7,1,1 Open,No,No,No,,False,False,Owner,95,Immediately,2026-04-16T21:33:24.000Z,"Apr 17, '26",True
IvfyH7XouaRzpSvf+uAgZw==,Magicbricks,https://www.magicbricks.com/property-details/2-BHK-1200-Sq-ft-Multistorey-Apartment-FOR-Rent-Bhestan-in-Surat&id=4d423834323930353331,2026-04-19 13:52:36,21.1276811,72.8574558,,Bhestan,k501,,,,Apartment,Semi-Furnished,5,7,East,1200,Sq-ft,Less than 5 years,"Check out this newly constructed 2 BHK flat on rent in the prime location of Bhestan Surat. ₹14,500 is the monthly rent of this 2 BHK flat. The apartment is on the 5 floor, has a carpet area of 700 sqft with 2 bathrooms and 2 balcony. The property has 7 floor and is equipped with Kids play area facilities. The property features power back up, security. You can visit the flat at Near Mulbery Circle, Jiav Budia Rd, opp. Priyanak Gold Township, Sonari, Gujarat . This 2 BHK rental flat comes with no brokerage fees.",14500,45000,,12,2,,No,No,No,"Internet/Wi-Fi Connectivity, Banquet Hall, Jogging and Strolling Track",False,False,Owner,71,Immediately,2026-04-17T17:21:31.000Z,"Apr 17, '26",True
CNXjvkcJs1tzpSvf+uAgZw==,Magicbricks,https://www.magicbricks.com/property-details/2-BHK-1095-Sq-ft-Multistorey-Apartment-FOR-Rent-Godadara-in-Surat&id=4d423834323633323037,2026-04-19 13:52:36,21.1697784,72.8765516,,Godadara,opposite godadara urban health care,,,,Apartment,Furnished,7,9,,,,5 to 10 years,"2 BHK apartment is available on rent in Godadara Surat right away. You can get this flat at monthly rent of ₹17,000. This unit is designed with power back up. Visit the apartment at Godadara, Surat.. The brokerage amount of the 2 BHK apartment is zero.",17000,50000,1500,,3,,No,No,No,,False,False,Owner,67,Immediately,2026-04-16T09:32:14.000Z,"Apr 16, '26",True
+RoE5+KVCyBzpSvf+uAgZw==,Magicbricks,https://www.magicbricks.com/property-details/2-BHK-500-Sq-ft-Multistorey-Apartment-FOR-Rent-Dumas-Road-in-Surat&id=4d423834313939373439,2026-04-19 13:52:36,21.1378068259953,72.7505612386718,,Dumas Road,"Surat, Gujarat","19201|Gidc Katagram, 19202|Lourdes Convent High School, 19202|CK Pithawala College of Engineering Technology, 19206|Surat Central, 19206|Canopus Mall, 19209|Surat International Airport",,,Apartment,Furnished,10,13,,,,,"Multistorey apartment is available for rent. It is a good location property. Please contact for more details. If you are searching a 2 BHK apartment for rent in Dumas Road, check out this amazing rental flat. This 2 BHK flat can be availed at the rental price of ₹22,000. Some added-on facilities available with the flat are 2 Wardrobe, 2 Bed, 1 TV, Fridge, 3 AC, Sofa and Dining Table. The flat is on the 10 floor and includes 2 bathrooms, 1 balcony with a carpet area of 500 sqft. The flat can be visited at 4, Dumas Rd, New Magdalla, Surat, Gujarat . There are no brokerage fees on this 2 BHK multistorey apartment.",22000,,,,2,,No,No,No,,False,False,Owner,48,Immediately,2026-04-11T12:28:35.000Z,"Apr 11, '26",True
zB33a75V3LFzpSvf+uAgZw==,Magicbricks,https://www.magicbricks.com/property-details/2-BHK-1051-Sq-ft-Multistorey-Apartment-FOR-Rent-in-Surat&id=4d423834303735303233,2026-04-19 13:52:36,,,,RAKESH VYAS,"C-205, D G Point, Near Hanuman Temple, Parvat Patiya, Surat",,,,Apartment,Semi-Furnished,2,7,East,1051,Sq-ft,15 to 20 years,"Ceiling fans, 2 small cabinets, 2 mattress, Indian and western washrooms, 1 single box shetty, RO water purifier. Check out this newly constructed 2 BHK flat on rent in the prime location of DG Point Surat. The 2 BHK apartment is available at a reasonable rent of ₹12,000. The flat comes with security, visitor parking, ro water system. There are no brokerage fees on this 2 BHK multistorey apartment.",12000,36000,1500,11,2,,Yes,No,Yes,"Visitor Parking, RO Water System",False,False,Owner,86,Immediately,2026-04-04T11:10:20.000Z,"Apr 04, '26",True
C8S1zEU/KGBzpSvf+uAgZw==,Magicbricks,https://www.magicbricks.com/property-details/2-BHK-1260-Sq-ft-Multistorey-Apartment-FOR-Rent-Jahangir-Pura-in-Surat&id=4d423833393534393633,2026-04-19 13:52:36,21.247161,72.8018701,,Jahangir Pura,Sharnam residency Asharam Ashram road Jahangirpura Surat,,,,Apartment,Semi-Furnished,11,12,,1260,Sq-ft,New Construction,"Safety main door, TV unit, corner sofa set, kitchen trolly with hanging CB, Dining table, All balcony with full safety grill with bird net, All room with curtain, decorative false ceiling, all area with fan, MB room with AC",21000,,,17,2,,No,No,No,,False,False,Owner,65,Immediately,2026-03-26T14:05:16.000Z,"Mar 26, '26",True
/fZyJl962slzpSvf+uAgZw==,Magicbricks,https://www.magicbricks.com/property-details/2-BHK-1200-Sq-ft-Builder-Floor-Apartment-FOR-Rent-Adajan-in-Surat&id=4d423237313232393031,2026-04-19 13:52:36,21.1973663,72.782489,,Adajan,Mordhwaj apt. near bhulka bhavan school,"19202|Imperial International School, 19202|L.P. Savani International School, 19206|Walkway Mall, 19206|Imperial Square Mall",,,Builder Floor Apartment,Furnished,4,4,North,1200,Sq-ft,10 to 15 years,"A beautiful 2 BHK flat is available for rent in Adajan. You can get this flat at monthly rent of ₹20,000. The flat is on the 4 floor and includes 2 bathrooms, 2 balcony with a carpet area of 900 sqft. 1 Covered parking facility are also available. The residence includes power back up, reserved parking, security. The flat can be visited at Mordhwaj apt. near bhulka bhavan school, Adajan, Surat, Gujarat. This is a no-brokerage flat because the owner has posted the ad on this 2 BHK apartment.",20000,48000,1000,17,2,1 Covered,No,No,No,,False,False,Owner,94,Immediately,2026-04-06T21:32:00.000Z,"Apr 07, '26",True
Q4SRRzfIrKpzpSvf+uAgZw==,Magicbricks,https://www.magicbricks.com/property-details/2-BHK-1219-Sq-ft-Multistorey-Apartment-FOR-Rent-in-Surat&id=4d423438363237343335,2026-04-19 13:52:36,,,,yazad mogal,"Surat, Gujarat",,,,Apartment,Unfurnished,12,13,,1219,Sq-ft,,"You can avail the 2 BHK flat for rent in the well-known location of Happy Home Nakshatra Nebula. The apartment is available at an affordable rental price of ₹11,000. You can find the 2 BHK flat without any brokerage.",11000,,,9,2,,No,No,No,,False,False,Owner,24,Immediately,2026-04-15T14:01:05.000Z,"Apr 15, '26",True
3/qndWIpni1zpSvf+uAgZw==,Magicbricks,https://www.magicbricks.com/property-details/2-BHK-1000-Sq-ft-Multistorey-Apartment-FOR-Rent-Bhatpore-in-Surat&id=4d423834323337353331,2026-04-19 13:52:36,21.173558,72.737227,,Dhrumil,"Surat, Gujarat",,,,Apartment,Semi-Furnished,5,5,,1000,Sq-ft,10 to 15 years,"You can explore this 2 BHK flat on rent in Bhatpore Surat. The Rent amount of this 2 BHK apartment is set at an attractive price of ₹8,000. Located on the 5 floor, the flat has 2 bathrooms, 1 balcony in carpet area of 750 sqft. You can visit the flat at Bhatpore, Surat, Gujarat. This 2 BHK flat is directly posted by the owner, so you don't need to pay any brokerage on this property.",8000,20000,1000,8,2,,No,No,No,,False,False,Owner,48,Select Date,2026-04-14T15:45:33.000Z,"Apr 14, '26",True
se6vf8lEOy1zpSvf+uAgZw==,Magicbricks,https://www.magicbricks.com/property-details/2-BHK-1000-Sq-ft-Multistorey-Apartment-FOR-Rent-in-Surat&id=4d423834323730353335,2026-04-19 13:52:36,,,,Jignesh Chauhan,Mahalaxmi Flats Thoba Street Near Ring Road Sagrampura Surat,,,,Apartment,Furnished,3,4,East,1000,Sq-ft,5 to 10 years,"If you are planning to rent a flat, you can consider this 2 BHK flat situated in the prime location of Ring Road, Surat. This 2 BHK flat is available at the reasonable rent amount of ₹15,000. There is also facility of 1 Open parking. This unit features reserved parking. There are no brokerage fees on this 2 BHK multistorey apartment.",15000,45000,1000,15,2,1 Open,No,No,No,,False,False,Owner,100,Immediately,2026-04-16T13:40:10.000Z,"Apr 16, '26",True
VMDrEbZ8H7VzpSvf+uAgZw==,Magicbricks,https://www.magicbricks.com/property-details/2-BHK-1228-Sq-ft-Multistorey-Apartment-FOR-Rent-Parvat-Patiya-in-Surat&id=4d423737353238323833,2026-04-19 13:52:36,21.1898505,72.8653385,,Parvat Patiya,Aai Mata Flyover,,,,Apartment,Unfurnished,6,9,East,1228,Sq-ft,15 to 20 years,"You can avail the 2 BHK flat for rent in the well-known location of Parvat Patiya. The 2 BHK apartment is available at a reasonable rent of ₹20,000. The flat is on the 6 floor and includes 3 bathrooms, 1 balcony with a carpet area of 800 sqft. The apartment is equipped with power back up, reserved parking, security, visitor parking. Find this apartment at Aai Mata Flyover, Parvat Patiya, Surat, Gujarat. You can find the 2 BHK flat without any brokerage.",20000,120000,2000,16,3,,Yes,No,No,"Visitor Parking, Laundry Service",False,False,Owner,69,Immediately,2026-04-13T21:32:05.000Z,"Apr 14, '26",True
L+oJ2rEq2DdzpSvf+uAgZw==,Magicbricks,https://www.magicbricks.com/property-details/2-BHK-1200-Sq-ft-Multistorey-Apartment-FOR-Rent-Adajan-in-Surat&id=4d423834313537373033,2026-04-19 13:52:36,21.1973663,72.782489,,Adajan,"A -301 Surya flats beside Suncity Apartment, Anand Mahal Road","19202|International Institute Of Management And Technical Studies (Iimt), 19202|L.P. Savani International School, 19206|Imperial Square Mall, 19206|Rajhans Theatre",,,Apartment,Furnished,3,4,East,,,15 to 20 years,"A multistorey apartment is available for rent. It is a good location. Please contact for more details. 2 BHK flat is available for rent in Adajan immediately. Available at a rental price of ₹18,500, this 2 BHK flat is worth considering. The apartment is on the 3 floor, has a carpet area of 1200 sqft with 2 bathrooms and 1 balcony. The apartment is equipped with reserved parking, security, air conditioned. Visit the flat at Guru Ram Pavan Bhumi, Adajan Gam, Adajan, Surat, Gujarat . The owner has posted this 2 BHK flat for rent, so the brokerage fees is zero on this multistorey apartment.",18500,37000,,,2,,No,No,Yes,Air Conditioned,False,False,Owner,54,Immediately,2026-04-09T07:32:55.000Z,"Apr 09, '26",True
C+kCRdd7l9NzpSvf+uAgZw==,Magicbricks,https://www.magicbricks.com/property-details/2-BHK-1200-Sq-ft-Multistorey-Apartment-FOR-Rent-Pal-in-Surat&id=4d423739353030323639,2026-04-19 13:52:36,21.1807801,72.7529018,,Pal,"Surat, Gujarat","19202|Lp Savani International School, 19202|International Institute Of Management And Technical Studies (Iimt), 19206|Pal. Star World, 19206|Bellissimo Hub",,,Apartment,Semi-Furnished,4,11,,1200,Sq-ft,,"Check out this newly constructed 2 BHK flat on rent in the prime location of Pal Surat. The flat is available for rent at a competitive amount of ₹17,000. Visit the apartment at Pal Gam, Surat, Gujarat. This is a no-brokerage flat because the owner has posted the ad on this 2 BHK apartment.",17000,,,14,2,,No,No,No,,False,False,Owner,0,Immediately,2026-03-31T21:32:47.000Z,"Apr 01, '26",True
FLnEWRNxOoZzpSvf+uAgZw==,Magicbricks,https://www.magicbricks.com/property-details/2-BHK-1258-Sq-ft-Multistorey-Apartment-FOR-Rent-Jahangirabad-in-Surat&id=4d423831393338373039,2026-04-19 13:52:36,21.216427,72.78212,,Property World,Vishnodevi amour jahagirabad.,,,,Apartment,Unfurnished,11,14,East,1258,Sq-ft,5 to 10 years,"2bhk for rent only for family. Good loction near dmart s, shooping center meny more You can avail the 2 BHK flat for rent in the well-known location of Jahangirabad. You can get this flat at monthly rent of ₹17,500. The flat is located on the 11 floor which includes 2 bathrooms, 1 balcony, and covers a covered area of 1258 sqft. 1 Open parking facility are also available. This property offers power back up, reserved parking, security, service/goods lift, air conditioned, intercom facility, ro water system. The address is Ganga Nagar Society, Jahangirabad, Sima Nagar, Surat, Gujarat .",17500,51000,1800,14,2,1 Open,No,No,No,"Air Conditioned, Banquet Hall, Jogging and Strolling Track, Outdoor Tennis Courts",True,True,Agent,98,Immediately,2026-04-16T23:45:20.000Z,"Apr 17, '26",True
dONpZa8QQg1zpSvf+uAgZw==,Magicbricks,https://www.magicbricks.com/property-details/2-BHK-1325-Sq-ft-Multistorey-Apartment-FOR-Rent-Pal-in-Surat&id=4d423833393139323935,2026-04-19 13:52:36,21.1807801,72.7529018,,Pal,near pal haveli,"19202|Lp Savani International School, 19202|Seven Steps School, 19206|Pal. Star World, 19206|Bellissimo Hub",,,Apartment,Unfurnished,7,13,East,1325,Sq-ft,New Construction,"You can explore this 2 BHK flat on rent in Pal Surat. Available at a rental price of ₹20,000, this 2 BHK flat is worth considering. The flat is located on the 7 floor which includes 2 bathrooms, 2 balcony, and covers a carpet area of 729 sqft. 1 Covered parking facility are also available. This unit is designed with power back up, security, intercom facility.",20000,60000,0,15,2,1 Covered,No,No,No,"Intercom Facility, Jogging and Strolling Track, Outdoor Tennis Courts",True,True,Agent,80,Immediately,2026-04-16T23:45:20.000Z,"Apr 17, '26",True
MalBl28yc/VzpSvf+uAgZw==,Magicbricks,https://www.magicbricks.com/property-details/2-BHK-1400-Sq-ft-Multistorey-Apartment-FOR-Rent-Dumas-Road-in-Surat&id=4d423832373234363039,2026-04-19 13:52:36,21.1378068259953,72.7505612386718,,Dumas Road,"Opp Airport BH Avadh Carolina Nr DPS School Silent Zone Road, Road, off Dumas, Surat, 394550","19201|Gidc Katagram, 19202|Lourdes Convent High School, 19202|CK Pithawala College of Engineering Technology, 19206|Canopus Mall, 19206|Surat Central, 19209|Surat International Airport",394550,,Apartment,Semi-Furnished,7,13,East,1400,Sq-ft,New Construction,"If you are searching a 2 BHK apartment for rent in Dumas Road, check out this amazing rental flat. You can get this flat at monthly rent of ₹22,000. Located on the 7 floor, the flat comprises 2 bathrooms, 2 balcony, and has a carpet area of 800 sqft. There is also facility of 1 Covered, 1 Open parking. This property offers power back up, reserved parking, security. This flat is located at Opp Airport B/H Avadh Carolina Nr DPS School Silent Zone Road, Road, off Dumas, Surat, 394550.",22000,66000,2,16,2,"1 Covered, 1 Open",Yes,No,No,Jogging and Strolling Track,False,True,Agent,100,Immediately,2026-04-18T23:45:33.000Z,Today,True
mVJmxfkI/SBzpSvf+uAgZw==,Magicbricks,https://www.magicbricks.com/property-details/4-BHK-3450-Sq-ft-Multistorey-Apartment-FOR-Rent-Vesu-in-Surat&id=4d423830313133333635,2026-04-19 13:52:36,21.1447177,72.7717775,,Vesu,"Vesu,Surat","19210|Udhna Railway Station, 19202|Bhagwan Mahavir College of Engineering Technology, 19202|White Lotus International School",,,Apartment,Semi-Furnished,1,1,South,3450,Sq-ft,Less than 5 years,"RAJHANS CORAZO vesu housing society Grab the chance to own this affordable 4 BHK flat for rent in the Vesu area. You can get this flat at monthly rent of ₹70,000. Some added-on facilities available with the flat are 4 AC. The flat is located on the 1 floor which includes 4 bathrooms, 1 balcony, and covers a carpet area of 2000 sqft. There is also facility of 1 Open parking. This unit features reserved parking. Visit the flat at F.P. NO. 50/2, T.P. NO. 5 ( VESU-BHIMRAD), , Surat City, Surat, Gujarat.",70000,225000,5000,20,4,1 Open,No,No,No,,False,True,Agent,98,Immediately,2026-04-16T23:45:20.000Z,"Apr 17, '26",True
WAxFOqayQPhzpSvf+uAgZw==,Magicbricks,https://www.magicbricks.com/property-details/4-BHK-3500-Sq-ft-Multistorey-Apartment-FOR-Rent-VIP-Road-in-Surat&id=4d423834313931393237,2026-04-19 13:52:36,21.1413009,72.7813698,,VIP Road,agerwal school,,,,Apartment,Semi-Furnished,8,12,East,3500,Sq-ft,New Construction,"piop light fain ac You can avail the 4 BHK flat for rent in the well-known location of VIP Road. ₹60,000 is the monthly rent of this 4 BHK flat. The apartment is on the 8 floor, has a covered area of 3500 sqft with 4 bathrooms and 3 balcony. This flat is fitted with power back up, reserved parking, security, air conditioned, intercom facility, ro water system. Find this apartment at PLOT NO.1/A TO 4/A, TP SCHEEME NO.75 (VESU-MAGDALLA-ABHVA), RS NO. 229/1P SUB PLOT-1, OP NO.25, FP NO. 25 PAIKEE SUB DIVISION-B,, Surat City, Surat, Gujarat,.",60000,180000,,17,4,,No,No,No,"Air Conditioned, Internet/Wi-Fi Connectivity, Banquet Hall, Bar/Lounge",True,True,Agent,58,Immediately,2026-04-11T06:14:00.000Z,"Apr 11, '26",True
ik6Y/3vqaBlzpSvf+uAgZw==,Magicbricks,https://www.magicbricks.com/property-details/4-BHK-2900-Sq-ft-Multistorey-Apartment-FOR-Rent-Ghod-Dod-Road-in-Surat&id=4d423831313735343231,2026-04-19 13:52:36,21.17521,72.806447,,Ghod Dod Road,"Surat, Gujarat",,,,Apartment,Furnished,5,12,East,2900,Sq-ft,10 to 15 years,"4bhk luxurious flat on rent near joggers park If you are planning to rent a flat, you can consider this 4 BHK flat situated in the prime location of Ghod Dod Road. This 4 BHK flat can be availed at the rental price of ₹70,000. The flat is located on the 5 floor which includes 4 bathrooms, 1 balcony, and covers a carpet area of 1800 sqft. The flat comes with power back up, reserved parking, security, service/goods lift, air conditioned, intercom facility, ro water system. You can visit the flat at Ghod Dod Road, Surat, Gujarat.",70000,210000,5500,24,4,,No,No,No,"Air Conditioned, Banquet Hall, Bar/Lounge, Jogging and Strolling Track",False,True,Agent,76,Immediately,2026-04-04T05:50:28.000Z,"Apr 04, '26",True
TZZBu8lsO2tzpSvf+uAgZw==,Magicbricks,https://www.magicbricks.com/property-details/4-BHK-3000-Sq-ft-Multistorey-Apartment-FOR-Rent-Citylight-Area-in-Surat&id=4d423833383233353139,2026-04-19 13:52:36,21.1666367,72.7955775,,Citylight Area,"Surat, Gujarat",,,,Apartment,Furnished,4,13,East,3000,Sq-ft,5 to 10 years,"Fully Furnished 4 Bhk Flat with Dining room. Every room Ac. 4 BHK apartment is available on rent in Citylight Area Surat right away. You can get this flat at monthly rent of ₹68,000. The apartment is on the 4 floor, has a carpet area of 1500 sqft with 4 bathrooms and 2 balcony. The apartment comes furnished with reserved parking, security, air conditioned, ro water system. The full address of the apartment is Citylight Area, Surat, Gujarat.",68000,200000,2000,23,4,,Yes,No,No,"Air Conditioned, RO Water System",False,True,Agent,71,Immediately,2026-03-17T11:05:49.000Z,"Mar 17, '26",True
LhyK4OS8sa9zpSvf+uAgZw==,Magicbricks,https://www.magicbricks.com/property-details/4-BHK-2885-Sq-ft-Multistorey-Apartment-FOR-Rent-Vesu-in-Surat&id=4d423833353938303135,2026-04-19 13:52:36,21.1447177,72.7717775,,Vesu,"Surat, Gujarat","19210|Udhna Railway Station, 19202|Bhagwan Mahavir College of Engineering Technology, 19202|T M Patel International School",,,Apartment,Furnished,5,9,South - East,2885,Sq-ft,5 to 10 years,"in Check out this newly constructed 4 BHK flat on rent in the prime location of Vesu Surat. This 4 BHK flat is available at the reasonable rent amount of ₹70,000. Located on the 5 floor, the flat has 4 bathrooms, 1 balcony in covered area of 2885 sqft. The flat comes with power back up, reserved parking, security, service/goods lift, air conditioned, intercom facility, ro water system. You can visit the flat at VIP Road, behind ONGC Colony, E3 Block, Vesu, Surat, Gujarat.",70000,210000,20000,24,4,,No,No,No,"Air Conditioned, Banquet Hall, Bar/Lounge, Jogging and Strolling Track",True,True,Agent,58,Immediately,2026-02-28T13:54:18.000Z,"Feb 28, '26",True
b65kdAVrdUBzpSvf+uAgZw==,Magicbricks,https://www.magicbricks.com/property-details/4-BHK-2988-Sq-ft-Multistorey-Apartment-FOR-Rent-Pal-in-Surat&id=4d423832333136313733,2026-04-19 13:52:36,21.1807801,72.7529018,,Pal,Near raj Victoria pal,"19202|International Institute Of Management And Technical Studies (Iimt), 19202|Lp Savani International School, 19206|Bellissimo Hub, 19206|Pal. Star World",,,Apartment,Unfurnished,6,12,East,2988,Sq-ft,New Construction,"great Campus and good community 4 BHK apartment is available on rent in Pal Surat right away. The apartment is available at an affordable rental price of ₹70,000. The flat is located on the 6 floor which includes 5 bathrooms, 4 balcony, and covers a carpet area of 1644 sqft. This property offers power back up, reserved parking, security, service/goods lift, air conditioned, intercom facility, ro water system.",70000,210000,4600,23,5,,No,No,No,"Air Conditioned, Banquet Hall, Jogging and Strolling Track, Outdoor Tennis Courts",False,True,Agent,75,Immediately,2026-03-07T14:53:07.000Z,"Mar 07, '26",True
FH99gV+/cLZzpSvf+uAgZw==,Magicbricks,https://www.magicbricks.com/property-details/4-BHK-4000-Sq-ft-Multistorey-Apartment-FOR-Rent-Vesu-in-Surat&id=4d423830313737353935,2026-04-19 13:52:36,21.1447177,72.7717775,,Vesu,"Surat, Gujarat","19210|Udhna Railway Station, 19202|White Lotus International School, 19202|T M Patel International School",,,Apartment,Furnished,8,12,,4000,Sq-ft,Less than 5 years,"If you are planning to rent a flat, you can consider this 4 BHK flat situated in the prime location of Vesu. The rent of the 4 BHK flat is ₹60,000. Additional amenities available with the flat are 2 Bed, Sofa and Gas Connection. The apartment is on the 8 floor, has a carpet area of 2500 sqft with 4 bathrooms and 2 balcony. You can visit the flat at Vesu, Surat, Gujarat.",60000,200000,0,15,4,,No,No,No,,False,True,Agent,58,Immediately,2026-03-11T07:31:50.000Z,"Mar 11, '26",True
wBlcanTcYtlzpSvf+uAgZw==,Magicbricks,https://www.magicbricks.com/property-details/4-BHK-3500-Sq-ft-Multistorey-Apartment-FOR-Rent-in-Surat&id=4d423833343831353833,2026-04-19 13:52:36,21.11013605,72.71941838,,Express Realty,"Dumas,Surat",,,,Apartment,Furnished,5,13,East,3500,Sq-ft,2005,"It has gym, lift, swimming pool, security, reserved parking You can avail the 4 BHK flat for rent in the well-known location of Dumas. You can get this flat at monthly rent of ₹70,000. Some attractive additional facilities available with the flat are 4 Wardrobe, 4 Bed, 1 TV, Fridge, 4 AC, Sofa, Washing Machine, Dining Table and Gas Connection. The flat is on the 5 floor and includes 4 bathrooms, 1 balcony with a carpet area of 1979 sqft. There is also facility of 3 Covered parking. This home provides power back up, reserved parking, security.",70000,210000,,20,4,3 Covered,Yes,No,No,Jogging and Strolling Track,True,True,Agent,80,Immediately,2026-03-16T08:52:32.000Z,"Mar 16, '26",True
w7oS191IFc5zpSvf+uAgZw==,Magicbricks,https://www.magicbricks.com/property-details/4-BHK-5200-Sq-ft-Multistorey-Apartment-FOR-Rent-Piplod-in-Surat&id=4d423832323238303333,2026-04-19 13:52:36,21.1610353,72.7762099,,Piplod,"KPM Terra Prime, Vesu, Big Bazzar Lane, opp. Bhartimaiya School, Piplod, Surat, Gujarat","19201|Gidc Icchapore, 19201|Software Technology Parks Of India (Stpi), 19202|Radiant English Academy, 19202|Jh Ambani High School, 19206|Big Bazaar, 19206|VR Mall",,,Apartment,Unfurnished,6,13,East,5200,Sq-ft,Less than 5 years,"4 BHK Specious Flat For RentKPM Terra Prime, Piplod.5200 Sq.Ft Super AreaModern AmenitiesUntoched FlatDeck BalconyIn Piplod, Surat Find 4 BHK flat for rent in Piplod Surat. The multistorey apartment is available at rent of ₹65,000. Located on the 6 floor, the flat comprises 4 bathrooms, 1 balcony, and has a carpet area of 2860 sqft. 3 Covered parking space is also available. The apartment is equipped with power back up, reserved parking. The apartment is located at KPM Terra Prime, Vesu, Big Bazzar Lane, opp. Bhartimaiya School, Piplod, Surat, Gujarat .",65000,195000,3,12,4,3 Covered,Yes,Yes,No,Jogging and Strolling Track,False,True,Agent,98,Immediately,2026-03-24T05:34:39.000Z,"Mar 24, '26",True
7UIizaKEuP5zpSvf+uAgZw==,Magicbricks,https://www.magicbricks.com/property-details/4-BHK-3854-Sq-ft-Multistorey-Apartment-FOR-Rent-Vesu-in-Surat&id=4d423830373934343439,2026-04-19 13:52:36,21.1447177,72.7717775,,Vesu,"Vesu,Surat","19210|Udhna Railway Station, 19202|T M Patel International School, 19202|Bhagwan Mahavir College of Engineering Technology",,,Apartment,Unfurnished,5,12,East,3854,Sq-ft,New Construction,"4 BHK apartment is available on rent in Vesu Surat right away. This 4 BHK flat is available at the reasonable rent amount of ₹65,000. The flat is located on the 5 floor which includes 4 bathrooms, 1 balcony, and covers a carpet area of 1856 sqft. The property includes 1 Covered, 1 Open parking. This home provides power back up, reserved parking, security. Visit the flat at Moje:Vesu, Tal.:Surat City, District: Surat, Surat City, Surat, Gujarat,.",65000,225000,7410,17,4,"1 Covered, 1 Open",Yes,No,No,Jogging and Strolling Track,True,True,Agent,78,Immediately,2026-03-20T06:23:03.000Z,"Mar 20, '26",True
YsQdcH+qpYFzpSvf+uAgZw==,Magicbricks,https://www.magicbricks.com/property-details/4-BHK-3124-Sq-ft-Multistorey-Apartment-FOR-Rent-Vesu-in-Surat&id=4d423834313130323133,2026-04-19 13:52:36,21.1447177,72.7717775,,Vesu,vesu,"19210|Udhna Railway Station, 19202|G.D. Goenka International School, 19202|Bhagwan Mahavir College of Engineering Technology",,,Apartment,Unfurnished,8,12,East,3124,Sq-ft,5 to 10 years,"Check out this newly constructed 4 BHK flat on rent in the prime location of Vesu Surat. This 4 BHK flat is available at the reasonable rent amount of ₹65,000. Located on the 8 floor, the flat has 1 bathrooms, 1 balcony in covered area of 3124 sqft. The residence includes power back up, reserved parking, security, air conditioned, intercom facility, ro water system. Find this apartment at Vesu, Surat..",65000,195000,,21,1,,No,No,No,"Air Conditioned, Banquet Hall, Bar/Lounge, Jogging and Strolling Track",True,True,Agent,53,Immediately,2026-04-06T17:35:04.000Z,"Apr 06, '26",True
umrZ8jifDNJzpSvf+uAgZw==,Magicbricks,https://www.magicbricks.com/property-details/4-BHK-3300-Sq-ft-Multistorey-Apartment-FOR-Rent-Vesu-in-Surat&id=4d423631383034393935,2026-04-19 13:52:36,21.1447177,72.7717775,,Vesu,near happy hallmark vesu,"19210|Udhna Railway Station, 19202|Bhagwan Mahavir College of Engineering Technology, 19202|G.D. Goenka International School",,,Apartment,Semi-Furnished,2,12,South -West,3300,Sq-ft,New Construction,"new building with all animities 4 BHK apartment is available on rent in Vesu Surat right away. The Rent amount of this 4 BHK apartment is set at an attractive price of ₹65,000. The apartment is on the 2 floor, has a carpet area of 2000 sqft with 4 bathrooms and 1 balcony. The property features power back up, reserved parking, security, service/goods lift, visitor parking. The flat can be visited at Vesu, Surat..",65000,195000,0,20,4,,No,No,No,"Laundry Service, Banquet Hall, Jogging and Strolling Track, Outdoor Tennis Courts",True,True,Agent,74,Immediately,2026-03-20T11:05:55.000Z,"Mar 20, '26",True
f+fWme1xC1BzpSvf+uAgZw==,Magicbricks,https://www.magicbricks.com/property-details/4-BHK-2640-Sq-ft-Multistorey-Apartment-FOR-Rent-Vesu-in-Surat&id=4d423833383532353237,2026-04-19 13:52:36,21.1447177,72.7717775,,Vesu,"Surat, Gujarat","19210|Udhna Railway Station, 19202|White Lotus International School, 19202|G.D. Goenka International School",,,Apartment,Furnished,6,13,,2640,Sq-ft,,"4 BHK apartment is available on rent in Vesu Surat right away. You can get this flat at monthly rent of ₹70,000. This 4 BHK rental flat comes with no brokerage fees.",70000,,,27,4,,No,No,No,,False,False,Owner,26,Immediately,2026-03-19T08:15:48.000Z,"Mar 19, '26",True
7g7I6WQCBJhzpSvf+uAgZw==,Magicbricks,https://www.magicbricks.com/property-details/4-BHK-3500-Sq-ft-Multistorey-Apartment-FOR-Rent-in-Surat&id=4d423832323234323131,2026-04-19 13:52:36,,,,1 Clik Property,"Surat, Gujarat",,,,Apartment,Semi-Furnished,10,12,East,3500,Sq-ft,Less than 5 years,"You can avail the 4 BHK flat for rent in the well-known location of vesuu. The rent of the 4 BHK flat is ₹65,000. Located on the 10 floor, the flat has 4 bathrooms, 3 balcony in covered area of 3500 sqft. The residence includes power back up, reserved parking, security, intercom facility.",65000,200000,0,19,4,,No,No,No,"Laundry Service, Internet/Wi-Fi Connectivity, Banquet Hall, Jogging and Strolling Track",True,True,Agent,53,Immediately,2026-04-17T23:45:19.000Z,Yesterday,True
9XfygM7R2ctzpSvf+uAgZw==,Magicbricks,https://www.magicbricks.com/property-details/4-BHK-1781-Sq-ft-Multistorey-Apartment-FOR-Rent-Vesu-in-Surat&id=4d423830363536353131,2026-04-19 13:52:36,21.1447177,72.7717775,,Vesu,C-1104.,"19210|Udhna Railway Station, 19202|G.D. Goenka International School, 19202|T M Patel International School",,,Apartment,Semi-Furnished,11,11,East,,,Less than 5 years,"Multistory apartment is available for rent. It has a carpet area of 1781 sq-ft, it is a good location. Please contact for more details. Find this 4 BHK rental flat in Vesu Surat. This 4 BHK flat can be availed at the rental price of ₹60,000. The flat is on the 11 floor and includes 4 bathrooms, 1 balcony with a carpet area of 1781 sqft. 2 Open parking facility are also available. The apartment is equipped with security, air conditioned. Visit the flat at Vesu, Surat Gujrat. This 4 BHK flat is directly posted by the owner, so you don't need to pay any brokerage on this property.",60000,150000,6350,,4,2 Open,Yes,No,Yes,Air Conditioned,False,False,Owner,86,Immediately,2026-03-23T21:30:41.000Z,"Mar 24, '26",True
nZl8TADaqHpzpSvf+uAgZw==,Magicbricks,https://www.magicbricks.com/property-details/4-BHK-3124-Sq-ft-Multistorey-Apartment-FOR-Rent-Vesu-in-Surat&id=4d423834313939383431,2026-04-19 13:52:36,21.1447177,72.7717775,,Vesu,"Surat, Gujarat","19210|Udhna Railway Station, 19202|T M Patel International School, 19202|White Lotus International School",,,Apartment,Semi-Furnished,8,12,East,3124,Sq-ft,Less than 5 years,"Multistorey apartment is available for rent. It has a covered area of 3124 sq-ft, it is 4 BHK apartment. Please contact for more details. 4 BHK flat is available for rent in Vesu immediately. The rent of the 4 BHK flat is ₹65,000. Located on the 8 floor, the flat comprises 1 bathrooms, 1 balcony, and has a covered area of 3124 sqft. This flat is fitted with power back up, reserved parking, security, air conditioned, intercom facility, ro water system. The flat can be visited at Vesu, Surat..",65000,195000,,21,1,,No,No,No,"Air Conditioned, Banquet Hall, Bar/Lounge, Jogging and Strolling Track",False,True,Agent,68,Immediately,2026-04-11T12:35:48.000Z,"Apr 11, '26",True
Rkc3MiVMHQpzpSvf+uAgZw==,Magicbricks,https://www.magicbricks.com/property-details/4-BHK-2500-Sq-ft-Multistorey-Apartment-FOR-Rent-Citylight-Area-in-Surat&id=4d423833393837363031,2026-04-19 13:52:36,21.1666367,72.7955775,,Citylight Area,"Surat, Gujarat",,,,Apartment,Furnished,4,13,East,2500,Sq-ft,5 to 10 years,"all bedroom , hall , Dining all area ac. You can explore this 4 BHK flat on rent in Citylight Area Surat. The Rent amount of this 4 BHK apartment is set at an attractive price of ₹65,000. The flat is located on the 4 floor which includes 4 bathrooms, 2 balcony, and covers a carpet area of 1400 sqft. The residence includes reserved parking, security, service/goods lift, air conditioned. The flat can be visited at Citylight Area, Surat, Gujarat.",65000,200000,2000,26,4,,Yes,No,No,"Service/Goods Lift, Air Conditioned",False,True,Agent,71,Immediately,2026-03-29T12:36:06.000Z,"Mar 29, '26",True
VkHfk90IykdzpSvf+uAgZw==,Magicbricks,https://www.magicbricks.com/property-details/4-BHK-4000-Sq-ft-Multistorey-Apartment-FOR-Rent-Pal-in-Surat&id=4d423832333231393633,2026-04-19 13:52:36,21.1807801,72.7529018,,Pal,Near Baghban Kratos club,"19202|Lp Savani International School, 19202|International Institute Of Management And Technical Studies (Iimt), 19206|Bellissimo Hub, 19206|Pal. Star World",,,Apartment,Unfurnished,7,10,East,4000,Sq-ft,New Construction,"Spacious 4BHK And Best Project with Best Connectivity. Check out this newly constructed 4 BHK flat on rent in the prime location of Pal Surat. The multistorey apartment is available at rent of ₹65,000. Located on the 7 floor, the flat comprises 4 bathrooms, 4 balcony, and has a carpet area of 2200 sqft. The residence includes power back up, reserved parking, security, service/goods lift, visitor parking, intercom facility, ro water system.",65000,195000,,16,4,,No,No,No,"Banquet Hall, Bar/Lounge, Jogging and Strolling Track, Outdoor Tennis Courts",True,True,Agent,58,Immediately,2026-03-07T14:53:07.000Z,"Mar 07, '26",True
5/3YGIKQhQZzpSvf+uAgZw==,Magicbricks,https://www.magicbricks.com/property-details/4-BHK-3200-Sq-ft-Multistorey-Apartment-FOR-Rent-Vesu-in-Surat&id=4d423834313931353135,2026-04-19 13:52:36,21.1447177,72.7717775,,Vesu,"Vesu,Surat","19210|Udhna Railway Station, 19202|T M Patel International School, 19202|Bhagwan Mahavir College of Engineering Technology",,,Apartment,Unfurnished,2,12,East,3200,Sq-ft,Less than 5 years,"It has Swimming Pool, Gymnasium, Club House, Childrens Play Area, Landscape Garden, Park, Banquet Hall, Gazebo, Jogging Track You can explore this 4 BHK flat on rent in Vesu Surat. This 4 BHK flat is available at the reasonable rent amount of ₹60,000. Located on the 2 floor, the flat has 4 bathrooms, 4 balcony in covered area of 3200 sqft. There is also facility of 1 Covered parking. The residence includes power back up, reserved parking, security.",60000,180000,,19,4,1 Covered,Yes,No,No,Jogging and Strolling Track,True,True,Agent,71,Immediately,2026-04-16T23:45:23.000Z,"Apr 17, '26",True
iIu7uuh4GYBzpSvf+uAgZw==,Magicbricks,https://www.magicbricks.com/property-details/4-BHK-3412-Sq-ft-Multistorey-Apartment-FOR-Rent-Vesu-in-Surat&id=4d423833373438313537,2026-04-19 13:52:36,21.1447177,72.7717775,,Vesu,"Surat, Gujarat","19210|Udhna Railway Station, 19202|White Lotus International School, 19202|T M Patel International School",,,Apartment,Unfurnished,5,12,East,3412,Sq-ft,New Construction,"You can avail the 4 BHK flat for rent in the well-known location of Vesu. The apartment is available at an affordable rental price of ₹65,000. The flat is located on the 5 floor which includes 4 bathrooms, 1 balcony, and covers a carpet area of 1664 sqft. There is also facility of 1 Covered, 1 Open parking. This unit features power back up, reserved parking, security.",65000,200000,7412,19,4,"1 Covered, 1 Open",Yes,No,No,Jogging and Strolling Track,True,True,Agent,75,Immediately,2026-03-12T08:46:37.000Z,"Mar 12, '26",True
sLq5e7Mwh1tzpSvf+uAgZw==,Magicbricks,https://www.magicbricks.com/property-details/4-BHK-3450-Sq-ft-Multistorey-Apartment-FOR-Rent-Vesu-in-Surat&id=4d423834313130323031,2026-04-19 13:52:36,21.1447177,72.7717775,,Vesu,vesu,"19210|Udhna Railway Station, 19202|T M Patel International School, 19202|Bhagwan Mahavir College of Engineering Technology",,,Apartment,Unfurnished,8,12,East,3450,Sq-ft,Less than 5 years,"Find 4 BHK flat for rent in Vesu Surat. The rent of the 4 BHK flat is ₹65,000. The flat is on the 8 floor and includes 4 bathrooms, 2 balcony with a covered area of 3450 sqft. This flat is fitted with power back up, reserved parking, security, air conditioned, intercom facility, ro water system.",65000,195000,,19,4,,No,No,No,"Air Conditioned, Banquet Hall, Bar/Lounge, Jogging and Strolling Track",True,True,Agent,53,Immediately,2026-04-06T17:31:39.000Z,"Apr 06, '26",True
6TIC2hsU1ddzpSvf+uAgZw==,Magicbricks,https://www.magicbricks.com/property-details/4-BHK-3124-Sq-ft-Multistorey-Apartment-FOR-Rent-Vesu-in-Surat&id=4d423834313931383331,2026-04-19 13:52:36,21.1447177,72.7717775,,Vesu,happy hallmark,"19210|Udhna Railway Station, 19202|G.D. Goenka International School, 19202|Bhagwan Mahavir College of Engineering Technology",,,Apartment,Semi-Furnished,8,12,East,3124,Sq-ft,Less than 5 years,"piop light fain ac Find 4 BHK flat for rent in Vesu Surat. ₹65,000 is the monthly rent of this 4 BHK flat. Located on the 8 floor, the flat comprises 1 bathrooms, 1 balcony, and has a covered area of 3124 sqft. The apartment is equipped with power back up, reserved parking, security, air conditioned, intercom facility, ro water system. This flat is located at Vesu, Surat..",65000,195000,,21,1,,No,No,No,"Air Conditioned, Banquet Hall, Bar/Lounge, Jogging and Strolling Track",False,True,Agent,78,Immediately,2026-04-11T06:11:07.000Z,"Apr 11, '26",True
MUwAH9OdIDNzpSvf+uAgZw==,Magicbricks,https://www.magicbricks.com/property-details/4-BHK-2500-Sq-ft-Multistorey-Apartment-FOR-Rent-Citylight-Area-in-Surat&id=4d423833393837343839,2026-04-19 13:52:36,21.1666367,72.7955775,,Citylight Area,"Surat, Gujarat",,,,Apartment,Furnished,4,13,East,2500,Sq-ft,5 to 10 years,"silent society Find 4 BHK flat for rent in Citylight Area Surat. The multistorey apartment is available at rent of ₹65,000. The flat is on the 4 floor and includes 5 bathrooms, 2 balcony with a carpet area of 1400 sqft. The apartment is equipped with reserved parking. Visit the flat at Citylight Area, Surat, Gujarat.",65000,200000,2000,26,5,,No,No,No,,False,True,Agent,56,Immediately,2026-03-29T12:25:33.000Z,"Mar 29, '26",True
XjBI68FHpAtzpSvf+uAgZw==,Magicbricks,https://www.magicbricks.com/property-details/4-BHK-3300-Sq-ft-Multistorey-Apartment-FOR-Rent-Vesu-in-Surat&id=4d423832303239323933,2026-04-19 13:52:36,21.1447177,72.7717775,,Vesu,"Vesu,Surat","19210|Udhna Railway Station, 19202|Bhagwan Mahavir College of Engineering Technology, 19202|White Lotus International School",,,Apartment,Semi-Furnished,5,12,East,3300,Sq-ft,2005,"It has Swimming Pool, Gymnasium, Club House, Childrens Play Area, Park, Banquet Hall, Gazebo, Jogging Track, Yoga Meditation Area You can explore this 4 BHK flat on rent in Vesu Surat. Available at a rental price of ₹60,000, this 4 BHK flat is worth considering. Some premium add-on facilities bundled with the flat are 3 AC. Located on the 5 floor, the flat comprises 3 bathrooms, 1 balcony, and has a covered area of 3300 sqft. There is also facility of 1 Covered parking. This property offers reserved parking.",60000,180000,,18,3,1 Covered,No,No,No,,True,True,Agent,58,Immediately,2026-02-17T04:36:37.000Z,"Feb 17, '26",True
epORS2+ijaNzpSvf+uAgZw==,Magicbricks,https://www.magicbricks.com/property-details/4-BHK-3200-Sq-ft-Multistorey-Apartment-FOR-Rent-Vesu-in-Surat&id=4d423834313730303235,2026-04-19 13:52:36,21.1447177,72.7717775,,Vesu,happy hallmark vesu,"19210|Udhna Railway Station, 19202|Bhagwan Mahavir College of Engineering Technology, 19202|T M Patel International School",,,Apartment,Semi-Furnished,3,12,East,3200,Sq-ft,Less than 5 years,"You can avail the 4 BHK flat for rent in the well-known location of Vesu. The multistorey apartment is available at rent of ₹70,000. Located on the 3 floor, the flat has 4 bathrooms, 1 balcony in covered area of 3200 sqft. This home provides power back up, reserved parking, security, service/goods lift, air conditioned, intercom facility, ro water system.",70000,210000,,22,4,,No,No,No,"Air Conditioned, Banquet Hall, Bar/Lounge, Jogging and Strolling Track",False,True,Agent,75,Immediately,2026-04-09T17:48:23.000Z,"Apr 09, '26",True
X8i1hmzZRidzpSvf+uAgZw==,Magicbricks,https://www.magicbricks.com/property-details/3-BHK-2380-Sq-ft-Multistorey-Apartment-FOR-Rent-Vesu-in-Surat&id=4d423637303235333637,2026-04-19 13:52:36,21.1447177,72.7717775,,Vesu,"N. M. MAVANI ROAD, VIP Road, Vesu, Surat, Gujarat","19210|Udhna Railway Station, 19202|G.D. Goenka International School, 19202|White Lotus International School",,,Apartment,Furnished,6,14,East,2380,Sq-ft,5 to 10 years,"Vastugram ,3bhk ,2380sqft ,rent 50000 , vesu. Find 3 BHK flat for rent in Vesu Surat. The Rent amount of this 3 BHK apartment is set at an attractive price of ₹50,000. Here you can enjoy world class facilities like 3 Wardrobe, 3 Bed, 2 AC, Sofa and Gas Connection. The apartment is on the 6 floor, has a covered area of 2380 sqft with 3 bathrooms and 1 balcony. The property includes 1 Covered, 1 Open parking. This flat is fitted with reserved parking, security. Find this apartment at N. M. MAVANI ROAD, VIP Road, Vesu, Surat, Gujarat .",50000,150000,1,21,3,"1 Covered, 1 Open",Yes,No,Yes,Jogging and Strolling Track,False,True,Agent,88,Immediately,2026-04-16T23:45:20.000Z,"Apr 17, '26",True
JMAiRG2XAtlzpSvf+uAgZw==,Magicbricks,https://www.magicbricks.com/property-details/3-BHK-2575-Sq-ft-Multistorey-Apartment-FOR-Rent-Vesu-in-Surat&id=4d423834313232323537,2026-04-19 13:52:36,21.1447177,72.7717775,,Vesu,"Surat, Gujarat","19210|Udhna Railway Station, 19202|G.D. Goenka International School, 19202|Bhagwan Mahavir College of Engineering Technology",,,Apartment,Semi-Furnished,7,12,East,2575,Sq-ft,New Construction,"Find 3 BHK flat for rent in Vesu Surat. The apartment is available at an affordable rental price of ₹45,000. Located on the 7 floor, the flat has 4 bathrooms, 3 balcony in covered area of 2575 sqft. The property features power back up, reserved parking, security, air conditioned, intercom facility, ro water system. This flat is located at T.P. NO. - 6, (VESU) F.P. NO.-62/P.SUB PLOT -1, O.P. NO.-44/5, R.S.NO.247/1/2/1,MOJE–VESU, Surat City, Surat, Gujarat,.",45000,135000,,17,4,,No,No,No,"Air Conditioned, Internet/Wi-Fi Connectivity, Banquet Hall, Bar/Lounge",True,True,Agent,51,Immediately,2026-04-07T10:32:22.000Z,"Apr 07, '26",True
TXXdytFxS/NzpSvf+uAgZw==,Magicbricks,https://www.magicbricks.com/property-details/3-BHK-2400-Sq-ft-Multistorey-Apartment-FOR-Rent-Vesu-in-Surat&id=4d423833363130373731,2026-04-19 13:52:36,21.1447177,72.7717775,,Vesu,"Surat, Gujarat","19210|Udhna Railway Station, 19202|White Lotus International School, 19202|T M Patel International School",,,Apartment,Furnished,8,13,East,2400,Sq-ft,New Construction,"3 BHK apartment is available on rent in Vesu Surat right away. This 3 BHK flat is available at the reasonable rent amount of ₹55,000. Located on the 8 floor, the flat comprises 3 bathrooms, 1 balcony, and has a carpet area of 1800 sqft. The flat can be visited at Vesu, Surat, Gujarat .",55000,,,23,3,,No,No,No,,True,True,Agent,58,Immediately,2026-03-02T08:11:25.000Z,"Mar 02, '26",True
HQqRtESrEhVzpSvf+uAgZw==,Magicbricks,https://www.magicbricks.com/property-details/3-BHK-1840-Sq-ft-Multistorey-Apartment-FOR-Rent-Dumas-Road-in-Surat&id=4d423638353132363437,2026-04-19 13:52:36,21.1378068259953,72.7505612386718,,Dumas Road,dumas airport road,"19201|Gidc Katagram, 19202|Lourdes Convent High School, 19202|CK Pithawala College of Engineering Technology, 19206|Surat Central, 19206|Canopus Mall, 19209|Surat International Airport",,,Apartment,Furnished,6,12,East,1840,Sq-ft,Less than 5 years,"3BHk flat at Avadh Carolina furnish for rent 3 BHK flat is available for rent in Dumas Road immediately. You can get this flat at monthly rent of ₹42,000. The apartment is on the 6 floor, has a carpet area of 1050 sqft with 3 bathrooms and 1 balcony. There is also facility of 1 Covered, 1 Open parking. The property features power back up, reserved parking, security, visitor parking. You can visit the flat at Near DPS School, Silent Zone Road Opp. Airport, Dumas Road, Dumas, Surat.",42000,120000,5400,23,3,"1 Covered, 1 Open",No,No,No,"Visitor Parking, Banquet Hall, Jogging and Strolling Track, Outdoor Tennis Courts",False,True,Agent,100,Immediately,2026-03-20T06:23:03.000Z,"Mar 20, '26",True
R3cYopcXveFzpSvf+uAgZw==,Magicbricks,https://www.magicbricks.com/property-details/3-BHK-2100-Sq-ft-Multistorey-Apartment-FOR-Rent-Vesu-in-Surat&id=4d423833393032373933,2026-04-19 13:52:36,21.1447177,72.7717775,,Vesu,"Surat, Gujarat","19210|Udhna Railway Station, 19202|T M Patel International School, 19202|Bhagwan Mahavir College of Engineering Technology",,,Apartment,Furnished,8,12,North - West,2100,Sq-ft,10 to 15 years,"in Check out this newly constructed 3 BHK flat on rent in the prime location of Vesu Surat. The flat is available for rent at a competitive amount of ₹41,000. Located on the 8 floor, the flat has 3 bathrooms, 1 balcony in covered area of 2100 sqft. This home provides power back up, reserved parking, security, service/goods lift, air conditioned, intercom facility, ro water system. Find this apartment at Vesu, Surat, Gujarat .",41000,1023,,20,3,,No,No,No,"Air Conditioned, Banquet Hall, Bar/Lounge, Jogging and Strolling Track",True,True,Agent,56,Immediately,2026-03-22T14:24:21.000Z,"Mar 22, '26",True
llwSRc87loJzpSvf+uAgZw==,Magicbricks,https://www.magicbricks.com/property-details/3-BHK-2250-Sq-ft-Multistorey-Apartment-FOR-Rent-Pal-Gam-in-Surat&id=4d423830333032373233,2026-04-19 13:52:36,21.1961857,72.7706259,,Pal Gam,"Pal Gam, Surat.",,,,Apartment,Furnished,5,14,East,2250,Sq-ft,Less than 5 years,"3 BHK Flat Fully Furnished Rent In Pal You can avail the 3 BHK flat for rent in the well-known location of Pal Gam. The rent of the 3 BHK flat is ₹45,000. Live in this lovely flat and get access to various useful facilities such as 3 Wardrobe, 3 Bed, 1 TV, 2 AC, Sofa, Dining Table and Gas Connection. The flat is located on the 5 floor which includes 3 bathrooms, 2 balcony, and covers a carpet area of 1350 sqft. The property includes 1 Covered parking. This unit features power back up, reserved parking, security. Visit the flat at Pal Gam, Surat..",45000,135000,0,20,3,1 Covered,No,No,No,,True,True,Agent,78,Immediately,2026-03-15T07:24:39.000Z,"Mar 15, '26",True
eCuL2Ab4qsBzpSvf+uAgZw==,Magicbricks,https://www.magicbricks.com/property-details/3-BHK-2525-Sq-ft-Multistorey-Apartment-FOR-Rent-Vesu-in-Surat&id=4d423832373133363933,2026-04-19 13:52:36,21.1447177,72.7717775,,Vesu,"Vesu Canal Road, Surat","19210|Udhna Railway Station, 19202|G.D. Goenka International School, 19202|Bhagwan Mahavir College of Engineering Technology",,,Apartment,Semi-Furnished,1,13,East,2525,Sq-ft,New Construction,"Exclusive AmenitiesLandscape GardenBanquet HallGymNet CricketSocial ClubMultipurpose CourtIndoor GamesToddlers Play AreaSkating RinkPergola Sitting Area Find this 3 BHK rental flat in Vesu Surat. This 3 BHK flat can be availed at the rental price of ₹41,000. Here you can enjoy world class facilities like 2 Bed and Gas Connection. The flat is located on the 1 floor which includes 3 bathrooms, 1 balcony, and covers a carpet area of 1379 sqft. There is also facility of 2 Covered parking. This property offers power back up, reserved parking, security.",41000,120000,3,16,3,2 Covered,Yes,Yes,No,Jogging and Strolling Track,False,True,Agent,100,Immediately,2026-03-02T04:44:10.000Z,"Mar 02, '26",True
ZtNyvT90QolzpSvf+uAgZw==,Magicbricks,https://www.magicbricks.com/property-details/3-BHK-2000-Sq-ft-Multistorey-Apartment-FOR-Rent-Vesu-in-Surat&id=4d423833303233353639,2026-04-19 13:52:36,21.1447177,72.7717775,,Vesu,"Surat, Gujarat","19210|Udhna Railway Station, 19202|T M Patel International School, 19202|White Lotus International School",,,Apartment,Furnished,3,7,East,2000,Sq-ft,New Construction,"very good location with all aminities If you are planning to rent a flat, you can consider this 3 BHK flat situated in the prime location of Vesu. The flat is available for rent at a competitive amount of ₹55,000. Located on the 3 floor, the flat has 3 bathrooms, 1 balcony in carpet area of 1700 sqft.",55000,,,28,3,,No,No,No,,True,True,Agent,61,Immediately,2026-04-08T05:23:42.000Z,"Apr 08, '26",True
E7ngdZQ4LaNzpSvf+uAgZw==,Magicbricks,https://www.magicbricks.com/property-details/3-BHK-1930-Sq-ft-Multistorey-Apartment-FOR-Rent-Dumas-Road-in-Surat&id=4d423830373531383633,2026-04-19 13:52:36,21.1378068259953,72.7505612386718,,Dumas Road,dumas,"19201|Gidc Katagram, 19202|CK Pithawala College of Engineering Technology, 19202|Scholar English Academy School, 19206|Canopus Mall, 19206|Surat Central, 19209|Surat International Airport",,,Apartment,Furnished,6,12,East,1930,Sq-ft,Less than 5 years,"3 BHK flat is available for rent in Dumas Road immediately. The 3 BHK apartment is available at a reasonable rent of ₹45,000. The flat is located on the 6 floor which includes 3 bathrooms, 3 balcony, and covers a covered area of 1930 sqft. The flat comes with power back up, reserved parking, security, service/goods lift, air conditioned, intercom facility, ro water system.",45000,135000,,23,3,,No,No,No,"Air Conditioned, Banquet Hall, Bar/Lounge, Jogging and Strolling Track",True,True,Agent,53,Immediately,2026-04-06T18:15:43.000Z,"Apr 06, '26",True
Z1EczuOyOf5zpSvf+uAgZw==,Magicbricks,https://www.magicbricks.com/property-details/3-BHK-2550-Sq-ft-Multistorey-Apartment-FOR-Rent-in-Surat&id=4d423737343833323237,2026-04-19 13:52:36,,,,Property Factory,"Surat, Gujarat",,,,Apartment,Unfurnished,6,11,,2550,Sq-ft,Less than 5 years,"You can explore this 3 BHK flat on rent in dev bhoomi Surat. The 3 BHK apartment is available at a reasonable rent of ₹50,000. Located on the 6 floor, the flat comprises 3 bathrooms, 2 balcony, and has a carpet area of 1700 sqft.",50000,,,20,3,,No,No,No,,True,True,Agent,36,Immediately,2026-03-01T07:26:33.000Z,"Mar 01, '26",True
u4BlejlFd+lzpSvf+uAgZw==,Magicbricks,https://www.magicbricks.com/property-details/3-BHK-1800-Sq-ft-Multistorey-Apartment-FOR-Rent-Pal-Gam-in-Surat&id=4d423830343239323537,2026-04-19 13:52:36,21.1961857,72.7706259,,Pal Gam,pal,,,,Apartment,Unfurnished,7,12,East,1800,Sq-ft,New Construction,"near nayra petrol pump pal umra brige3 bhk flat Grab the chance to own this affordable 3 BHK flat for rent in the Pal Gam area. This 3 BHK flat is available at the reasonable rent amount of ₹43,000. Located on the 7 floor, the flat comprises 2 bathrooms, 2 balcony, and has a covered area of 1800 sqft. You will also find 1 Covered, 1 Open parking facility. This home provides reserved parking, security. The apartment is located at pal, Pal Gam, Surat, Gujarat.",43000,129000,1000,24,2,"1 Covered, 1 Open",Yes,No,No,Jogging and Strolling Track,False,True,Agent,93,Immediately,2026-04-18T23:45:31.000Z,Today,True
Hh22j0h3QAxzpSvf+uAgZw==,Magicbricks,https://www.magicbricks.com/property-details/3-BHK-2412-Sq-ft-Multistorey-Apartment-FOR-Rent-Vesu-in-Surat&id=4d423830373037323039,2026-04-19 13:52:36,21.1447177,72.7717775,,Vesu,"Vesu,Surat","19210|Udhna Railway Station, 19202|Bhagwan Mahavir College of Engineering Technology, 19202|G.D. Goenka International School",,,Apartment,Unfurnished,5,11,East,2412,Sq-ft,5 to 10 years,"It has Gymnasium, Childrens Play Area, Park, Gazebo, Jogging Track, Multipurpose Hall, Party Lawn, Fountain, Senior Citizen Sitout 3 BHK apartment is available on rent in Vesu Surat right away. Available at a rental price of ₹45,000, this 3 BHK flat is worth considering. Located on the 5 floor, the flat comprises 3 bathrooms, 1 balcony, and has a covered area of 2412 sqft. You will also find 1 Covered parking facility. The full address of the apartment is SNS Platina,Vesu, Surat, Gujrat, India.",45000,135000,,19,3,1 Covered,Yes,Yes,No,Jogging and Strolling Track,True,True,Agent,55,Immediately,2026-03-17T07:21:23.000Z,"Mar 17, '26",True
urEmLer0+EFzpSvf+uAgZw==,Magicbricks,https://www.magicbricks.com/property-details/3-BHK-2400-Sq-ft-Multistorey-Apartment-FOR-Rent-Vesu-in-Surat&id=4d423831383238383839,2026-04-19 13:52:36,21.1447177,72.7717775,,Vesu,"Surat, Gujarat","19210|Udhna Railway Station, 19202|G.D. Goenka International School, 19202|T M Patel International School",395007,,Apartment,Furnished,9,13,East,2400,Sq-ft,Less than 5 years,"2 Bhk unfurnished flat for rent in roongta green leaf, vesu, surat A beautiful 3 BHK flat is available for rent in Vesu. The flat is available for rent at a competitive amount of ₹45,000. The apartment is on the 9 floor, has a carpet area of 1350 sqft with 3 bathrooms and 2 balcony. This property offers power back up, reserved parking, security. You can visit the flat at Opp. Agarwal Vidya Vihar School,New BRTS Canal Road, Vesu, Surat - 395007.",45000,135000,1,19,3,,No,No,No,"Internet/Wi-Fi Connectivity, Banquet Hall, Jogging and Strolling Track, Outdoor Tennis Courts",True,True,Agent,58,Immediately,2026-04-16T23:45:21.000Z,"Apr 17, '26",True
T+UmxChdc9dzpSvf+uAgZw==,Magicbricks,https://www.magicbricks.com/property-details/3-BHK-2896-Sq-ft-Multistorey-Apartment-FOR-Rent-Vesu-in-Surat&id=4d423834313631363535,2026-04-19 13:52:36,21.1447177,72.7717775,,Vesu,vip road,"19210|Udhna Railway Station, 19202|T M Patel International School, 19202|G.D. Goenka International School",,,Apartment,Semi-Furnished,9,12,East,2896,Sq-ft,Less than 5 years,"3 BHK apartment is available on rent in Vesu Surat right away. This 3 BHK flat can be availed at the rental price of ₹50,000. The apartment is on the 9 floor, has a carpet area of 1593 sqft with 3 bathrooms and 1 balcony. The apartment is equipped with power back up, reserved parking, security, air conditioned, intercom facility, ro water system.",50000,150000,,17,3,,No,No,No,"Air Conditioned, Banquet Hall, Bar/Lounge, Jogging and Strolling Track",True,True,Agent,68,Immediately,2026-04-09T09:53:15.000Z,"Apr 09, '26",True
1sIMSJR1ovFzpSvf+uAgZw==,Magicbricks,https://www.magicbricks.com/property-details/3-BHK-2800-Sq-ft-Multistorey-Apartment-FOR-Rent-Vesu-in-Surat&id=4d423830353133383035,2026-04-19 13:52:36,21.1447177,72.7717775,,Vesu,"Vesu, Surat Gujrat","19210|Udhna Railway Station, 19202|White Lotus International School, 19202|G.D. Goenka International School",,,Apartment,Unfurnished,3,11,East,2800,Sq-ft,New Construction,"3 BHK flat is available for rent in Vesu immediately. This 3 BHK flat is available at the reasonable rent amount of ₹45,000. The flat is on the 3 floor and includes 3 bathrooms, 1 balcony with a carpet area of 1474 sqft. The flat comes with power back up, reserved parking, security. This flat is located at Vesu, Surat Gujrat.",45000,125000,4500,16,3,,Yes,No,No,Jogging and Strolling Track,False,True,Agent,89,Immediately,2026-03-02T06:31:09.000Z,"Mar 02, '26",True
2OyzIcJ1K6ZzpSvf+uAgZw==,Magicbricks,https://www.magicbricks.com/property-details/3-BHK-2587-Sq-ft-Multistorey-Apartment-FOR-Rent-Vesu-in-Surat&id=4d423832363234343939,2026-04-19 13:52:36,21.1447177,72.7717775,,Vesu,"Vesu,Surat","19210|Udhna Railway Station, 19202|T M Patel International School, 19202|White Lotus International School",,,Apartment,Unfurnished,3,3,North,2587,Sq-ft,New Construction,"If you are searching a 3 BHK apartment for rent in Vesu, check out this amazing rental flat. This 3 BHK flat can be availed at the rental price of ₹45,000. Located on the 3 floor, the flat has 3 bathrooms, 3 balcony in carpet area of 1422 sqft. There is also facility of 2 Covered parking. This home provides power back up, reserved parking, security. This flat is located at T.P.S. NO: 28 (RUNDH-VESU), F.P. NO: 18, O.P. NO: 18, , Surat City, Surat, Gujarat.",45000,135000,3,17,3,2 Covered,Yes,No,No,Jogging and Strolling Track,False,True,Agent,100,Immediately,2026-02-20T13:51:07.000Z,"Feb 20, '26",True
Rv7qmV+OEUlzpSvf+uAgZw==,Magicbricks,https://www.magicbricks.com/property-details/3-BHK-2000-Sq-ft-Multistorey-Apartment-FOR-Rent-in-Surat&id=4d423833323932353735,2026-04-19 13:52:36,21.11013605,72.71941838,,Splendid Reactors,"Surat, Gujarat",,,,Apartment,Furnished,6,13,East,2000,Sq-ft,New Construction,"very good location with all mordan aminities If you are planning to rent a flat, you can consider this 3 BHK flat situated in the prime location of Dumas. The multistorey apartment is available at rent of ₹45,000. Located on the 6 floor, the flat comprises 3 bathrooms, 1 balcony, and has a carpet area of 1800 sqft.",45000,,,22,3,,No,No,No,,True,True,Agent,68,Immediately,2026-04-08T06:11:28.000Z,"Apr 08, '26",True
Sn7/6erVY1VzpSvf+uAgZw==,Magicbricks,https://www.magicbricks.com/property-details/3-BHK-2650-Sq-ft-Multistorey-Apartment-FOR-Rent-Vesu-in-Surat&id=4d423834313130313933,2026-04-19 13:52:36,21.1447177,72.7717775,,Vesu,vesu,"19210|Udhna Railway Station, 19202|Bhagwan Mahavir College of Engineering Technology, 19202|White Lotus International School",,,Apartment,Unfurnished,6,12,North,2650,Sq-ft,Less than 5 years,"You can explore this 3 BHK flat on rent in Vesu Surat. The multistorey apartment is available at rent of ₹45,000. The apartment is on the 6 floor, has a covered area of 2650 sqft with 3 bathrooms and 1 balcony. This flat is fitted with power back up, reserved parking, security, air conditioned, intercom facility, ro water system.",45000,135000,,17,3,,No,No,No,"Air Conditioned, Banquet Hall, Bar/Lounge, Jogging and Strolling Track",True,True,Agent,53,Immediately,2026-04-06T17:29:46.000Z,"Apr 06, '26",True
HtlJb8z7bH5zpSvf+uAgZw==,Magicbricks,https://www.magicbricks.com/property-details/3-BHK-2330-Sq-ft-Multistorey-Apartment-FOR-Rent-in-Surat&id=4d423834303234393635,2026-04-19 13:52:36,21.11013605,72.71941838,,Bhumi Property Consultant,"Dumas,Surat",,,,Apartment,Furnished,11,13,,2330,Sq-ft,2001,"Check out this newly constructed 3 BHK flat on rent in the prime location of Dumas Surat. The rent of the 3 BHK flat is ₹50,000. Get access to smart facilities such as 3 Wardrobe, 3 Bed, 2 AC, Sofa, Dining Table and Gas Connection simply by choosing this flat for rent. The flat is on the 11 floor and includes 3 bathrooms, 1 balcony with a carpet area of 1500 sqft.",50000,150000,6000,21,3,,No,No,No,,True,True,Agent,40,Immediately,2026-04-18T23:45:31.000Z,Today,True
tGNZJzKQafpzpSvf+uAgZw==,Magicbricks,https://www.magicbricks.com/property-details/3-BHK-2525-Sq-ft-Multistorey-Apartment-FOR-Rent-Vesu-in-Surat&id=4d423831393937303437,2026-04-19 13:52:36,21.1447177,72.7717775,,Vesu,"Surat, Gujarat","19210|Udhna Railway Station, 19202|G.D. Goenka International School, 19202|T M Patel International School",,,Apartment,Unfurnished,8,13,East,2525,Sq-ft,Less than 5 years,"It has Gymnasium, Club House, Creche Day Care, Childrens Play Area, Park, Banquet Hall, Basketball Court, Skating Rink, Shopping Centre If you are planning to rent a flat, you can consider this 3 BHK flat situated in the prime location of Vesu. The apartment is available at an affordable rental price of ₹45,000. The apartment is on the 8 floor, has a covered area of 2525 sqft with 3 bathrooms and 1 balcony. 1 Covered parking space is also available. This property offers reserved parking. Visit the apartment at Vesu, Surat, Gujarat.",45000,135000,,18,3,1 Covered,No,No,No,,True,True,Agent,73,Immediately,2026-02-17T04:46:03.000Z,"Feb 17, '26",True
aUE4HBUMButzpSvf+uAgZw==,Magicbricks,https://www.magicbricks.com/property-details/3-BHK-1738-Sq-ft-Multistorey-Apartment-FOR-Rent-Vesu-in-Surat&id=4d423831383238383633,2026-04-19 13:52:36,21.1447177,72.7717775,,Vesu,"Surat, Gujarat","19210|Udhna Railway Station, 19202|G.D. Goenka International School, 19202|White Lotus International School",,,Apartment,Furnished,7,13,East,1738,Sq-ft,New Construction,"3 BHK furnished flat for rent in raghuvir spectrum, vesu, surat 3 BHK flat is available for rent in Vesu immediately. This 3 BHK flat is available at the reasonable rent amount of ₹42,000. Located on the 7 floor, the flat has 3 bathrooms, 2 balcony in carpet area of 956 sqft. The property encompasses 13 floor and provides Kids play area amenities. The residence includes power back up, reserved parking, security. The flat can be visited at Behind of Agarwal vidhya vihar School, Vesu, Surat, Gujarat .",42000,126000,1,24,3,,No,No,No,"Internet/Wi-Fi Connectivity, Banquet Hall, Jogging and Strolling Track, Outdoor Tennis Courts",True,True,Agent,58,Immediately,2026-04-16T23:45:21.000Z,"Apr 17, '26",True
7ECeOYf+1PxzpSvf+uAgZw==,Magicbricks,https://www.magicbricks.com/property-details/3-BHK-1738-Sq-ft-Multistorey-Apartment-FOR-Rent-Vesu-in-Surat&id=4d423834313536363639,2026-04-19 13:52:36,21.1447177,72.7717775,,Vesu,near agerwal school,"19210|Udhna Railway Station, 19202|Bhagwan Mahavir College of Engineering Technology, 19202|G.D. Goenka International School",,,Apartment,Furnished,10,12,East,1738,Sq-ft,Less than 5 years,"3 BHK flat is available for rent in Vesu immediately. This 3 BHK flat is available at the reasonable rent amount of ₹45,000. Located on the 10 floor, the flat comprises 3 bathrooms, 1 balcony, and has a carpet area of 956 sqft. This residential building features 12 floor and ensures Kids play area comfort. The apartment comes furnished with power back up, reserved parking, security, air conditioned, intercom facility, ro water system. The full address of the apartment is Behind of Agarwal vidhya vihar School, Vesu, Surat, Gujarat .",45000,135000,,26,3,,No,No,No,"Air Conditioned, Internet/Wi-Fi Connectivity, RO Water System, Banquet Hall",True,True,Agent,53,Immediately,2026-04-09T07:04:45.000Z,"Apr 09, '26",True
4Bb3T88nWYBzpSvf+uAgZw==,Magicbricks,https://www.magicbricks.com/property-details/3-BHK-2524-Sq-ft-Multistorey-Apartment-FOR-Rent-Vesu-in-Surat&id=4d423730373339303539,2026-04-19 13:52:36,21.1447177,72.7717775,,Vesu,vip road khatu Shyam temple,"19210|Udhna Railway Station, 19202|Bhagwan Mahavir College of Engineering Technology, 19202|T M Patel International School",,,Apartment,Unfurnished,1,11,East,2524,Sq-ft,New Construction,"3BHk Sangini Vedanta flat for veg family on rent You can explore this 3 BHK flat on rent in Vesu Surat. ₹55,000 is the monthly rent of this 3 BHK flat. Located on the 1 floor, the flat comprises 3 bathrooms, 1 balcony, and has a carpet area of 1242 sqft. You will also find 1 Covered, 1 Open parking facility. This unit is designed with power back up, reserved parking, security, service/goods lift, visitor parking. Visit the flat at Khatu Shyam Temple Behind, Off, VIP Road, Vesu, Surat, Gujarat.",55000,150000,5400,22,3,"1 Covered, 1 Open",Yes,No,No,"Service/Goods Lift, Banquet Hall, Jogging and Strolling Track, Outdoor Tennis Courts",False,True,Agent,95,Immediately,2026-02-25T09:19:11.000Z,"Feb 25, '26",True
mJxUsR45yTxzpSvf+uAgZw==,Magicbricks,https://www.magicbricks.com/property-details/3-BHK-2950-Sq-ft-Multistorey-Apartment-FOR-Rent-Vesu-in-Surat&id=4d423732303333313935,2026-04-19 13:52:36,21.1447177,72.7717775,,Vesu,Surat,"19210|Udhna Railway Station, 19202|G.D. Goenka International School, 19202|T M Patel International School",,,Apartment,Unfurnished,7,13,East,2950,Sq-ft,New Construction,"main road view very good location Find 3 BHK flat for rent in Vesu Surat. The 3 BHK apartment is available at a reasonable rent of ₹45,000. Located on the 7 floor, the flat has 3 bathrooms, 2 balcony in carpet area of 2525 sqft. There is also facility of 1 Covered parking. The residence includes power back up, reserved parking, security, service/goods lift, air conditioned, intercom facility, ro water system. Visit the apartment at Khatu Shyam Temple Behind, Off, VIP Road, Vesu, Surat, Gujarat.",45000,151000,1,15,3,1 Covered,No,No,No,"Air Conditioned, Banquet Hall, Bar/Lounge, Jogging and Strolling Track",True,True,Agent,95,Immediately,2026-04-08T06:10:45.000Z,"Apr 08, '26",True
ZErTpLhUPAxzpSvf+uAgZw==,Magicbricks,https://www.magicbricks.com/property-details/3-BHK-1900-Sq-ft-Multistorey-Apartment-FOR-Rent-in-Surat&id=4d423832323234323433,2026-04-19 13:52:36,,,,1 Clik Property,"Surat, Gujarat",,,,Apartment,Furnished,4,7,East,1900,Sq-ft,5 to 10 years,"If you are searching a 3 BHK apartment for rent in vip rodd, check out this amazing rental flat. The rent of the 3 BHK flat is ₹42,000. Located on the 4 floor, the flat comprises 3 bathrooms, 2 balcony, and has a covered area of 1900 sqft. The residence includes power back up, reserved parking, security, intercom facility.",42000,130000,0,22,3,,No,No,No,"Laundry Service, Internet/Wi-Fi Connectivity, Banquet Hall, Jogging and Strolling Track",True,True,Agent,53,Immediately,2026-04-17T23:45:19.000Z,Yesterday,True
R2tF8yycCA1zpSvf+uAgZw==,Magicbricks,https://www.magicbricks.com/property-details/3-BHK-1890-Sq-ft-Multistorey-Apartment-FOR-Rent-Dumas-Road-in-Surat&id=4d423834303637393439,2026-04-19 13:52:36,21.1378068259953,72.7505612386718,,Dumas Road,"Surat, Gujarat","19201|Gidc Katagram, 19202|Lourdes Convent High School, 19202|CK Pithawala College of Engineering Technology, 19206|Canopus Mall, 19206|Surat Central, 19209|Surat International Airport",,,Apartment,Furnished,2,12,North,1890,Sq-ft,Less than 5 years,"3 BHK apartment is available on rent in Dumas Road Surat right away. The apartment is available at an affordable rental price of ₹50,000. Located on the 2 floor, the flat has 3 bathrooms, 3 balcony in covered area of 1890 sqft. The property features power back up, reserved parking, security, service/goods lift, air conditioned, visitor parking, intercom facility, ro water system.",50000,150000,,26,3,,No,No,No,"Air Conditioned, Banquet Hall, Bar/Lounge, Jogging and Strolling Track",False,True,Agent,66,Immediately,2026-04-04T05:38:30.000Z,"Apr 04, '26",True
zRxL7r34HIJzpSvf+uAgZw==,Magicbricks,https://www.magicbricks.com/property-details/3-BHK-2575-Sq-ft-Multistorey-Apartment-FOR-Rent-Vesu-in-Surat&id=4d423831343237363835,2026-04-19 13:52:36,21.1447177,72.7717775,,Vesu,"Vesu,Surat","19210|Udhna Railway Station, 19202|White Lotus International School, 19202|T M Patel International School",,,Apartment,Unfurnished,5,13,West,2575,Sq-ft,2016,"You can avail the 3 BHK flat for rent in the well-known location of Vesu. The flat is available for rent at a competitive amount of ₹40,000. The flat is on the 5 floor and includes 3 bathrooms, 3 balcony with a carpet area of 1298 sqft. 1 Covered, 1 Open parking facility are also available. This home provides power back up, reserved parking, security. The full address of the apartment is T.P. NO. - 6, (VESU) F.P. NO.-62/P.SUB PLOT -1, O.P. NO.-44/5, R.S.NO.247/1/2/1,MOJE–VESU, Surat City, Surat, Gujarat,.",40000,125000,5000,16,3,"1 Covered, 1 Open",No,No,No,,False,True,Agent,93,Immediately,2026-03-20T06:23:02.000Z,"Mar 20, '26",True
t+qoe3iOuW1zpSvf+uAgZw==,Magicbricks,https://www.magicbricks.com/property-details/3-BHK-1860-Sq-ft-Multistorey-Apartment-FOR-Rent-Bhimrad-in-Surat&id=4d423832343437353331,2026-04-19 13:52:36,21.129281,72.800067,,Hiren Desai,"Surat, Gujarat",,,,Apartment,Unfurnished,6,14,East,1860,Sq-ft,New Construction,"Multistorey apartment is available for sale. It has a covered area of 1860 sq-ft, it is 3 BHK apartment. Please contact for more details. Check out this newly constructed 3 BHK flat on rent in the prime location of Bhimrad Surat. ₹26,000 is the monthly rent of this 3 BHK flat. The apartment is on the 6 floor, has a covered area of 1860 sqft with 3 bathrooms and 1 balcony. The residence includes power back up, reserved parking, security, service/goods lift, air conditioned, visitor parking, intercom facility, ro water system. Visit the apartment at BLOCK NO 96 , T.P.S. NO 43( BHIMRAD), Surat City, Surat, Gujarat.",26000,80000,,14,3,,No,No,No,"Air Conditioned, Banquet Hall, Bar/Lounge, Jogging and Strolling Track",True,True,Agent,53,Immediately,2026-04-06T01:48:10.000Z,"Apr 06, '26",True
0bVrguzRCZdzpSvf+uAgZw==,Magicbricks,https://www.magicbricks.com/property-details/3-BHK-1700-Sq-ft-Multistorey-Apartment-FOR-Rent-Vesu-in-Surat&id=4d423832343731363937,2026-04-19 13:52:36,21.1447177,72.7717775,,Vesu,vesu,"19210|Udhna Railway Station, 19202|White Lotus International School, 19202|T M Patel International School",,,Apartment,Furnished,6,12,North - East,1700,Sq-ft,15 to 20 years,"You can avail the 3 BHK flat for rent in the well-known location of Vesu. This 3 BHK flat is available at the reasonable rent amount of ₹35,000. Located on the 6 floor, the flat comprises 3 bathrooms, 1 balcony, and has a covered area of 1700 sqft. The property features power back up, reserved parking, security, air conditioned, intercom facility, ro water system.",35000,105000,,21,3,,No,No,No,"Air Conditioned, Internet/Wi-Fi Connectivity, Banquet Hall, Bar/Lounge",True,True,Agent,53,Immediately,2026-04-11T05:16:48.000Z,"Apr 11, '26",True
Vo8PPQQVDA5zpSvf+uAgZw==,Magicbricks,https://www.magicbricks.com/property-details/3-BHK-1900-Sq-ft-Multistorey-Apartment-FOR-Rent-Piplod-in-Surat&id=4d423833383231333631,2026-04-19 13:52:36,21.1610353,72.7762099,,Piplod,Piplod,"19201|Gidc Icchapore, 19201|Software Technology Parks Of India (Stpi), 19202|Jh Ambani High School, 19202|Radiant English Academy, 19206|Big Bazaar, 19206|Vijay Sales",,,Apartment,Furnished,10,12,South -West,1900,Sq-ft,10 to 15 years,"3bhk flat for Rent With furnished with electronic more detail call A beautiful 3 BHK flat is available for rent in Piplod. The rent of the 3 BHK flat is ₹35,000. Located on the 10 floor, the flat has 3 bathrooms, 1 balcony in covered area of 1900 sqft. This unit features power back up, reserved parking, security, air conditioned, ro water system. The address is Unnamed Road, Piplod, Surat, Gujarat.",35000,110000,,18,3,,Yes,No,No,"Air Conditioned, RO Water System",True,True,Agent,78,Immediately,2026-03-17T09:45:03.000Z,"Mar 17, '26",True
Z6C6yuhy2WpzpSvf+uAgZw==,Magicbricks,https://www.magicbricks.com/property-details/3-BHK-2300-Sq-ft-Multistorey-Apartment-FOR-Rent-in-Surat&id=4d423833383830353935,2026-04-19 13:52:36,21.11013605,72.71941838,,Hemant Deora Property Consultants,"Surat, Gujarat",,,,Apartment,Semi-Furnished,9,13,East,2300,Sq-ft,New Construction,"3 BHK apartment is available on rent in Dumas Surat right away. The rent of the 3 BHK flat is ₹35,000. Located on the 9 floor, the flat has 3 bathrooms, 1 balcony in covered area of 2300 sqft.",35000,,,15,3,,No,No,No,Banquet Hall,True,True,Agent,48,Immediately,2026-03-20T12:22:50.000Z,"Mar 20, '26",True
YxxPtuJbIPdzpSvf+uAgZw==,Magicbricks,https://www.magicbricks.com/property-details/3-BHK-1651-Sq-ft-Multistorey-Apartment-FOR-Rent-Palanpur-in-Surat&id=4d423739373730313533,2026-04-19 13:52:36,21.215963,72.770389,,Topdeal Properties,"Palanpur,Surat",,,,Apartment,Unfurnished,5,12,East,1651,Sq-ft,2005,"3 BHK Flat For rent in Santvan Lexon New Construction Building You can avail the 3 BHK flat for rent in the well-known location of Palanpur. The multistorey apartment is available at rent of ₹30,000. The flat is located on the 5 floor which includes 3 bathrooms, 2 balcony, and covers a carpet area of 1100 sqft. There is also facility of 2 Covered parking. The apartment comes furnished with reserved parking.",30000,90000,1,18,3,2 Covered,No,No,No,,True,True,Agent,93,Immediately,2026-03-21T12:19:48.000Z,"Mar 21, '26",True
MLoAs1UWmYZzpSvf+uAgZw==,Magicbricks,https://www.magicbricks.com/property-details/3-BHK-2000-Sq-ft-Multistorey-Apartment-FOR-Rent-Vesu-in-Surat&id=4d423833313238323439,2026-04-19 13:52:36,21.1447177,72.7717775,,Vesu,vesu,"19210|Udhna Railway Station, 19202|G.D. Goenka International School, 19202|Bhagwan Mahavir College of Engineering Technology",,,Apartment,Furnished,6,12,East,2000,Sq-ft,New Construction,"3 bhk fully furnished flat on rent in vesu call me for more information You can avail the 3 BHK flat for rent in the well-known location of Vesu. The flat is available for rent at a competitive amount of ₹30,000. Find this apartment at Aagam Enclave, Near Someshwara Gate, Vesu, Surat, Gujarat.",30000,,,15,3,,No,No,No,,True,True,Agent,71,Immediately,2026-04-08T06:13:55.000Z,"Apr 08, '26",True
/Jt+V3VWbN5zpSvf+uAgZw==,Magicbricks,https://www.magicbricks.com/property-details/3-BHK-2530-Sq-ft-Multistorey-Apartment-FOR-Rent-Vesu-in-Surat&id=4d423632333737393933,2026-04-19 13:52:36,21.1447177,72.7717775,,Vesu,Harmony  near OM ICON,"19210|Udhna Railway Station, 19202|G.D. Goenka International School, 19202|T M Patel International School",,,Apartment,Furnished,5,9,West,2530,Sq-ft,New Construction,"Fully furniture flat and luxurious Society 3 BHK flat is available for rent in Vesu immediately. The flat is available for rent at a competitive amount of ₹37,000. Located on the 5 floor, the flat has 4 bathrooms, 3 balcony in carpet area of 1800 sqft. The flat comes with power back up, reserved parking, security, service/goods lift, visitor parking. Visit the apartment at Vesu, Surat, Gujarat.",37000,117000,0,15,4,,Yes,No,No,"Service/Goods Lift, Visitor Parking, Jogging and Strolling Track",True,True,Agent,94,Immediately,2026-03-20T11:05:09.000Z,"Mar 20, '26",True
krCzPug6AABzpSvf+uAgZw==,Magicbricks,https://www.magicbricks.com/property-details/3-BHK-1850-Sq-ft-Multistorey-Apartment-FOR-Rent-Bhimrad-in-Surat&id=4d423833353536323739,2026-04-19 13:52:36,21.129281,72.800067,,Property Factory,"Surat, Gujarat",,,,Apartment,Furnished,9,12,,1850,Sq-ft,5 to 10 years,"A beautiful 3 BHK flat is available for rent in Bhimrad. This 3 BHK flat is available at the reasonable rent amount of ₹32,000. The flat is located on the 9 floor which includes 3 bathrooms, 3 balcony, and covers a carpet area of 1200 sqft.",32000,,,17,3,,No,No,No,,True,True,Agent,33,Immediately,2026-02-25T18:08:03.000Z,"Feb 25, '26",True
/j/Ti2Pi+H5zpSvf+uAgZw==,Magicbricks,https://www.magicbricks.com/property-details/3-BHK-1602-Sq-ft-Multistorey-Apartment-FOR-Rent-Magdall-Road-in-Surat&id=4d423636393434393035,2026-04-19 13:52:36,21.170447,72.8251531,,Magdall Road,Magdalla,,,,Apartment,Semi-Furnished,3,4,North,1602,Sq-ft,5 to 10 years,"Main road Road facing in front of Amore Hotel with allotted car parking Check out this newly constructed 3 BHK flat on rent in the prime location of Magdall Road Surat. The 3 BHK apartment is available at a reasonable rent of ₹26,000. The flat is on the 3 floor and includes 3 bathrooms, 2 balcony with a covered area of 1602 sqft. The apartment comes furnished with power back up, reserved parking, security, air conditioned, intercom facility, ro water system. The flat can be visited at 4QR3+RGM, New Magdalla, Surat, Gujarat . This is a no-brokerage flat, as the owner is offering this 3 BHK flat on rent.",26000,110000,0,16,3,,No,No,No,"Air Conditioned, Internet/Wi-Fi Connectivity, RO Water System, Banquet Hall",False,False,Owner,89,Immediately,2026-04-17T22:30:25.000Z,Yesterday,True
XlalqXX9u31zpSvf+uAgZw==,Magicbricks,https://www.magicbricks.com/property-details/3-BHK-1840-Sq-ft-Multistorey-Apartment-FOR-Rent-Dumas-Road-in-Surat&id=4d423833393835393839,2026-04-19 13:52:36,21.1378068259953,72.7505612386718,,Dumas Road,"Surat, Gujarat","19201|Gidc Katagram, 19202|Lourdes Convent High School, 19202|CK Pithawala College of Engineering Technology, 19206|Canopus Mall, 19206|Surat Central, 19209|Surat International Airport",,,Apartment,Semi-Furnished,6,12,,1840,Sq-ft,,"If you are searching a 3 BHK apartment for rent in Dumas Road, check out this amazing rental flat. Available at a rental price of ₹40,000, this 3 BHK flat is worth considering. This home provides power back up, security. Find this apartment at Near DPS School, Silent Zone Road Opp. Airport, Dumas Road, Dumas, Surat. This 3 BHK flat is directly posted by the owner, so you don't need to pay any brokerage on this property.",40000,120000,,22,3,,No,No,No,,False,False,Owner,56,Select Date,2026-03-29T10:01:53.000Z,"Mar 29, '26",True
maObH0Qj/xtzpSvf+uAgZw==,Magicbricks,https://www.magicbricks.com/property-details/3-BHK-1550-Sq-ft-Multistorey-Apartment-FOR-Rent-Pal-Gam-in-Surat&id=4d423834303939313335,2026-04-19 13:52:36,21.1961857,72.7706259,,Pal Gam,"Surat, Gujarat",,,,Apartment,Semi-Furnished,7,14,West,1550,Sq-ft,New Construction,"If you are planning to rent a flat, you can consider this 3 BHK flat situated in the prime location of Pal Gam. The flat is available for rent at a competitive amount of ₹26,000. Located on the 7 floor, the flat has 3 bathrooms, 3 balcony in carpet area of 900 sqft. This unit features security. The address is Canal Rd, Pal Gam, Surat, Gujarat . This is a no-brokerage flat, as the owner is offering this 3 BHK flat on rent.",26000,,,17,3,,No,No,No,,False,False,Owner,61,Immediately,2026-04-06T09:12:09.000Z,"Apr 06, '26",True
xzw0cLYd+bJzpSvf+uAgZw==,Magicbricks,https://www.magicbricks.com/property-details/3-BHK-2286-Sq-ft-Multistorey-Apartment-FOR-Rent-Vesu-in-Surat&id=4d423832353236333435,2026-04-19 13:52:36,21.1447177,72.7717775,,Vesu,City light,"19210|Udhna Railway Station, 19202|G.D. Goenka International School, 19202|Bhagwan Mahavir College of Engineering Technology",,,Apartment,Semi-Furnished,5,13,East,2286,Sq-ft,New Construction,"One of the best project in surat A beautiful 3 BHK flat is available for rent in Vesu. The flat is available for rent at a competitive amount of ₹26,000. The apartment is on the 5 floor, has a covered area of 2286 sqft with 3 bathrooms and 3 balcony. The apartment is equipped with security. The apartment is located at Vesu, Surat Gujrat . You can find the 3 BHK flat without any brokerage.",26000,78000,,11,3,,Yes,Yes,No,Laundry Service,True,True,Owner,76,Immediately,2026-04-15T23:34:31.000Z,"Apr 16, '26",True
+BsvcsGhP5FzpSvf+uAgZw==,Magicbricks,https://www.magicbricks.com/property-details/3-BHK-2275-Sq-ft-Multistorey-Apartment-FOR-Rent-Citylight-Area-in-Surat&id=4d423730363339363933,2026-04-19 13:52:36,21.1666367,72.7955775,,Citylight Area,City light,,,,Apartment,Semi-Furnished,5,12,East,2275,Sq-ft,5 to 10 years,"You can explore this 3 BHK flat on rent in Citylight Area Surat. The multistorey apartment is available at rent of ₹30,000. Located on the 5 floor, the flat has 3 bathrooms, 1 balcony in covered area of 2275 sqft. This flat is fitted with power back up, reserved parking, security. This flat is located at City Light, Surat, Gujarat. The brokerage amount of the 3 BHK apartment is zero.",30000,,,13,3,,Yes,No,No,Jogging and Strolling Track,True,True,Owner,69,Immediately,2026-04-11T23:37:09.000Z,"Apr 12, '26",True
F/CR9Si9htNzpSvf+uAgZw==,Magicbricks,https://www.magicbricks.com/property-details/3-BHK-2277-Sq-ft-Multistorey-Apartment-FOR-Rent-Vesu-in-Surat&id=4d423834313132343739,2026-04-19 13:52:36,21.1447177,72.7717775,,Vesu,"Surat, Gujarat","19210|Udhna Railway Station, 19202|T M Patel International School, 19202|Bhagwan Mahavir College of Engineering Technology",,,Apartment,Semi-Furnished,7,10,,2277,Sq-ft,,"3 BHK apartment is available on rent in Vesu Surat right away. The rent of the 3 BHK flat is ₹40,000. Located on the 7 floor, the flat comprises 3 bathrooms, 1 balcony, and has a covered area of 2277 sqft. The apartment is located at Vesu, Surat, Gujarat. You can find the 3 BHK flat without any brokerage.",40000,,,18,3,,No,No,No,,True,False,Owner,51,Select Date,2026-04-07T05:39:56.000Z,"Apr 07, '26",True
lmv0+e+ySnxzpSvf+uAgZw==,Magicbricks,https://www.magicbricks.com/property-details/3-BHK-1861-Sq-ft-Multistorey-Apartment-FOR-Rent-Palanpur-in-Surat&id=4d423834303133383331,2026-04-19 13:52:36,21.215963,72.770389,,Property World,"Surat, Gujarat",,,,Apartment,Unfurnished,7,14,East,1861,Sq-ft,New Construction,"Find 3 BHK flat for rent in Palanpur Surat. The flat is available for rent at a competitive amount of ₹30,000. The flat is on the 7 floor and includes 3 bathrooms, 1 balcony with a covered area of 1861 sqft. The apartment is equipped with intercom facility.",30000,90000,2100,16,3,,Yes,Yes,No,"Intercom Facility, Banquet Hall",True,True,Agent,73,Immediately,2026-04-17T23:45:19.000Z,Yesterday,True
FaGWpyhNqVJzpSvf+uAgZw==,Magicbricks,https://www.magicbricks.com/property-details/3-BHK-1680-Sq-ft-Multistorey-Apartment-FOR-Rent-Palanpur-in-Surat&id=4d423833383830333439,2026-04-19 13:52:36,21.215963,72.770389,,Saffron Properties,"Shreepad Celebrations, Palanpur,Surat",,,,Apartment,Furnished,3,3,,1680,Sq-ft,Less than 5 years,"A 3bhk fully furnished premium flat available on rent in Shreepad celebrations a luxurious high rise apartment with facilities available like garden, children play area, basement parking etc If you are searching a 3 BHK apartment for rent in Palanpur, check out this amazing rental flat. The multistorey apartment is available at rent of ₹33,000. Some premium add-on facilities bundled with the flat are 3 Wardrobe, 2 Bed, Sofa and Gas Connection. The apartment is on the 3 floor, has a covered area of 1680 sqft with 3 bathrooms and 3 balcony. 2 Covered parking space is also available. The property features power back up, reserved parking, security. You can visit the flat at Palanpur, Surat, Gujarat .",33000,99000,,20,3,2 Covered,No,No,No,,False,True,Agent,88,Immediately,2026-04-18T23:45:32.000Z,Today,True
WE4kLdlvWRZzpSvf+uAgZw==,Magicbricks,https://www.magicbricks.com/property-details/3-BHK-1962-Sq-ft-Multistorey-Apartment-FOR-Rent-Vesu-in-Surat&id=4d423733323432363137,2026-04-19 13:52:36,21.1447177,72.7717775,,Vesu,"Vesu,Surat","19210|Udhna Railway Station, 19202|Bhagwan Mahavir College of Engineering Technology, 19202|G.D. Goenka International School",,,Apartment,Semi-Furnished,9,13,East,1962,Sq-ft,Less than 5 years,"3 BHK flat is available for rent in Vesu immediately. The 3 BHK apartment is available at a reasonable rent of ₹28,000. The flat comes with some add-on facilities such as Gas Connection. The apartment is on the 9 floor, has a carpet area of 1100 sqft with 3 bathrooms and 1 balcony. 1 Covered, 1 Open parking facility are also available. This unit is designed with power back up, reserved parking, security.",28000,84000,2,14,3,"1 Covered, 1 Open",Yes,No,No,Jogging and Strolling Track,False,True,Agent,100,Immediately,2026-04-16T23:45:21.000Z,"Apr 17, '26",True
oJAR88hxhP1zpSvf+uAgZw==,Magicbricks,https://www.magicbricks.com/property-details/3-BHK-1250-Sq-ft-Multistorey-Apartment-FOR-Rent-Vesu-in-Surat&id=4d423833393730393335,2026-04-19 13:52:36,21.1447177,72.7717775,,Vesu,"Surat, Gujarat","19210|Udhna Railway Station, 19202|G.D. Goenka International School, 19202|Bhagwan Mahavir College of Engineering Technology",,,Apartment,Semi-Furnished,6,9,,1250,Sq-ft,New Construction,"A beautiful 3 BHK flat is available for rent in Vesu. The apartment is available at an affordable rental price of ₹35,000. Located on the 6 floor, the flat has 3 bathrooms, 2 balcony in carpet area of 1000 sqft. The property features power back up, security. The apartment is located at Vesu, Surat. This 3 BHK rental flat comes with no brokerage fees.",35000,,,28,3,,No,No,No,,False,False,Owner,41,Immediately,2026-03-28T04:33:23.000Z,"Mar 28, '26",True
VGSNqk7v7XhzpSvf+uAgZw==,Magicbricks,https://www.magicbricks.com/property-details/3-BHK-1650-Sq-ft-Multistorey-Apartment-FOR-Rent-Palanpur-in-Surat&id=4d423830333632313435,2026-04-19 13:52:36,21.215963,72.770389,,Vardhman Realty,"Ugat Bhesan Raod, Nr. Metro Station.",,,,Apartment,Semi-Furnished,10,14,East,1650,Sq-ft,New Construction,"If you are searching a 3 BHK apartment for rent in Palanpur, check out this amazing rental flat. The multistorey apartment is available at rent of ₹26,500. The flat comes with some add-on facilities such as 2 Wardrobe, 1 AC and Gas Connection. Located on the 10 floor, the flat comprises 3 bathrooms, 3 balcony, and has a carpet area of 950 sqft. There is also facility of 1 Covered, 1 Open parking. The property features power back up, reserved parking, security. Find this apartment at Ugat Bhesan Raod, Nr. Metro Station., Palanpur, Surat, Gujarat.",26500,81000,2500,16,3,"1 Covered, 1 Open",Yes,Yes,No,Jogging and Strolling Track,False,True,Agent,100,Immediately,2026-04-17T23:45:20.000Z,Yesterday,True
CirKHIlaIKRzpSvf+uAgZw==,Magicbricks,https://www.magicbricks.com/property-details/3-BHK-2100-Sq-ft-Multistorey-Apartment-FOR-Rent-in-Surat&id=4d423830323330373339,2026-04-19 13:52:36,,,,Safe & Shine Properties,pal,,,,Apartment,Semi-Furnished,2,7,East,2100,Sq-ft,New Construction,"3 BHK New Construction Building For Rent If you are searching a 3 BHK apartment for rent in New building, check out this amazing rental flat. The 3 BHK apartment is available at a reasonable rent of ₹36,000. The flat is located on the 2 floor which includes 3 bathrooms, 3 balcony, and covers a carpet area of 1170 sqft. 1 Covered parking facility are also available. This unit features power back up, security.",36000,108000,0,17,3,1 Covered,No,No,No,,False,True,Agent,100,Immediately,2026-04-17T23:45:20.000Z,Yesterday,True
p3ak50XOOCNzpSvf+uAgZw==,Magicbricks,https://www.magicbricks.com/property-details/3-BHK-1805-Sq-ft-Multistorey-Apartment-FOR-Rent-Bhimrad-in-Surat&id=4d423833333435393033,2026-04-19 13:52:36,21.129281,72.800067,,amit banka,"Bhimrad, Surat",,,,Apartment,Furnished,5,15,,1805,Sq-ft,Less than 5 years,"If you are searching a 3 BHK apartment for rent in Bhimrad, check out this amazing rental flat. The flat is available for rent at a competitive amount of ₹38,000. The apartment is on the 5 floor, has a covered area of 1805 sqft with 3 bathrooms and 2 balcony. The flat comes with power back up, reserved parking, security, service/goods lift, air conditioned, intercom facility, ro water system. Do not pay any brokerage fee for this 3 BHK rental flat since the property ad is posted by the flat owner.",38000,150000,,21,3,,No,No,No,"Air Conditioned, Banquet Hall, Bar/Lounge, Jogging and Strolling Track",False,False,Owner,65,Immediately,2026-02-10T10:57:23.000Z,"Feb 10, '26",True
352nAqU9r2xzpSvf+uAgZw==,Magicbricks,https://www.magicbricks.com/property-details/3-BHK-1700-Sq-ft-Multistorey-Apartment-FOR-Rent-Palanpur-in-Surat&id=4d423834303137303635,2026-04-19 13:52:36,21.215963,72.770389,,Thomas,"B1301 Santvan Lexon, near santvan circle",,,,Apartment,Semi-Furnished,13,14,East,1700,Sq-ft,New Construction,"premium brand new house in the prime location. excellent ventilation and natural light. If you are planning to rent a flat, you can consider this 3 BHK flat situated in the prime location of Palanpur. The 3 BHK apartment is available at a reasonable rent of ₹30,000. The flat is located on the 13 floor which includes 3 bathrooms, 4 balcony, and covers a carpet area of 1000 sqft. This home provides power back up, reserved parking, security. The brokerage amount of the 3 BHK apartment is zero.",30000,,,18,3,,No,No,No,"Laundry Service, Banquet Hall, Conference Room, Jogging and Strolling Track",False,False,Owner,81,Immediately,2026-04-01T06:44:48.000Z,"Apr 01, '26",True
PEKDAFqHUUlzpSvf+uAgZw==,Magicbricks,https://www.magicbricks.com/property-details/3-BHK-2010-Sq-ft-Multistorey-Apartment-FOR-Rent-VIP-Road-in-Surat&id=4d423833323734363939,2026-04-19 13:52:36,21.1413009,72.7813698,,VIP Road,"Surat, Gujarat",,,,Apartment,Furnished,1,10,,2010,Sq-ft,5 to 10 years,"A multistorey apartment is available for rent. It is a good location. Please contact for more details. You can explore this 3 BHK flat on rent in VIP Road Surat. You can get this flat at monthly rent of ₹40,000. Additional amenities available with the flat are 3 Wardrobe, 3 Bed, 1 TV, Fridge, 2 AC, Sofa, Washing Machine, Dining Table and Gas Connection. Located on the 1 floor, the flat has 3 bathrooms, 2 balcony in covered area of 2010 sqft. This flat is located at Vesu, Surat, Gujarat . The owner has posted this 3 BHK flat for rent, so the brokerage fees is zero on this multistorey apartment.",40000,120000,3500,20,3,,No,No,No,,False,False,Owner,40,Immediately,2026-03-30T22:30:39.000Z,"Mar 31, '26",True
QD6WIyvZpcZzpSvf+uAgZw==,Magicbricks,https://www.magicbricks.com/property-details/3-BHK-1812-Sq-ft-Multistorey-Apartment-FOR-Rent-Pal-in-Surat&id=4d423639323039323339,2026-04-19 13:52:36,21.1807801,72.7529018,,Pal,408.,"19202|International Institute Of Management And Technical Studies (Iimt), 19202|Lp Savani International School, 19206|Bellissimo Hub, 19206|Pal. Star World",,,Apartment,Semi-Furnished,4,11,South - East,1812,Sq-ft,5 to 10 years,"The flat is in very first building in Green City. Hence is very convinient access and has beautiful view of gardens, farms, canals and river. Check out this newly constructed 3 BHK flat on rent in the prime location of Pal Surat. This 3 BHK flat can be availed at the rental price of ₹40,000. The flat comes with some add-on facilities such as 1 Wardrobe, 1 Bed, Fridge, Microwave, 1 AC, Dining Table and Gas Connection. The apartment is on the 4 floor, has a carpet area of 1700 sqft with 3 bathrooms and 1 balcony. There is also facility of 1 Covered parking. The flat comes with power back up, reserved parking, security. Find this apartment at PAL, Surat Gujrat. There are no brokerage fees on this 3 BHK multistorey apartment.",40000,120000,1000,22,3,1 Covered,Yes,No,No,Jogging and Strolling Track,False,False,Owner,69,Immediately,2026-03-19T21:32:30.000Z,"Mar 20, '26",True
RMY4EsMprqxzpSvf+uAgZw==,Magicbricks,https://www.magicbricks.com/property-details/3-BHK-2400-Sq-ft-Multistorey-Apartment-FOR-Rent-Althan-in-Surat&id=4d423833333834353637,2026-04-19 13:52:36,21.1493019,72.8053877,,Althan,"Surat, Gujarat","19201|Software Technology Parks Of India (Stpi) Surat, 19202|I.G. Desai School, 19202|Broadway International School",,,Apartment,Semi-Furnished,2,20,,2400,Sq-ft,,"You can explore this 3 BHK flat on rent in Althan Surat. The apartment is available at an affordable rental price of ₹34,000. Visit the flat at Althan, Surat, Gujarat. You can find the 3 BHK flat without any brokerage.",34000,,,14,3,,No,No,No,,False,False,Owner,0,Immediately,2026-03-28T22:30:29.000Z,"Mar 29, '26",True
riGcQieMaQxzpSvf+uAgZw==,Magicbricks,https://www.magicbricks.com/property-details/3-BHK-2000-Sq-ft-Multistorey-Apartment-FOR-Rent-in-Surat&id=4d423637373930373239,2026-04-19 13:52:36,,,,Poonam Desai,"Surat, Gujarat",,,,Apartment,Furnished,11,11,,2000,Sq-ft,,"Find 3 BHK flat for rent in Sneh Sagar Sarita. ...Chandnichok piplod Surat. This 3 BHK flat is available at the reasonable rent amount of ₹28,000. You can find the 3 BHK flat without any brokerage.",28000,,,14,2,,No,No,No,,False,False,Owner,46,Immediately,2026-02-14T18:07:17.000Z,"Feb 14, '26",True
sbJHTom/xeVzpSvf+uAgZw==,Magicbricks,https://www.magicbricks.com/property-details/3-BHK-2300-Sq-ft-Multistorey-Apartment-FOR-Rent-Bhimrad-in-Surat&id=4d423830363737383837,2026-04-19 13:52:36,21.129281,72.800067,,manoj, Bhimrad,,,,Apartment,Semi-Furnished,2,20,,2300,Sq-ft,New Construction,"has an good view with premium location Check out this newly constructed 3 BHK flat on rent in the prime location of Bhimrad Surat. This 3 BHK flat can be availed at the rental price of ₹32,000. Located on the 2 floor, the flat has 4 bathrooms, 1 balcony in carpet area of 1200 sqft. The apartment is equipped with security, service/goods lift. This flat is located at Bhimrad-Althan Rd, Surat, Gujarat . This 3 BHK flat is directly posted by the owner, so you don't need to pay any brokerage on this property.",32000,,,14,4,,Yes,No,No,"Service/Goods Lift, Outdoor Tennis Courts",False,False,Owner,66,Immediately,2026-03-15T21:30:43.000Z,"Mar 16, '26",True
5srrEtGoDRFzpSvf+uAgZw==,Magicbricks,https://www.magicbricks.com/property-details/3-BHK-2000-Sq-ft-Multistorey-Apartment-FOR-Rent-Vesu-in-Surat&id=4d423830363731313431,2026-04-19 13:52:36,21.1447177,72.7717775,,Vesu,"Surat, Gujarat","19210|Udhna Railway Station, 19202|Bhagwan Mahavir College of Engineering Technology, 19202|G.D. Goenka International School",,,Apartment,Furnished,1,14,,,,5 to 10 years,"Multistorey apartment is available for rent. It is a good location property. Please contact for more details. A beautiful 3 BHK flat is available for rent in Vesu. The rent of the 3 BHK flat is ₹35,000. The flat is on the 1 floor and includes 3 bathrooms, 2 balcony with a carpet area of 2000 sqft. The apartment is equipped with air conditioned. This 3 BHK flat is directly posted by the owner, so you don't need to pay any brokerage on this property.",35000,105000,,,3,,Yes,No,No,Air Conditioned,False,False,Owner,49,Immediately,2026-03-01T16:31:51.000Z,"Mar 01, '26",True
Mr3hrv6GEVNzpSvf+uAgZw==,Magicbricks,https://www.magicbricks.com/property-details/3-BHK-1775-Sq-ft-Multistorey-Apartment-FOR-Rent-Palanpur-in-Surat&id=4d423833363930343535,2026-04-19 13:52:36,21.215963,72.770389,,Rajkumar Jalani,"Shubham Pearl, Bh Chroma, Off Gaurav path, Pal, Adajan",,,,Apartment,Furnished,11,14,,1775,Sq-ft,New Construction,"Find this 3 BHK rental flat in Palanpur Surat. You can get this flat at monthly rent of ₹32,000. The flat is on the 11 floor and includes 3 bathrooms, 4 balcony with a covered area of 1775 sqft. The full address of the apartment is Shubham Pearl, Bh Chroma, Off Gaurav path, Pal, Adajan, Palanpur, Surat, Gujarat. This is a no-brokerage flat because the owner has posted the ad on this 3 BHK apartment.",32000,96000,,18,3,,No,No,No,,False,False,Owner,56,Immediately,2026-03-08T06:03:11.000Z,"Mar 08, '26",True
8Dwbe1DQRkZzpSvf+uAgZw==,Magicbricks,https://www.magicbricks.com/property-details/1-BHK-771-Sq-ft-Multistorey-Apartment-FOR-Rent-Palanpur-in-Surat&id=4d423830323633343937,2026-04-19 13:52:36,21.215963,72.770389,,Deepak Daryani,"Palanpur,Surat",,,,Apartment,Furnished,4,13,East,771,Sq-ft,Less than 5 years,"1BHK Flate Rent In Palanpur Surat Find 1 BHK flat for rent in Palanpur Surat. You can get this flat at monthly rent of ₹23,000. 1 Wardrobe, 1 Bed, 1 TV, 1 AC, Sofa, Dining Table and Gas Connection are some of the additional amenities available with the apartment. The apartment is on the 4 floor, has a carpet area of 450 sqft with 1 bathrooms and 1 balcony. The property includes 1 Covered parking. This home provides reserved parking, security. Find this apartment at TP-9, FP, 116, Near Shavion shopping Shavion Circal, Gauvravpath, Road, Palanpur, Surat, Gujarat.",23000,69000,0,30,1,1 Covered,No,No,No,,True,True,Agent,76,Immediately,2026-03-15T07:20:58.000Z,"Mar 15, '26",True
hkAeauy6SRtzpSvf+uAgZw==,Magicbricks,https://www.magicbricks.com/property-details/1-BHK-500-Sq-ft-Multistorey-Apartment-FOR-Rent-Citylight-Area-in-Surat&id=4d423738383931303235,2026-04-19 13:52:36,21.1666367,72.7955775,,Citylight Area,"Surat, Gujarat",,,,Apartment,Furnished,1,4,,500,Sq-ft,10 to 15 years,"1 BHK flat is available for rent in Citylight Area immediately. The apartment is available at an affordable rental price of ₹20,000. The flat is located on the 1 floor which includes 1 bathrooms, 1 balcony, and covers a carpet area of 750 sqft. The address is Citylight Area, Surat, Gujarat.",20000,,,40,1,,No,No,No,,False,True,Agent,57,Immediately,2026-03-11T07:39:51.000Z,"Mar 11, '26",True
v0yZ+HTBbO1zpSvf+uAgZw==,Magicbricks,https://www.magicbricks.com/property-details/1-BHK-900-Sq-ft-Multistorey-Apartment-FOR-Rent-in-Surat&id=4d423834303431303939,2026-04-19 13:52:36,,,,Thakkar Skyline Real Estate,"Gaurav Path Road, Palanpur",,,,Apartment,Furnished,8,14,East,900,Sq-ft,5 to 10 years,"1 BHK Fully Furnished Flat For Rent with all amenities available 1 BHK flat is available for rent in Papanpur immediately. ₹18,000 is the monthly rent of this 1 BHK flat. The apartment is on the 8 floor, has a carpet area of 600 sqft with 1 bathrooms and 1 balcony. You will also find 1 Covered parking facility. This unit is designed with power back up, reserved parking, security, air conditioned.",18000,54000,1,20,1,1 Covered,Yes,No,No,Air Conditioned,True,True,Agent,80,Immediately,2026-04-02T10:46:41.000Z,"Apr 02, '26",True
/ptqWPQ1zkZzpSvf+uAgZw==,Magicbricks,https://www.magicbricks.com/property-details/1-BHK-750-Sq-ft-Multistorey-Apartment-FOR-Rent-Palanpur-Gam-in-Surat&id=4d423832383130383539,2026-04-19 13:52:36,21.21086,72.771334,,Rental Surat,555.,,,,Apartment,Semi-Furnished,5,10,East,750,Sq-ft,Less than 5 years,"1 bhk flat for rent with all modern amenities A beautiful 1 BHK flat is available for rent in Palanpur Gam. The apartment is available at an affordable rental price of ₹13,000. The apartment is on the 5 floor, has a carpet area of 410 sqft with 1 bathrooms and 1 balcony. The property encompasses 10 floor and provides Kids play area amenities. The flat comes with power back up, security. The flat can be visited at BLOCK NO 8, TP SCHEME 9, FP NO 151/2, NEAR SMC GARDEN, PALANPORE, PO PAL, SURAT, GUJARAT.",13000,39000,0,17,1,,No,No,No,,False,True,Agent,69,Immediately,2026-04-17T23:45:20.000Z,Yesterday,True
Z7vSXZoKC7VzpSvf+uAgZw==,Magicbricks,https://www.magicbricks.com/property-details/1-BHK-800-Sq-ft-Multistorey-Apartment-FOR-Rent-in-Surat&id=4d423738333932323535,2026-04-19 13:52:36,,,,Shree Siddhi Vinayak Property Consultant,Vallabh shrushti,,,,Apartment,Unfurnished,1,5,East,800,Sq-ft,5 to 10 years,"1 bhk flat for rent. newly paint. all daily needs items avilable easily Grab the chance to own this affordable 1 BHK flat for rent in the Vallabh shrushti area. The 1 BHK apartment is available at a reasonable rent of ₹12,000.",12000,36000,,15,1,,No,No,No,,False,True,Agent,71,Immediately,2026-04-16T23:45:22.000Z,"Apr 17, '26",True
+GdIEUlFV8lzpSvf+uAgZw==,Magicbricks,https://www.magicbricks.com/property-details/1-BHK-800-Sq-ft-Multistorey-Apartment-FOR-Rent-Palanpur-in-Surat&id=4d423732323030343837,2026-04-19 13:52:36,21.215963,72.770389,,Real Homes Real Estate,"Surat, Gujarat",,,,Apartment,Furnished,2,3,East,800,Sq-ft,New Construction,"1 BHK Furnished Flat For Rent In Palanpur Area with All aminties . If you are planning to rent a flat, you can consider this 1 BHK flat situated in the prime location of Palanpur. The apartment is available at an affordable rental price of ₹15,000. The flat is on the 2 floor and includes 1 bathrooms, 1 balcony with a carpet area of 400 sqft. This unit is designed with power back up, security, intercom facility, ro water system. Visit the flat at Palanpur, Surat, Gujarat.",15000,45000,0,19,1,,No,No,No,"Intercom Facility, Internet/Wi-Fi Connectivity, RO Water System, Banquet Hall",True,True,Agent,84,Immediately,2026-04-17T23:45:20.000Z,Yesterday,True
XRxGJ0thZUhzpSvf+uAgZw==,Magicbricks,https://www.magicbricks.com/property-details/1-BHK-789-Sq-ft-Multistorey-Apartment-FOR-Rent-Palanpur-Gam-in-Surat&id=4d423834323037323737,2026-04-19 13:52:36,21.21086,72.771334,,K K Real Estate,Nova galaxy palanpur rod near fire station,,,,Apartment,Furnished,5,14,East,789,Sq-ft,Less than 5 years,"new project near by all company bus Stand 1 four wheeler parking alloted 1 BHK flat is available for rent in Palanpur Gam immediately. The apartment is available at an affordable rental price of ₹20,000. The apartment is on the 5 floor, has a carpet area of 456 sqft with 1 bathrooms and 1 balcony. The property has 14 floor and is equipped with Kids play area facilities. This unit is designed with power back up, reserved parking, security, service/goods lift, air conditioned, intercom facility, ro water system. Find this apartment at BLOCK NO 8, TP SCHEME 9, FP NO 151/2, NEAR SMC GARDEN, PALANPORE, PO PAL, SURAT, GUJARAT.",20000,60000,,25,1,,No,No,No,"Air Conditioned, Banquet Hall, Bar/Lounge, Jogging and Strolling Track",False,True,Agent,78,Immediately,2026-04-12T09:39:06.000Z,"Apr 12, '26",True
DZIZ3crnG7pzpSvf+uAgZw==,Magicbricks,https://www.magicbricks.com/property-details/1-BHK-800-Sq-ft-Multistorey-Apartment-FOR-Rent-Palanpur-in-Surat&id=4d423832333135363437,2026-04-19 13:52:36,21.215963,72.770389,,Shivaay Realty,Orchid Infinty,,,,Apartment,Furnished,8,12,East,800,Sq-ft,Less than 5 years,"good campus with good community and connectivity. A beautiful 1 BHK flat is available for rent in Palanpur. The multistorey apartment is available at rent of ₹20,000. The apartment is on the 8 floor, has a carpet area of 420 sqft with 2 bathrooms and 2 balcony. The apartment is equipped with power back up, reserved parking, security, service/goods lift, visitor parking. Visit the apartment at Orchid Infinty, Palanpur, Surat, Gujarat.",20000,,,25,2,,Yes,No,No,"Service/Goods Lift, Laundry Service, Banquet Hall, Jogging and Strolling Track",True,True,Agent,48,Immediately,2026-03-07T14:50:44.000Z,"Mar 07, '26",True
hluWNbHAeaBzpSvf+uAgZw==,Magicbricks,https://www.magicbricks.com/property-details/1-BHK-750-Sq-ft-Multistorey-Apartment-FOR-Rent-Palanpur-in-Surat&id=4d423830323633303037,2026-04-19 13:52:36,21.215963,72.770389,,Deepak Daryani,"Palanpur,Surat",,,,Apartment,Furnished,5,12,East,750,Sq-ft,,"1BHK Flate For Rent In Palanpur Surat You can explore this 1 BHK flat on rent in Palanpur Surat. This 1 BHK flat can be availed at the rental price of ₹18,000. Some attractive additional facilities available with the flat are 1 Bed and 1 Wardrobe. The apartment is on the 5 floor, has a carpet area of 450 sqft with 1 bathrooms and 1 balcony. You will also find 1 Covered parking facility. The apartment comes furnished with power back up, reserved parking, security.",18000,54000,0,24,1,1 Covered,No,No,No,,True,True,Agent,75,Immediately,2026-03-15T07:20:58.000Z,"Mar 15, '26",True
sZetrKpBxvtzpSvf+uAgZw==,Magicbricks,https://www.magicbricks.com/property-details/1-BHK-720-Sq-ft-Multistorey-Apartment-FOR-Rent-Palan-Pur-Patiya-in-Surat&id=4d423832383130393035,2026-04-19 13:52:36,21.2099842,72.7921003,,Palan Pur Patiya,555.,,,,Apartment,Semi-Furnished,4,5,East,720,Sq-ft,15 to 20 years,"1 bhk flat for rent with fully ventilation 1 BHK apartment is available on rent in Palan Pur Patiya Surat right away. The apartment is available at an affordable rental price of ₹11,500. The flat is located on the 4 floor which includes 1 bathrooms, 1 balcony, and covers a carpet area of 400 sqft. The apartment is equipped with power back up, reserved parking, security. This flat is located at Ugat Canal Rd, Near Bank of Baroda, Palanpur, Surat, Gujarat .",11500,35000,0,16,1,,No,No,No,,False,True,Agent,80,Immediately,2026-04-16T23:45:21.000Z,"Apr 17, '26",True
9c0VwgU0aNBzpSvf+uAgZw==,Magicbricks,https://www.magicbricks.com/property-details/1-BHK-756-Sq-ft-Multistorey-Apartment-FOR-Rent-Palan-Pur-Patiya-in-Surat&id=4d423736373233313239,2026-04-19 13:52:36,21.2099842,72.7921003,,Palan Pur Patiya,palanpur gavarav path road,,,,Apartment,Unfurnished,2,13,East,756,Sq-ft,Less than 5 years,"1 bhk wind direction flat for rent. with 1 ac ,1 RO and 1 Gas guizer. well maintained society If you are planning to rent a flat, you can consider this 1 BHK flat situated in the prime location of Palan Pur Patiya. The rent of the 1 BHK flat is ₹13,000. Located on the 2 floor, the flat has 1 bathrooms, 1 balcony in covered area of 756 sqft. The flat comes with power back up, reserved parking, security, service/goods lift, air conditioned, intercom facility, ro water system. The address is Palanpur, Surat, Gujarat .",13000,36000,,17,1,,No,No,No,"Air Conditioned, Banquet Hall, Bar/Lounge, Jogging and Strolling Track",False,True,Agent,73,Immediately,2026-04-16T23:45:22.000Z,"Apr 17, '26",True
o08QJ6a+neNzpSvf+uAgZw==,Magicbricks,https://www.magicbricks.com/property-details/4-BHK-3900-Sq-ft-Multistorey-Apartment-FOR-Rent-Vesu-in-Surat&id=4d423733343137303331,2026-04-19 13:52:36,21.1447177,72.7717775,,Vesu,union residency udhna magdalla road near Vr mall vesu piplod,"19210|Udhna Railway Station, 19202|G.D. Goenka International School, 19202|T M Patel International School",,,Apartment,Furnished,8,13,East,3900,Sq-ft,5 to 10 years,"Spread over an area of 1.94 acres, Union Residency is one of the spacious housing societies in the Surat region. With all the basic amenities available, Union Residency fits into your budget and your lifestyle.If you are looking for ready to move projects, Union Residency is a right choice for you. Here, a 4BHK Apartment is available here",75000,225000,8000,19,4,"1 Covered, 1 Open",No,No,No,,False,True,Agent,93,Immediately,2026-03-01T06:12:55.000Z,"Mar 01, '26",True
5kFpukD9zhVzpSvf+uAgZw==,Magicbricks,https://www.magicbricks.com/property-details/4-BHK-3450-Sq-ft-Multistorey-Apartment-FOR-Rent-Vesu-in-Surat&id=4d423739383932363537,2026-04-19 13:52:36,21.1447177,72.7717775,,Vesu,"Vesu,Surat","19210|Udhna Railway Station, 19202|G.D. Goenka International School, 19202|Bhagwan Mahavir College of Engineering Technology",,,Apartment,Unfurnished,4,13,East,3450,Sq-ft,New Construction,"Swimming poolSpa gardenSun deckBBQ deckGathering pavilionGymnasiumIndoor gamesOutdoor gamesSocial clubRecreational spaceJuice barDesigner landscapeKids pool A beautiful 4 BHK flat is available for rent in Vesu. ₹80,000 is the monthly rent of this 4 BHK flat. The apartment is on the 4 floor, has a carpet area of 1794 sqft with 4 bathrooms and 1 balcony. 2 Covered, 1 Open parking facility are also available. This property offers power back up, reserved parking, security. Find this apartment at F.P. NO. 50/2, T.P. NO. 5 ( VESU-BHIMRAD), , Surat City, Surat, Gujarat.",80000,250000,7945,23,4,"2 Covered, 1 Open",No,No,No,,True,True,Agent,80,Immediately,2026-02-25T09:59:18.000Z,"Feb 25, '26",True
DxyqgjRuoS5zpSvf+uAgZw==,Magicbricks,https://www.magicbricks.com/property-details/4-BHK-3310-Sq-ft-Multistorey-Apartment-FOR-Rent-Vesu-in-Surat&id=4d423830393235363831,2026-04-19 13:52:36,21.1447177,72.7717775,,Vesu,"T.P.S .NO.42. B.NO.59. O.P.NO 19., Surat City, Surat, Gujarat","19210|Udhna Railway Station, 19202|G.D. Goenka International School, 19202|T M Patel International School",,,Apartment,Furnished,2,12,East,3310,Sq-ft,Less than 5 years,"If you are searching a 4 BHK apartment for rent in Vesu, check out this amazing rental flat. ₹90,000 is the monthly rent of this 4 BHK flat. The flat comes with some add-on facilities such as 4 Wardrobe, 4 Bed, 1 TV, Fridge, 4 AC, Sofa, Washing Machine, Dining Table and Gas Connection. The apartment is on the 2 floor, has a carpet area of 1618 sqft with 3 bathrooms and 1 balcony. 1 Covered, 1 Open parking facility are also available. The flat comes with power back up, reserved parking, security. The address is T.P.S .NO.42. B.NO.59. O.P.NO 19., Surat City, Surat, Gujarat.",90000,300000,6687,27,3,"1 Covered, 1 Open",Yes,No,No,Jogging and Strolling Track,False,True,Agent,93,Immediately,2026-03-02T06:27:26.000Z,"Mar 02, '26",True
CptjS2/bcGlzpSvf+uAgZw==,Magicbricks,https://www.magicbricks.com/property-details/4-BHK-4400-Sq-ft-Multistorey-Apartment-FOR-Rent-Vesu-in-Surat&id=4d423733323139363831,2026-04-19 13:52:36,21.1447177,72.7717775,,Vesu,"Canal Road Near G D Goenka school Vesu, Bharthana, Surat, Gujarat","19210|Udhna Railway Station, 19202|G.D. Goenka International School, 19202|Bhagwan Mahavir College of Engineering Technology",,,Apartment,Semi-Furnished,8,13,East,4400,Sq-ft,5 to 10 years,"One for every one, full of comfort and luxury. This is the funda of Capital Green and thats why we offer a huge range of houses in our scheme. In Capital Green, you find your dream house according to the size of your pocket. Located at New Citilight area in Surat, Capital Green offers you a choice of high rise apartments with 4 BHK flats with 3 Cadre viz. Executive, Premium and Deluxe.",90000,325000,8500,20,4,"1 Covered, 1 Open",Yes,Yes,No,Jogging and Strolling Track,False,True,Agent,93,Immediately,2026-03-07T07:23:12.000Z,"Mar 07, '26",True
HFeYb7RPRqZzpSvf+uAgZw==,Magicbricks,https://www.magicbricks.com/property-details/2-BHK-1251-Sq-ft-Multistorey-Apartment-FOR-Rent-Palanpur-in-Surat&id=4d423832313037373935,2026-04-19 13:52:36,21.215963,72.770389,,Safe & Shine Properties,palanpor,,,,Apartment,Semi-Furnished,9,14,East,1251,Sq-ft,Less than 5 years,"2 BHK Semi Furnished For sale with all premium amenities available If you are planning to rent a flat, you can consider this 2 BHK flat situated in the prime location of Palanpur. The 2 BHK apartment is available at a reasonable rent of ₹22,000. The apartment is on the 9 floor, has a carpet area of 750 sqft with 2 bathrooms and 1 balcony. 1 Covered parking facility are also available. This flat is fitted with power back up, reserved parking, security, ro water system. Visit the flat at F.P.23, T.P.9, Palanpur Canal Road, Near Gaurav Path Road, Surat City, Surat, Gujarat.",22000,22000,2000,18,2,1 Covered,Yes,No,No,RO Water System,False,True,Agent,100,Immediately,2026-04-17T23:45:20.000Z,Yesterday,True
6jkYYVZUpW5zpSvf+uAgZw==,Magicbricks,https://www.magicbricks.com/property-details/2-BHK-1310-Sq-ft-Multistorey-Apartment-FOR-Rent-Jahangirabad-in-Surat&id=4d423832383933373235,2026-04-19 13:52:36,21.216427,72.78212,,Vardhman Realty,"Jahangirabad, Surat Gujrat",,,,Apartment,Semi-Furnished,9,14,East,1310,Sq-ft,New Construction,"2 bhk semi furnished flat for rent in vittoria hights ugat bhesan road near metro station. You can avail the 2 BHK flat for rent in the well-known location of Jahangirabad. The Rent amount of this 2 BHK apartment is set at an attractive price of ₹18,500. Some attractive additional facilities available with the flat are Gas Connection. The flat is on the 9 floor and includes 2 bathrooms, 1 balcony with a carpet area of 800 sqft. You will also find 1 Covered, 1 Open parking facility. This property includes 14 floor and provides Kids Play Pool With Water Slides benefits. The flat comes with power back up, reserved parking, security. Find this apartment at BLCOK NO-1 O.P.NO-1 F.P. 1/A, T.P.S.NO-, Surat City, Surat, Gujarat.",18500,55500,2000,14,2,"1 Covered, 1 Open",Yes,No,No,Jogging and Strolling Track,False,True,Agent,100,Immediately,2026-04-16T23:45:21.000Z,"Apr 17, '26",True
jCX5ENo0eeRzpSvf+uAgZw==,Magicbricks,https://www.magicbricks.com/property-details/2-BHK-1252-Sq-ft-Multistorey-Apartment-FOR-Rent-Jahangir-Pura-in-Surat&id=4d423733343135363431,2026-04-19 13:52:36,21.247161,72.8018701,,Jahangir Pura,"Surat, Gujarat",,,,Apartment,Furnished,10,14,East,1252,Sq-ft,Less than 5 years,"You can avail the 2 BHK flat for rent in the well-known location of Jahangir Pura. The flat is available for rent at a competitive amount of ₹22,000. Located on the 10 floor, the flat has 2 bathrooms, 4 balcony in covered area of 1252 sqft. There is also facility of 1 Covered, 1 Open parking. The residence includes reserved parking, security. Visit the flat at Jahangir Pura, Surat, Gujarat. Do not pay any brokerage fee for this 2 BHK rental flat since the property ad is posted by the flat owner.",22000,,,18,2,"1 Covered, 1 Open",No,No,No,,False,False,Owner,63,Immediately,2026-03-31T04:08:06.000Z,"Mar 31, '26",True
6LMgF3tiLVhzpSvf+uAgZw==,Magicbricks,https://www.magicbricks.com/property-details/2-BHK-1310-Sq-ft-Multistorey-Apartment-FOR-Rent-Vesu-in-Surat&id=4d423733323136333139,2026-04-19 13:52:36,21.1447177,72.7717775,,Vesu,Vesu OPP celebrity green,"19210|Udhna Railway Station, 19202|White Lotus International School, 19202|G.D. Goenka International School",,,Apartment,Unfurnished,6,14,East,1310,Sq-ft,Less than 5 years,"2BHk at Vesu in Green leaf Apartment Check out this newly constructed 2 BHK flat on rent in the prime location of Vesu Surat. The rent of the 2 BHK flat is ₹21,000. The flat is on the 6 floor and includes 2 bathrooms, 1 balcony with a carpet area of 705 sqft. The apartment comes furnished with power back up, reserved parking, security. Visit the apartment at Vesu, Surat Gujrat.",21000,,,16,2,,Yes,No,No,"Banquet Hall, Outdoor Tennis Courts",True,True,Agent,56,Immediately,2026-03-01T06:11:17.000Z,"Mar 01, '26",True
JncLyUlndZhzpSvf+uAgZw==,Magicbricks,https://www.magicbricks.com/property-details/2-BHK-1230-Sq-ft-Multistorey-Apartment-FOR-Rent-in-Surat&id=4d423832383633333235,2026-04-19 13:52:36,,,,G D Property Consult,"Surat, Gujarat",,,,Apartment,Unfurnished,7,12,South -West,1230,Sq-ft,5 to 10 years,"If you are searching a 2 BHK apartment for rent in City light, check out this amazing rental flat. This 2 BHK flat is available at the reasonable rent amount of ₹22,000. Located on the 7 floor, the flat comprises 2 bathrooms, 1 balcony, and has a covered area of 1230 sqft. The flat comes with power back up, security.",22000,72000,,18,2,,No,No,No,,True,True,Agent,46,Immediately,2026-03-11T06:10:16.000Z,"Mar 11, '26",True
4rlAvT+VwEpzpSvf+uAgZw==,Magicbricks,https://www.magicbricks.com/property-details/2-BHK-1250-Sq-ft-Multistorey-Apartment-FOR-Rent-Udhna-in-Surat&id=4d423435323436373631,2026-04-19 13:52:36,21.1398,72.8108233,,Pawan Mittal,"Flat No.1006, B-Tower, Arihant Complex, Opposite Harinagar-1, Udhna, Surat",,,,Apartment,Unfurnished,1,10,,1250,Sq-ft,10 to 15 years,"This Multistorey Apartment at 1st floor overlooks Main Road offering a beautiful view from the house, with airy interiors. The age of construction for this apartment Multistorey Apartment is between 10 to 15 years.",10000,30000,2000,8,2,,No,No,No,,False,False,Owner,40,Immediately,2026-03-30T21:32:09.000Z,"Mar 31, '26",True
VFlE9Ee280BzpSvf+uAgZw==,Magicbricks,https://www.magicbricks.com/property-details/2-BHK-1224-Sq-ft-Multistorey-Apartment-FOR-Rent-Anand-Mahal-Road-in-Surat&id=4d423833393934383339,2026-04-19 13:52:36,21.2011896433021,72.7946677820669,,Anand Mahal Road,"Surat, Gujarat",,,,Apartment,Furnished,4,9,East,1224,Sq-ft,10 to 15 years,"2 BHK flat is available for rent in Anand Mahal Road immediately. The 2 BHK apartment is available at a reasonable rent of ₹20,000. Located on the 4 floor, the flat has 2 bathrooms, 1 balcony in carpet area of 1200 sqft. Find this apartment at Anand Mahal Road, Surat, Gujarat. The owner has posted this 2 BHK flat for rent, so the brokerage fees is zero on this multistorey apartment.",20000,,,16,2,,No,No,No,,False,False,Owner,41,Immediately,2026-03-30T09:13:59.000Z,"Mar 30, '26",True
IgDevRAcFKRzpSvf+uAgZw==,Magicbricks,https://www.magicbricks.com/property-details/2-BHK-1200-Sq-ft-Multistorey-Apartment-FOR-Rent-Adajan-in-Surat&id=4d423834303535333333,2026-04-19 13:52:36,21.1973663,72.782489,,Adajan,"Sai Heights, B Wing, Adajan-Pal, Surat Opposite Gajera Global School","19202|Gajera Global School, 19202|Seven Steps School, 19206|Rajhans Theatre, 19206|Pal. Star World",,,Apartment,Semi-Furnished,9,13,,,,,"2 BHK apartment is available on rent in Adajan Surat right away. The 2 BHK apartment is available at a reasonable rent of ₹21,000. Some added-on facilities available with the flat are 1 Bed and 1 Wardrobe. Located on the 9 floor, the flat comprises 2 bathrooms, 1 balcony, and has a carpet area of 1200 sqft. Visit the flat at Sai Heights, B Wing, Adajan-Pal, Surat Opposite Gajera Global School, Adajan, Surat, Gujarat. This 2 BHK flat is directly posted by the owner, so you don't need to pay any brokerage on this property.",21000,60000,,,2,,No,No,No,,False,False,Owner,33,Immediately,2026-04-03T08:29:49.000Z,"Apr 03, '26",True
XqH0UAPXrghzpSvf+uAgZw==,Magicbricks,https://www.magicbricks.com/property-details/2-BHK-1170-Sq-ft-Multistorey-Apartment-FOR-Rent-Palanpur-in-Surat&id=4d423739323238343331,2026-04-19 13:52:36,21.215963,72.770389,,Anupriya Singh,"Surat, Gujarat",,,,Apartment,Semi-Furnished,3,5,,1170,Sq-ft,,"If you are planning to rent a flat, you can consider this 2 BHK flat situated in the prime location of Palanpur. This 2 BHK flat is available at the reasonable rent amount of ₹20,000. The building includes 5 floor and supports Kids Club, Kids Play Pool With Water Slides living. Visit the flat at Palan Pur Patiya, Surat.. The brokerage amount of the 2 BHK apartment is zero.",20000,,,17,2,,No,No,No,,False,False,Owner,26,Immediately,2026-02-10T18:19:07.000Z,"Feb 10, '26",True
yiXI3MYPcBZzpSvf+uAgZw==,Magicbricks,https://www.magicbricks.com/property-details/2-BHK-1240-Sq-ft-Multistorey-Apartment-FOR-Rent-Sima-Nagar-in-Surat&id=4d423833333834383131,2026-04-19 13:52:36,21.2167362,72.7850744,,Sima Nagar,"Surat, Gujarat",,,,Apartment,Semi-Furnished,5,12,,1240,Sq-ft,,"Find this 2 BHK rental flat in Sima Nagar Surat. Available at a rental price of ₹16,100, this 2 BHK flat is worth considering. The flat is located on the 5 floor which includes 2 bathrooms, 1 balcony, and covers a covered area of 1240 sqft. This flat is fitted with power back up, security, visitor parking. Visit the apartment at Sima Nagar, Surat, Gujarat. You can find the 2 BHK flat without any brokerage.",16100,,,13,2,,Yes,No,No,Visitor Parking,False,False,Owner,62,Immediately,2026-02-13T05:21:50.000Z,"Feb 13, '26",True
faPBgl5xuSBzpSvf+uAgZw==,Magicbricks,https://www.magicbricks.com/property-details/2-BHK-1100-Sq-ft-Multistorey-Apartment-FOR-Rent-Kailash-Nagar-in-Surat&id=4d423833383333343833,2026-04-19 13:52:36,21.1546074,72.8373315,,Kailash Nagar,"301 nandi apartment near salibadra appartment, jain mandir",,,,Apartment,Furnished,3,5,,1100,Sq-ft,Above 20 years,"You can explore this 2 BHK flat on rent in Kailash Nagar Surat. The 2 BHK apartment is available at a reasonable rent of ₹14,500. If you rent the flat, you will have access to facilities like 2 Bed and 3 Wardrobe. Located on the 3 floor, the flat comprises 1 bathrooms, 1 balcony, and has a carpet area of 800 sqft. This unit is designed with reserved parking, security. Find this apartment at 301 nandi apartment near salibadra appartment, jain mandir, Kailash Nagar, Surat, Gujarat. This 2 BHK apartment ad is listed by the owner, so there is no brokerage fee.",14500,43500,1500,13,1,,No,No,No,,False,False,Owner,69,Immediately,2026-03-18T07:29:24.000Z,"Mar 18, '26",True
u8bAMkhdn+1zpSvf+uAgZw==,Magicbricks,https://www.magicbricks.com/property-details/2-BHK-1200-Sq-ft-Multistorey-Apartment-FOR-Rent-Palanpur-Gam-in-Surat&id=4d423434373930393735,2026-04-19 13:52:36,21.21086,72.771334,,Jigar Shah,"Surat, Gujarat",,,,Apartment,Unfurnished,10,13,,1200,Sq-ft,,"Property is available on sharing basis You can avail the 2 BHK flat for rent in the well-known location of Palanpur Gam. The 2 BHK apartment is available at a reasonable rent of ₹5,000. Visit the flat at Palanpur Gam, Surat, Gujarat. The owner has posted this 2 BHK flat for rent, so the brokerage fees is zero on this multistorey apartment.",5000,,,4,2,,No,No,No,,False,False,Owner,33,Immediately,2026-03-12T16:46:24.000Z,"Mar 12, '26",True
EuGBiwMyzkBzpSvf+uAgZw==,Magicbricks,https://www.magicbricks.com/property-details/2-BHK-1200-Sq-ft-Multistorey-Apartment-FOR-Rent-Pal-in-Surat&id=4d423734393435383339,2026-04-19 13:52:36,21.1807801,72.7529018,,Pal,"404,sidhhanchal,western heights,l p savani road,surat.","19202|International Institute Of Management And Technical Studies (Iimt), 19202|Lp Savani International School, 19206|Bellissimo Hub, 19206|Pal. Star World",,,Apartment,Semi-Furnished,4,13,,1200,Sq-ft,10 to 15 years,"2 BHK apartment is available on rent in Pal Surat right away. This 2 BHK flat is available at the reasonable rent amount of ₹18,000. Here you can enjoy world class facilities like 1 Wardrobe and Gas Connection. The flat is located on the 4 floor which includes 2 bathrooms, 1 balcony, and covers a carpet area of 800 sqft. The address is New Pal Rd, TGB, Adajan Gam, Adajan, Surat, Gujarat . Do not pay any brokerage fee for this 2 BHK rental flat since the property ad is posted by the flat owner.",18000,,0,15,2,,No,No,No,,False,False,Owner,53,Immediately,2026-03-20T16:12:23.000Z,"Mar 20, '26",True
C6BfRiTkKaZzpSvf+uAgZw==,Magicbricks,https://www.magicbricks.com/property-details/2-BHK-1280-Sq-ft-Multistorey-Apartment-FOR-Rent-Jahangir-Pura-in-Surat&id=4d423734383438383231,2026-04-19 13:52:36,21.247161,72.8018701,,Jahangir Pura,"Surat, Gujarat",,,,Apartment,Semi-Furnished,5,14,,1280,Sq-ft,New Construction,"4 balcony and 4 feer deck balcony, fully air ventilation flat You can explore this 2 BHK flat on rent in Jahangir Pura Surat. The multistorey apartment is available at rent of ₹15,000. Located on the 5 floor, the flat comprises 2 bathrooms, 4 balcony, and has a carpet area of 750 sqft. The property features power back up, reserved parking, security, service/goods lift, intercom facility. The address is Vaishnodevi Char Rasta, Palanpur Canal Road, Jahangir Pura, Surat, Gujarat . This is a no-brokerage flat because the owner has posted the ad on this 2 BHK apartment.",15000,45000,,12,2,,Yes,No,No,"Service/Goods Lift, Intercom Facility, Banquet Hall",False,False,Owner,72,Immediately,2026-03-10T16:35:22.000Z,"Mar 10, '26",True
pJTi/aAsFWZzpSvf+uAgZw==,Magicbricks,https://www.magicbricks.com/property-details/2-BHK-925-Sq-ft-Multistorey-Apartment-FOR-Rent-Vesu-Canal-Road-in-Surat&id=4d423833353535393533,2026-04-19 13:52:36,21.158859737319,72.7954871572205,,Vesu Canal Road,althan bhimrad,,,,Apartment,Unfurnished,3,13,,925,Sq-ft,10 to 15 years,"good prime location, with decent Marvari families If you are searching a 2 BHK apartment for rent in Vesu Canal Road, check out this amazing rental flat. Available at a rental price of ₹13,500, this 2 BHK flat is worth considering. This unit features reserved parking. The apartment is located at Bhimrad, Surat, Gujarat . This is a no-brokerage flat because the owner has posted the ad on this 2 BHK apartment.",13500,40500,,15,2,,No,No,No,,False,False,Owner,53,Immediately,2026-02-25T16:49:38.000Z,"Feb 25, '26",True
TZZai7s8qy1zpSvf+uAgZw==,Magicbricks,https://www.magicbricks.com/property-details/2-BHK-1150-Sq-ft-Multistorey-Apartment-FOR-Rent-Limla-in-Surat&id=4d423833333635323537,2026-04-19 13:52:36,21.196262,72.730329,,Sanjay Pradhan,L 104 Swagat Residency Ichchapore 3 Hazira Road Surat 394510,,,,Apartment,Furnished,1,5,East,1150,Sq-ft,5 to 10 years,"Corner First Floor, Besides Temple A beautiful 2 BHK flat is available for rent in Limla. The Rent amount of this 2 BHK apartment is set at an attractive price of ₹18,000. The flat is located on the 1 floor which includes 2 bathrooms, 3 balcony, and covers a carpet area of 1150 sqft. The building includes 5 floor and supports Kids play area living. The residence includes reserved parking, security, air conditioned, ro water system. You can visit the flat at Ichchhapor, Limla, Gujarat . The owner has posted this 2 BHK flat for rent, so the brokerage fees is zero on this multistorey apartment.",18000,36000,0,16,2,,Yes,No,No,"Air Conditioned, Internet/Wi-Fi Connectivity, RO Water System",False,False,Owner,75,Immediately,2026-02-11T14:39:00.000Z,"Feb 11, '26",True
Nrwmwgz7oERzpSvf+uAgZw==,Magicbricks,https://www.magicbricks.com/property-details/2-BHK-1175-Sq-ft-Multistorey-Apartment-FOR-Rent-Pal-in-Surat&id=4d423630313638353237,2026-04-19 13:52:36,21.1807801,72.7529018,,Pal,"Surat, Gujarat","19202|Lp Savani International School, 19202|Gajera Global School, 19206|Bellissimo Hub, 19206|Pal. Star World",,,Apartment,Furnished,1,5,East,1175,Sq-ft,5 to 10 years,"Find this 2 BHK rental flat in Pal Surat. ₹25,000 is the monthly rent of this 2 BHK flat. Located on the 1 floor, the flat has 2 bathrooms, 1 balcony in covered area of 1175 sqft. You will also find 1 Covered, 2 Open parking facility. The apartment comes furnished with power back up, security, visitor parking. You can visit the flat at 14, Adajan Gam, Pal Gam, Surat, Gujarat. This 2 BHK apartment ad is listed by the owner, so there is no brokerage fee.",25000,50000,,21,2,"1 Covered, 2 Open",No,No,No,"Visitor Parking, Jogging and Strolling Track, Wrap Around Balcony",False,False,Owner,75,Immediately,2026-02-06T21:33:00.000Z,"Feb 07, '26",True
2CciXR/KSdJzpSvf+uAgZw==,Magicbricks,https://www.magicbricks.com/property-details/2-BHK-1250-Sq-ft-Multistorey-Apartment-FOR-Rent-Jahangirabad-in-Surat&id=4d423832363133383431,2026-04-19 13:52:36,21.216427,72.78212,,Prachi Bhatnagar, Jahangirabad,,,,Apartment,Semi-Furnished,12,14,West,1250,Sq-ft,Less than 5 years,"A unique flat in Surat with international wood house feel. It is adorned with natural and designer lighting with full size mirrors and wall to wall wardrobe cupboard. It also has 1 AC, 1 bed with side tables, 1 gyzer and gas pipeline. Looking for a tenant who enjoys luxury and can afford it and keep it that way.",25000,50000,,20,2,,Yes,No,No,Air Conditioned,False,False,Owner,70,Immediately,2026-03-02T05:07:25.000Z,"Mar 02, '26",True
SHuPH70ureRzpSvf+uAgZw==,Magicbricks,https://www.magicbricks.com/property-details/2-BHK-790-Sq-ft-Multistorey-Apartment-FOR-Rent-Trikamnagar-1-in-Surat&id=4d423832353833303833,2026-04-19 13:52:36,21.203456,72.848192,,Kuki,"B-105, Mahalaxmi Appt., Opp. Radha Krishna Temple, Trikamnagar-2, L.H.Road,Surat-395010",,395010,,Apartment,Semi-Furnished,1,4,,,,Above 20 years,"If you are planning to rent a flat, you can consider this 2 BHK flat situated in the prime location of Trikamnagar 1. The apartment is available at an affordable rental price of ₹14,000. If you rent the flat, you will have access to facilities like 3 Wardrobe, 2 Bed and Gas Connection. The flat is located on the 1 floor which includes 2 bathrooms, 2 balcony, and covers a carpet area of 790 sqft. The full address of the apartment is B-105, Mahalaxmi Appt., Opp. Radha Krishna Temple, Trikamnagar-2, L.H.Road,Surat-395010, Trikamnagar 1, Surat, Gujarat. Do not pay any brokerage fee for this 2 BHK rental flat since the property ad is posted by the flat owner.",14000,40000,850,,2,,No,No,No,,False,False,Owner,53,Immediately,2026-03-14T10:34:20.000Z,"Mar 14, '26",True
S2Bcw3Jk1ltzpSvf+uAgZw==,Magicbricks,https://www.magicbricks.com/property-details/2-BHK-650-Sq-ft-Builder-Floor-Apartment-FOR-Rent-Sayan-in-Surat&id=4d423832353637373239,2026-04-19 13:52:36,21.324535,72.88536,,Dinesh Thakor,"Surat, Gujarat",,,,Builder Floor Apartment,Unfurnished,1,5,,650,Sq-ft,,"A beautiful 2 BHK flat is available for rent in Sayan. This 2 BHK flat can be availed at the rental price of ₹4,000. Find this apartment at Sayan, Surat, Gujarat. There are no brokerage fees on this 2 BHK multistorey apartment.",4000,,,6,1,,No,No,No,,False,False,Owner,0,Immediately,2026-02-28T03:57:31.000Z,"Feb 28, '26",True
FK2HcbjSxaNzpSvf+uAgZw==,Magicbricks,https://www.magicbricks.com/property-details/2-BHK-1020-Sq-ft-Multistorey-Apartment-FOR-Rent-Kumbharia-Gam-in-Surat&id=4d423833383539363737,2026-04-19 13:52:36,21.18568088,72.89025221,,Sandeep Kumar,"Surat, Gujarat",,,,Apartment,Semi-Furnished,1,12,,1020,Sq-ft,10 to 15 years,"If you are planning to rent a flat, you can consider this 2 BHK flat situated in the prime location of Kumbharia Gam. The flat is available for rent at a competitive amount of ₹10,000. Get access to smart facilities such as Gas Connection simply by choosing this flat for rent. The apartment is on the 1 floor, has a carpet area of 980 sqft with 2 bathrooms and 1 balcony. Visit the flat at Kumbharia Gam, Surat, Gujarat. This 2 BHK apartment ad is listed by the owner, so there is no brokerage fee.",10000,30000,1800,10,2,,No,No,No,,False,False,Owner,36,Immediately,2026-03-19T09:06:00.000Z,"Mar 19, '26",True
FVLMUC9ZXMJzpSvf+uAgZw==,Magicbricks,https://www.magicbricks.com/property-details/2-BHK-1307-Sq-ft-Multistorey-Apartment-FOR-Rent-Pal-in-Surat&id=4d423833383630303733,2026-04-19 13:52:36,21.1807801,72.7529018,,Pal,"Surat, Gujarat","19202|Gajera Global School, 19202|Seven Steps School, 19206|Pal. Star World, 19206|Bellissimo Hub",,,Apartment,Semi-Furnished,6,13,,1307,Sq-ft,New Construction,"You can explore this 2 BHK flat on rent in Pal Surat. The multistorey apartment is available at rent of ₹23,000. Located on the 6 floor, the flat comprises 2 bathrooms, 3 balcony, and has a covered area of 1307 sqft. The flat can be visited at B/H Bellisimo Business Hub, Gaurav Path Road, Junction, TP 10 Main Rd, Pal Gam, Surat, Gujarat. This is a no-brokerage flat, as the owner is offering this 2 BHK flat on rent.",23000,,,18,2,,No,No,No,,False,False,Owner,31,Immediately,2026-03-19T09:09:15.000Z,"Mar 19, '26",True
HcX1+HYXyThzpSvf+uAgZw==,Magicbricks,https://www.magicbricks.com/property-details/2-BHK-1100-Sq-ft-Multistorey-Apartment-FOR-Rent-B-R-Park-in-Surat&id=4d423830333938303637,2026-04-19 13:52:36,21.235682,72.780306,,Krunal,"Surat, Gujarat",,,,Apartment,Semi-Furnished,3,5,East,1100,Sq-ft,5 to 10 years,"If you are searching a 2 BHK apartment for rent in B R Park, check out this amazing rental flat. The multistorey apartment is available at rent of ₹14,000. The flat is on the 3 floor and includes 2 bathrooms, 1 balcony with a carpet area of 750 sqft. The apartment is located at Vaishnodevi Road, B R Park, Surat, Gujarat. Do not pay any brokerage fee for this 2 BHK rental flat since the property ad is posted by the flat owner.",14000,40000,1500,13,2,,No,No,No,,False,False,Owner,55,Immediately,2026-02-13T17:33:15.000Z,"Feb 13, '26",True
rzTjPIdKOFVzpSvf+uAgZw==,Magicbricks,https://www.magicbricks.com/property-details/2-BHK-1134-Sq-ft-Multistorey-Apartment-FOR-Rent-Adajan-in-Surat&id=4d423637363332323931,2026-04-19 13:52:36,21.1973663,72.782489,,Adajan,gaurav path road near fire station palanpur gam,"19202|L.P. Savani International School, 19202|Ryan International School Cbse, 19206|Walkway Mall, 19206|Rajhans Theatre",,,Apartment,Furnished,9,11,,1134,Sq-ft,Less than 5 years,"Find this 2 BHK rental flat in Adajan Surat. ₹22,000 is the monthly rent of this 2 BHK flat. The flat is on the 9 floor and includes 2 bathrooms, 1 balcony with a covered area of 1134 sqft. This flat is located at Opp.Palanpore Fire Station, Gaurav Path, near Essar Petrol Pump, Palanpur, Surat, Gujarat . You can find the 2 BHK flat without any brokerage.",22000,,1800,19,2,,No,No,No,,False,False,Owner,38,Immediately,2026-02-08T21:33:13.000Z,"Feb 09, '26",True
AxX4GC7BgvRzpSvf+uAgZw==,Magicbricks,https://www.magicbricks.com/property-details/2-BHK-1200-Sq-ft-Multistorey-Apartment-FOR-Rent-Bhatha-in-Surat&id=4d423638373931303335,2026-04-19 13:52:36,21.190386,72.765712,,hemen,"Greencity 10B, 9th floor",,,,Apartment,Unfurnished,9,13,East,1200,Sq-ft,5 to 10 years,"nice location, township type project with temple,shopping complex and children play area with garden You can avail the 2 BHK flat for rent in the well-known location of Bhatha. This 2 BHK flat is available at the reasonable rent amount of ₹23,500. The flat is on the 9 floor and includes 2 bathrooms, 1 balcony with a carpet area of 800 sqft. The apartment is equipped with power back up, reserved parking, security, air conditioned, ro water system. There are no brokerage fees on this 2 BHK multistorey apartment.",23500,64500,0,20,2,,Yes,No,No,"Air Conditioned, RO Water System",False,False,Owner,80,Immediately,2026-02-14T21:33:05.000Z,"Feb 15, '26",True
w7eLKEUTYl9zpSvf+uAgZw==,Magicbricks,https://www.magicbricks.com/property-details/2-BHK-1300-Sq-ft-Multistorey-Apartment-FOR-Rent-Vesu-in-Surat&id=4d423731363832383531,2026-04-19 13:52:36,21.1447177,72.7717775,,Vesu,"Surat, Gujarat","19210|Udhna Railway Station, 19202|G.D. Goenka International School, 19202|White Lotus International School",,,Apartment,,,,,1300,Sq-ft,,"Find this 2 BHK rental flat in Vesu Surat. The flat is available for rent at a competitive amount of ₹25,000. Visit the apartment at Vesu Main Road, Vesu, Surat, Gujarat . This 2 BHK flat is directly posted by the owner, so you don't need to pay any brokerage on this property.",25000,,,19,,,No,No,No,,False,False,Owner,17,Immediately,2026-03-09T21:33:30.000Z,"Mar 10, '26",True
y57p/A9hkRdzpSvf+uAgZw==,Magicbricks,https://www.magicbricks.com/property-details/2-BHK-1400-Sq-ft-Multistorey-Apartment-FOR-Rent-Pal-Gam-in-Surat&id=4d423832333237303135,2026-04-19 13:52:36,21.1961857,72.7706259,,Pal Gam,Call on 79 7763 1291,,,,Apartment,Unfurnished,5,5,East,1400,Sq-ft,,"Call on seven nine seven seven Six three one two nine one 2 BHK apartment is available on rent in Pal Gam Surat right away. The rent of the 2 BHK flat is ₹16,000. The flat can be visited at Pal Gam, Surat, Gujarat. This is a no-brokerage flat because the owner has posted the ad on this 2 BHK apartment.",16000,,,11,2,,No,No,No,,False,False,Owner,35,Immediately,2026-03-16T16:02:54.000Z,"Mar 16, '26",True
SdjDLTKDW/tzpSvf+uAgZw==,Magicbricks,https://www.magicbricks.com/property-details/2-BHK-1328-Sq-ft-Multistorey-Apartment-FOR-Rent-Pal-in-Surat&id=4d423832363730333639,2026-04-19 13:52:36,21.1807801,72.7529018,,Pal, Pal,"19202|Seven Steps School, 19202|International Institute Of Management And Technical Studies (Iimt), 19206|Pal. Star World, 19206|Bellissimo Hub",,,Apartment,Semi-Furnished,13,14,East,1328,Sq-ft,New Construction,"If you are searching a 2 BHK apartment for rent in Pal, check out this amazing rental flat. This 2 BHK flat can be availed at the rental price of ₹22,000. Located on the 13 floor, the flat comprises 2 bathrooms, 3 balcony, and has a covered area of 1328 sqft. The residence includes power back up, reserved parking, security, air conditioned, intercom facility. The apartment is located at B/H Bellisimo Business Hub, Gaurav Path Road, Junction, TP 10 Main Rd, Pal Gam, Surat, Gujarat. The brokerage amount of the 2 BHK apartment is zero.",22000,66000,,17,2,,No,No,No,"Air Conditioned, Intercom Facility, Banquet Hall, Conference Room",False,False,Owner,49,Immediately,2026-03-22T21:32:35.000Z,"Mar 23, '26",True
QNhY5e+yixBzpSvf+uAgZw==,Magicbricks,https://www.magicbricks.com/property-details/2-BHK-1326-Sq-ft-Multistorey-Apartment-FOR-Rent-Vesu-in-Surat&id=4d423830313438383535,2026-04-19 13:52:36,21.1447177,72.7717775,,Vesu,Vesu,"19210|Udhna Railway Station, 19202|G.D. Goenka International School, 19202|T M Patel International School",,,Apartment,Semi-Furnished,3,13,East,1326,Sq-ft,5 to 10 years,"2 BHK apartment is available on rent in Vesu Surat right away. The rent of the 2 BHK flat is ₹19,800. Located on the 3 floor, the flat comprises 2 bathrooms, 2 balcony, and has a carpet area of 1050 sqft. The residence includes power back up, reserved parking, security. The address is Vesu, Surat, Gujarat. This is a no-brokerage flat, as the owner is offering this 2 BHK flat on rent.",19800,66000,,15,2,,No,No,No,,False,False,Owner,85,Immediately,2026-03-11T09:45:19.000Z,"Mar 11, '26",True
KW/uSsSwKE9zpSvf+uAgZw==,Magicbricks,https://www.magicbricks.com/property-details/2-BHK-900-Sq-ft-Multistorey-Apartment-FOR-Rent-Dindoli-in-Surat&id=4d423833343534333637,2026-04-19 13:52:36,21.152422,72.874251,,Rahul,"Surat, Gujarat",,,,Apartment,Unfurnished,1,5,East,900,Sq-ft,5 to 10 years,"Multistorey apartment is available for rent. It has a covered area of 900 sq-ft, it is 2 BHK apartment. Please contact for more details. A beautiful 2 BHK flat is available for rent in Dindoli. You can get this flat at monthly rent of ₹8,500. The flat is on the 1 floor and includes 2 bathrooms, 3 balcony with a carpet area of 800 sqft. This flat is located at Dindoli, Surat, Gujarat. The brokerage amount of the 2 BHK apartment is zero.",8500,25000,1000,9,2,,No,No,No,,False,False,Owner,45,Immediately,2026-02-18T06:36:50.000Z,"Feb 18, '26",True
qsdzRXp3aXZzpSvf+uAgZw==,Magicbricks,https://www.magicbricks.com/property-details/4-BHK-5000-Sq-ft-Multistorey-Apartment-FOR-Rent-Vesu-in-Surat&id=4d423638323735383939,2026-04-19 13:52:36,21.1447177,72.7717775,,Vesu,Vesu,"19210|Udhna Railway Station, 19202|G.D. Goenka International School, 19202|Bhagwan Mahavir College of Engineering Technology",,,Apartment,Furnished,5,11,North,5000,Sq-ft,10 to 15 years,"If you are searching a 4 BHK apartment for rent in Vesu, check out this amazing rental flat. The apartment is available at an affordable rental price of ₹1.5 Lac. The residents of the flat have access to additional facilities such as 4 Bed, Fridge, 2 AC and Sofa. The flat is located on the 5 floor which includes 3 bathrooms, 2 balcony, and covers a covered area of 5000 sqft. There is also facility of 20 Covered, 10 Open parking. The flat can be visited at Vesu, Vesu, Surat, Gujarat.",150000,450000,0,30,3,"20 Covered, 10 Open",No,No,No,,False,True,Agent,91,Immediately,2026-04-17T23:45:19.000Z,Yesterday,True
SWEMVKnpqC1zpSvf+uAgZw==,Magicbricks,https://www.magicbricks.com/property-details/4-BHK-3124-Sq-ft-Multistorey-Apartment-FOR-Rent-Vesu-in-Surat&id=4d423831313735343337,2026-04-19 13:52:36,21.1447177,72.7717775,,Vesu,"Surat, Gujarat","19210|Udhna Railway Station, 19202|T M Patel International School, 19202|White Lotus International School",,,Apartment,Semi-Furnished,6,13,East,3124,Sq-ft,5 to 10 years,"4bhk campus with luxurious amenities and good connectivity Find 4 BHK flat for rent in Vesu Surat. This 4 BHK flat can be availed at the rental price of ₹1.1 Lac. Located on the 6 floor, the flat has 1 bathrooms, 1 balcony in covered area of 3124 sqft. The residence includes power back up, security, service/goods lift, air conditioned, intercom facility, ro water system. The apartment is located at Vesu, Surat..",110000,330000,7000,35,1,,No,No,No,"Air Conditioned, Banquet Hall, Bar/Lounge, Jogging and Strolling Track",False,True,Agent,73,Immediately,2026-04-04T05:50:20.000Z,"Apr 04, '26",True
r3o8dIojCPFzpSvf+uAgZw==,Magicbricks,https://www.magicbricks.com/property-details/4-BHK-4500-Sq-ft-Multistorey-Apartment-FOR-Rent-Vesu-in-Surat&id=4d423833343035383037,2026-04-19 13:52:36,21.1447177,72.7717775,,Vesu,"Surat, Gujarat","19210|Udhna Railway Station, 19202|T M Patel International School, 19202|Bhagwan Mahavir College of Engineering Technology",395007,,Apartment,Furnished,9,13,East,4500,Sq-ft,New Construction,"Find 4 BHK flat for rent in Vesu Surat. Available at a rental price of ₹1.5 Lac, this 4 BHK flat is worth considering. The flat is on the 9 floor and includes 4 bathrooms, 1 balcony with a carpet area of 3800 sqft. This building features 13 floor and provides Kids play area, Kids Club, Kids Splash Pool facilities. This property offers power back up, reserved parking, security, service/goods lift, visitor parking. The flat can be visited at Block No. 190,191 & 192 R.Sr.No 85/3/1 & 85/4 TPS No. 13 Final Plot No. 114,115 & 116, Surat City, Surat, Gujarat, 395007.",150000,,,33,4,,No,No,No,"Laundry Service, Banquet Hall, Jogging and Strolling Track, Outdoor Tennis Courts",False,True,Agent,63,Immediately,2026-02-21T01:30:27.000Z,"Feb 21, '26",True
CLBdwf2yvGJzpSvf+uAgZw==,Magicbricks,https://www.magicbricks.com/property-details/4-BHK-4485-Sq-ft-Multistorey-Apartment-FOR-Rent-Bharthana-in-Surat&id=4d423635373133383431,2026-04-19 13:52:36,21.147479,72.792502,,Parekh Property,Near Capital Green on Gd Goenka road Vesu,,,,Apartment,Unfurnished,8,13,East,4485,Sq-ft,New Construction,"4 BHK apartment is available on rent in Bharthana Surat right away. The rent of the 4 BHK flat is ₹1.4 Lac. The apartment is on the 8 floor, has a carpet area of 2218 sqft with 4 bathrooms and 1 balcony. There is also facility of 2 Covered parking. This property offers power back up, reserved parking, security, intercom facility. Visit the apartment at Bharthana, Surat, Gujarat .",135000,500000,8749,30,4,2 Covered,No,No,No,"Intercom Facility, Banquet Hall, Jogging and Strolling Track",False,True,Agent,100,Immediately,2026-03-23T07:52:42.000Z,"Mar 23, '26",True
grbsDO4QzldzpSvf+uAgZw==,Magicbricks,https://www.magicbricks.com/property-details/4-BHK-3636-Sq-ft-Multistorey-Apartment-FOR-Rent-Vesu-in-Surat&id=4d423832353635333537,2026-04-19 13:52:36,21.1447177,72.7717775,,Vesu,Vesu,"19210|Udhna Railway Station, 19202|T M Patel International School, 19202|White Lotus International School",,,Apartment,Furnished,4,11,East,3636,Sq-ft,New Construction,"flat available for rent in silverstone 4 bhk many option Grab the chance to own this affordable 4 BHK flat for rent in the Vesu area. This 4 BHK flat can be availed at the rental price of ₹1.1 Lac. Located on the 4 floor, the flat has 4 bathrooms, 1 balcony in carpet area of 2000 sqft. The residence includes power back up, reserved parking, security, visitor parking. Find this apartment at Moje:Vesu, Tal.:Surat City, District: Surat, Surat City, Surat, Gujarat,.",110000,,,30,4,,Yes,No,No,"Visitor Parking, Jogging and Strolling Track",True,True,Agent,81,Immediately,2026-04-08T05:24:33.000Z,"Apr 08, '26",True
16vPQOUNodNzpSvf+uAgZw==,Magicbricks,https://www.magicbricks.com/property-details/4-BHK-3450-Sq-ft-Multistorey-Apartment-FOR-Rent-Vesu-in-Surat&id=4d423739333535363633,2026-04-19 13:52:36,21.1447177,72.7717775,,Vesu,"Vesu,Surat","19210|Udhna Railway Station, 19202|Bhagwan Mahavir College of Engineering Technology, 19202|White Lotus International School",,,Apartment,Furnished,4,13,East,3450,Sq-ft,Less than 5 years,"Check out this newly constructed 4 BHK flat on rent in the prime location of Vesu Surat. The 4 BHK apartment is available at a reasonable rent of ₹1.1 Lac. The residents of the flat have access to additional facilities such as 4 Wardrobe, 4 Bed, 4 AC, Sofa and Gas Connection. Located on the 4 floor, the flat has 4 bathrooms, 1 balcony in carpet area of 1654 sqft. You will also find 1 Covered, 1 Open parking facility. This flat is fitted with power back up, reserved parking, security. Visit the apartment at F.P. NO. 50/2, T.P. NO. 5 ( VESU-BHIMRAD), , Surat City, Surat, Gujarat.",110000,330000,7458,32,4,"1 Covered, 1 Open",Yes,No,No,Jogging and Strolling Track,False,True,Agent,95,Immediately,2026-02-28T06:19:40.000Z,"Feb 28, '26",True
FZ5v9c8/bvFzpSvf+uAgZw==,Magicbricks,https://www.magicbricks.com/property-details/4-BHK-4500-Sq-ft-Multistorey-Apartment-FOR-Rent-Bharthana-in-Surat&id=4d423833383138353739,2026-04-19 13:52:36,21.147479,72.792502,,Splendid Reactors,vesu,,,,Apartment,Furnished,6,18,,4500,Sq-ft,5 to 10 years,"You can avail the 4 BHK flat for rent in the well-known location of Bharthana. The apartment is available at an affordable rental price of ₹1.5 Lac. Located on the 6 floor, the flat has 4 bathrooms, 3 balcony in carpet area of 2610 sqft. Visit the apartment at Bharthana, Surat,Gujarat.",150000,450000,25000,33,4,,No,No,No,,True,True,Agent,40,Immediately,2026-03-17T07:16:10.000Z,"Mar 17, '26",True
FbRer9nrzctzpSvf+uAgZw==,Magicbricks,https://www.magicbricks.com/property-details/4-BHK-3800-Sq-ft-Multistorey-Apartment-FOR-Rent-Vesu-in-Surat&id=4d423833363634313431,2026-04-19 13:52:36,21.1447177,72.7717775,,Vesu,"Canal Rd, Opp. L. P. Savani Academy, Vesu, Surat, Gujarat","19210|Udhna Railway Station, 19202|T M Patel International School, 19202|Bhagwan Mahavir College of Engineering Technology",,,Apartment,Furnished,7,12,East,3800,Sq-ft,5 to 10 years,"You can avail the 4 BHK flat for rent in the well-known location of Vesu. Available at a rental price of ₹1.3 Lac, this 4 BHK flat is worth considering. The flat comes with some add-on facilities such as 4 Wardrobe, 4 Bed, 1 TV, Fridge, Microwave, 4 AC, Sofa, Washing Machine, Dining Table and Gas Connection. Located on the 7 floor, the flat has 4 bathrooms, 1 balcony in carpet area of 1978 sqft. You will also find 1 Covered, 1 Open parking facility. This home provides power back up, reserved parking, security. Find this apartment at Canal Rd, Opp. L. P. Savani Academy, Vesu, Surat, Gujarat .",130000,500000,7845,34,4,"1 Covered, 1 Open",No,No,No,,True,True,Agent,80,Immediately,2026-04-07T07:34:59.000Z,"Apr 07, '26",True
dyfWh3DDfRZzpSvf+uAgZw==,Magicbricks,https://www.magicbricks.com/property-details/4-BHK-3845-Sq-ft-Multistorey-Apartment-FOR-Rent-Vesu-in-Surat&id=4d423833363439303831,2026-04-19 13:52:36,21.1447177,72.7717775,,Vesu,"Vesu, Surat Gujrat","19210|Udhna Railway Station, 19202|T M Patel International School, 19202|White Lotus International School",,,Apartment,Furnished,6,11,East,3845,Sq-ft,New Construction,"its a big campus with modern amenities currently society amenities are work in progress best for family A beautiful 4 BHK flat is available for rent in Vesu. ₹1.4 Lac is the monthly rent of this 4 BHK flat. Some premium add-on facilities bundled with the flat are 4 Wardrobe, 4 Bed, 1 TV, Fridge, Microwave, 4 AC, Sofa, Washing Machine, Dining Table and Gas Connection. Located on the 6 floor, the flat comprises 4 bathrooms, 1 balcony, and has a carpet area of 1849 sqft. 1 Covered, 1 Open parking space is also available. This unit is designed with power back up, reserved parking, security. This flat is located at Vesu, Surat Gujrat.",135000,500000,7458,35,4,"1 Covered, 1 Open",Yes,Yes,No,Jogging and Strolling Track,True,True,Agent,80,Immediately,2026-03-05T10:36:21.000Z,"Mar 05, '26",True
c0jb009lBuNzpSvf+uAgZw==,Magicbricks,https://www.magicbricks.com/property-details/2-BHK-1300-Sq-ft-Multistorey-Apartment-FOR-Rent-in-Surat&id=4d423830383836393433,2026-04-19 13:52:36,,,,Royal Property Consultant,"Surat, Gujarat",,,,Apartment,Furnished,9,12,East,1300,Sq-ft,Less than 5 years,"Find 2 BHK flat for rent in sun residency Surat. You can get this flat at monthly rent of ₹27,000. Located on the 9 floor, the flat has 2 bathrooms, 2 balcony in covered area of 1300 sqft. The flat comes with power back up, security.",27000,81000,0,21,2,,No,No,Yes,Outdoor Tennis Courts,True,True,Agent,53,Immediately,2026-04-17T23:45:20.000Z,Yesterday,True
fUD51br682lzpSvf+uAgZw==,Magicbricks,https://www.magicbricks.com/property-details/2-BHK-1225-Sq-ft-Multistorey-Apartment-FOR-Rent-Palanpur-in-Surat&id=4d423832393839393939,2026-04-19 13:52:36,21.215963,72.770389,,Real Homes Real Estate,"Surat, Gujarat",,,,Apartment,Furnished,7,13,West,1225,Sq-ft,New Construction,"A beautiful 2 BHK flat is available for rent in Palanpur. The Rent amount of this 2 BHK apartment is set at an attractive price of ₹32,000. The flat is located on the 7 floor which includes 2 bathrooms, 1 balcony, and covers a covered area of 1225 sqft. The apartment comes furnished with power back up, reserved parking, security, service/goods lift, intercom facility, ro water system. The apartment is located at T.P. - 9, F.P. - 28, Block No. - 109, Opp. Rajhans Stadium Plaza, L.P. Savani Canal Road, Palanpor, Surat .",32000,96000,0,26,2,,No,No,No,"Laundry Service, Internet/Wi-Fi Connectivity, RO Water System, Banquet Hall",True,True,Agent,70,Immediately,2026-04-17T23:45:20.000Z,Yesterday,True
0QjgWwpezDdzpSvf+uAgZw==,Magicbricks,https://www.magicbricks.com/property-details/3-BHK-1400-Sq-ft-Multistorey-Apartment-FOR-Rent-in-Surat&id=4d423833333338313539,2026-04-19 13:52:36,,,,Universal Property,Surat,,,,Apartment,Unfurnished,5,5,East,1400,Sq-ft,5 to 10 years,"3 bhk semi furnished flat for rent Find this 3 BHK rental flat in Subham residency Surat. This 3 BHK flat can be availed at the rental price of ₹23,000. The apartment is on the 5 floor, has a carpet area of 850 sqft with 3 bathrooms and 1 balcony. There is also facility of 1 Covered parking. The residence includes power back up, security.",23000,69000,0,16,3,1 Covered,No,No,No,,False,True,Agent,100,Immediately,2026-04-16T11:40:39.000Z,"Apr 16, '26",True
mcB5YO9VGElzpSvf+uAgZw==,Magicbricks,https://www.magicbricks.com/property-details/3-BHK-1486-Sq-ft-Multistorey-Apartment-FOR-Rent-Jahangirabad-in-Surat&id=4d423832373335383833,2026-04-19 13:52:36,21.216427,72.78212,,Rental Surat,555.,,,,Apartment,Semi-Furnished,5,14,East,1486,Sq-ft,New Construction,"3 bhk Newly constructed flat for rent Find 3 BHK flat for rent in Jahangirabad Surat. The flat is available for rent at a competitive amount of ₹23,000. The flat is on the 5 floor and includes 3 bathrooms, 3 balcony with a carpet area of 739 sqft. The property includes 1 Covered, 1 Open parking. The apartment comes furnished with security. Visit the flat at T.P.S. NO – 43 (JAHANGIRABAD) BLOCK NO.97, Surat, Gujarat.",23000,69000,0,15,3,"1 Covered, 1 Open",Yes,Yes,No,Banquet Hall,True,True,Agent,100,Immediately,2026-04-16T23:45:21.000Z,"Apr 17, '26",True
IJkC1TyvwPZzpSvf+uAgZw==,Magicbricks,https://www.magicbricks.com/property-details/3-BHK-1944-Sq-ft-Multistorey-Apartment-FOR-Rent-Palanpur-Gam-in-Surat&id=4d423733343235363931,2026-04-19 13:52:36,21.21086,72.771334,,Rajeshwar Properties,"Monarch Residency Near Rajhans Platinum Near L P school canal-stadium Road,palanpor, L.P.Savani, Sur",,,,Apartment,Semi-Furnished,3,14,North - East,1944,Sq-ft,New Construction,"3 bhk flat for rent, It is a superb property and offers an excellent view. The flat is semi furnished with multiple amenities and promises a comfortable stay. Indeed, the society too has for enjoyment, such as club housecommunity center, fitness centregym, and security personnel etc, Other facilities include intercom facility, lift and park etc.",25000,75000,0,13,3,"1 Covered, 1 Open",Yes,Yes,No,Jogging and Strolling Track,False,True,Agent,100,Immediately,2026-04-17T23:45:19.000Z,Yesterday,True
V0uMYQR0l65zpSvf+uAgZw==,Magicbricks,https://www.magicbricks.com/property-details/3-BHK-1784-Sq-ft-Multistorey-Apartment-FOR-Rent-Jahangirabad-in-Surat&id=4d423734393235363635,2026-04-19 13:52:36,21.216427,72.78212,,Shree Siddhi Vinayak Property Consultant,Jahangirabad,,,,Apartment,Unfurnished,11,14,East,1784,Sq-ft,New Construction,"3 bhk new unused. untouched flat for rent . near d mart Jahangirabad . with all new aminites A beautiful 3 BHK flat is available for rent in Jahangirabad. The apartment is available at an affordable rental price of ₹25,000. Located on the 11 floor, the flat has 3 bathrooms, 3 balcony in covered area of 1784 sqft. The apartment comes furnished with power back up, reserved parking, security, service/goods lift, intercom facility.",25000,75000,,14,3,,No,No,No,"Laundry Service, Internet/Wi-Fi Connectivity, Banquet Hall, Outdoor Tennis Courts",False,True,Agent,73,Immediately,2026-04-17T23:45:21.000Z,Yesterday,True
6BudGFMSXIVzpSvf+uAgZw==,Magicbricks,https://www.magicbricks.com/property-details/3-BHK-1600-Sq-ft-Multistorey-Apartment-FOR-Rent-Pal-in-Surat&id=4d423833393036333637,2026-04-19 13:52:36,21.1807801,72.7529018,,Pal,"PAL, Surat Gujrat","19202|Lp Savani International School, 19202|Gajera Global School, 19206|Pal. Star World, 19206|Bellissimo Hub",,,Apartment,Furnished,7,12,,1600,Sq-ft,,"3 bhk flat available for rent in green city pal surat. If you are planning to rent a flat, you can consider this 3 BHK flat situated in the prime location of Pal. This 3 BHK flat can be availed at the rental price of ₹25,000. Additional amenities available with the flat are 2 Wardrobe, 2 Bed, 2 AC, Dining Table and Gas Connection. Located on the 7 floor, the flat comprises 3 bathrooms, 2 balcony, and has a carpet area of 860 sqft. 2 Covered parking space is also available. The apartment is equipped with reserved parking. Find this apartment at PAL, Surat Gujrat.",25000,75000,0,16,3,2 Covered,No,No,No,,True,True,Agent,76,Immediately,2026-04-18T23:45:34.000Z,Today,True
8XBIefOx09FzpSvf+uAgZw==,Magicbricks,https://www.magicbricks.com/property-details/3-BHK-2400-Sq-ft-Multistorey-Apartment-FOR-Rent-in-Surat&id=4d423834313239353137,2026-04-19 13:52:36,,,,Neelkanth Property,"Surat, Gujarat",,,,Apartment,Semi-Furnished,12,14,East,2400,Sq-ft,5 to 10 years,"3 BHK Semi Furnished Flat For Rent Find 3 BHK flat for rent in Milestone Surat. The multistorey apartment is available at rent of ₹18,000. The apartment is on the 12 floor, has a carpet area of 1600 sqft with 3 bathrooms and 2 balcony. This unit features power back up, reserved parking, security.",18000,54000,1,8,3,,No,No,No,,False,True,Agent,78,Immediately,2026-04-07T17:45:16.000Z,"Apr 07, '26",True
a5IcvTcNBzRzpSvf+uAgZw==,Magicbricks,https://www.magicbricks.com/property-details/3-BHK-1500-Sq-ft-Multistorey-Apartment-FOR-Rent-in-Surat&id=4d423830363433373433,2026-04-19 13:52:36,,,,Patel Property ,pal gam road Pal surat,,,,Apartment,Semi-Furnished,5,5,South -West,1500,Sq-ft,5 to 10 years,"3 BHK apartment is available on rent in shubham pal surat Surat right away. The multistorey apartment is available at rent of ₹22,000. The apartment is on the 5 floor, has a carpet area of 950 sqft with 3 bathrooms and 3 balcony. This property offers power back up, reserved parking, security, service/goods lift, intercom facility, ro water system.",22000,65000,0,15,3,,No,No,No,"Laundry Service, Internet/Wi-Fi Connectivity, Banquet Hall, Jogging and Strolling Track",False,True,Agent,75,Immediately,2026-04-17T23:45:19.000Z,Yesterday,True
ng9LF14J+gtzpSvf+uAgZw==,Magicbricks,https://www.magicbricks.com/property-details/3-BHK-1440-Sq-ft-Multistorey-Apartment-FOR-Rent-Palanpur-Gam-in-Surat&id=4d423739313036333231,2026-04-19 13:52:36,21.21086,72.771334,,Royal Property Consultant,"Palanpur Gam,Surat",,,,Apartment,Unfurnished,4,5,East,1440,Sq-ft,5 to 10 years,"3 bhk unfurnished flat for rent in rajhans apple Find 3 BHK flat for rent in Palanpur Gam Surat. The multistorey apartment is available at rent of ₹19,000. The apartment is on the 4 floor, has a covered area of 1440 sqft with 3 bathrooms and 1 balcony. 1 Covered parking facility are also available. The flat comes with power back up, reserved parking, security. Visit the apartment at Palanpur jakatnaka, Ugat Canal Rd, Adajan, Surat, Gujarat Palanpur jakatnaka, Ugat Canal Rd, Adajan,.",19000,60000,0,13,3,1 Covered,No,No,No,,False,True,Agent,95,Immediately,2026-04-17T23:45:20.000Z,Yesterday,True
W2IAJDpFt4hzpSvf+uAgZw==,Magicbricks,https://www.magicbricks.com/property-details/3-BHK-1726-Sq-ft-Multistorey-Apartment-FOR-Rent-Palanpur-in-Surat&id=4d423832393337353931,2026-04-19 13:52:36,21.215963,72.770389,,Handsshake Properties,gaurav path,,,,Apartment,Semi-Furnished,10,15,East,1726,Sq-ft,Less than 5 years,"3 bhk flat new building with luxurious amenities with light fen kitchen trolley a.c. Check out this newly constructed 3 BHK flat on rent in the prime location of Palanpur Surat. The Rent amount of this 3 BHK apartment is set at an attractive price of ₹25,000. The apartment is on the 10 floor, has a covered area of 1726 sqft with 3 bathrooms and 1 balcony. You will also find 1 Covered parking facility. This unit features power back up, reserved parking, security, service/goods lift, intercom facility, ro water system.",25000,75000,0,14,3,1 Covered,No,No,No,"Laundry Service, Internet/Wi-Fi Connectivity, Banquet Hall, Outdoor Tennis Courts",True,True,Agent,80,Immediately,2026-04-16T23:45:22.000Z,"Apr 17, '26",True
9I39gBOpdQFzpSvf+uAgZw==,Magicbricks,https://www.magicbricks.com/property-details/3-BHK-1805-Sq-ft-Multistorey-Apartment-FOR-Rent-Bhimrad-in-Surat&id=4d423738303034363637,2026-04-19 13:52:36,21.129281,72.800067,,KARMBHOOMI REALTORS,"Bhimrad,Surat",,,,Apartment,Unfurnished,5,15,South,1805,Sq-ft,2015,"Very nice flat in this appartment. Find 3 BHK flat for rent in Bhimrad Surat. You can get this flat at monthly rent of ₹25,000. The flat is located on the 5 floor which includes 3 bathrooms, 2 balcony, and covers a carpet area of 992 sqft. 2 Covered parking facility are also available. This unit features power back up, reserved parking, security.",25000,75000,3000,14,3,2 Covered,Yes,No,No,Jogging and Strolling Track,True,True,Agent,68,Immediately,2026-04-16T23:45:20.000Z,"Apr 17, '26",True
g9B3OQX+49lzpSvf+uAgZw==,Magicbricks,https://www.magicbricks.com/property-details/3-BHK-1700-Sq-ft-Multistorey-Apartment-FOR-Rent-Jahangirabad-in-Surat&id=4d423831373739353133,2026-04-19 13:52:36,21.216427,72.78212,,Shree Madhav Shine Properties,"Jahangirabad, Surat Gujrat",,,,Apartment,Unfurnished,3,12,East,1700,Sq-ft,2009,"3 bhk semi furnished flat for rent. If you are searching a 3 BHK apartment for rent in Jahangirabad, check out this amazing rental flat. The 3 BHK apartment is available at a reasonable rent of ₹20,000. Live in this lovely flat and get access to various useful facilities such as Gas Connection. The apartment is on the 3 floor, has a carpet area of 900 sqft with 3 bathrooms and 2 balcony. The apartment comes furnished with reserved parking. Visit the flat at Jahangirabad, Surat Gujrat.",20000,66000,,12,3,,No,No,No,,True,True,Agent,62,Immediately,2026-03-06T10:26:40.000Z,"Mar 06, '26",True
DmyG5kSbl01zpSvf+uAgZw==,Magicbricks,https://www.magicbricks.com/property-details/3-BHK-2052-Sq-ft-Multistorey-Apartment-FOR-Rent-Jahangir-Pura-in-Surat&id=4d423831363330383033,2026-04-19 13:52:36,21.247161,72.8018701,,Jahangir Pura,madhav Platina jahngirpura iskon tempal near ashram rod,,,,Apartment,Unfurnished,10,14,East,2052,Sq-ft,New Construction,"new contractions only 1 year old 3 BHK flat is available for rent in Jahangir Pura immediately. The apartment is available at an affordable rental price of ₹20,000. Located on the 10 floor, the flat comprises 3 bathrooms, 2 balcony, and has a carpet area of 1256 sqft. This unit is designed with power back up, reserved parking, security, service/goods lift, air conditioned, intercom facility, ro water system. You can visit the flat at Iskcon Temple Road, Jahangir Pura, Rander, Surat, Gujarat .",20000,60000,,10,3,,No,No,No,"Air Conditioned, Banquet Hall, Bar/Lounge, Jogging and Strolling Track",False,True,Agent,78,Immediately,2026-04-13T03:00:37.000Z,"Apr 13, '26",True
i0yLG47EzRpzpSvf+uAgZw==,Magicbricks,https://www.magicbricks.com/property-details/3-BHK-1100-Sq-ft-Multistorey-Apartment-FOR-Rent-in-Surat&id=4d423833363132323939,2026-04-19 13:52:36,,,,X Properties,"Surat, Gujarat",,,,Apartment,Semi-Furnished,8,12,East,,,5 to 10 years,"Residential Open Plot for sale in Gated Colony 3 BHK apartment is available on rent in sagar sankul Surat right away. The multistorey apartment is available at rent of ₹18,000. Located on the 8 floor, the flat has 3 bathrooms, 1 balcony in carpet area of 1100 sqft. This unit is designed with power back up, reserved parking, security.",18000,54000,,,3,,No,No,No,,False,True,Agent,68,Immediately,2026-03-02T06:45:36.000Z,"Mar 02, '26",True
FjeCPX+J0mFzpSvf+uAgZw==,Magicbricks,https://www.magicbricks.com/property-details/3-BHK-1500-Sq-ft-Multistorey-Apartment-FOR-Rent-Pal-in-Surat&id=4d423739383036323437,2026-04-19 13:52:36,21.1807801,72.7529018,,Pal,pal surat,"19202|Lp Savani International School, 19202|International Institute Of Management And Technical Studies (Iimt), 19206|Bellissimo Hub, 19206|Pal. Star World",,,Apartment,Semi-Furnished,1,13,East,1500,Sq-ft,5 to 10 years,"3 bhk flat for rent in pal surat A beautiful 3 BHK flat is available for rent in Pal. The flat is available for rent at a competitive amount of ₹25,000. The apartment is on the 1 floor, has a covered area of 1500 sqft with 3 bathrooms and 1 balcony. 1 Covered, 1 Open parking facility are also available. This flat is fitted with intercom facility. The flat can be visited at TP 10 Main Rd, Opp. Raj Corner, Palanpur, Surat, Gujarat .",25000,75000,0,17,3,"1 Covered, 1 Open",No,No,No,"Internet/Wi-Fi Connectivity, Banquet Hall, Bar/Lounge, Jogging and Strolling Track",False,True,Agent,100,Immediately,2026-02-21T14:26:30.000Z,"Feb 21, '26",True
VlFmQ4IDbGtzpSvf+uAgZw==,Magicbricks,https://www.magicbricks.com/property-details/3-BHK-1775-Sq-ft-Multistorey-Apartment-FOR-Rent-Palanpur-in-Surat&id=4d423832333135383233,2026-04-19 13:52:36,21.215963,72.770389,,Shivaay Realty,near croma gaurav path road.,,,,Apartment,Unfurnished,7,13,East,1775,Sq-ft,New Construction,"bewly developed campus with good community. If you are planning to rent a flat, you can consider this 3 BHK flat situated in the prime location of Palanpur. The apartment is available at an affordable rental price of ₹24,000. Located on the 7 floor, the flat comprises 3 bathrooms, 3 balcony, and has a carpet area of 976 sqft. This residential building features 13 floor and ensures Kids play area comfort. This property offers security. The full address of the apartment is Gaurav Path Road, Palanpur, Surat.",24000,,,14,3,,No,No,No,,True,True,Agent,48,Immediately,2026-03-07T14:53:07.000Z,"Mar 07, '26",True
4odkM5m+7oBzpSvf+uAgZw==,Magicbricks,https://www.magicbricks.com/property-details/3-BHK-2036-Sq-ft-Multistorey-Apartment-FOR-Rent-Jahangirabad-in-Surat&id=4d423831343232333231,2026-04-19 13:52:36,21.216427,72.78212,,Deepak Daryani,Pal Guarav Path,,,,Apartment,Semi-Furnished,5,14,East,2036,Sq-ft,,"If you are planning to rent a flat, you can consider this 3 BHK flat situated in the prime location of Jahangirabad. ₹20,000 is the monthly rent of this 3 BHK flat. Gas Connection are some of the additional amenities available with the apartment. Located on the 5 floor, the flat comprises 3 bathrooms, 2 balcony, and has a covered area of 2036 sqft. 1 Covered parking space is also available. This unit is designed with power back up, reserved parking, security. The flat can be visited at Jahangirabad, Surat Gujrat.",20000,60000,0,10,3,1 Covered,Yes,Yes,No,Jogging and Strolling Track,True,True,Agent,75,Immediately,2026-03-15T07:20:58.000Z,"Mar 15, '26",True
HGSOL0GM22ZzpSvf+uAgZw==,Magicbricks,https://www.magicbricks.com/property-details/3-BHK-1800-Sq-ft-Multistorey-Apartment-FOR-Rent-Palanpur-in-Surat&id=4d423738333938333631,2026-04-19 13:52:36,21.215963,72.770389,,Pooja Real Estate,"Surat, Gujarat",,,,Apartment,Semi-Furnished,4,12,West,1800,Sq-ft,New Construction,"If you are searching a 3 BHK apartment for rent in Palanpur, check out this amazing rental flat. You can get this flat at monthly rent of ₹25,000. Located on the 4 floor, the flat has 3 bathrooms, 2 balcony in carpet area of 900 sqft. Visit the flat at Palanpur, Surat, Gujarat.",25000,,,14,3,,No,No,No,,False,True,Agent,59,Immediately,2026-03-11T07:39:50.000Z,"Mar 11, '26",True
CmZgfd+vUJ1zpSvf+uAgZw==,Magicbricks,https://www.magicbricks.com/property-details/3-BHK-1750-Sq-ft-Multistorey-Apartment-FOR-Rent-in-Surat&id=4d423834303031303133,2026-04-19 13:52:36,,,,Thakkar Skyline Real Estate,Palanpur,,,,Apartment,Semi-Furnished,8,14,East,1750,Sq-ft,5 to 10 years,"3 BHK Semi Furnished Flat For Rent with all amenities available 3 BHK flat is available for rent in KTLF immediately. The apartment is available at an affordable rental price of ₹24,000. The flat is located on the 8 floor which includes 3 bathrooms, 3 balcony, and covers a carpet area of 1100 sqft. There is also facility of 1 Covered parking. The apartment comes furnished with power back up, reserved parking, security.",24000,72000,1,14,3,1 Covered,No,No,No,,False,True,Agent,100,Immediately,2026-03-30T18:10:02.000Z,"Mar 30, '26",True
Gb7rRfSz6qxzpSvf+uAgZw==,Magicbricks,https://www.magicbricks.com/property-details/3-BHK-1643-Sq-ft-Multistorey-Apartment-FOR-Rent-Vesu-in-Surat&id=4d423735373730393331,2026-04-19 13:52:36,21.1447177,72.7717775,,Vesu,"Surat, Gujarat","19210|Udhna Railway Station, 19202|T M Patel International School, 19202|G.D. Goenka International School",,,Apartment,Semi-Furnished,4,12,,1643,Sq-ft,New Construction,"new Find 3 BHK flat for rent in Vesu Surat. The rent of the 3 BHK flat is ₹25,000. The flat is located on the 4 floor which includes 3 bathrooms, 1 balcony, and covers a covered area of 1643 sqft. The apartment is equipped with power back up, reserved parking, security, intercom facility, ro water system. Visit the flat at Vesu, Surat..",25000,75000,,15,3,,No,No,No,"Laundry Service, Internet/Wi-Fi Connectivity, Banquet Hall, Jogging and Strolling Track",True,True,Agent,54,Immediately,2026-04-08T05:42:00.000Z,"Apr 08, '26",True
om56QHwuV6VzpSvf+uAgZw==,Magicbricks,https://www.magicbricks.com/property-details/3-BHK-1840-Sq-ft-Multistorey-Apartment-FOR-Rent-Dumas-Road-in-Surat&id=4d423834313130323933,2026-04-19 13:52:36,21.1378068259953,72.7505612386718,,Dumas Road,dumas road,"19201|Gidc Katagram, 19202|CK Pithawala College of Engineering Technology, 19202|Lourdes Convent High School, 19206|Canopus Mall, 19206|Surat Central, 19209|Surat International Airport",,,Apartment,Unfurnished,5,12,East,1840,Sq-ft,5 to 10 years,"If you are searching a 3 BHK apartment for rent in Dumas Road, check out this amazing rental flat. The multistorey apartment is available at rent of ₹25,000. Located on the 5 floor, the flat has 3 bathrooms, 2 balcony in covered area of 1840 sqft. The apartment comes furnished with power back up, reserved parking, security, air conditioned, intercom facility, ro water system. Visit the flat at Near DPS School, Silent Zone Road Opp. Airport, Dumas Road, Dumas, Surat.",25000,75000,,14,3,,No,No,No,"Air Conditioned, Banquet Hall, Bar/Lounge, Jogging and Strolling Track",True,True,Agent,53,Immediately,2026-04-06T17:53:52.000Z,"Apr 06, '26",True
qxb5In18PR1zpSvf+uAgZw==,Magicbricks,https://www.magicbricks.com/property-details/3-BHK-1775-Sq-ft-Multistorey-Apartment-FOR-Rent-Vesu-in-Surat&id=4d423832353832353837,2026-04-19 13:52:36,21.1447177,72.7717775,,Vesu,canal road vesu,"19210|Udhna Railway Station, 19202|T M Patel International School, 19202|Bhagwan Mahavir College of Engineering Technology",,,Apartment,Unfurnished,7,13,East,1775,Sq-ft,New Construction,"canal road ves Find this 3 BHK rental flat in Vesu Surat. The multistorey apartment is available at rent of ₹25,000. The apartment is on the 7 floor, has a carpet area of 1000 sqft with 3 bathrooms and 3 balcony. This residential building features 13 floor and ensures Kids play area comfort. The property features reserved parking, security, visitor parking. The address is Behind of Agarwal vidhya vihar School, Vesu, Surat, Gujarat .",25000,,,14,3,,No,No,No,Visitor Parking,True,True,Agent,76,Immediately,2026-04-08T06:10:04.000Z,"Apr 08, '26",True
2skcn1xgNr5zpSvf+uAgZw==,Magicbricks,https://www.magicbricks.com/property-details/3-BHK-1690-Sq-ft-Multistorey-Apartment-FOR-Rent-Jahangirabad-in-Surat&id=4d423833313132313533,2026-04-19 13:52:36,21.216427,72.78212,,Bhumi Property Consultant,"Jahangirabad,Surat",,,,Apartment,Unfurnished,4,13,East,1690,Sq-ft,2001,"3 bhk flat for rentnakedrent 20000 3 BHK apartment is available on rent in Jahangirabad Surat right away. The 3 BHK apartment is available at a reasonable rent of ₹20,000. Located on the 4 floor, the flat has 3 bathrooms, 1 balcony in carpet area of 845 sqft. There is also facility of 1 Covered parking. The apartment is equipped with reserved parking. The address is TP-6, Bhesan Rd, Surat, Gujarat .",20000,60000,500,12,3,1 Covered,No,No,No,,True,True,Agent,73,Immediately,2026-04-18T23:45:31.000Z,Today,True
5dfwT1po9BNzpSvf+uAgZw==,Magicbricks,https://www.magicbricks.com/property-details/3-BHK-1650-Sq-ft-Multistorey-Apartment-FOR-Rent-Palanpur-in-Surat&id=4d423830333334383835,2026-04-19 13:52:36,21.215963,72.770389,,Vardhman Realty,Nr. Metro STation,,,,Apartment,Semi-Furnished,5,14,East,1650,Sq-ft,New Construction,"Its A Semi Furnished Garden Facing 3 BHK Flat Available For Rent Nr. Metro Station, Palanpur Canal Road. It Just 2 Year Old Building. If you are planning to rent a flat, you can consider this 3 BHK flat situated in the prime location of Palanpur. The rent of the 3 BHK flat is ₹21,000. Some added-on facilities available with the flat are Gas Connection. The flat is located on the 5 floor which includes 3 bathrooms, 3 balcony, and covers a carpet area of 950 sqft. 1 Covered, 1 Open parking space is also available. This unit features power back up, reserved parking, security. You can visit the flat at Nr. Metro STation, Palanpur, Surat, Gujarat.",21000,63000,2000,13,3,"1 Covered, 1 Open",Yes,Yes,No,Jogging and Strolling Track,False,True,Agent,100,Immediately,2026-04-17T23:45:20.000Z,Yesterday,True
q96XRu5ScNpzpSvf+uAgZw==,Magicbricks,https://www.magicbricks.com/property-details/3-BHK-1850-Sq-ft-Multistorey-Apartment-FOR-Rent-Pal-Gam-in-Surat&id=4d423833383239373139,2026-04-19 13:52:36,21.1961857,72.7706259,,Pal Gam,"Pal Gam, Surat, Gujarat",,,,Apartment,Unfurnished,2,13,East,1850,Sq-ft,5 to 10 years,"3bhk dek balcony flat for rent in pal near gauvravpath roadPrime locationgood Building Grab the chance to own this affordable 3 BHK flat for rent in the Pal Gam area. The multistorey apartment is available at rent of ₹25,000. The apartment is on the 2 floor, has a carpet area of 1200 sqft with 3 bathrooms and 2 balcony. The property includes 1 Covered parking. This unit is designed with power back up, reserved parking, security. Find this apartment at Pal Gam, Surat, Gujarat .",25000,75000,1,14,3,1 Covered,No,No,No,,False,True,Agent,95,Immediately,2026-04-16T11:39:35.000Z,"Apr 16, '26",True
8XXsyLaGCoFzpSvf+uAgZw==,Magicbricks,https://www.magicbricks.com/property-details/3-BHK-1800-Sq-ft-Multistorey-Apartment-FOR-Rent-Jahangirabad-in-Surat&id=4d423832373335353131,2026-04-19 13:52:36,21.216427,72.78212,,Rental Surat,kingswood,,,,Apartment,Semi-Furnished,9,13,East,1800,Sq-ft,New Construction,"3 bhk flat with all modern amenities Grab the chance to own this affordable 3 BHK flat for rent in the Jahangirabad area. The flat is available for rent at a competitive amount of ₹21,000. The flat is located on the 9 floor which includes 3 bathrooms, 1 balcony, and covers a carpet area of 930 sqft. The flat comes with power back up, reserved parking, security. Find this apartment at Jahangirabad, Surat Gujrat.",21000,63000,0,12,3,,No,No,No,,True,True,Agent,80,Immediately,2026-04-18T23:45:33.000Z,Today,True
EyQg1AmMOGpzpSvf+uAgZw==,Magicbricks,https://www.magicbricks.com/property-details/3-BHK-1782-Sq-ft-Multistorey-Apartment-FOR-Rent-Palanpur-Gam-in-Surat&id=4d423731303134313933,2026-04-19 13:52:36,21.21086,72.771334,,Rajeshwar Properties,"Palanpur, Surat, Gujarat",,,,Apartment,Semi-Furnished,10,13,North - East,1782,Sq-ft,Less than 5 years,"3 bhk flat for rent, It is a superb property and offers an excellent view. The flat is semi furnished with multiple amenities and promises a comfortable stay. Indeed, the society too has for enjoyment, such as club housecommunity center, fitness centregym, and security personnel etc, Other facilities include intercom facility, lift and park etc.",23000,69000,0,13,3,1 Covered,No,No,No,"Visitor Parking, RO Water System, Jogging and Strolling Track",True,True,Agent,100,Immediately,2026-04-18T23:45:32.000Z,Today,True
iHrUg7DVN1NzpSvf+uAgZw==,Magicbricks,https://www.magicbricks.com/property-details/3-BHK-1800-Sq-ft-Multistorey-Apartment-FOR-Rent-Jahangirabad-in-Surat&id=4d423830383336373737,2026-04-19 13:52:36,21.216427,72.78212,,Shree Siddhi Vinayak Property Consultant,jahangirabad,,,,Apartment,Semi-Furnished,11,14,East,1800,Sq-ft,Less than 5 years,"3 bhk . Semi furnished flat for rent. with Nice location. all modern day aminites avilable Find this 3 BHK rental flat in Jahangirabad Surat. You can get this flat at monthly rent of ₹25,000. The apartment is on the 11 floor, has a covered area of 1800 sqft with 3 bathrooms and 1 balcony. The property features power back up, reserved parking, security, service/goods lift, air conditioned, intercom facility, ro water system. The apartment is located at Opp. Madhav Baug, Nr. Palanpur Canal, Bhesan Rd, Ugat, Junction, Surat, Gujarat .",25000,75000,,14,3,,No,No,No,"Air Conditioned, Banquet Hall, Bar/Lounge, Jogging and Strolling Track",False,True,Agent,78,Immediately,2026-04-16T23:45:22.000Z,"Apr 17, '26",True
KvkwM94P4PtzpSvf+uAgZw==,Magicbricks,https://www.magicbricks.com/property-details/3-BHK-1700-Sq-ft-Multistorey-Apartment-FOR-Rent-Jahangirabad-in-Surat&id=4d423833393036353031,2026-04-19 13:52:36,21.216427,72.78212,,Sanjay Dalwani,"Jahangirabad, Surat Gujrat",,,,Apartment,Semi-Furnished,11,13,East,1700,Sq-ft,,"3 bhk flat available for rent in kings wood pal surat. Find this 3 BHK rental flat in Jahangirabad Surat. The multistorey apartment is available at rent of ₹20,000. Live in this lovely flat and get access to various useful facilities such as Gas Connection. The apartment is on the 11 floor, has a carpet area of 900 sqft with 3 bathrooms and 2 balcony. You will also find 1 Covered parking facility. The apartment comes furnished with power back up, reserved parking, security. Visit the flat at Jahangirabad, Surat Gujrat.",20000,60000,0,12,3,1 Covered,No,No,No,,True,True,Agent,78,Immediately,2026-04-18T23:45:34.000Z,Today,True
z693dDb0HqNzpSvf+uAgZw==,Magicbricks,https://www.magicbricks.com/property-details/3-BHK-2500-Sq-ft-Multistorey-Apartment-FOR-Rent-Pal-in-Surat&id=4d423834303931323539,2026-04-19 13:52:36,21.1807801,72.7529018,,Pal,"Surat, Gujarat","19202|International Institute Of Management And Technical Studies (Iimt), 19202|Lp Savani International School, 19206|Pal. Star World, 19206|Bellissimo Hub",,,Apartment,Semi-Furnished,6,14,East,2500,Sq-ft,5 to 10 years,"3 BHK Flat For Rent in Pal premium location Check out this newly constructed 3 BHK flat on rent in the prime location of Pal Surat. This 3 BHK flat is available at the reasonable rent amount of ₹25,000. The flat is located on the 6 floor which includes 3 bathrooms, 2 balcony, and covers a carpet area of 1750 sqft. This flat is fitted with power back up, reserved parking, security, air conditioned. The flat can be visited at Pal, Surat, Gujarat.",25000,75000,1,10,3,,Yes,No,No,Air Conditioned,False,True,Agent,73,Immediately,2026-04-05T18:04:31.000Z,"Apr 05, '26",True
dT094n2Wp4tzpSvf+uAgZw==,Magicbricks,https://www.magicbricks.com/property-details/3-BHK-1600-Sq-ft-Multistorey-Apartment-FOR-Rent-Pal-in-Surat&id=4d423830303432303639,2026-04-19 13:52:36,21.1807801,72.7529018,,Pal,Gavrav path road Pal surat,"19202|Gajera Global School, 19202|International Institute Of Management And Technical Studies (Iimt), 19206|Pal. Star World, 19206|Bellissimo Hub",,,Apartment,Semi-Furnished,6,12,South -West,1600,Sq-ft,5 to 10 years,"3 BHK flat is available for rent in Pal immediately. The 3 BHK apartment is available at a reasonable rent of ₹21,000. The apartment is on the 6 floor, has a carpet area of 950 sqft with 3 bathrooms and 2 balcony. The apartment comes furnished with power back up, reserved parking, security, service/goods lift, ro water system. The flat can be visited at GAVRAV PATH, T.P 10, Pal Gam, Surat, Gujarat.",21000,60000,0,13,3,,Yes,No,No,"Service/Goods Lift, RO Water System",False,True,Agent,75,Immediately,2026-04-16T23:45:20.000Z,"Apr 17, '26",True
116pCEzOeklzpSvf+uAgZw==,Magicbricks,https://www.magicbricks.com/property-details/4-BHK-4176-Sq-ft-Multistorey-Apartment-FOR-Rent-Vesu-in-Surat&id=4d423833393638333439,2026-04-19 13:52:36,21.1447177,72.7717775,,Vesu,"Vesu,Surat","19210|Udhna Railway Station, 19202|G.D. Goenka International School, 19202|White Lotus International School",,,Apartment,Furnished,4,12,East,4176,Sq-ft,5 to 10 years,"Check out this newly constructed 4 BHK flat on rent in the prime location of Vesu Surat. The rent of the 4 BHK flat is ₹2 Lac. 4 Wardrobe, 4 Bed, 1 TV, Fridge, Microwave, 4 AC, Sofa, Washing Machine, Dining Table and Gas Connection are some of the additional amenities available with the apartment. The flat is on the 4 floor and includes 4 bathrooms, 1 balcony with a carpet area of 2087 sqft. 2 Covered parking facility are also available. The apartment is equipped with power back up, reserved parking, security. The full address of the apartment is Vesu, Surat..",200000,800000,12541,48,4,2 Covered,Yes,No,No,Jogging and Strolling Track,False,True,Agent,100,Select Date,2026-04-15T23:02:53.000Z,"Apr 16, '26",True
TsLbj/jIt49zpSvf+uAgZw==,Magicbricks,https://www.magicbricks.com/property-details/4-BHK-9500-Sq-ft-Multistorey-Apartment-FOR-Rent-Vesu-in-Surat&id=4d423734373639373333,2026-04-19 13:52:36,21.1447177,72.7717775,,Vesu,"Surat, Gujarat","19210|Udhna Railway Station, 19202|White Lotus International School, 19202|Bhagwan Mahavir College of Engineering Technology",,,Apartment,Furnished,1,18,North - East,9500,Sq-ft,Less than 5 years,"4 BHK apartment is available on rent in Vesu Surat right away. This 4 BHK flat can be availed at the rental price of ₹2.5 Lac. The residents of the flat have access to additional facilities such as Fridge, Microwave, 4 AC, Sofa, Washing Machine and Dining Table. The apartment is on the 1 floor, has a carpet area of 4500 sqft with 4 bathrooms and 1 balcony. 4 Covered parking space is also available. This flat is fitted with power back up, reserved parking, security. Visit the apartment at Vesu, Surat, Gujarat.",250000,750000,,26,4,4 Covered,No,No,No,,True,True,Agent,68,Immediately,2026-02-25T04:53:05.000Z,"Feb 25, '26",True
MLl8Rd7Jfm5zpSvf+uAgZw==,Magicbricks,https://www.magicbricks.com/property-details/4-BHK-2538-Sq-ft-Multistorey-Apartment-FOR-Rent-in-Surat&id=4d423232393732343035,2026-04-19 13:52:36,,,,MASHKUR,Sulemani road - full building.,,,,Apartment,Unfurnished,Ground,4,,2538,Sq-ft,Above 20 years,"Highlight- Leave and license of WHOLE building of 2 floors with 4 shops at the ground floor- Very close to Surat main railway station- Possession would be given after proper documentation.. 4 BHK flat is available for rent in STATION ROAD DARU KHANA immediately. This 4 BHK flat is directly posted by the owner, so you don't need to pay any brokerage on this property.",200000,1000000,10000,79,4,,No,No,No,,False,False,Owner,68,Immediately,2026-02-12T07:44:07.000Z,"Feb 12, '26",True
e1RabyQw6sJzpSvf+uAgZw==,Magicbricks,https://www.magicbricks.com/property-details/4-BHK-4075-Sq-ft-Penthouse-FOR-Rent-Vesu-in-Surat&id=4d423833373238333737,2026-04-19 13:52:36,21.1447177,72.7717775,,Vesu,"Vesu,Surat","19210|Udhna Railway Station, 19202|T M Patel International School, 19202|Bhagwan Mahavir College of Engineering Technology",,,Penthouse,Furnished,12,12,South,4075,Sq-ft,5 to 10 years,"Find 4 BHK flat for rent in Vesu Surat. Available at a rental price of ₹1.9 Lac, this 4 BHK flat is worth considering. Here you can enjoy world class facilities like 4 Wardrobe, 4 Bed, 4 TV, Fridge, Microwave, 4 AC, Sofa, Washing Machine, Dining Table and Gas Connection. The apartment is on the 12 floor, has a carpet area of 2098 sqft with 4 bathrooms and 1 balcony. This unit is designed with power back up, reserved parking, security.",191000,750000,11255,47,4,,Yes,No,No,Jogging and Strolling Track,False,True,Agent,80,Immediately,2026-03-11T06:07:10.000Z,"Mar 11, '26",True
E30ZzyaOEsVzpSvf+uAgZw==,Magicbricks,https://www.magicbricks.com/property-details/4-BHK-3510-Sq-ft-Multistorey-Apartment-FOR-Rent-Vesu-in-Surat&id=4d423637353639303133,2026-04-19 13:52:36,21.1447177,72.7717775,,Vesu,"Surat, Gujarat","19210|Udhna Railway Station, 19202|T M Patel International School, 19202|White Lotus International School",,,Apartment,Furnished,6,11,,3510,Sq-ft,5 to 10 years,"society has clubhouse gym garden lift parking 4 BHK flat is available for rent in Vesu immediately. This 4 BHK flat can be availed at the rental price of ₹1.9 Lac. The apartment is on the 6 floor, has a covered area of 3510 sqft with 4 bathrooms and 1 balcony. Visit the flat at Vesu, Someshwara Enclave, Vesu Someshwara Enclave, Surat, Gujarat .",185000,,,53,4,,No,No,No,,True,True,Agent,39,Immediately,2026-03-02T06:34:39.000Z,"Mar 02, '26",True
mS00MWRyQxlzpSvf+uAgZw==,Magicbricks,https://www.magicbricks.com/property-details/3-BHK-1460-Sq-ft-Multistorey-Apartment-FOR-Rent-Sachin-in-Surat&id=4d423739353133303531,2026-04-19 13:52:36,21.0833,72.8833,,Sachin,"Surat, Gujarat",,,,Apartment,Furnished,3,5,,1460,Sq-ft,Less than 5 years,"You can explore this 3 BHK flat on rent in Sachin Surat. The multistorey apartment is available at rent of ₹27,000. The flat is located on the 3 floor which includes 3 bathrooms, 2 balcony, and covers a carpet area of 1460 sqft. The full address of the apartment is Raj Abhishek City Homes, Sachin, Surat, Gujarat . This 3 BHK flat is directly posted by the owner, so you don't need to pay any brokerage on this property.",27000,100000,1000,18,3,,No,No,No,,False,False,Owner,55,Immediately,2026-02-22T21:32:11.000Z,"Feb 23, '26",True
uEJp+/8sUq9zpSvf+uAgZw==,Magicbricks,https://www.magicbricks.com/property-details/3-BHK-1840-Sq-ft-Multistorey-Apartment-FOR-Rent-Dumas-Road-in-Surat&id=4d423833353334303837,2026-04-19 13:52:36,21.1378068259953,72.7505612386718,,Dumas Road,"Avadh Carolina , near DPS school","19201|Gidc Katagram, 19202|Scholar English Academy School, 19202|Lourdes Convent High School, 19206|Surat Central, 19206|Canopus Mall, 19209|Surat International Airport",,,Apartment,Semi-Furnished,2,12,,1840,Sq-ft,5 to 10 years,"A beautiful 3 BHK flat is available for rent in Dumas Road. The Rent amount of this 3 BHK apartment is set at an attractive price of ₹35,000. Located on the 2 floor, the flat has 3 bathrooms, 4 balcony in covered area of 1840 sqft. This property offers power back up, reserved parking, security, service/goods lift, visitor parking. Visit the apartment at Avadh Carolina , near DPS school, Dumas Road, Surat, Gujarat. This is a no-brokerage flat because the owner has posted the ad on this 3 BHK apartment.",35000,70000,,19,3,,Yes,No,No,"Service/Goods Lift, Visitor Parking",False,False,Owner,70,Immediately,2026-02-24T08:16:19.000Z,"Feb 24, '26",True
UUElKEpW3rpzpSvf+uAgZw==,Magicbricks,https://www.magicbricks.com/property-details/3-BHK-1805-Sq-ft-Multistorey-Apartment-FOR-Rent-Bhimrad-in-Surat&id=4d423833383530333535,2026-04-19 13:52:36,21.129281,72.800067,,amit,"Surat, Gujarat",,,,Apartment,Furnished,5,15,,1805,Sq-ft,Less than 5 years,"Grab the chance to own this affordable 3 BHK flat for rent in the Bhimrad area. You can get this flat at monthly rent of ₹40,000. The apartment is on the 5 floor, has a covered area of 1805 sqft with 3 bathrooms and 2 balcony. There are no brokerage fees on this 3 BHK multistorey apartment.",40000,150000,,22,3,,No,No,No,,False,False,Owner,53,Immediately,2026-03-19T07:59:23.000Z,"Mar 19, '26",True
r8dW1vsCmvlzpSvf+uAgZw==,Magicbricks,https://www.magicbricks.com/property-details/3-BHK-2152-Sq-ft-Multistorey-Apartment-FOR-Rent-Vesu-in-Surat&id=4d423833373130343939,2026-04-19 13:52:36,21.1447177,72.7717775,,Vesu,"Surat, Gujarat","19210|Udhna Railway Station, 19202|Bhagwan Mahavir College of Engineering Technology, 19202|T M Patel International School",,,Apartment,Unfurnished,7,13,,,,Less than 5 years,"If you are planning to rent a flat, you can consider this 3 BHK flat situated in the prime location of Vesu. This 3 BHK flat can be availed at the rental price of ₹35,000. The flat is located on the 7 floor which includes 3 bathrooms, 2 balcony, and covers a carpet area of 2152 sqft. There are no brokerage fees on this 3 BHK multistorey apartment.",35000,105000,,,3,,No,No,No,,False,False,Owner,33,Immediately,2026-03-09T17:24:50.000Z,"Mar 09, '26",True
roQdUKLpwApzpSvf+uAgZw==,Magicbricks,https://www.magicbricks.com/property-details/3-BHK-2000-Sq-ft-Multistorey-Apartment-FOR-Rent-VIP-Road-in-Surat&id=4d423832333730323535,2026-04-19 13:52:36,21.1413009,72.7813698,,VIP Road,"Vesu, Surat, Gujarat",,,,Apartment,Furnished,2,7,,2000,Sq-ft,,"If you are planning to rent a flat, you can consider this 3 BHK flat situated in the prime location of VIP Road. The 3 BHK apartment is available at a reasonable rent of ₹40,000. Some premium add-on facilities bundled with the flat are 2 Wardrobe, 2 Bed, Sofa and Gas Connection. The flat is located on the 2 floor which includes 3 bathrooms, 2 balcony, and covers a carpet area of 2000 sqft. Visit the apartment at Vesu, Surat, Gujarat . This is a no-brokerage flat, as the owner is offering this 3 BHK flat on rent.",40000,,,20,3,,No,No,No,,False,False,Owner,33,Immediately,2026-03-18T21:32:10.000Z,"Mar 19, '26",True
rX3GjZcUA9tzpSvf+uAgZw==,Magicbricks,https://www.magicbricks.com/property-details/3-BHK-2300-Sq-ft-Multistorey-Apartment-FOR-Rent-Adajan-in-Surat&id=4d423833363337343733,2026-04-19 13:52:36,21.1973663,72.782489,,Adajan,"Surat, Gujarat","19202|Lp Savani International School, 19202|Ryan International School Cbse, 19206|Walkway Mall, 19206|Rajhans Theatre",,,Apartment,Semi-Furnished,13,13,,2300,Sq-ft,5 to 10 years,"Find 3 BHK flat for rent in Adajan Surat. ₹29,000 is the monthly rent of this 3 BHK flat. Get access to smart facilities such as 1 Wardrobe, 3 Bed, 1 AC, Sofa and Gas Connection simply by choosing this flat for rent. The flat is on the 13 floor and includes 3 bathrooms, 3 balcony with a carpet area of 1600 sqft. You can visit the flat at Hazira - Adajan Rd, Adajan Gam, Adajan, Surat, Gujarat . This 3 BHK rental flat comes with no brokerage fees.",29000,,0,13,3,,No,No,No,,False,False,Owner,33,Immediately,2026-03-04T11:35:04.000Z,"Mar 04, '26",True
HCpUGj8b9ltzpSvf+uAgZw==,Magicbricks,https://www.magicbricks.com/property-details/3-BHK-2650-Sq-ft-Multistorey-Apartment-FOR-Rent-Vesu-in-Surat&id=4d423732303534373833,2026-04-19 13:52:36,21.1447177,72.7717775,,Vesu,"sampatri palace, opp suda bhavan vesu","19210|Udhna Railway Station, 19202|Bhagwan Mahavir College of Engineering Technology, 19202|T M Patel International School",,,Apartment,Unfurnished,9,13,North - East,2650,Sq-ft,New Construction,"If you are planning to rent a flat, you can consider this 3 BHK flat situated in the prime location of Vesu. Available at a rental price of ₹36,000, this 3 BHK flat is worth considering. Live in this lovely flat and get access to various useful facilities such as 1 Bed, 1 TV, 2 AC and Gas Connection. Located on the 9 floor, the flat comprises 3 bathrooms, 3 balcony, and has a carpet area of 1400 sqft. The flat comes with power back up, reserved parking, security, service/goods lift, air conditioned, visitor parking. Visit the flat at Maharana Pratap Rd, Vesu, Surat, Gujarat . Do not pay any brokerage fee for this 3 BHK rental flat since the property ad is posted by the flat owner.",36000,,7000,14,3,,Yes,No,No,"Service/Goods Lift, Air Conditioned, Visitor Parking, Outdoor Tennis Courts",False,False,Owner,73,Immediately,2026-02-27T22:30:37.000Z,"Feb 28, '26",True
4e8S+EoADaxzpSvf+uAgZw==,Magicbricks,https://www.magicbricks.com/property-details/3-BHK-1550-Sq-ft-Multistorey-Apartment-FOR-Rent-Palanpur-in-Surat&id=4d423833303235313533,2026-04-19 13:52:36,21.215963,72.770389,,Santosh,Canal Road,,,,Apartment,Furnished,7,13,East,1550,Sq-ft,5 to 10 years,"Multistorey apartment is available for rent. Vastu friendly, only for service class family. 3 BHK apartment is available on rent in Palanpur Surat right away. Available at a rental price of ₹30,000, this 3 BHK flat is worth considering. Located on the 7 floor, the flat comprises 3 bathrooms, 2 balcony, and has a carpet area of 1000 sqft. The building includes 13 floor and supports Guest Accommodation, Kids Club, Kids Play Pool With Water Slides living. This flat is fitted with power back up, reserved parking, security, service/goods lift, visitor parking. This flat is located at Palan Pur Patiya, Surat. There are no brokerage fees on this 3 BHK multistorey apartment.",30000,,,19,3,,Yes,No,No,"Service/Goods Lift, Visitor Parking, Banquet Hall, Conference Room",False,False,Owner,70,Immediately,2026-03-28T21:30:36.000Z,"Mar 29, '26",True
TE94MNPZAm1zpSvf+uAgZw==,Magicbricks,https://www.magicbricks.com/property-details/3-BHK-1771-Sq-ft-Multistorey-Apartment-FOR-Rent-Vesu-in-Surat&id=4d423834313739303737,2026-04-19 13:52:36,21.1447177,72.7717775,,Vesu,"NANDINI-3 VIP ROAD, Vesu","19210|Udhna Railway Station, 19202|White Lotus International School, 19202|Bhagwan Mahavir College of Engineering Technology",,,Apartment,Semi-Furnished,5,9,East,1771,Sq-ft,5 to 10 years,"3 BHK flat is available for rent in Vesu immediately. ₹30,000 is the monthly rent of this 3 BHK flat. The property includes 1 Covered parking. The property features power back up, reserved parking, security. The brokerage amount of the 3 BHK apartment is zero.",30000,10000,3000,17,3,1 Covered,Yes,Yes,No,Jogging and Strolling Track,True,False,Owner,100,Immediately,2026-04-10T09:20:49.000Z,"Apr 10, '26",True
ObvX4ZGRF1xzpSvf+uAgZw==,Magicbricks,https://www.magicbricks.com/property-details/3-BHK-2300-Sq-ft-Multistorey-Apartment-FOR-Rent-Pal-in-Surat&id=4d423830313036303337,2026-04-19 13:52:36,21.1807801,72.7529018,,Pal,"Hazira - Adajan Rd, Adajan Gam, Adajan, Surat, Gujarat","19202|Seven Steps School, 19202|Gajera Global School, 19206|Pal. Star World, 19206|Bellissimo Hub",,,Apartment,Semi-Furnished,13,13,North - East,2300,Sq-ft,5 to 10 years,"River view from master bedroom and balcony, prime location of pal surat near company area like reliance, LNT, opp sanjeev kumar auditorium, behind rajhans cinema You can avail the 3 BHK flat for rent in the well-known location of Pal. The rent of the 3 BHK flat is ₹26,000. Some premium add-on facilities bundled with the flat are 1 Wardrobe, 2 Bed, 1 AC, Sofa and Gas Connection. Located on the 13 floor, the flat comprises 3 bathrooms, 2 balcony, and has a carpet area of 1500 sqft. There is also facility of 1 Covered, 1 Open parking. The apartment is equipped with power back up, reserved parking, security, visitor parking. The full address of the apartment is Hazira - Adajan Rd, Adajan Gam, Adajan, Surat, Gujarat . This 3 BHK flat is directly posted by the owner, so you don't need to pay any brokerage on this property.",26000,,4000,11,3,"1 Covered, 1 Open",Yes,No,No,"Visitor Parking, Fireplace",False,False,Owner,93,Immediately,2026-03-01T16:31:13.000Z,"Mar 01, '26",True
WI7wgsMED0ZzpSvf+uAgZw==,Magicbricks,https://www.magicbricks.com/property-details/3-BHK-2300-Sq-ft-Multistorey-Apartment-FOR-Rent-Bhimrad-in-Surat&id=4d423736313235363639,2026-04-19 13:52:36,21.129281,72.800067,,Pratik,a104,,,,Apartment,Furnished,1,12,North - East,2300,Sq-ft,Less than 5 years,"Find this 3 BHK rental flat in Bhimrad Surat. The 3 BHK apartment is available at a reasonable rent of ₹36,500. Located on the 1 floor, the flat has 3 bathrooms, 3 balcony in carpet area of 1500 sqft. There is also facility of 1 Covered, 1 Open parking. This unit features power back up, reserved parking, security, service/goods lift, visitor parking. The brokerage amount of the 3 BHK apartment is zero.",36500,111000,42000,16,3,"1 Covered, 1 Open",Yes,No,No,"Service/Goods Lift, Laundry Service, Jogging and Strolling Track, Outdoor Tennis Courts",False,False,Owner,95,Immediately,2026-02-17T21:32:00.000Z,"Feb 18, '26",True
qzcHT0vn1zFzpSvf+uAgZw==,Magicbricks,https://www.magicbricks.com/property-details/3-BHK-3000-Sq-ft-Multistorey-Apartment-FOR-Rent-Piplod-in-Surat&id=4d423735303339303735,2026-04-19 13:52:36,21.1610353,72.7762099,,Piplod,"Surat, Gujarat","19201|Software Technology Parks Of India (Stpi), 19201|Gidc Icchapore, 19202|Jh Ambani High School, 19202|Radiant English Academy, 19206|Big Bazaar, 19206|Kamdhenu Mall",,,Apartment,Furnished,9,10,,,,,"You can explore this 3 BHK flat on rent in Piplod Surat. The apartment is available at an affordable rental price of ₹26,000. Visit the flat at Piplod, Surat, Gujarat. Do not pay any brokerage fee for this 3 BHK rental flat since the property ad is posted by the flat owner.",26000,,,,2,,No,No,No,,False,False,Owner,24,Immediately,2026-03-07T22:30:34.000Z,"Mar 08, '26",True
M7/tLHBKPctzpSvf+uAgZw==,Magicbricks,https://www.magicbricks.com/property-details/3-BHK-2100-Sq-ft-Multistorey-Apartment-FOR-Rent-Vesu-Canal-Road-in-Surat&id=4d423833363632393433,2026-04-19 13:52:36,21.158859737319,72.7954871572205,,Vesu Canal Road,Happy Eligance,,,,Apartment,Semi-Furnished,7,13,East,2100,Sq-ft,Less than 5 years,"direct connection of Palsana highway Find 3 BHK flat for rent in Vesu Canal Road Surat. The Rent amount of this 3 BHK apartment is set at an attractive price of ₹26,000. The flat is located on the 7 floor which includes 3 bathrooms, 1 balcony, and covers a carpet area of 1699 sqft. Find this apartment at Vesu, Surat.. Do not pay any brokerage fee for this 3 BHK rental flat since the property ad is posted by the flat owner.",26000,,,12,3,,No,No,No,,False,False,Owner,46,Immediately,2026-03-06T08:18:07.000Z,"Mar 06, '26",True
2qQrnaxdJ1BzpSvf+uAgZw==,Magicbricks,https://www.magicbricks.com/property-details/3-BHK-1525-Sq-ft-Multistorey-Apartment-FOR-Rent-Althan-in-Surat&id=4d423833343930353237,2026-04-19 13:52:36,21.1493019,72.8053877,,Althan,"803, rose3, aagam heights, near sarsana convention centre, althan.","19201|Software Technology Parks Of India (Stpi) Surat, 19202|South Indian Talent School, 19202|I.G. Desai School",,,Apartment,Furnished,8,11,,1525,Sq-ft,Less than 5 years,"3 BHK flat is available for rent in Althan immediately. This 3 BHK flat can be availed at the rental price of ₹30,000. Located on the 8 floor, the flat has 3 bathrooms, 1 balcony in covered area of 1525 sqft. The property features power back up, reserved parking, security. Visit the apartment at 803, rose3, aagam heights, near sarsana convention centre, althan., Althan, Surat, Gujarat. You can find the 3 BHK flat without any brokerage.",30000,,,20,3,,No,No,No,,False,False,Owner,44,Immediately,2026-02-20T11:01:17.000Z,"Feb 20, '26",True
JdUAdsOjaJtzpSvf+uAgZw==,Magicbricks,https://www.magicbricks.com/property-details/3-BHK-2033-Sq-ft-Multistorey-Apartment-FOR-Rent-Vesu-in-Surat&id=4d423831363437373133,2026-04-19 13:52:36,21.1447177,72.7717775,,Vesu,"Surat, Gujarat","19210|Udhna Railway Station, 19202|G.D. Goenka International School, 19202|White Lotus International School",,,Apartment,Furnished,2,14,East,2033,Sq-ft,New Construction,"A beautiful 3 BHK flat is available for rent in Vesu. ₹32,000 is the monthly rent of this 3 BHK flat. Located on the 2 floor, the flat comprises 3 bathrooms, 3 balcony, and has a covered area of 2033 sqft. This unit is designed with power back up. The full address of the apartment is Vesu, Surat Gujrat . Do not pay any brokerage fee for this 3 BHK rental flat since the property ad is posted by the flat owner.",32000,96000,0,16,3,,No,No,No,,False,False,Owner,79,Immediately,2026-03-17T21:32:26.000Z,"Mar 18, '26",True
87XxtFPAlDNzpSvf+uAgZw==,Magicbricks,https://www.magicbricks.com/property-details/3-BHK-1650-Sq-ft-Multistorey-Apartment-FOR-Rent-Piplod-in-Surat&id=4d423833393838343033,2026-04-19 13:52:36,21.1610353,72.7762099,,Piplod,"D-102 Prem Vihar Co op Society,Umra","19201|Gidc Icchapore, 19201|Software Technology Parks Of India (Stpi), 19202|Radiant English Academy, 19202|Jh Ambani High School, 19206|VR Mall, 19206|Rahulraj Mall",,,Apartment,Furnished,1,5,East,1650,Sq-ft,15 to 20 years,"Check out this newly constructed 3 BHK flat on rent in the prime location of Piplod Surat. ₹27,000 is the monthly rent of this 3 BHK flat. Located on the 1 floor, the flat has 3 bathrooms, 1 balcony in carpet area of 1100 sqft. The full address of the apartment is D-102 Prem Vihar Co op Society,Umra, Piplod, Surat, Gujarat. The owner has posted this 3 BHK flat for rent, so the brokerage fees is zero on this multistorey apartment.",27000,81000,,16,3,,No,No,No,,False,False,Owner,60,Immediately,2026-03-29T14:15:02.000Z,"Mar 29, '26",True
YBwr2O8vxXhzpSvf+uAgZw==,Magicbricks,https://www.magicbricks.com/property-details/3-BHK-1885-Sq-ft-Multistorey-Apartment-FOR-Rent-Vesu-in-Surat&id=4d423833393935383639,2026-04-19 13:52:36,21.1447177,72.7717775,,Vesu,"Vesu,Surat","19210|Udhna Railway Station, 19202|White Lotus International School, 19202|T M Patel International School",,,Apartment,Semi-Furnished,1,5,,1885,Sq-ft,New Construction,"Necket Flat with Kitchen Trolley,New constructed Flat, If you are planning to rent a flat, you can consider this 3 BHK flat situated in the prime location of Vesu. This 3 BHK flat is available at the reasonable rent amount of ₹40,000. Additional amenities available with the flat are Gas Connection. The apartment is on the 1 floor, has a carpet area of 1036 sqft with 3 bathrooms and 4 balcony. You will also find 1 Covered parking facility. The flat comes with power back up, reserved parking, security. This is a no-brokerage flat, as the owner is offering this 3 BHK flat on rent.",40000,100000,3500,21,3,1 Covered,Yes,Yes,No,Jogging and Strolling Track,False,False,Owner,89,Immediately,2026-03-30T10:02:23.000Z,"Mar 30, '26",True
oTO7PCxmO3pzpSvf+uAgZw==,Magicbricks,https://www.magicbricks.com/property-details/3-BHK-1640-Sq-ft-Multistorey-Apartment-FOR-Rent-Pal-in-Surat&id=4d423834303533353831,2026-04-19 13:52:36,21.1807801,72.7529018,,Pal,"Surat, Gujarat","19202|International Institute Of Management And Technical Studies (Iimt), 19202|Lp Savani International School, 19206|Pal. Star World, 19206|Bellissimo Hub",,,Apartment,Furnished,5,5,,1640,Sq-ft,,"Grab the chance to own this affordable 3 BHK flat for rent in the Pal area. This 3 BHK flat can be availed at the rental price of ₹26,500. Visit the flat at GAVRAV PATH, T.P 10, Pal Gam, Surat, Gujarat. This 3 BHK rental flat comes with no brokerage fees.",26500,,,16,3,,No,No,No,,False,False,Owner,48,Immediately,2026-04-03T07:26:55.000Z,"Apr 03, '26",True
gcqsS37gfgVzpSvf+uAgZw==,Magicbricks,https://www.magicbricks.com/property-details/3-BHK-2000-Sq-ft-Multistorey-Apartment-FOR-Rent-Citylight-Area-in-Surat&id=4d423439343632373431,2026-04-19 13:52:36,21.1666367,72.7955775,,Citylight Area,"opp corner point, Sejal apartment",,,,Apartment,Furnished,10,10,,2000,Sq-ft,10 to 15 years,"huge garden , open space for children to play, everything available near the building, well maintained building You can avail the 3 BHK flat for rent in the well-known location of Citylight Area. The multistorey apartment is available at rent of ₹30,000. The apartment is equipped with power back up, reserved parking, security, service/goods lift. The full address of the apartment is opp corner point, Sejal apartment, Citylight Area, Surat, Gujarat. This 3 BHK apartment ad is listed by the owner, so there is no brokerage fee.",30000,90000,2500,15,2,,Yes,No,No,Service/Goods Lift,False,False,Owner,71,Immediately,2026-04-08T22:30:24.000Z,"Apr 09, '26",True
kSMAdcXT3ctzpSvf+uAgZw==,Magicbricks,https://www.magicbricks.com/property-details/3-BHK-1525-Sq-ft-Multistorey-Apartment-FOR-Rent-Althan-in-Surat&id=4d423833353435363533,2026-04-19 13:52:36,21.1493019,72.8053877,,Althan,"Surat, Gujarat","19201|Software Technology Parks Of India (Stpi) Surat, 19202|I.G. Desai School, 19202|South Indian Talent School",,,Apartment,Semi-Furnished,4,11,,1525,Sq-ft,,"You can avail the 3 BHK flat for rent in the well-known location of Althan. This 3 BHK flat is available at the reasonable rent amount of ₹30,000. This flat is located at Althan, Surat, Gujarat. You can find the 3 BHK flat without any brokerage.",30000,,,20,3,,No,No,No,,False,False,Owner,0,Immediately,2026-02-25T06:40:51.000Z,"Feb 25, '26",True
vKOgSOvFuItzpSvf+uAgZw==,Magicbricks,https://www.magicbricks.com/property-details/3-BHK-1621-Sq-ft-Multistorey-Apartment-FOR-Rent-Piplod-in-Surat&id=4d423834303633313539,2026-04-19 13:52:36,21.1610353,72.7762099,,Piplod,"Surat, Gujarat","19201|Software Technology Parks Of India (Stpi), 19201|Gidc Icchapore, 19202|Radiant English Academy, 19202|Jh Ambani High School, 19206|Kamdhenu Mall, 19206|Vijay Sales",,,Apartment,Semi-Furnished,2,5,,1621,Sq-ft,10 to 15 years,"Check out this newly constructed 3 BHK flat on rent in the prime location of Piplod Surat. The flat is available for rent at a competitive amount of ₹26,000. Live in this lovely flat and get access to various useful facilities such as 1 AC and Gas Connection. The flat is located on the 2 floor which includes 2 bathrooms, 2 balcony, and covers a covered area of 1621 sqft. The property includes 1 Open parking. You can visit the flat at Piplod, Surat, Gujarat. You can find the 3 BHK flat without any brokerage.",26000,78000,0,16,2,1 Open,No,No,No,,False,False,Owner,51,Select Date,2026-04-03T12:46:42.000Z,"Apr 03, '26",True
BYSdgigQCG1zpSvf+uAgZw==,Magicbricks,https://www.magicbricks.com/property-details/3-BHK-1100-Sq-ft-Multistorey-Apartment-FOR-Rent-Adajan-in-Surat&id=4d423830373033343733,2026-04-19 13:52:36,21.1973663,72.782489,,Adajan,"Surat, Gujarat","19202|Lp Savani International School, 19202|International Institute Of Management And Technical Studies (Iimt), 19206|Bellissimo Hub, 19206|Rajhans Theatre",,,Apartment,Semi-Furnished,2,7,East,,,15 to 20 years,"Multistorey apartment is available for rent. It has carpet area 1100 sq-ft, it is 3 BHK apartment. Please contact for more details. 3 BHK apartment is available on rent in Adajan Surat right away. The apartment is available at an affordable rental price of ₹28,000. Located on the 2 floor, the flat comprises 3 bathrooms, 2 balcony, and has a carpet area of 1100 sqft. This unit is designed with security, air conditioned. Visit the apartment at Adajan, Surat, Gujarat.",28000,90000,0,,3,,Yes,No,No,"Air Conditioned, Laundry Service, Internet/Wi-Fi Connectivity",True,True,Agent,51,Immediately,2026-04-17T05:16:13.000Z,"Apr 17, '26",True
v4COR+pUcepzpSvf+uAgZw==,Magicbricks,https://www.magicbricks.com/property-details/3-BHK-1840-Sq-ft-Multistorey-Apartment-FOR-Rent-Althan-in-Surat&id=4d423831343430383337,2026-04-19 13:52:36,21.1493019,72.8053877,,Althan,althan surat,"19201|Software Technology Parks Of India (Stpi) Surat, 19202|South Indian Talent School, 19202|I.G. Desai School",,,Apartment,Furnished,5,13,East,1840,Sq-ft,Less than 5 years,"3 BHK, Multistorey Apartment For Rentin Althan, Surat You can avail the 3 BHK flat for rent in the well-known location of Althan. The 3 BHK apartment is available at a reasonable rent of ₹31,000. The flat is located on the 5 floor which includes 3 bathrooms, 3 balcony, and covers a carpet area of 1100 sqft. The property includes 1 Covered, 1 Open parking. The residence includes power back up, reserved parking, security. This flat is located at Opposite MaanSarovar Bungalows, Behind Ashirwad Enclave, Althan-Bhimrad, Bhimrad-Althan Rd, Bhimrad, Surat, Gujarat.",31000,93000,0,17,3,"1 Covered, 1 Open",Yes,No,No,Outdoor Tennis Courts,False,True,Agent,100,Immediately,2026-04-18T23:45:31.000Z,Today,True
+usMmfJE/WBzpSvf+uAgZw==,Magicbricks,https://www.magicbricks.com/property-details/3-BHK-1861-Sq-ft-Multistorey-Apartment-FOR-Rent-Palanpur-in-Surat&id=4d423737393231343635,2026-04-19 13:52:36,21.215963,72.770389,,Universal Property,"Palanpur,Surat",,,,Apartment,Unfurnished,6,13,East,1861,Sq-ft,New Construction,"3Bhk flat for rent main gauvravpath roadPrime location each floor 2 flat onlyonly family allowed for more information contact me 3 BHK flat is available for rent in Palanpur immediately. The multistorey apartment is available at rent of ₹30,000. Located on the 6 floor, the flat comprises 3 bathrooms, 1 balcony, and has a carpet area of 1000 sqft. 2 Covered parking facility are also available. The flat comes with power back up, reserved parking, security.",30000,81000,1,16,3,2 Covered,No,No,No,,False,True,Agent,100,Immediately,2026-04-16T11:35:47.000Z,"Apr 16, '26",True
tIG/of+xuKZzpSvf+uAgZw==,Magicbricks,https://www.magicbricks.com/property-details/3-BHK-2177-Sq-ft-Multistorey-Apartment-FOR-Rent-Palanpur-in-Surat&id=4d423733323830313631,2026-04-19 13:52:36,21.215963,72.770389,,Rajeshwar Properties,"Block No-124D, TP No-9, OP No-47, FP No-44A1, Moje-palonpore, Palonpore, Surat City, Surat, Gujarat",,,,Apartment,Unfurnished,4,13,North - East,2177,Sq-ft,Less than 5 years,"If you are searching a 3 BHK apartment for rent in Palanpur, check out this amazing rental flat. ₹31,000 is the monthly rent of this 3 BHK flat. Get access to smart facilities such as 3 Wardrobe, 1 TV, 2 AC and Gas Connection simply by choosing this flat for rent. The apartment is on the 4 floor, has a covered area of 2177 sqft with 3 bathrooms and 3 balcony. 1 Covered, 1 Open parking facility are also available. This home provides power back up, reserved parking, security, air conditioned, visitor parking, intercom facility. This flat is located at Block No-124D, TP No-9, OP No-47, FP No-44/A1, Moje-palonpore, Palonpore, Surat City, Surat, Gujarat.",31000,93000,0,14,3,"1 Covered, 1 Open",No,No,No,"Air Conditioned, Visitor Parking, Banquet Hall, Jogging and Strolling Track",False,True,Agent,100,Immediately,2026-04-17T23:45:19.000Z,Yesterday,True
rjXQuVCfzXhzpSvf+uAgZw==,Magicbricks,https://www.magicbricks.com/property-details/3-BHK-2525-Sq-ft-Multistorey-Apartment-FOR-Rent-Vesu-in-Surat&id=4d423832303237343931,2026-04-19 13:52:36,21.1447177,72.7717775,,Vesu,"Vesu,Surat","19210|Udhna Railway Station, 19202|G.D. Goenka International School, 19202|T M Patel International School",,,Apartment,Semi-Furnished,6,13,East,2525,Sq-ft,2005,"It has Gymnasium, Club House, Creche Day Care, Childrens Play Area, Park, Banquet Hall, Basketball Court, Skating Rink, Shopping Centre Find this 3 BHK rental flat in Vesu Surat. You can get this flat at monthly rent of ₹35,000. Here you can enjoy world class facilities like 3 Bed. Located on the 6 floor, the flat has 1 bathrooms, 1 balcony in covered area of 2525 sqft. There is also facility of 1 Covered parking. This flat is fitted with reserved parking.",35000,105000,,14,1,1 Covered,No,No,No,,True,True,Agent,78,Immediately,2026-04-16T23:45:23.000Z,"Apr 17, '26",True
pM3RDj6vN7BzpSvf+uAgZw==,Magicbricks,https://www.magicbricks.com/property-details/3-BHK-1651-Sq-ft-Multistorey-Apartment-FOR-Rent-Palanpur-in-Surat&id=4d423833393036363837,2026-04-19 13:52:36,21.215963,72.770389,,Sanjay Dalwani,"Palanpur,Surat",,,,Apartment,Semi-Furnished,8,13,East,1651,Sq-ft,,"3 bhk flat available for rent in santvan lexon palanpur surat. A beautiful 3 BHK flat is available for rent in Palanpur. This 3 BHK flat can be availed at the rental price of ₹27,000. Get access to smart facilities such as 2 Wardrobe, 2 Bed, 2 AC and Gas Connection simply by choosing this flat for rent. Located on the 8 floor, the flat comprises 3 bathrooms, 2 balcony, and has a carpet area of 840 sqft. There is also facility of 1 Covered parking. The flat comes with power back up, reserved parking, security.",27000,85000,0,16,3,1 Covered,No,No,No,,True,True,Agent,78,Immediately,2026-04-18T23:45:34.000Z,Today,True
f2as3ASQOTVzpSvf+uAgZw==,Magicbricks,https://www.magicbricks.com/property-details/3-BHK-2400-Sq-ft-Multistorey-Apartment-FOR-Rent-Vesu-in-Surat&id=4d423831383238393833,2026-04-19 13:52:36,21.1447177,72.7717775,,Vesu,"Surat, Gujarat","19210|Udhna Railway Station, 19202|White Lotus International School, 19202|Bhagwan Mahavir College of Engineering Technology",,,Apartment,Unfurnished,9,13,East,2400,Sq-ft,5 to 10 years,"Grab the chance to own this affordable 3 BHK flat for rent in the Vesu area. You can get this flat at monthly rent of ₹35,000. Located on the 9 floor, the flat has 3 bathrooms, 2 balcony in carpet area of 1356 sqft. This unit is designed with power back up, reserved parking, security. The apartment is located at Vesu, Surat.",35000,105000,1,15,3,,Yes,No,No,"Banquet Hall, Outdoor Tennis Courts",True,True,Agent,53,Immediately,2026-04-16T23:45:21.000Z,"Apr 17, '26",True
KJevI7eWvBtzpSvf+uAgZw==,Magicbricks,https://www.magicbricks.com/property-details/3-BHK-2100-Sq-ft-Multistorey-Apartment-FOR-Rent-Palanpur-in-Surat&id=4d423834323335393731,2026-04-19 13:52:36,21.215963,72.770389,,Jay Ambe Real Estate,"Surat, Gujarat",,,,Apartment,Semi-Furnished,6,14,East,2100,Sq-ft,New Construction,"3 BHK Semi Furnished Flat For Rent only for company and bank employee Grab the chance to own this affordable 3 BHK flat for rent in the Palanpur area. The rent of the 3 BHK flat is ₹35,000. Located on the 6 floor, the flat has 3 bathrooms, 2 balcony in carpet area of 1450 sqft. This unit is designed with power back up, reserved parking, security. The full address of the apartment is Palanpur, Surat, Gujarat.",35000,105000,1,17,3,,No,No,No,,False,True,Agent,78,Immediately,2026-04-14T12:54:21.000Z,"Apr 14, '26",True
V//OMCQ2IGxzpSvf+uAgZw==,Magicbricks,https://www.magicbricks.com/property-details/3-BHK-1737-Sq-ft-Multistorey-Apartment-FOR-Rent-Pal-in-Surat&id=4d423830373034303939,2026-04-19 13:52:36,21.1807801,72.7529018,,Pal,Gavrav path road Pal surat,"19202|Seven Steps School, 19202|Gajera Global School, 19206|Pal. Star World, 19206|Bellissimo Hub",,,Apartment,Semi-Furnished,9,15,South -West,1737,Sq-ft,New Construction,"kitchen trolly light fan grill gas line etc fasilitty in flate You can avail the 3 BHK flat for rent in the well-known location of Pal. ₹27,000 is the monthly rent of this 3 BHK flat. Located on the 9 floor, the flat has 3 bathrooms, 3 balcony in covered area of 1737 sqft. The apartment is equipped with power back up, reserved parking, security, service/goods lift, air conditioned, intercom facility, ro water system.",27000,81000,0,16,3,,No,No,No,"Air Conditioned, Banquet Hall, Bar/Lounge, Jogging and Strolling Track",True,True,Agent,55,Immediately,2026-04-16T23:45:20.000Z,"Apr 17, '26",True
o8PrTL7ailVzpSvf+uAgZw==,Magicbricks,https://www.magicbricks.com/property-details/5-BHK-3440-Sq-ft-Penthouse-FOR-Rent-Vesu-in-Surat&id=4d423832353736323233,2026-04-19 13:52:36,21.1447177,72.7717775,,Vesu,vip road,"19210|Udhna Railway Station, 19202|White Lotus International School, 19202|G.D. Goenka International School",,,Penthouse,Unfurnished,7,8,South -West,3440,Sq-ft,5 to 10 years,"You can explore this 5 BHK flat on rent in Vesu Surat. The multistorey apartment is available at rent of ₹36,000. The flat is located on the 7 floor which includes 5 bathrooms, 3 balcony, and covers a carpet area of 2100 sqft. This property offers power back up, reserved parking, security, visitor parking.",36000,,,10,5,,No,No,No,"Banquet Hall, Bar/Lounge, Jogging and Strolling Track, Outdoor Tennis Courts",True,True,Agent,72,Immediately,2026-04-08T06:10:18.000Z,"Apr 08, '26",True
gWNKTnUbPnxzpSvf+uAgZw==,Magicbricks,https://www.magicbricks.com/property-details/2-BHK-1290-Sq-ft-Multistorey-Apartment-FOR-Rent-Althan-in-Surat&id=4d423833373338363733,2026-04-19 13:52:36,21.1493019,72.8053877,,Althan,Althan,"19201|Software Technology Parks Of India (Stpi) Surat, 19202|Broadway International School, 19202|South Indian Talent School",,,Apartment,Unfurnished,5,13,,1290,Sq-ft,5 to 10 years,"2 BHK Spacious Flat in Bhimrad Find this 2 BHK rental flat in Althan Surat. The Rent amount of this 2 BHK apartment is set at an attractive price of ₹16,500. The apartment is on the 5 floor, has a carpet area of 840 sqft with 2 bathrooms and 1 balcony. The residence includes power back up, security, ro water system. The address is Althan, Surat. This is a no-brokerage flat, as the owner is offering this 2 BHK flat on rent.",16500,,,13,2,,Yes,No,No,RO Water System,False,False,Owner,74,Immediately,2026-03-11T12:40:18.000Z,"Mar 11, '26",True
XFrBaWMpcodzpSvf+uAgZw==,Magicbricks,https://www.magicbricks.com/property-details/2-BHK-1200-Sq-ft-Multistorey-Apartment-FOR-Rent-Bhimrad-in-Surat&id=4d423639343738333335,2026-04-19 13:52:36,21.129281,72.800067,,Sunil Patel,althan bhimrad cenal rod prime location,,,,Apartment,Unfurnished,4,12,East,1200,Sq-ft,New Construction,"You can avail the 2 BHK flat for rent in the well-known location of Bhimrad. The apartment is available at an affordable rental price of ₹18,000. The flat is located on the 4 floor which includes 2 bathrooms, 1 balcony, and covers a carpet area of 700 sqft. The flat comes with power back up, security. The apartment is located at C 401 Shubham Flats, opp. L D Hall, Bhimrad, Surat, Gujarat . This 2 BHK flat is directly posted by the owner, so you don't need to pay any brokerage on this property.",18000,48000,1,15,2,,No,No,No,,False,False,Owner,65,Immediately,2026-03-17T22:30:41.000Z,"Mar 18, '26",True
k8+gBb9aroxzpSvf+uAgZw==,Magicbricks,https://www.magicbricks.com/property-details/2-BHK-1100-Sq-ft-Multistorey-Apartment-FOR-Rent-Pal-in-Surat&id=4d423834303130353931,2026-04-19 13:52:36,21.1807801,72.7529018,,Pal,"Surat, Gujarat","19202|Lp Savani International School, 19202|International Institute Of Management And Technical Studies (Iimt), 19206|Bellissimo Hub, 19206|Pal. Star World",,,Apartment,Semi-Furnished,8,14,East,,,5 to 10 years,"Multistorey apartment is available for rent. It has a carpet area of 1100 sq-ft, it is 2 BHK apartment. Please contact for more details. If you are planning to rent a flat, you can consider this 2 BHK flat situated in the prime location of Pal. The apartment is available at an affordable rental price of ₹23,000. The flat is on the 8 floor and includes 2 bathrooms, 3 balcony with a carpet area of 1100 sqft. The apartment is equipped with power back up, reserved parking, security. The full address of the apartment is Pal, Surat, Gujarat. This 2 BHK rental flat comes with no brokerage fees.",23000,60000,0,,2,,No,No,No,"Laundry Service, Internet/Wi-Fi Connectivity, Jogging and Strolling Track",False,False,Owner,70,Immediately,2026-03-31T11:39:30.000Z,"Mar 31, '26",True
t22MUsYAcZJzpSvf+uAgZw==,Magicbricks,https://www.magicbricks.com/property-details/2-BHK-1252-Sq-ft-Multistorey-Apartment-FOR-Rent-Jahangir-Pura-in-Surat&id=4d423739323834393139,2026-04-19 13:52:36,21.247161,72.8018701,,Jahangir Pura,Shyam enclave opp Vaishnodevi township road Jahangirpura Surat,,,,Apartment,Furnished,5,14,,1252,Sq-ft,New Construction,"Fully specious newly constructed 2 bhk , good locality , school hospital atm bank temple metro movie multiplex dmart in walking distance A beautiful 2 BHK flat is available for rent in Jahangir Pura. ₹22,000 is the monthly rent of this 2 BHK flat. The flat is on the 5 floor and includes 2 bathrooms, 4 balcony with a carpet area of 750 sqft. This home provides power back up, reserved parking, security, visitor parking. The flat can be visited at ""Jahangirpura, Surat Gujrat"". There are no brokerage fees on this 2 BHK multistorey apartment.",22000,,,18,2,,No,No,No,"Visitor Parking, Jogging and Strolling Track, Outdoor Tennis Courts",False,False,Owner,71,Immediately,2026-04-05T22:30:44.000Z,"Apr 06, '26",True
IWHUDj499mxzpSvf+uAgZw==,Magicbricks,https://www.magicbricks.com/property-details/2-BHK-1276-Sq-ft-Multistorey-Apartment-FOR-Rent-Palanpur-in-Surat&id=4d423833363133333339,2026-04-19 13:52:36,21.215963,72.770389,,Dharmesh Jariwala,"Stuti Highland, A-904, Near Zudio, Palanpur Canal Road, Surat - 395009",,,,Apartment,Semi-Furnished,9,13,,1276,Sq-ft,10 to 15 years,"Find this 2 BHK rental flat in Palanpur Surat. The multistorey apartment is available at rent of ₹20,000. The flat is on the 9 floor and includes 2 bathrooms, 1 balcony with a carpet area of 1000 sqft. This is a no-brokerage flat, as the owner is offering this 2 BHK flat on rent.",20000,50000,,16,2,,No,No,No,,False,False,Owner,38,Immediately,2026-03-02T07:33:22.000Z,"Mar 02, '26",True
/pT0jC4eZaNzpSvf+uAgZw==,Magicbricks,https://www.magicbricks.com/property-details/2-BHK-1200-Sq-ft-Multistorey-Apartment-FOR-Rent-Adajan-in-Surat&id=4d423739383335383337,2026-04-19 13:52:36,21.1973663,72.782489,,Adajan,"C 204 ,Rutvan Appartment","19202|Tnj International School, 19202|Gajera Global School, 19206|Walkway Mall, 19206|Rajhans Theatre",,,Apartment,Semi-Furnished,2,7,East,1200,Sq-ft,10 to 15 years,"Check out this newly constructed 2 BHK flat on rent in the prime location of Adajan Surat. You can get this flat at monthly rent of ₹21,000. Located on the 2 floor, the flat comprises 2 bathrooms, 1 balcony, and has a covered area of 1200 sqft. 1 Open parking space is also available. The flat comes with security. The address is C 204 ,Rutvan Appartment, Adajan, Surat, Gujarat. You can find the 2 BHK flat without any brokerage.",21000,,,18,2,1 Open,Yes,No,Yes,Jogging and Strolling Track,False,False,Owner,67,Immediately,2026-03-16T21:34:13.000Z,"Mar 17, '26",True
CO5J2e7xaCZzpSvf+uAgZw==,Magicbricks,https://www.magicbricks.com/property-details/2-BHK-1235-Sq-ft-Multistorey-Apartment-FOR-Rent-Jahangirabad-in-Surat&id=4d423533333633393835,2026-04-19 13:52:36,21.216427,72.78212,,Vishal Tanna,"Surat, Gujarat",,,,Apartment,Semi-Furnished,13,13,,1235,Sq-ft,,"Grab the chance to own this affordable 2 BHK flat for rent in the Jahangirabad area. The Rent amount of this 2 BHK apartment is set at an attractive price of ₹15,000. This 2 BHK rental flat comes with no brokerage fees.",15000,,,12,2,,No,No,No,,False,False,Owner,28,Immediately,2026-04-11T21:30:38.000Z,"Apr 12, '26",True
BFoFfijCL4ZzpSvf+uAgZw==,Magicbricks,https://www.magicbricks.com/property-details/2-BHK-1326-Sq-ft-Multistorey-Apartment-FOR-Rent-Vesu-in-Surat&id=4d423732323735373137,2026-04-19 13:52:36,21.1447177,72.7717775,,Vesu,D 402.,"19210|Udhna Railway Station, 19202|T M Patel International School, 19202|Bhagwan Mahavir College of Engineering Technology",,,Apartment,Semi-Furnished,4,13,,1326,Sq-ft,5 to 10 years,"Find this 2 BHK rental flat in Vesu Surat. This 2 BHK flat can be availed at the rental price of ₹20,000. Some added-on facilities available with the flat are Gas Connection. Located on the 4 floor, the flat comprises 2 bathrooms, 1 balcony, and has a carpet area of 796 sqft. The flat can be visited at Vesu, Surat, Gujarat. This 2 BHK rental flat comes with no brokerage fees.",20000,60000,2000,15,2,,No,No,No,,False,False,Owner,40,Immediately,2026-03-14T21:33:43.000Z,"Mar 15, '26",True
5Fq58G6IFe9zpSvf+uAgZw==,Magicbricks,https://www.magicbricks.com/property-details/2-BHK-1100-Sq-ft-Multistorey-Apartment-FOR-Rent-Citylight-Area-in-Surat&id=4d423830363630393337,2026-04-19 13:52:36,21.1666367,72.7955775,,Citylight Area,vesu,,,,Apartment,Unfurnished,7,10,,1100,Sq-ft,5 to 10 years,"2 BHK apartment is available on rent in Citylight Area Surat right away. Available at a rental price of ₹21,000, this 2 BHK flat is worth considering. The flat is on the 7 floor and includes 2 bathrooms, 1 balcony with a covered area of 1100 sqft. Visit the flat at City Light Rd, City Light Town, Athwa, Surat, Gujarat. This 2 BHK flat is directly posted by the owner, so you don't need to pay any brokerage on this property.",21000,84000,,19,2,,No,No,No,,False,False,Owner,38,Immediately,2026-03-28T21:33:44.000Z,"Mar 29, '26",True
vTrxkVGQ71FzpSvf+uAgZw==,Magicbricks,https://www.magicbricks.com/property-details/2-BHK-1000-Sq-ft-Multistorey-Apartment-FOR-Rent-Pal-in-Surat&id=4d423739323539313331,2026-04-19 13:52:36,21.1807801,72.7529018,,Pal,"Surat, Gujarat","19202|Gajera Global School, 19202|International Institute Of Management And Technical Studies (Iimt), 19206|Pal. Star World, 19206|Bellissimo Hub",,,Apartment,Furnished,4,5,South -West,1000,Sq-ft,10 to 15 years,"well maintained furnished property You can explore this 2 BHK flat on rent in Pal Surat. The 2 BHK apartment is available at a reasonable rent of ₹20,000. The apartment comes furnished with reserved parking, security, air conditioned, intercom facility, ro water system. The apartment is located at Pal, Surat, Gujarat.",20000,60000,,20,2,,No,No,No,"Air Conditioned, Laundry Service, Banquet Hall, Jogging and Strolling Track",True,True,Agent,53,Immediately,2026-04-18T04:39:21.000Z,Yesterday,True
Ku3HOiQtFeBzpSvf+uAgZw==,Magicbricks,https://www.magicbricks.com/property-details/2-BHK-1000-Sq-ft-Multistorey-Apartment-FOR-Rent-Palan-Pur-Patiya-in-Surat&id=4d423833383533313137,2026-04-19 13:52:36,21.2099842,72.7921003,,Palan Pur Patiya,"Surat, Gujarat",,,,Apartment,Semi-Furnished,4,200,,1000,Sq-ft,,"2 BHK flat is available for rent in Palan Pur Patiya immediately. Located on the 4 floor, the flat comprises 2 bathrooms, 2 balcony, and has a carpet area of 1000 sqft. Visit the flat at Palanpur, Surat, Gujarat . The brokerage amount of the 2 BHK apartment is zero.",,,,,2,,No,No,No,,False,False,Owner,26,Immediately,2026-03-19T08:20:19.000Z,"Mar 19, '26",True
ODenZxFHC8FzpSvf+uAgZw==,Magicbricks,https://www.magicbricks.com/property-details/2-BHK-1400-Sq-ft-Multistorey-Apartment-FOR-Rent-VIP-Road-in-Surat&id=4d423833313133343135,2026-04-19 13:52:36,21.1413009,72.7813698,,VIP Road,"Surat, Gujarat",,,,Apartment,Unfurnished,5,12,East,1400,Sq-ft,5 to 10 years,"2 bhk flat for rentnakedvip road Find 2 BHK flat for rent in VIP Road Surat. This 2 BHK flat is available at the reasonable rent amount of ₹21,000. The flat is on the 5 floor and includes 2 bathrooms, 1 balcony with a carpet area of 700 sqft. You will also find 1 Covered parking facility. The residence includes reserved parking, security. The address is VIP Road, Surat, Gujarat.",21000,60000,1000,15,2,1 Covered,No,No,No,,True,True,Agent,73,Immediately,2026-04-17T23:45:19.000Z,Yesterday,True
rhMPctb82IdzpSvf+uAgZw==,Magicbricks,https://www.magicbricks.com/property-details/2-BHK-1250-Sq-ft-Multistorey-Apartment-FOR-Rent-Jahangirabad-in-Surat&id=4d423737383638373939,2026-04-19 13:52:36,21.216427,72.78212,,Universal Property,"Jahangirabad,Surat",,,,Apartment,Unfurnished,2,2,East,1250,Sq-ft,New Construction,"Brand New 2 BHK Flat for Rent at Orchid Fantasia Prime Location. For more information, please contact me. 2 BHK apartment is available on rent in Jahangirabad Surat right away. This 2 BHK flat can be availed at the rental price of ₹17,000. The flat is on the 2 floor and includes 2 bathrooms, 2 balcony with a carpet area of 700 sqft. There is also facility of 1 Covered parking. The residence includes power back up, reserved parking, security. This flat is located at TP-6, Bhesan Rd, Surat, Gujarat .",17000,51000,1,14,2,1 Covered,No,No,No,,False,True,Agent,100,Immediately,2026-04-16T11:35:47.000Z,"Apr 16, '26",True
QmfjOJSB9+ZzpSvf+uAgZw==,Magicbricks,https://www.magicbricks.com/property-details/2-BHK-1173-Sq-ft-Multistorey-Apartment-FOR-Rent-Palanpur-in-Surat&id=4d423832383130383831,2026-04-19 13:52:36,21.215963,72.770389,,Rental Surat,555.,,,,Apartment,Semi-Furnished,3,5,East,1173,Sq-ft,10 to 15 years,"2 bhk flat for rent with all modern amenities 2 BHK apartment is available on rent in Palanpur Surat right away. This 2 BHK flat can be availed at the rental price of ₹17,000. Located on the 3 floor, the flat comprises 2 bathrooms, 1 balcony, and has a covered area of 1173 sqft. This unit features power back up, reserved parking, security, service/goods lift. Visit the flat at Palanpur Canal Rd, Near L. P. Savani school, Palanpur, Surat, Gujarat .",17000,51000,0,14,2,,Yes,No,No,"Service/Goods Lift, Internet/Wi-Fi Connectivity, Conference Room, Outdoor Tennis Courts",False,True,Agent,80,Immediately,2026-04-17T23:45:20.000Z,Yesterday,True
qmoppusvmEFzpSvf+uAgZw==,Magicbricks,https://www.magicbricks.com/property-details/2-BHK-1250-Sq-ft-Multistorey-Apartment-FOR-Rent-Adajan-in-Surat&id=4d423732333132383235,2026-04-19 13:52:36,21.1973663,72.782489,,Adajan,gavarav path,"19202|International Institute Of Management And Technical Studies (Iimt), 19202|Seven Steps School, 19206|Regent Mall, 19206|Rajhans Theatre",,,Apartment,Unfurnished,6,11,East,1250,Sq-ft,Less than 5 years,"1 bhk garden facing flat for rent . New colour. Good location and nice locality A beautiful 2 BHK flat is available for rent in Adajan. ₹16,000 is the monthly rent of this 2 BHK flat. Located on the 6 floor, the flat comprises 2 bathrooms, 2 balcony, and has a carpet area of 810 sqft. This unit is designed with power back up, reserved parking, security, air conditioned, ro water system. Visit the flat at Opp.Palanpore Fire Station, Gaurav Path, near Essar Petrol Pump, Palanpur, Surat, Gujarat .",16000,48000,,13,2,,No,No,No,"Air Conditioned, Laundry Service, Banquet Hall, Jogging and Strolling Track",False,True,Agent,78,Immediately,2026-04-17T23:45:21.000Z,Yesterday,True
3rban93owIlzpSvf+uAgZw==,Magicbricks,https://www.magicbricks.com/property-details/2-BHK-1250-Sq-ft-Multistorey-Apartment-FOR-Rent-Jahangirabad-in-Surat&id=4d423739333433323537,2026-04-19 13:52:36,21.216427,72.78212,,Rajeshwar Properties,"Opp. Madhav Baug, Nr. Palanpur Canal, Bhesan Rd, Ugat, Junction, Surat, Gujarat",,,,Apartment,Semi-Furnished,5,14,North - East,1250,Sq-ft,New Construction,"2 bhk flat for rent, It is a superb property and offers an excellent view. The flat is semi furnished with multiple amenities and promises a comfortable stay. Indeed, the society too has for enjoyment, such as club housecommunity center, fitness centregym, and security personnel etc, Other facilities include intercom facility, lift and park etc.",16000,48000,0,13,2,1 Covered,Yes,No,No,Jogging and Strolling Track,False,True,Agent,100,Immediately,2026-04-17T23:45:19.000Z,Yesterday,True
oUILXg9tpXdzpSvf+uAgZw==,Magicbricks,https://www.magicbricks.com/property-details/2-BHK-1200-Sq-ft-Multistorey-Apartment-FOR-Rent-Vesu-in-Surat&id=4d423834323833303533,2026-04-19 13:52:36,21.1447177,72.7717775,,Vesu,"Surat, Gujarat","19210|Udhna Railway Station, 19202|White Lotus International School, 19202|G.D. Goenka International School",,,Apartment,Unfurnished,4,12,East,1200,Sq-ft,Less than 5 years,"It has Swimming Pool, Gymnasium, Childrens Play Area, EV Charging Stations, Park, Banquet Hall, Gazebo, Amphitheatre, Jogging Track You can explore this 2 BHK flat on rent in Vesu Surat. This 2 BHK flat can be availed at the rental price of ₹21,000. Located on the 4 floor, the flat comprises 2 bathrooms, 1 balcony, and has a covered area of 1200 sqft. 1 Covered parking space is also available. The property has 12 floor and is equipped with Kids play area facilities. Visit the apartment at Final Plot no. 39, TP NO 75 (Vesu-Abhva-Vesu)., Surat City, Surat, Gujarat.",21000,63000,,18,2,1 Covered,Yes,Yes,No,Jogging and Strolling Track,True,True,Agent,79,Immediately,2026-04-17T10:02:43.000Z,"Apr 17, '26",True
QvM5LOMiPyJzpSvf+uAgZw==,Magicbricks,https://www.magicbricks.com/property-details/2-BHK-1200-Sq-ft-Multistorey-Apartment-FOR-Rent-Jahangirabad-in-Surat&id=4d423833383931373433,2026-04-19 13:52:36,21.216427,72.78212,,Sanjay Dalwani,Jahangirabad.,,,,Apartment,Unfurnished,4,12,East,1200,Sq-ft,New Construction,"2 bhk flat for rent in omkar heights jahangirabad. You can explore this 2 BHK flat on rent in Jahangirabad Surat. ₹16,000 is the monthly rent of this 2 BHK flat. The apartment is on the 4 floor, has a carpet area of 700 sqft with 2 bathrooms and 1 balcony. This flat is fitted with power back up, reserved parking, security. The full address of the apartment is Jahangirabad., Jahangirabad, Surat, Gujarat.",16000,48000,0,13,2,,No,No,No,,False,True,Agent,87,Immediately,2026-04-16T23:45:22.000Z,"Apr 17, '26",True
3Om7hqWRE1BzpSvf+uAgZw==,Magicbricks,https://www.magicbricks.com/property-details/2-BHK-2100-Sq-ft-Multistorey-Apartment-FOR-Rent-Pal-in-Surat&id=4d423834323336333835,2026-04-19 13:52:36,21.1807801,72.7529018,,Pal,"Surat, Gujarat","19202|Gajera Global School, 19202|International Institute Of Management And Technical Studies (Iimt), 19206|Pal. Star World, 19206|Bellissimo Hub",,,Apartment,Furnished,8,12,East,2100,Sq-ft,5 to 10 years,"2 BHK Fully Furnished Flat For Rent with all amenities available. If you are searching a 2 BHK apartment for rent in Pal, check out this amazing rental flat. The flat is available for rent at a competitive amount of ₹25,000. The flat is located on the 8 floor which includes 2 bathrooms, 1 balcony, and covers a carpet area of 1550 sqft. The property features power back up, reserved parking, security, air conditioned. The address is PAL, Surat Gujrat.",25000,75000,1,12,2,,Yes,No,No,"Air Conditioned, Jogging and Strolling Track",True,True,Agent,53,Immediately,2026-04-14T13:32:36.000Z,"Apr 14, '26",True
LU3nhxURunxzpSvf+uAgZw==,Magicbricks,https://www.magicbricks.com/property-details/2-BHK-1265-Sq-ft-Multistorey-Apartment-FOR-Rent-Palanpur-Gam-in-Surat&id=4d423830373233303131,2026-04-19 13:52:36,21.21086,72.771334,,Patel Property ,palanpore surat,,,,Apartment,Semi-Furnished,9,12,South -West,1265,Sq-ft,Less than 5 years,"2bhk flate in Nakshatra platinum kitchen trolly light fan grill gas line kitchen chimney etc fasilitty in flate garden children play area jingle etc fasilitty in campus You can avail the 2 BHK flat for rent in the well-known location of Palanpur Gam. The apartment is available at an affordable rental price of ₹18,500. The flat is on the 9 floor and includes 2 bathrooms, 2 balcony with a carpet area of 875 sqft. The property features power back up, reserved parking, security, service/goods lift, air conditioned, intercom facility, ro water system.",18500,55000,0,15,2,,No,No,No,"Air Conditioned, Banquet Hall, Bar/Lounge, Jogging and Strolling Track",False,True,Agent,70,Immediately,2026-04-17T23:45:19.000Z,Yesterday,True
oRDq1cyfrR1zpSvf+uAgZw==,Magicbricks,https://www.magicbricks.com/property-details/2-BHK-1350-Sq-ft-Multistorey-Apartment-FOR-Rent-Vesu-in-Surat&id=4d423831383238373235,2026-04-19 13:52:36,21.1447177,72.7717775,,Vesu,"Surat, Gujarat","19210|Udhna Railway Station, 19202|T M Patel International School, 19202|Bhagwan Mahavir College of Engineering Technology",,,Apartment,Unfurnished,6,12,East,1350,Sq-ft,Less than 5 years,"2 Bhk unfurnished flat for rent in roongta green leaf, vesu, surat Check out this newly constructed 2 BHK flat on rent in the prime location of Vesu Surat. The apartment is available at an affordable rental price of ₹22,000. The apartment is on the 6 floor, has a carpet area of 760 sqft with 2 bathrooms and 1 balcony. This unit is designed with power back up, reserved parking, security. Find this apartment at Vesu, Surat, Gujarat .",22000,66000,1,16,2,,No,No,No,Banquet Hall,True,True,Agent,58,Immediately,2026-04-16T23:45:21.000Z,"Apr 17, '26",True
nmFlB0gfab5zpSvf+uAgZw==,Magicbricks,https://www.magicbricks.com/property-details/2-BHK-1200-Sq-ft-Multistorey-Apartment-FOR-Rent-Adajan-in-Surat&id=4d423832393238383735,2026-04-19 13:52:36,21.1973663,72.782489,,Adajan,"Surat, Gujarat","19202|Ryan International School Cbse, 19202|Imperial International School, 19206|Pal. Star World, 19206|Bellissimo Hub",,,Apartment,Semi-Furnished,2,5,East,1200,Sq-ft,5 to 10 years,"If you are searching a 2 BHK apartment for rent in Adajan, check out this amazing rental flat. The multistorey apartment is available at rent of ₹17,000. The flat is on the 2 floor and includes 2 bathrooms, 2 balcony with a carpet area of 600 sqft. The apartment comes furnished with power back up, security, ro water system. The apartment is located at Adajan, Surat, Gujarat.",17000,51000,0,14,2,,Yes,No,No,RO Water System,False,True,Agent,75,Immediately,2026-04-17T23:45:20.000Z,Yesterday,True
AXYNXY299sFzpSvf+uAgZw==,Magicbricks,https://www.magicbricks.com/property-details/2-BHK-1180-Sq-ft-Multistorey-Apartment-FOR-Rent-Palanpur-in-Surat&id=4d423832393337343831,2026-04-19 13:52:36,21.215963,72.770389,,Handsshake Properties,Gauravpath road.,,,,Apartment,Semi-Furnished,8,14,South -West,1180,Sq-ft,5 to 10 years,"3 bhk flat new building with luxurious amenities with light fen kitchen trolley a.c. Find 2 BHK flat for rent in Palanpur Surat. Available at a rental price of ₹17,500, this 2 BHK flat is worth considering. Located on the 8 floor, the flat has 2 bathrooms, 2 balcony in covered area of 1180 sqft. There is also facility of 1 Covered parking. This home provides power back up, reserved parking, security, intercom facility, ro water system. The address is Nakshatra Embassy Rd, Palanpur, Surat, Gujarat .",17500,51000,0,15,2,1 Covered,No,No,No,"Internet/Wi-Fi Connectivity, Banquet Hall, Bar/Lounge, Outdoor Tennis Courts",True,True,Agent,100,Immediately,2026-04-17T23:45:20.000Z,Yesterday,True
QNweBISKCUNzpSvf+uAgZw==,Magicbricks,https://www.magicbricks.com/property-details/2-BHK-1200-Sq-ft-Multistorey-Apartment-FOR-Rent-Jahangirabad-in-Surat&id=4d423830383837323133,2026-04-19 13:52:36,21.216427,72.78212,,Royal Property Consultant,"Surat, Gujarat",,,,Apartment,Unfurnished,10,12,East,1200,Sq-ft,New Construction,"If you are planning to rent a flat, you can consider this 2 BHK flat situated in the prime location of Jahangirabad. The flat is available for rent at a competitive amount of ₹18,000. Located on the 10 floor, the flat comprises 2 bathrooms, 1 balcony, and has a covered area of 1200 sqft. This property features 12 floor and offers a range of Kids Play Pool With Water Slides facilities. This unit is designed with power back up, reserved parking, security. The address is BLCOK NO-1 O.P.NO-1 F.P. 1/A, T.P.S.NO-, Surat City, Surat, Gujarat.",18000,54000,0,15,2,,No,No,No,,True,True,Agent,53,Immediately,2026-04-17T23:45:20.000Z,Yesterday,True
yZKT6M5MoupzpSvf+uAgZw==,Magicbricks,https://www.magicbricks.com/property-details/2-BHK-1252-Sq-ft-Multistorey-Apartment-FOR-Rent-Bhimrad-in-Surat&id=4d423636363835323837,2026-04-19 13:52:36,21.129281,72.800067,,KARMBHOOMI REALTORS,"Bhimrad,Surat",,,,Apartment,Unfurnished,7,14,South -West,1252,Sq-ft,Less than 5 years,"Swagat clifton , 1252 sqft ,rent 17000. Check out this newly constructed 2 BHK flat on rent in the prime location of Bhimrad Surat. This 2 BHK flat can be availed at the rental price of ₹18,000. Located on the 7 floor, the flat comprises 2 bathrooms, 1 balcony, and has a covered area of 1252 sqft. The property includes 1 Covered, 1 Open parking. The apartment comes furnished with reserved parking.",18000,51000,1,14,2,"1 Covered, 1 Open",Yes,Yes,No,Jogging and Strolling Track,True,True,Agent,73,Immediately,2026-04-16T23:45:20.000Z,"Apr 17, '26",True
4gseT9WH8HJzpSvf+uAgZw==,Magicbricks,https://www.magicbricks.com/property-details/2-BHK-1251-Sq-ft-Multistorey-Apartment-FOR-Rent-Palanpur-in-Surat&id=4d423832373335333233,2026-04-19 13:52:36,21.215963,72.770389,,Shree Madhav Shine Properties,palanpor,,,,Apartment,Semi-Furnished,9,14,East,1251,Sq-ft,New Construction,"Palanpur Gaurvpath road best residential campus 2 BHK apartment is available on rent in Palanpur Surat right away. ₹20,000 is the monthly rent of this 2 BHK flat. The apartment is on the 9 floor, has a covered area of 1251 sqft with 2 bathrooms and 3 balcony. The flat comes with power back up, reserved parking, security, intercom facility. You can visit the flat at F.P.23, T.P.9, Palanpur Canal Road, Near Gaurav Path Road, Surat City, Surat, Gujarat.",20000,60000,0,16,2,,No,No,No,"Intercom Facility, Banquet Hall, Conference Room, Jogging and Strolling Track",False,True,Agent,80,Immediately,2026-03-06T10:26:40.000Z,"Mar 06, '26",True
kVSQqt3bJaRzpSvf+uAgZw==,Magicbricks,https://www.magicbricks.com/property-details/2-BHK-1285-Sq-ft-Multistorey-Apartment-FOR-Rent-Jahangir-Pura-in-Surat&id=4d423834323232323839,2026-04-19 13:52:36,21.247161,72.8018701,,Jahangir Pura,Jahngirpura iskon temple near ashram road madhav platina,,,,Apartment,Semi-Furnished,5,14,East,1285,Sq-ft,New Construction,"2 BHK flat is available for rent in Jahangir Pura immediately. Available at a rental price of ₹16,000, this 2 BHK flat is worth considering. The apartment is on the 5 floor, has a carpet area of 952 sqft with 2 bathrooms and 1 balcony. The apartment is equipped with power back up, reserved parking, security, service/goods lift, intercom facility, ro water system. Visit the apartment at Jahangirpura, Surat Gujrat.",16000,48000,,12,2,,No,No,No,"Laundry Service, Banquet Hall, Bar/Lounge, Jogging and Strolling Track",False,True,Agent,75,Immediately,2026-04-13T12:57:45.000Z,"Apr 13, '26",True
nIrUKcy6HQtzpSvf+uAgZw==,Magicbricks,https://www.magicbricks.com/property-details/2-BHK-1250-Sq-ft-Multistorey-Apartment-FOR-Rent-Dahin-Nagar-in-Surat&id=4d423834323434343435,2026-04-19 13:52:36,21.223561,72.78687,,Dahin Nagar,jahangirabad,,,,Apartment,Semi-Furnished,11,14,,1250,Sq-ft,10 to 15 years,"2bhk furnished property Find this 2 BHK rental flat in Dahin Nagar Surat. This 2 BHK flat can be availed at the rental price of ₹17,500. The flat is located on the 11 floor which includes 2 bathrooms, 2 balcony, and covers a covered area of 1250 sqft. The apartment comes furnished with security. This flat is located at Prabhudarshan Society, Dahin Nagar, Surat, Gujarat .",17500,52500,,14,2,,No,No,No,,False,True,Agent,76,Immediately,2026-04-15T07:52:48.000Z,"Apr 15, '26",True
/jcOhqeb6vNzpSvf+uAgZw==,Magicbricks,https://www.magicbricks.com/property-details/2-BHK-800-Sq-ft-Multistorey-Apartment-FOR-Rent-Palanpur-Gam-in-Surat&id=4d423833393038363233,2026-04-19 13:52:36,21.21086,72.771334,,X Properties,"Surat, Gujarat",,,,Apartment,Furnished,4,5,East,,,2012,"Residential Open Plot for sale in Gated Colony 2 BHK apartment is available on rent in Palanpur Gam Surat right away. The rent of the 2 BHK flat is ₹22,000. The flat is located on the 4 floor which includes 2 bathrooms, 1 balcony, and covers a carpet area of 800 sqft. The flat comes with power back up, reserved parking, security.",22000,66000,,,2,,No,No,No,,False,True,Agent,61,Immediately,2026-03-23T08:09:04.000Z,"Mar 23, '26",True
JpTXKr+xqCtzpSvf+uAgZw==,Magicbricks,https://www.magicbricks.com/property-details/2-BHK-1200-Sq-ft-Multistorey-Apartment-FOR-Rent-in-Surat&id=4d423739383230303039,2026-04-19 13:52:36,,,,Pramukh Estate,"Surat, Gujarat",,,,Apartment,Furnished,5,5,East,1200,Sq-ft,5 to 10 years,"2 BHK flat is available for rent in swastik residancy immediately. The 2 BHK apartment is available at a reasonable rent of ₹25,000. Located on the 5 floor, the flat comprises 2 bathrooms, 1 balcony, and has a covered area of 1200 sqft.",25000,75000,,21,2,,No,No,No,"Laundry Service, Banquet Hall, Conference Room, Outdoor Tennis Courts",False,True,Agent,64,Immediately,2026-02-21T14:25:55.000Z,"Feb 21, '26",True
8jd0i+3z/ahzpSvf+uAgZw==,Magicbricks,https://www.magicbricks.com/property-details/5-BHK-9500-Sq-ft-Multistorey-Apartment-FOR-Rent-Vesu-in-Surat&id=4d423833373435353439,2026-04-19 13:52:36,21.1447177,72.7717775,,Vesu,"Vesu,Surat","19210|Udhna Railway Station, 19202|T M Patel International School, 19202|G.D. Goenka International School",395007,,Apartment,Unfurnished,6,19,East,9500,Sq-ft,New Construction,"DRB Ravani Cellestial Dreams in Vesu, Surat is a readytomove housing society. It offers apartments in varied budget range. These units are a perfect combination of comfort and style, specifically designed to suit your requirements and conveniences. There are Apartments available in this project. This housing society is now ready to be called home as families have started moving in.",250000,1000000,27000,26,5,"2 Covered, 1 Open",Yes,No,No,Jogging and Strolling Track,True,True,Agent,80,Immediately,2026-04-11T23:04:15.000Z,"Apr 12, '26",True
ybMzO2AFyWJzpSvf+uAgZw==,Magicbricks,https://www.magicbricks.com/property-details/6-BHK-8451-Sq-ft-Multistorey-Apartment-FOR-Rent-Vesu-in-Surat&id=4d423637323634373339,2026-04-19 13:52:36,21.1447177,72.7717775,,Vesu,p1 B2 capital greens bharthana if unable to contact there and contact,"19210|Udhna Railway Station, 19202|Bhagwan Mahavir College of Engineering Technology, 19202|White Lotus International School",,,Apartment,Unfurnished,1,12,,,,,"Duplex with all amenities like Olympic level swimming pool, gym etc. If you are planning to rent a flat, you can consider this 6 BHK flat situated in the prime location of Vesu. The apartment is available at an affordable rental price of ₹2 Lac. The apartment is on the 1 floor, has a carpet area of 8451 sqft with 6 bathrooms and 2 balcony. The flat comes with power back up, reserved parking, security, air conditioned. The apartment is located at Canal Road Near G D Goenka school Vesu, Bharthana, Surat, Gujarat. The owner has posted this 6 BHK flat for rent, so the brokerage fees is zero on this multistorey apartment.",200000,,,,6,,No,No,No,"Air Conditioned, Banquet Hall, Jogging and Strolling Track, Outdoor Tennis Courts",False,False,Owner,67,Immediately,2026-02-13T17:32:51.000Z,"Feb 13, '26",True
OPnaL7ggcupzpSvf+uAgZw==,Magicbricks,https://www.magicbricks.com/property-details/5-BHK-9500-Sq-ft-Multistorey-Apartment-FOR-Rent-Vesu-in-Surat&id=4d423831363731303739,2026-04-19 13:52:36,21.1447177,72.7717775,,Vesu,"Surat, Gujarat","19210|Udhna Railway Station, 19202|White Lotus International School, 19202|Bhagwan Mahavir College of Engineering Technology",,,Apartment,Furnished,4,19,East,9500,Sq-ft,Less than 5 years,"It has Swimming Pool, Gymnasium, Childrens Play Area, Banquet Hall, Amphitheatre, Yoga Meditation Area, Library, Conference Room, Theater Home. 5 BHK apartment is available on rent in Vesu Surat right away. This 5 BHK flat can be availed at the rental price of ₹2 Lac. Get access to smart facilities such as 4 Wardrobe, 4 Bed, Fridge, Sofa, Washing Machine and Dining Table simply by choosing this flat for rent. Located on the 4 floor, the flat has 5 bathrooms, 1 balcony in covered area of 9500 sqft. 2 Covered, 2 Open parking facility are also available. This unit features power back up, reserved parking. The address is Vesu, Surat, Gujarat.",200000,600000,,21,5,"2 Covered, 2 Open",No,No,No,,True,True,Agent,60,Immediately,2026-03-31T12:49:51.000Z,"Mar 31, '26",True
0jEAmnuw5V9zpSvf+uAgZw==,Magicbricks,https://www.magicbricks.com/property-details/5-BHK-7000-Sq-ft-Multistorey-Apartment-FOR-Rent-Vesu-in-Surat&id=4d423634393338303631,2026-04-19 13:52:36,21.1447177,72.7717775,,Vesu,Vesu abhva road,"19210|Udhna Railway Station, 19202|White Lotus International School, 19202|G.D. Goenka International School",,,Apartment,Furnished,2,12,East,7000,Sq-ft,5 to 10 years,"luxurious campus with all amenities vesu canal road full furnish flat for rent club house gym garden temple A beautiful 5 BHK flat is available for rent in Vesu. The flat is available for rent at a competitive amount of ₹2.4 Lac. 2 Covered, 1 Open parking space is also available. The apartment is equipped with power back up, reserved parking, security. Visit the flat at Vesu, Surat..",242000,1000000,14550,35,5,"2 Covered, 1 Open",Yes,No,No,Jogging and Strolling Track,True,True,Agent,80,Immediately,2026-04-06T13:15:19.000Z,"Apr 06, '26",True
hyrQGQbRnYVzpSvf+uAgZw==,Magicbricks,https://www.magicbricks.com/property-details/5-BHK-5500-Sq-ft-Penthouse-FOR-Rent-Citylight-Area-in-Surat&id=4d423833373238353139,2026-04-19 13:52:36,21.1666367,72.7955775,,Citylight Area,near citylight surya palace,,,,Penthouse,Furnished,12,12,East,5500,Sq-ft,5 to 10 years,"In the midst of a booming Surat, Located in Citylight, Opp Chandanpark, Surat. KPM Residency offers a choice of 3BHK and 4BHK apartments, beautifully crafted to suit your needs, tastes and most importantly your budget. It offers you the freedom and the reassurance to live life on your terms. Tranquil, green, and softly caressed by the breeze,",250000,1000000,12550,45,4,,No,No,No,,False,True,Agent,85,Select Date,2026-04-08T06:03:47.000Z,"Apr 08, '26",True
xMKlxmsIPl9zpSvf+uAgZw==,Magicbricks,https://www.magicbricks.com/property-details/5-BHK-5710-Sq-ft-Multistorey-Apartment-FOR-Rent-VIP-Road-in-Surat&id=4d423630363334383939,2026-04-19 13:52:36,21.1413009,72.7813698,,VIP Road,Surat.,,,,Apartment,Furnished,11,20,East,5710,Sq-ft,Less than 5 years,"Its a luxurious furnished flat with all modern amenities available. It is a high-rise flat with a spacious balcony If you are searching a 5 BHK apartment for rent in VIP Road, check out this amazing rental flat. This 5 BHK flat is available at the reasonable rent amount of ₹2 Lac. The flat is on the 11 floor and includes 5 bathrooms, 1 balcony with a carpet area of 2894 sqft. There is also facility of 2 Covered, 1 Open parking. This residential building features 20 floor and ensures Kids Club, Kids Play Pool With Water Slides comfort. This home provides power back up, reserved parking, security, service/goods lift, visitor parking. Visit the flat at VIP Road, Surat.",201000,1200000,12450,35,5,"2 Covered, 1 Open",Yes,No,No,"Service/Goods Lift, Visitor Parking, Banquet Hall, Jogging and Strolling Track",False,True,Agent,95,Immediately,2026-04-04T10:16:45.000Z,"Apr 04, '26",True
DTh5SNy8liFzpSvf+uAgZw==,Magicbricks,https://www.magicbricks.com/property-details/5-BHK-7500-Sq-ft-Multistorey-Apartment-FOR-Rent-Vesu-Canal-Road-in-Surat&id=4d423831343036393433,2026-04-19 13:52:36,21.158859737319,72.7954871572205,,Vesu Canal Road,vesu canal road,,,,Apartment,Furnished,18,19,East,7500,Sq-ft,New Construction,"is premium campus at Vesu gd Goenka road for class people Find this 5 BHK rental flat in Vesu Canal Road Surat. The flat is available for rent at a competitive amount of ₹2.5 Lac. If you rent the flat, you will have access to facilities like 4 Wardrobe, 4 Bed, 1 TV, Fridge, Microwave, 4 AC, Sofa, Washing Machine, Dining Table and Gas Connection. The apartment is on the 18 floor, has a carpet area of 3791 sqft with 5 bathrooms and 1 balcony. You will also find 2 Covered, 1 Open parking facility. This unit features power back up, reserved parking, security, service/goods lift, visitor parking. This flat is located at vesu canal road, Vesu Canal Road, Surat, Gujarat.",250000,2000000,30000,33,5,"2 Covered, 1 Open",No,No,No,"Banquet Hall, Bar/Lounge, Jogging and Strolling Track, Outdoor Tennis Courts",True,True,Agent,95,Immediately,2026-04-08T06:03:48.000Z,"Apr 08, '26",True
3Vkqk56X0R5zpSvf+uAgZw==,Magicbricks,https://www.magicbricks.com/property-details/5-BHK-4560-Sq-ft-Multistorey-Apartment-FOR-Rent-Citylight-Area-in-Surat&id=4d423833363731353139,2026-04-19 13:52:36,21.1666367,72.7955775,,Citylight Area,surya complex citylight main road surat,,,,Apartment,Furnished,1,11,East,4560,Sq-ft,10 to 15 years,"its in a citylight area which is one of the posh area of surat . society has lift parking Find this 5 BHK rental flat in Citylight Area Surat. The flat is available for rent at a competitive amount of ₹85,000. Get access to smart facilities such as 4 Wardrobe, 4 Bed, 1 TV, Fridge, Microwave, 4 AC, Sofa, Washing Machine, Dining Table and Gas Connection simply by choosing this flat for rent. Located on the 1 floor, the flat has 5 bathrooms, 1 balcony in carpet area of 3000 sqft. You will also find 1 Covered, 1 Open parking facility. This unit is designed with reserved parking, security. The flat can be visited at surya complex citylight main road surat, Citylight Area, Surat, Gujarat.",85000,250000,7452,19,5,"1 Covered, 1 Open",No,No,No,,True,True,Agent,80,Immediately,2026-03-23T05:53:37.000Z,"Mar 23, '26",True
D6J9x/zd1QpzpSvf+uAgZw==,Magicbricks,https://www.magicbricks.com/property-details/5-BHK-5000-Sq-ft-Multistorey-Apartment-FOR-Rent-Piplod-in-Surat&id=4d423833363638373639,2026-04-19 13:52:36,21.1610353,72.7762099,,Piplod,"Surat, Gujarat","19201|Gidc Icchapore, 19201|Software Technology Parks Of India (Stpi), 19202|Radiant English Academy, 19202|Jh Ambani High School, 19206|Vr Surat, 19206|VR Mall",,,Apartment,Furnished,5,9,,5000,Sq-ft,5 to 10 years,"A beautiful 5 BHK flat is available for rent in Piplod. The rent of the 5 BHK flat is ₹75,000. The apartment is on the 5 floor, has a carpet area of 3500 sqft with 5 bathrooms and 3 balcony. The apartment comes furnished with power back up, reserved parking, security, service/goods lift, air conditioned, intercom facility, ro water system. Visit the flat at Tirupati Nagar, Himgiri Society, Piplod, Surat, Gujarat.",75000,,,15,5,,No,No,No,"Air Conditioned, Banquet Hall, Bar/Lounge, Jogging and Strolling Track",True,True,Agent,38,Immediately,2026-03-06T11:33:36.000Z,"Mar 06, '26",True
JSHl9HdYlrBzpSvf+uAgZw==,Magicbricks,https://www.magicbricks.com/property-details/7-BHK-900-Sq-ft-Builder-Floor-Apartment-FOR-Rent-Adajan-in-Surat&id=4d423833323832303339,2026-04-19 13:52:36,21.1973663,72.782489,,Adajan,"Surat, Gujarat","19202|Seven Steps School, 19202|L.P. Savani International School, 19206|Pal. Star World, 19206|Imperial Square Mall",,,Builder Floor Apartment,Semi-Furnished,1,1,East,,,Less than 5 years,"bachelor property You can avail the 7 BHK flat for rent in the well-known location of Adajan. ₹60,000 is the monthly rent of this 7 BHK flat. The apartment comes furnished with power back up, security. The apartment is located at Adajan, Surat, Gujarat.",60000,150000,1000,,7,,Yes,No,No,"Laundry Service, Internet/Wi-Fi Connectivity",True,True,Agent,53,Immediately,2026-04-18T04:35:52.000Z,Yesterday,True
DYqwiKyq6WdzpSvf+uAgZw==,Magicbricks,https://www.magicbricks.com/property-details/5-BHK-5700-Sq-ft-Multistorey-Apartment-FOR-Rent-VIP-Road-in-Surat&id=4d423830303638353931,2026-04-19 13:52:36,21.1413009,72.7813698,,VIP Road,"VIP Road,Surat",,,,Apartment,Furnished,7,19,East,5700,Sq-ft,Less than 5 years,"It has Swimming Pool, Gymnasium, Childrens Play Area, Banquet Hall , Amphitheatre, Yoga Meditation Area, Library, Conference Room, Theater Home Grab the chance to own this affordable 5 BHK flat for rent in the VIP Road area. The multistorey apartment is available at rent of ₹1.5 Lac. Some attractive additional facilities available with the flat are 4 Wardrobe, 4 Bed, 1 TV, 3 AC, Sofa and Dining Table. Located on the 7 floor, the flat has 3 bathrooms, 2 balcony in covered area of 5700 sqft. The property includes 1 Covered, 1 Open parking. The building includes 19 floor and supports Kids Club, Kids Play Pool With Water Slides living. The flat comes with power back up, reserved parking, security. Find this apartment at VIP Road, Surat.",150000,450000,,26,3,"1 Covered, 1 Open",No,No,No,,True,True,Agent,84,Immediately,2026-04-02T04:23:02.000Z,"Apr 02, '26",True
AhABFZvrUHhzpSvf+uAgZw==,Magicbricks,https://www.magicbricks.com/property-details/5-BHK-5200-Sq-ft-Multistorey-Apartment-FOR-Rent-Vesu-in-Surat&id=4d423737363336343531,2026-04-19 13:52:36,21.1447177,72.7717775,,Vesu,vesu,"19210|Udhna Railway Station, 19202|G.D. Goenka International School, 19202|T M Patel International School",,,Apartment,Furnished,5,12,North,5200,Sq-ft,5 to 10 years,"5bhk fully furnished flat in vesu......... 5 BHK flat is available for rent in Vesu immediately. The apartment is available at an affordable rental price of ₹1.5 Lac. The flat is on the 5 floor and includes 5 bathrooms, 2 balcony with a carpet area of 3000 sqft. You will also find 2 Covered parking facility. This unit is designed with power back up, reserved parking, security, air conditioned, visitor parking, intercom facility. The address is Vesu, Surat Gujrat.",150000,500000,0,29,5,2 Covered,No,No,No,"Air Conditioned, Visitor Parking, Intercom Facility, Banquet Hall",True,True,Agent,95,Immediately,2026-04-08T05:41:16.000Z,"Apr 08, '26",True
Tuy470YJGXhzpSvf+uAgZw==,Magicbricks,https://www.magicbricks.com/property-details/5-BHK-5800-Sq-ft-Multistorey-Apartment-FOR-Rent-Piplod-in-Surat&id=4d423833353235353233,2026-04-19 13:52:36,21.1610353,72.7762099,,Piplod,Behind Valentine Multiplex,"19201|Software Technology Parks Of India (Stpi), 19201|Gidc Icchapore, 19202|Jh Ambani High School, 19202|Radiant English Academy, 19206|Kamdhenu Mall, 19206|Central Mall",,,Apartment,Semi-Furnished,5,10,East,5800,Sq-ft,15 to 20 years,"5 BHK apartment is available on rent in Piplod Surat right away. The 5 BHK apartment is available at a reasonable rent of ₹1.3 Lac. Additional amenities available with the flat are Gas Connection. The apartment is on the 5 floor, has a carpet area of 3200 sqft with 5 bathrooms and 2 balcony. There is also facility of 2 Covered, 2 Open parking. This unit features power back up, reserved parking, security. Find this apartment at Behind Valentine Multiplex, Piplod, Surat, Gujarat.",125000,375000,2,22,5,"2 Covered, 2 Open",Yes,No,No,Jogging and Strolling Track,False,True,Agent,100,Immediately,2026-04-17T23:45:20.000Z,Yesterday,True
QkzQN2284V9zpSvf+uAgZw==,Magicbricks,https://www.magicbricks.com/property-details/5-BHK-5500-Sq-ft-Multistorey-Apartment-FOR-Rent-Bharthana-in-Surat&id=4d423834303132313431,2026-04-19 13:52:36,21.147479,72.792502,,Express Realty,"Bharthana, Surat, Gujarat",,,,Apartment,Semi-Furnished,2,10,South - East,5500,Sq-ft,Less than 5 years,"Find this 5 BHK rental flat in Bharthana Surat. The multistorey apartment is available at rent of ₹1.1 Lac. Some attractive additional facilities available with the flat are 4 AC and Gas Connection. Located on the 2 floor, the flat has 5 bathrooms, 2 balcony in carpet area of 3300 sqft. You will also find 2 Covered, 2 Open parking facility. The flat comes with power back up, reserved parking, security. Visit the flat at Bharthana, Surat, Gujarat .",105000,315000,0,19,5,"2 Covered, 2 Open",Yes,No,No,Jogging and Strolling Track,True,True,Agent,80,Immediately,2026-04-17T23:45:21.000Z,Yesterday,True
TAfOJp0P01JzpSvf+uAgZw==,Magicbricks,https://www.magicbricks.com/property-details/3-BHK-1657-Sq-ft-Multistorey-Apartment-FOR-Rent-Palanpur-in-Surat&id=4d423830323030343133,2026-04-19 13:52:36,21.215963,72.770389,,Real Homes Real Estate,"Surat, Gujarat",,,,Apartment,Semi-Furnished,5,14,East,1657,Sq-ft,Less than 5 years,"Garden view 3 BHK flat is available for rent in Palanpur immediately. The multistorey apartment is available at rent of ₹26,000. The flat is on the 5 floor and includes 3 bathrooms, 3 balcony with a covered area of 1657 sqft. The apartment comes furnished with power back up, reserved parking, security, service/goods lift, air conditioned, ro water system. The full address of the apartment is Opp. Rajhans Stadium Plaza, Palanpur Canal Rd, nr. New L.P Savani School, Adajan, Surat, Gujarat.",26000,78000,0,16,3,,No,No,No,"Air Conditioned, Banquet Hall, Bar/Lounge, Jogging and Strolling Track",True,True,Agent,58,Immediately,2026-04-17T23:45:20.000Z,Yesterday,True
4jt70VWwFwNzpSvf+uAgZw==,Magicbricks,https://www.magicbricks.com/property-details/3-BHK-2210-Sq-ft-Multistorey-Apartment-FOR-Rent-Palanpur-in-Surat&id=4d423833393330363731,2026-04-19 13:52:36,21.215963,72.770389,,Handsshake Properties,gaurav path road,,,,Apartment,Semi-Furnished,3,14,East,2210,Sq-ft,New Construction,"3bhk flat with luxurious amenities at pal area good campus good location A beautiful 3 BHK flat is available for rent in Palanpur. Available at a rental price of ₹31,000, this 3 BHK flat is worth considering. Located on the 3 floor, the flat has 3 bathrooms, 3 balcony in covered area of 2210 sqft. The property features power back up, reserved parking, security, visitor parking, intercom facility, ro water system. The apartment is located at Gaurav Path Road, Palanpur, Surat, Gujarat .",31000,93000,0,14,3,,No,No,No,"Visitor Parking, RO Water System, Banquet Hall, Outdoor Tennis Courts",True,True,Agent,60,Immediately,2026-04-17T23:45:20.000Z,Yesterday,True
0CzjV8oHizRzpSvf+uAgZw==,Magicbricks,https://www.magicbricks.com/property-details/3-BHK-1825-Sq-ft-Multistorey-Apartment-FOR-Rent-Palanpur-in-Surat&id=4d423739313036313637,2026-04-19 13:52:36,21.215963,72.770389,,Royal Property Consultant,"Palan Pur Patiya, Surat.",,,,Apartment,Semi-Furnished,4,12,East,1825,Sq-ft,2000,"3 bhk semi furnished flat for rent casa king palanpur. A beautiful 3 BHK flat is available for rent in Palanpur. The 3 BHK apartment is available at a reasonable rent of ₹30,000. Some premium add-on facilities bundled with the flat are 2 Wardrobe, 2 Bed, 1 AC and Gas Connection. The flat is on the 4 floor and includes 3 bathrooms, 4 balcony with a covered area of 1825 sqft. The property includes 1 Covered parking. The property features power back up, reserved parking. The flat can be visited at Palan Pur Patiya, Surat..",30000,90000,0,16,3,1 Covered,No,No,No,,False,True,Agent,93,Immediately,2026-04-16T23:45:21.000Z,"Apr 17, '26",True
tPOpk2Hy1sdzpSvf+uAgZw==,Magicbricks,https://www.magicbricks.com/property-details/3-BHK-2000-Sq-ft-Multistorey-Apartment-FOR-Rent-Vesu-in-Surat&id=4d423634323133383633,2026-04-19 13:52:36,21.1447177,72.7717775,,Vesu,Vesu surat.,"19210|Udhna Railway Station, 19202|T M Patel International School, 19202|White Lotus International School",,,Apartment,Unfurnished,3,13,East,2000,Sq-ft,New Construction,"3 bhk luxurious flat for rent in rahans synfonia vesu surat. Near surat airport and diamond bourse 3 BHK flat is available for rent in Vesu immediately. This 3 BHK flat is available at the reasonable rent amount of ₹35,000. The flat is located on the 3 floor which includes 3 bathrooms, 1 balcony, and covers a covered area of 2000 sqft. There is also facility of 1 Covered parking. The apartment is equipped with power back up, reserved parking, security. Visit the flat at TP 75, FP42, Vesu Abhva, Vesu Main Road, Vesu, Surat, Gujarat .",35000,96000,1,18,3,1 Covered,Yes,No,No,Jogging and Strolling Track,True,True,Agent,95,Immediately,2026-04-16T23:45:20.000Z,"Apr 17, '26",True
hXFEBycTTVRzpSvf+uAgZw==,Magicbricks,https://www.magicbricks.com/property-details/3-BHK-1700-Sq-ft-Multistorey-Apartment-FOR-Rent-Adajan-in-Surat&id=4d423831333135373031,2026-04-19 13:52:36,21.1973663,72.782489,,Adajan,Adajan Surat Surat,"19202|L.P. Savani International School, 19202|Lp Savani International School, 19206|Walkway Mall, 19206|Regent Mall",,,Apartment,Unfurnished,5,12,East,1700,Sq-ft,5 to 10 years,"3 BHK Fully Furnished New Construction Flat for Sale in Jahangirpura 3 BHK flat is available for rent in Adajan immediately. The apartment is available at an affordable rental price of ₹30,000. Located on the 5 floor, the flat comprises 3 bathrooms, 3 balcony, and has a carpet area of 900 sqft. This flat is fitted with power back up, reserved parking, security, air conditioned, intercom facility.",30000,90000,,18,3,,No,No,No,"Air Conditioned, Internet/Wi-Fi Connectivity, Banquet Hall, Jogging and Strolling Track",False,True,Agent,78,Immediately,2026-03-06T10:28:54.000Z,"Mar 06, '26",True
NfFv//uRYstzpSvf+uAgZw==,Magicbricks,https://www.magicbricks.com/property-details/3-BHK-2450-Sq-ft-Multistorey-Apartment-FOR-Rent-Vesu-in-Surat&id=4d423834313534373239,2026-04-19 13:52:36,21.1447177,72.7717775,,Vesu,canal road vesu,"19210|Udhna Railway Station, 19202|T M Patel International School, 19202|White Lotus International School",395007,,Apartment,Semi-Furnished,10,13,East,2450,Sq-ft,Less than 5 years,"Grab the chance to own this affordable 3 BHK flat for rent in the Vesu area. The Rent amount of this 3 BHK apartment is set at an attractive price of ₹35,000. Located on the 10 floor, the flat comprises 3 bathrooms, 1 balcony, and has a covered area of 2450 sqft. This unit features power back up, reserved parking, security, air conditioned, intercom facility, ro water system. Visit the flat at Opp. Agarwal Vidya Vihar School,New BRTS Canal Road, Vesu, Surat - 395007.",35000,105000,,14,3,,No,No,No,"Air Conditioned, Internet/Wi-Fi Connectivity, Banquet Hall, Bar/Lounge",True,True,Agent,53,Immediately,2026-04-09T06:12:39.000Z,"Apr 09, '26",True
c2VHped7kihzpSvf+uAgZw==,Magicbricks,https://www.magicbricks.com/property-details/3-BHK-2260-Sq-ft-Multistorey-Apartment-FOR-Rent-Vesu-in-Surat&id=4d423834313531383137,2026-04-19 13:52:36,21.1447177,72.7717775,,Vesu,"Surat, Gujarat","19210|Udhna Railway Station, 19202|G.D. Goenka International School, 19202|Bhagwan Mahavir College of Engineering Technology",,,Apartment,Semi-Furnished,1,13,East,2260,Sq-ft,Less than 5 years,"Wonderful property in Vesu location, Find this 3 BHK rental flat in Vesu Surat. This 3 BHK flat can be availed at the rental price of ₹35,000. This flat is fitted with reserved parking, security, service/goods lift, air conditioned, ro water system. Visit the flat at TP 75, FP42, Vesu Abhva, Vesu Main Road, Vesu, Surat, Gujarat .",35000,100000,0,15,3,,No,No,No,"Air Conditioned, Laundry Service, Banquet Hall, Bar/Lounge",True,True,Agent,51,Immediately,2026-04-08T20:47:59.000Z,"Apr 09, '26",True
0DRMvt48zjJzpSvf+uAgZw==,Magicbricks,https://www.magicbricks.com/property-details/3-BHK-1800-Sq-ft-Multistorey-Apartment-FOR-Rent-Citylight-Area-in-Surat&id=4d423833393332343333,2026-04-19 13:52:36,21.1666367,72.7955775,,Citylight Area,Raj tilak.,,,,Apartment,Semi-Furnished,11,11,,1800,Sq-ft,15 to 20 years,"good loction 3 BHK flat is available for rent in Citylight Area immediately. The flat is available for rent at a competitive amount of ₹35,000. Located on the 11 floor, the flat has 3 bathrooms, 4 balcony in covered area of 1800 sqft. The apartment comes furnished with power back up, reserved parking, security. The address is Raj tilak., Citylight Area, Surat, Gujarat.",35000,150000,,19,3,,Yes,No,No,"Banquet Hall, Jogging and Strolling Track",False,True,Agent,74,Immediately,2026-03-25T07:15:38.000Z,"Mar 25, '26",True
LDLIuZueS/lzpSvf+uAgZw==,Magicbricks,https://www.magicbricks.com/property-details/3-BHK-1600-Sq-ft-Multistorey-Apartment-FOR-Rent-Palanpur-Gam-in-Surat&id=4d423834323038313437,2026-04-19 13:52:36,21.21086,72.771334,,K K Real Estate,Pentagon residency palanpur canal rod near l p savani school,,,,Apartment,Semi-Furnished,9,13,East,1600,Sq-ft,Less than 5 years,"new project near by all company bus Stand 1 four wheeler parking alloted 3 BHK flat is available for rent in Palanpur Gam immediately. The 3 BHK apartment is available at a reasonable rent of ₹27,000. Located on the 9 floor, the flat has 2 bathrooms, 2 balcony in carpet area of 953 sqft. This unit is designed with power back up, reserved parking, security, service/goods lift, intercom facility, ro water system. This flat is located at F.P.101, T.P.8 , Palanpur, Nr, Gaurav Path, Surat, Gujarat .",27000,80000,,17,2,,Yes,No,No,"Service/Goods Lift, Laundry Service, Internet/Wi-Fi Connectivity, RO Water System",False,True,Agent,58,Immediately,2026-04-12T10:50:56.000Z,"Apr 12, '26",True
bRIyG5w/Q3JzpSvf+uAgZw==,Magicbricks,https://www.magicbricks.com/property-details/3-BHK-2100-Sq-ft-Multistorey-Apartment-FOR-Rent-Ghod-Dod-Road-in-Surat&id=4d423832303430343031,2026-04-19 13:52:36,21.17521,72.806447,,Ghod Dod Road,"Surat, Gujarat",,,,Apartment,Furnished,5,12,East,2100,Sq-ft,Less than 5 years,"3 BHK Fully Furnished Flat For Rent with all amenities available A beautiful 3 BHK flat is available for rent in Ghod Dod Road. The flat is available for rent at a competitive amount of ₹35,000. If you rent the flat, you will have access to facilities like Fridge, Sofa, Washing Machine, Dining Table and Gas Connection. The flat is on the 5 floor and includes 3 bathrooms, 3 balcony with a carpet area of 1450 sqft. You will also find 1 Covered parking facility. This unit features reserved parking. The apartment is located at Ghod Dod Road, Surat, Gujarat.",35000,105000,1,17,3,1 Covered,No,No,No,,True,True,Agent,73,Immediately,2026-02-26T02:16:21.000Z,"Feb 26, '26",True
o/DaQ6SZ2pRzpSvf+uAgZw==,Magicbricks,https://www.magicbricks.com/property-details/3-BHK-1643-Sq-ft-Multistorey-Apartment-FOR-Rent-Vesu-in-Surat&id=4d423737303139383633,2026-04-19 13:52:36,21.1447177,72.7717775,,Vesu,"Surat, Gujarat","19210|Udhna Railway Station, 19202|G.D. Goenka International School, 19202|Bhagwan Mahavir College of Engineering Technology",,,Apartment,Semi-Furnished,5,13,,1643,Sq-ft,New Construction,"for single person only If you are searching a 3 BHK apartment for rent in Vesu, check out this amazing rental flat. This 3 BHK flat can be availed at the rental price of ₹26,000. The flat is located on the 5 floor which includes 3 bathrooms, 1 balcony, and covers a covered area of 1643 sqft. The residence includes power back up, reserved parking, security, intercom facility, ro water system. The address is Vesu, Surat..",26000,75000,,16,3,,No,No,No,"Intercom Facility, RO Water System, Jogging and Strolling Track",True,True,Agent,54,Immediately,2026-04-11T07:15:46.000Z,"Apr 11, '26",True
0eQhqGwceWNzpSvf+uAgZw==,Magicbricks,https://www.magicbricks.com/property-details/3-BHK-1775-Sq-ft-Multistorey-Apartment-FOR-Rent-Palanpur-in-Surat&id=4d423833373731333737,2026-04-19 13:52:36,21.215963,72.770389,,Pramukh Estate,"Surat, Gujarat",,,,Apartment,Furnished,11,14,East,1775,Sq-ft,Less than 5 years,"Find this 3 BHK rental flat in Palanpur Surat. The Rent amount of this 3 BHK apartment is set at an attractive price of ₹30,000. The apartment is on the 11 floor, has a covered area of 1775 sqft with 3 bathrooms and 1 balcony. The property has 14 floor and is equipped with Kids play area facilities. The apartment comes furnished with air conditioned, intercom facility. Find this apartment at Gaurav Path Road, Palanpur, Surat.",30000,90000,,17,3,,No,No,No,"Air Conditioned, Banquet Hall, Bar/Lounge, Jogging and Strolling Track",False,True,Agent,71,Immediately,2026-03-13T13:55:31.000Z,"Mar 13, '26",True
adG7Xcvlc+tzpSvf+uAgZw==,Magicbricks,https://www.magicbricks.com/property-details/3-BHK-1700-Sq-ft-Multistorey-Apartment-FOR-Rent-Vesu-in-Surat&id=4d423833393032393131,2026-04-19 13:52:36,21.1447177,72.7717775,,Vesu,"Surat, Gujarat","19210|Udhna Railway Station, 19202|Bhagwan Mahavir College of Engineering Technology, 19202|T M Patel International School",,,Apartment,Furnished,7,12,South - East,1700,Sq-ft,5 to 10 years,"in 3 BHK flat is available for rent in Vesu immediately. The 3 BHK apartment is available at a reasonable rent of ₹38,000. The flat is on the 7 floor and includes 3 bathrooms, 1 balcony with a covered area of 1700 sqft. The residence includes power back up, reserved parking, security, service/goods lift, air conditioned, intercom facility, ro water system. The full address of the apartment is Vesu Main Road, Vesu, Surat, Gujarat .",38000,84000,20000,22,3,,No,No,No,"Air Conditioned, Banquet Hall, Bar/Lounge, Jogging and Strolling Track",True,True,Agent,58,Immediately,2026-03-22T14:38:55.000Z,"Mar 22, '26",True
Ya7rZ7a85utzpSvf+uAgZw==,Magicbricks,https://www.magicbricks.com/property-details/3-BHK-1737-Sq-ft-Multistorey-Apartment-FOR-Rent-Pal-in-Surat&id=4d423832373235303531,2026-04-19 13:52:36,21.1807801,72.7529018,,Pal,Gaurav Path pal,"19202|Lp Savani International School, 19202|Gajera Global School, 19206|Pal. Star World, 19206|Bellissimo Hub",,,Apartment,Unfurnished,7,14,East,1737,Sq-ft,Less than 5 years,"Best Connectivity To Railway station or Airport Check out this newly constructed 3 BHK flat on rent in the prime location of Pal Surat. The Rent amount of this 3 BHK apartment is set at an attractive price of ₹26,000. The apartment is on the 7 floor, has a covered area of 1737 sqft with 3 bathrooms and 3 balcony. This property offers power back up, reserved parking, security, intercom facility.",26000,78000,,15,3,,No,No,No,"Internet/Wi-Fi Connectivity, Banquet Hall, Bar/Lounge, Jogging and Strolling Track",True,True,Agent,58,Immediately,2026-03-07T14:53:06.000Z,"Mar 07, '26",True
Y1+Mebfw8KpzpSvf+uAgZw==,Magicbricks,https://www.magicbricks.com/property-details/3-BHK-1775-Sq-ft-Multistorey-Apartment-FOR-Rent-Palanpur-in-Surat&id=4d423831343232353433,2026-04-19 13:52:36,21.215963,72.770389,,Deepak Daryani,Pal Guarav Path,,,,Apartment,Semi-Furnished,5,14,East,1775,Sq-ft,,Shubham Pearl Spacious Modern Flat Prime Location Family Friendly Rent AvailableElegant Shubham Pearl Apartment Luxury Interiors Ready to Move In Rent NowShubham Pearl Residency Premium Amenities Secure Stylish Ideal Family HomeSpacious Shubham Pearl Flat Peaceful Neighborhood Modern Comforts Available,28000,84000,0,16,3,1 Covered,Yes,Yes,No,Jogging and Strolling Track,True,True,Agent,75,Immediately,2026-03-13T05:41:03.000Z,"Mar 13, '26",True
sZ4HK3y7yOdzpSvf+uAgZw==,Magicbricks,https://www.magicbricks.com/property-details/3-BHK-1738-Sq-ft-Multistorey-Apartment-FOR-Rent-Jahangirabad-in-Surat&id=4d423830313737353737,2026-04-19 13:52:36,21.216427,72.78212,,Pooja Real Estate,"Jahangirabad,Surat",,,,Apartment,Furnished,5,12,,1738,Sq-ft,Less than 5 years,"If you are planning to rent a flat, you can consider this 3 BHK flat situated in the prime location of Jahangirabad. You can get this flat at monthly rent of ₹30,000. Some added-on facilities available with the flat are 2 Wardrobe, 2 Bed, 2 AC and Sofa. The flat is located on the 5 floor which includes 3 bathrooms, 1 balcony, and covers a carpet area of 1000 sqft.",30000,90000,0,17,3,,No,No,No,,False,True,Agent,60,Immediately,2026-03-11T07:31:48.000Z,"Mar 11, '26",True
1pmN9gApELpzpSvf+uAgZw==,Magicbricks,https://www.magicbricks.com/property-details/3-BHK-2000-Sq-ft-Multistorey-Apartment-FOR-Rent-Pal-in-Surat&id=4d423834303430313433,2026-04-19 13:52:36,21.1807801,72.7529018,,Pal,"Gaurav Path Road, Palanpur","19202|Lp Savani International School, 19202|International Institute Of Management And Technical Studies (Iimt), 19206|Pal. Star World, 19206|Bellissimo Hub",,,Apartment,Semi-Furnished,6,14,East,2000,Sq-ft,5 to 10 years,"3 BHK Semi Furnished Flat For Rent with premium amenities available If you are planning to rent a flat, you can consider this 3 BHK flat situated in the prime location of Pal. Available at a rental price of ₹26,000, this 3 BHK flat is worth considering. Located on the 6 floor, the flat comprises 3 bathrooms, 3 balcony, and has a carpet area of 1400 sqft. 1 Covered parking space is also available. The property features power back up, reserved parking, security. The address is Gaurav Path Road, Palanpur, Pal, Surat, Gujarat.",26000,75000,1,13,3,1 Covered,No,No,No,,True,True,Agent,80,Immediately,2026-04-02T10:09:13.000Z,"Apr 02, '26",True
DfjfUGNeWKxzpSvf+uAgZw==,Magicbricks,https://www.magicbricks.com/property-details/3-BHK-1615-Sq-ft-Multistorey-Apartment-FOR-Rent-Vesu-in-Surat&id=4d423833373331303933,2026-04-19 13:52:36,21.1447177,72.7717775,,Vesu,"Althan, Surat.","19210|Udhna Railway Station, 19202|Bhagwan Mahavir College of Engineering Technology, 19202|White Lotus International School",,,Apartment,Furnished,9,12,East,1615,Sq-ft,10 to 15 years,"3 BHK apartment is available on rent in Vesu Surat right away. The apartment is available at an affordable rental price of ₹35,000. Here you can enjoy world class facilities like 2 Wardrobe, 3 Bed, Fridge, Microwave, 2 AC, Sofa, Washing Machine, Dining Table and Gas Connection. The flat is located on the 9 floor which includes 3 bathrooms, 1 balcony, and covers a carpet area of 1300 sqft. There is also facility of 1 Covered parking. The apartment is equipped with power back up, reserved parking, security.",35000,100000,3,22,3,1 Covered,Yes,Yes,No,Jogging and Strolling Track,False,True,Agent,98,Immediately,2026-03-11T07:36:11.000Z,"Mar 11, '26",True
JI+MGml/m/FzpSvf+uAgZw==,Magicbricks,https://www.magicbricks.com/property-details/3-BHK-2501-Sq-ft-Multistorey-Apartment-FOR-Rent-Vesu-in-Surat&id=4d423831373036333735,2026-04-19 13:52:36,21.1447177,72.7717775,,Vesu,vesu near Gail colony sunshine residency,"19210|Udhna Railway Station, 19202|G.D. Goenka International School, 19202|Bhagwan Mahavir College of Engineering Technology",,,Apartment,Unfurnished,3,12,East,2501,Sq-ft,New Construction,"its good campus with all modern amenities You can explore this 3 BHK flat on rent in Vesu Surat. You can get this flat at monthly rent of ₹35,000. The apartment is on the 3 floor, has a carpet area of 1297 sqft with 3 bathrooms and 1 balcony. 1 Covered parking space is also available. The apartment is equipped with power back up, reserved parking, security, visitor parking.",35000,100000,4897,14,3,1 Covered,Yes,No,No,"Visitor Parking, Banquet Hall",False,True,Agent,100,Immediately,2026-03-06T07:00:56.000Z,"Mar 06, '26",True
MgN45sIN+iZzpSvf+uAgZw==,Magicbricks,https://www.magicbricks.com/property-details/3-BHK-1875-Sq-ft-Multistorey-Apartment-FOR-Rent-Althan-in-Surat&id=4d423830373030323533,2026-04-19 13:52:36,21.1493019,72.8053877,,Althan,"3 BHK, Multistorey Apartment For Rent in Althan, Surat","19201|Software Technology Parks Of India (Stpi) Surat, 19202|South Indian Talent School, 19202|Broadway International School",,,Apartment,Unfurnished,Ground,12,East,1875,Sq-ft,Less than 5 years,"3 BHK, Multistorey Apartment For Rentin Althan, Surat 3 BHK apartment is available on rent in Althan Surat right away. The apartment is available at an affordable rental price of ₹38,000. The apartment is on the Ground floor, has a carpet area of 1055 sqft with 3 bathrooms and 1 balcony. The flat comes with power back up, reserved parking, security, service/goods lift, air conditioned, visitor parking, intercom facility, ro water system. The full address of the apartment is Althan - Sarsana Rd, Surat, Gujarat .",38000,100000,2800,20,3,,No,No,No,"Air Conditioned, Internet/Wi-Fi Connectivity, Banquet Hall, Jogging and Strolling Track",False,True,Agent,87,Immediately,2026-03-16T00:55:51.000Z,"Mar 16, '26",True
R3yp3EUckqhzpSvf+uAgZw==,Magicbricks,https://www.magicbricks.com/property-details/3-BHK-2113-Sq-ft-Multistorey-Apartment-FOR-Rent-Althan-in-Surat&id=4d423832343731363531,2026-04-19 13:52:36,21.1493019,72.8053877,,Althan,Althan,"19201|Software Technology Parks Of India (Stpi) Surat, 19202|I.G. Desai School, 19202|South Indian Talent School",,,Apartment,Unfurnished,6,12,North - East,2113,Sq-ft,Less than 5 years,"You can explore this 3 BHK flat on rent in Althan Surat. The apartment is available at an affordable rental price of ₹30,000. The flat is located on the 6 floor which includes 3 bathrooms, 1 balcony, and covers a covered area of 2113 sqft. This property offers power back up, reserved parking, security, air conditioned, intercom facility, ro water system.",30000,90000,,14,3,,No,No,No,"Air Conditioned, Internet/Wi-Fi Connectivity, Banquet Hall, Bar/Lounge",True,True,Agent,53,Immediately,2026-04-11T05:17:12.000Z,"Apr 11, '26",True
6WwfiQwHUwpzpSvf+uAgZw==,Magicbricks,https://www.magicbricks.com/property-details/3-BHK-1700-Sq-ft-Multistorey-Apartment-FOR-Rent-Citylight-Area-in-Surat&id=4d423833383931313231,2026-04-19 13:52:36,21.1666367,72.7955775,,Citylight Area,Citylight,,,,Apartment,Furnished,11,11,South -West,1700,Sq-ft,10 to 15 years,"3 BHK Furnished Flat For Rent in prime location of citylight Grab the chance to own this affordable 3 BHK flat for rent in the Citylight Area area. This 3 BHK flat is available at the reasonable rent amount of ₹35,000. The residents of the flat have access to additional facilities such as 3 Wardrobe, 3 Bed, 1 AC, Dining Table and Gas Connection. Located on the 11 floor, the flat has 3 bathrooms, 2 balcony in carpet area of 1000 sqft. You will also find 1 Covered parking facility. This unit is designed with power back up, reserved parking, security. Visit the flat at Citylight, Citylight Area, Surat, Gujarat.",35000,105000,1,21,3,1 Covered,No,No,No,,True,True,Agent,95,Immediately,2026-03-21T09:39:13.000Z,"Mar 21, '26",True
E2QQSkYfPN5zpSvf+uAgZw==,Magicbricks,https://www.magicbricks.com/property-details/5-BHK-9550-Sq-ft-Multistorey-Apartment-FOR-Rent-VIP-Road-in-Surat&id=4d423833373337333935,2026-04-19 13:52:36,21.1413009,72.7813698,,VIP Road,"VIP Road,Surat",,,,Apartment,Furnished,12,19,East,9550,Sq-ft,2014,"If you are planning to rent a flat, you can consider this 5 BHK flat situated in the prime location of VIP Road. ₹3 Lac is the monthly rent of this 5 BHK flat. 4 Wardrobe, 4 Bed, 2 TV, Fridge, Microwave, 4 AC, Sofa, Washing Machine, Dining Table and Gas Connection are some of the additional amenities available with the apartment. The apartment is on the 12 floor, has a carpet area of 6500 sqft with 5 bathrooms and 2 balcony. There is also facility of 3 Covered parking. The building has 19 floor and offers Kids Club, Kids Play Pool With Water Slides amenities. The apartment comes furnished with power back up, reserved parking, security. The address is VIP Road, Surat.",299000,1800000,25000,31,5,3 Covered,Yes,No,No,Jogging and Strolling Track,True,True,Agent,75,Immediately,2026-03-11T11:47:32.000Z,"Mar 11, '26",True
EMNFF2qbxIVzpSvf+uAgZw==,Magicbricks,https://www.magicbricks.com/property-details/5-BHK-9450-Sq-ft-Multistorey-Apartment-FOR-Rent-VIP-Road-in-Surat&id=4d423833373131343937,2026-04-19 13:52:36,21.1413009,72.7813698,,VIP Road,"Surat, Gujarat",,,,Apartment,Furnished,4,19,East,9450,Sq-ft,Less than 5 years,"Multistory apartment is available for rent. It has a covered area of 9450 sq-ft, it is a good location. Please contact for more details. 5 BHK apartment is available on rent in VIP Road Surat right away. ₹2.8 Lac is the monthly rent of this 5 BHK flat. The flat is located on the 4 floor which includes 5 bathrooms, 2 balcony, and covers a covered area of 9450 sqft. This property includes 19 floor and provides Kids Club, Kids Play Pool With Water Slides benefits. This unit is designed with power back up, reserved parking, security, service/goods lift, air conditioned, intercom facility, ro water system. The address is VIP Road, Surat. This 5 BHK apartment ad is listed by the owner, so there is no brokerage fee.",280000,840000,,30,5,,No,No,No,"Air Conditioned, Banquet Hall, Jogging and Strolling Track, Outdoor Tennis Courts",False,False,Owner,76,Immediately,2026-03-10T02:46:22.000Z,"Mar 10, '26",True
7W6zNx+mLQNzpSvf+uAgZw==,Magicbricks,https://www.magicbricks.com/property-details/2-BHK-1250-Sq-ft-Multistorey-Apartment-FOR-Rent-Adajan-in-Surat&id=4d423831363737333639,2026-04-19 13:52:36,21.1973663,72.782489,,Adajan,"Pal ,Adajan","19202|Ryan International School Cbse, 19202|International Institute Of Management And Technical Studies (Iimt), 19206|Bellissimo Hub, 19206|Imperial Square Mall",,,Apartment,Semi-Furnished,2,14,West,1250,Sq-ft,5 to 10 years,"2 BHK Semi Furnished Flat For Rent with all amenities available If you are planning to rent a flat, you can consider this 2 BHK flat situated in the prime location of Adajan. The apartment is available at an affordable rental price of ₹20,000. Located on the 2 floor, the flat comprises 2 bathrooms, 1 balcony, and has a carpet area of 800 sqft. This home provides power back up, security, visitor parking. You can visit the flat at Pal ,Adajan, Adajan, Surat, Gujarat.",20000,60000,,16,2,,Yes,No,Yes,Visitor Parking,True,True,Agent,66,Immediately,2026-02-26T02:14:11.000Z,"Feb 26, '26",True
E7/m6bj8GTdzpSvf+uAgZw==,Magicbricks,https://www.magicbricks.com/property-details/2-BHK-1245-Sq-ft-Multistorey-Apartment-FOR-Rent-Vesu-in-Surat&id=4d423833353934393339,2026-04-19 13:52:36,21.1447177,72.7717775,,Vesu,canal road Vesu,"19210|Udhna Railway Station, 19202|T M Patel International School, 19202|White Lotus International School",,,Apartment,Semi-Furnished,5,14,East,1245,Sq-ft,Less than 5 years,"in If you are planning to rent a flat, you can consider this 2 BHK flat situated in the prime location of Vesu. Available at a rental price of ₹20,000, this 2 BHK flat is worth considering. The flat is located on the 5 floor which includes 2 bathrooms, 1 balcony, and covers a covered area of 1245 sqft. The property features power back up, reserved parking, security, service/goods lift, air conditioned, intercom facility, ro water system. Visit the apartment at Canal Rd, Vesu, Surat, Gujarat.",20000,60000,10000,16,2,,No,No,No,"Air Conditioned, Banquet Hall, Bar/Lounge, Jogging and Strolling Track",True,True,Agent,60,Immediately,2026-02-28T10:08:27.000Z,"Feb 28, '26",True
y3sImhrjYYpzpSvf+uAgZw==,Magicbricks,https://www.magicbricks.com/property-details/2-BHK-1180-Sq-ft-Multistorey-Apartment-FOR-Rent-Palanpur-in-Surat&id=4d423832373235383933,2026-04-19 13:52:36,21.215963,72.770389,,Shivaay Realty,Gaurav Path Road Nr Fire Station,,,,Apartment,Unfurnished,9,14,East,1180,Sq-ft,New Construction,"Newly constructed Building 2 BHK flat is available for rent in Palanpur immediately. Available at a rental price of ₹17,500, this 2 BHK flat is worth considering. Located on the 9 floor, the flat comprises 2 bathrooms, 2 balcony, and has a covered area of 1180 sqft. The residence includes power back up, reserved parking, security, intercom facility. Find this apartment at Nakshatra Embassy Rd, Palanpur, Surat, Gujarat .",17500,52500,,15,2,,No,No,No,"Laundry Service, Banquet Hall, Bar/Lounge, Jogging and Strolling Track",True,True,Agent,58,Immediately,2026-03-07T14:50:44.000Z,"Mar 07, '26",True
CVH+uEJ7j+xzpSvf+uAgZw==,Magicbricks,https://www.magicbricks.com/property-details/2-BHK-1252-Sq-ft-Multistorey-Apartment-FOR-Rent-Jahangirabad-in-Surat&id=4d423831343138343637,2026-04-19 13:52:36,21.216427,72.78212,,Deepak Daryani,Pal Guarav Path,,,,Apartment,Furnished,7,14,East,1252,Sq-ft,,"Grab the chance to own this affordable 2 BHK flat for rent in the Jahangirabad area. The Rent amount of this 2 BHK apartment is set at an attractive price of ₹20,000. If you rent the flat, you will have access to facilities like 2 Wardrobe, 2 Bed, 1 TV, Fridge, 1 AC, Sofa, Washing Machine, Dining Table and Gas Connection. Located on the 7 floor, the flat has 2 bathrooms, 1 balcony in covered area of 1252 sqft. The property includes 1 Covered parking. This property offers power back up, reserved parking, security. Visit the flat at Jahangirabad, Surat Gujrat .",20000,60000,0,16,2,1 Covered,Yes,Yes,No,Jogging and Strolling Track,True,True,Agent,75,Immediately,2026-03-15T07:29:20.000Z,"Mar 15, '26",True
M5YrtTcxsmxzpSvf+uAgZw==,Magicbricks,https://www.magicbricks.com/property-details/2-BHK-1300-Sq-ft-Multistorey-Apartment-FOR-Rent-Adajan-in-Surat&id=4d423738343231393833,2026-04-19 13:52:36,21.1973663,72.782489,,Adajan,"Surat, Gujarat","19202|Lp Savani International School, 19202|Imperial International School, 19206|Rajhans Theatre, 19206|Bellissimo Hub",,,Apartment,Furnished,4,5,,1300,Sq-ft,5 to 10 years,"Check out this newly constructed 2 BHK flat on rent in the prime location of Adajan Surat. The apartment is available at an affordable rental price of ₹22,000. Located on the 4 floor, the flat has 2 bathrooms, 2 balcony in carpet area of 800 sqft. Visit the flat at Adajan, Surat, Gujarat.",22000,,,17,2,,No,No,No,,False,True,Agent,59,Immediately,2026-03-11T07:39:50.000Z,"Mar 11, '26",True
iUmnUWZBscRzpSvf+uAgZw==,Magicbricks,https://www.magicbricks.com/property-details/2-BHK-1450-Sq-ft-Multistorey-Apartment-FOR-Rent-Palanpur-in-Surat&id=4d423834313436323439,2026-04-19 13:52:36,21.215963,72.770389,,Thakkar Skyline Real Estate,"Surat, Gujarat",,,,Apartment,Semi-Furnished,8,14,East,1450,Sq-ft,5 to 10 years,"2 BHK Semi Furnished Flat For Rent 2 BHK flat is available for rent in Palanpur immediately. You can get this flat at monthly rent of ₹18,500. Located on the 8 floor, the flat has 2 bathrooms, 1 balcony in carpet area of 950 sqft. This flat is fitted with power back up, reserved parking, security. You can visit the flat at Palanpur, Surat, Gujarat.",18500,5500,1,13,2,,No,No,No,,True,True,Agent,58,Immediately,2026-04-08T12:02:49.000Z,"Apr 08, '26",True
yFBRCmv1WwdzpSvf+uAgZw==,Magicbricks,https://www.magicbricks.com/property-details/2-BHK-1400-Sq-ft-Multistorey-Apartment-FOR-Rent-Vesu-in-Surat&id=4d423732303239303333,2026-04-19 13:52:36,21.1447177,72.7717775,,Vesu,Vesu.,"19210|Udhna Railway Station, 19202|Bhagwan Mahavir College of Engineering Technology, 19202|G.D. Goenka International School",,,Apartment,Semi-Furnished,3,12,,1400,Sq-ft,10 to 15 years,"2bhk flat for rent in vesu,surat. Check out this newly constructed 2 BHK flat on rent in the prime location of Vesu Surat. The multistorey apartment is available at rent of ₹16,000. The apartment is on the 3 floor, has a carpet area of 900 sqft with 2 bathrooms and 1 balcony. 1 Covered parking space is also available. This home provides power back up, reserved parking, security. The full address of the apartment is Vesu., Vesu, Surat, Gujarat.",16000,50000,0,11,2,1 Covered,No,No,No,,True,True,Agent,91,Immediately,2026-04-11T07:15:48.000Z,"Apr 11, '26",True
WJdWFxaGWTVzpSvf+uAgZw==,Magicbricks,https://www.magicbricks.com/property-details/2-BHK-1514-Sq-ft-Multistorey-Apartment-FOR-Rent-VIP-Road-in-Surat&id=4d423832363834353933,2026-04-19 13:52:36,21.1413009,72.7813698,,VIP Road,"2nd Vip Road, Surat.",,,,Apartment,Unfurnished,7,13,North,1514,Sq-ft,New Construction,Details 3 Towers 13 Floors 1514 Sq.Ft Area New Construction Ready Possession AmenitiesGymnasium Kids Play Area JoggingCycle Track Indoor Games ClubhouseYogaMeditation Zones Landscaped Gardens Power Backup Play Areas And more,25000,75000,3,17,2,1 Covered,Yes,Yes,No,Jogging and Strolling Track,False,True,Agent,100,Immediately,2026-02-23T04:36:05.000Z,"Feb 23, '26",True
GBNqygY8Dg9zpSvf+uAgZw==,Magicbricks,https://www.magicbricks.com/property-details/2-BHK-1310-Sq-ft-Multistorey-Apartment-FOR-Rent-Vesu-in-Surat&id=4d423832313039363239,2026-04-19 13:52:36,21.1447177,72.7717775,,Vesu,"Surat, Gujarat","19210|Udhna Railway Station, 19202|Bhagwan Mahavir College of Engineering Technology, 19202|White Lotus International School",,,Apartment,Unfurnished,9,12,East,1310,Sq-ft,Less than 5 years,"Multistorey apartment is available for rent. It has a covered area of 1310 sq-ft, it nis 2 BHK apartment. Please contact for more details. If you are planning to rent a flat, you can consider this 2 BHK flat situated in the prime location of Vesu. You can get this flat at monthly rent of ₹23,000. The flat is located on the 9 floor which includes 2 bathrooms, 1 balcony, and covers a covered area of 1310 sqft. This home provides power back up, reserved parking, security, air conditioned, visitor parking, intercom facility, ro water system. Visit the flat at Vesu, Surat, Gujarat .",23000,65000,,18,2,,No,No,No,"Air Conditioned, Internet/Wi-Fi Connectivity, RO Water System, Banquet Hall",False,True,Agent,68,Immediately,2026-03-14T01:12:11.000Z,"Mar 14, '26",True
MZjVc30BkBxzpSvf+uAgZw==,Magicbricks,https://www.magicbricks.com/property-details/2-BHK-1450-Sq-ft-Multistorey-Apartment-FOR-Rent-Palanpur-in-Surat&id=4d423739383732363239,2026-04-19 13:52:36,21.215963,72.770389,,Topdeal Properties,Gaurav path Road,,,,Apartment,Unfurnished,5,12,East,1450,Sq-ft,Less than 5 years,"2 BHK Flat For Rent in Gaurav Path Road Find 2 BHK flat for rent in Palanpur Surat. The Rent amount of this 2 BHK apartment is set at an attractive price of ₹15,000. The flat is on the 5 floor and includes 2 bathrooms, 1 balcony with a carpet area of 950 sqft. You will also find 1 Covered parking facility. This property offers reserved parking. This flat is located at Gaurav path Road, Palanpur, Surat, Gujarat.",15000,45000,1,10,2,1 Covered,No,No,No,,True,True,Agent,95,Immediately,2026-03-21T12:19:47.000Z,"Mar 21, '26",True
D6X9XR82aiZzpSvf+uAgZw==,Magicbricks,https://www.magicbricks.com/property-details/2-BHK-1420-Sq-ft-Multistorey-Apartment-FOR-Rent-Vesu-in-Surat&id=4d423832343632393531,2026-04-19 13:52:36,21.1447177,72.7717775,,Vesu,vesu,"19210|Udhna Railway Station, 19202|White Lotus International School, 19202|T M Patel International School",,,Apartment,Unfurnished,6,12,East,1420,Sq-ft,10 to 15 years,"Check out this newly constructed 2 BHK flat on rent in the prime location of Vesu Surat. The Rent amount of this 2 BHK apartment is set at an attractive price of ₹21,000. Located on the 6 floor, the flat has 2 bathrooms, 1 balcony in covered area of 1420 sqft. This property offers power back up, reserved parking, security, air conditioned, intercom facility, ro water system. The apartment is located at VIP Road, Vesu, Surat, Gujarat.",21000,63000,,15,2,,No,No,No,"Air Conditioned, Banquet Hall, Bar/Lounge, Jogging and Strolling Track",False,True,Agent,73,Immediately,2026-04-09T04:06:38.000Z,"Apr 09, '26",True
4TD8UVlT4olzpSvf+uAgZw==,Magicbricks,https://www.magicbricks.com/property-details/1-BHK-200-Sq-ft-Residential-House-FOR-Rent-Vesu-in-Surat&id=4d423833393238343839,2026-04-19 13:52:36,21.1447177,72.7717775,,Vesu,Vesu,"19210|Udhna Railway Station, 19202|White Lotus International School, 19202|G.D. Goenka International School",,,Residential House,Semi-Furnished,,,North,200,Sq-ft,10 to 15 years,"1. RK second floor with semi furnished bed wardrobe. Western toilet private teres society bahut acchi hai only family allow You can find this 1 BHK house on rent in a good area of Vesu. The monthly rent of the independent house is ₹10,000. You will also find Puja Room and Store in the house. The address of this house is Vesu, Vesu, Surat, Gujarat.",10000,30000,,50,1,,No,No,No,,True,True,Agent,75,Immediately,2026-03-24T18:03:12.000Z,"Mar 24, '26",True
7D6bkgG65/dzpSvf+uAgZw==,Magicbricks,https://www.magicbricks.com/property-details/1-BHK-420-Sq-ft-Residential-House-FOR-Rent-Laskana-in-Surat&id=4d423834323937363733,2026-04-19 13:52:36,21.252209,72.929351,,Milan,"361 Bholanath Nagar society, Laskana, Surat",,,,Residential House,Unfurnished,,,East,,,New Construction,"Located in Laskana, you can find the 1 BHK house available on rent. The monthly rent is a ₹6,000. This house is located at 361 Bholanath Nagar society, Laskana, Surat, Laskana, Surat, Gujarat.",6000,15000,175,,1,,No,No,No,,False,False,Owner,48,Select Date,2026-04-18T08:20:43.000Z,Yesterday,True
NjIGrROPeXJzpSvf+uAgZw==,Magicbricks,https://www.magicbricks.com/property-details/1-BHK-700-Sq-ft-Residential-House-FOR-Rent-Jahangir-Pura-in-Surat&id=4d423834303937303839,2026-04-19 13:52:36,21.247161,72.8018701,,Jahangir Pura,"Surat, Gujarat",,,,Residential House,Unfurnished,,,,700,Sq-ft,,"The beautiful 1 BHK house is now available for rent in the premium location of Jahangir Pura. The monthly rental of the house is ₹11,000. This house is located at Jahangir Pura, Surat, Gujarat.",11000,,,16,1,,No,No,No,,False,False,Owner,0,Immediately,2026-04-06T07:53:34.000Z,"Apr 06, '26",True
CvC4wK/3M71zpSvf+uAgZw==,Magicbricks,https://www.magicbricks.com/property-details/1-BHK-700-Sq-ft-Residential-House-FOR-Rent-Bhagal-in-Surat&id=4d423833333233303831,2026-04-19 13:52:36,21.1680219,72.864102,,Bhagal,"Surat, Gujarat",,,,Residential House,Unfurnished,,,,700,Sq-ft,,"The 1 BHK house is currently available for rent in Bhagal. You will also have to pay a monthly rent of ₹20,000. The house is located at Bhagal, Surat, Gujarat.",20000,,,29,1,,No,No,No,,False,False,Owner,0,Immediately,2026-02-09T06:27:22.000Z,"Feb 09, '26",True
+iVbWfF9p+RzpSvf+uAgZw==,Magicbricks,https://www.magicbricks.com/property-details/2-BHK-1200-Sq-ft-Residential-House-FOR-Rent-Adajan-in-Surat&id=4d423833393230393933,2026-04-19 13:52:36,21.1973663,72.782489,,Adajan,"229, Maher Nagar, Near BAPS Hospital, Adajan Road, Surat","19202|Gajera Global School, 19202|Ryan International School Cbse, 19206|Imperial Square Mall, 19206|Bellissimo Hub",,,Residential House,Unfurnished,,,,1200,Sq-ft,,"The 2 BHK house is currently available for rent in Adajan. The house is available at a monthly rental price of ₹40,000. This house is situated at 229, Maher Nagar, Near BAPS Hospital, Adajan Road, Surat, Adajan, Surat, Gujarat.",40000,80000,,33,2,,No,No,No,,False,False,Owner,63,Immediately,2026-03-24T08:21:38.000Z,"Mar 24, '26",True
YSQiUvHZnghzpSvf+uAgZw==,Magicbricks,https://www.magicbricks.com/property-details/2-BHK-800-Sq-ft-Residential-House-FOR-Rent-Adajan-in-Surat&id=4d423833313439313135,2026-04-19 13:52:36,21.1973663,72.782489,,Adajan,"Surat, Gujarat","19202|International Institute Of Management And Technical Studies (Iimt), 19202|Gajera Global School, 19206|Imperial Square Mall, 19206|Bellissimo Hub",,,Residential House,Furnished,,,,800,Sq-ft,,"Check out this 2 BHK house available for rent in the popular location of Adajan. The monthly rental of the house is ₹28,000. This house is situated at Adajan, Surat, Gujarat.",28000,,,35,2,,No,No,No,,False,False,Owner,0,Immediately,2026-04-05T21:30:35.000Z,"Apr 06, '26",True
m/+pujUBGxhzpSvf+uAgZw==,Magicbricks,https://www.magicbricks.com/property-details/2-BHK-800-Sq-ft-Residential-House-FOR-Rent-in-Surat&id=4d423832373739373735,2026-04-19 13:52:36,,,,Rama Group Real Estate,near Vedam international college,,,,Residential House,Unfurnished,,,North,800,Sq-ft,New Construction,"You can find this 2 BHK house on rent in a good area of eklera chokdi Dindoli. You can find this house at rent of ₹10,000 per month. The house also has Puja Room.",10000,20000,500,12,2,,No,No,No,Air Conditioned,False,True,Agent,80,Immediately,2026-04-17T23:45:20.000Z,Yesterday,True
XYFY4tV6zqBzpSvf+uAgZw==,Magicbricks,https://www.magicbricks.com/property-details/2-BHK-5-Sq-ft-Residential-House-FOR-Rent-Kosad-in-Surat&id=4d423539363838343433,2026-04-19 13:52:36,21.261573,72.854062,,Shailesh,amroli,,,,Residential House,Unfurnished,,,,,,New Construction,"This 2 BHK house is up for rent in the well-known Kosad area. The monthly rent of the independent house is ₹5,000. The house is located at amroli, Kosad, Surat, Gujarat.",5000,50,100,,1,,No,No,No,,False,False,Owner,33,Immediately,2026-03-22T05:44:41.000Z,"Mar 22, '26",True
HVdzaUP1E2hzpSvf+uAgZw==,Magicbricks,https://www.magicbricks.com/property-details/3-BHK-1800-Sq-ft-Residential-House-FOR-Rent-LP-Savani-in-Surat&id=4d423834323336343537,2026-04-19 13:52:36,21.1991,72.78237,,Neelkanth Property,"Surat, Gujarat",,,,Residential House,Furnished,,,East,1800,Sq-ft,10 to 15 years,"3 BHK Fully Furnished Row House For Rent with all amenities available Check out this 3 BHK house for rent in locality. The house is available at the rent of ₹30,000 per month. You will also find Puja Room and Store in the house. The house is located at LP Savani, Surat, Gujarat.",30000,90000,1,17,3,,Yes,No,No,Air Conditioned,True,True,Agent,55,Immediately,2026-04-14T13:39:45.000Z,"Apr 14, '26",True
zWqLlQ0rVltzpSvf+uAgZw==,Magicbricks,https://www.magicbricks.com/property-details/3-BHK-175-Sq-yrd-Residential-House-FOR-Rent-in-Surat&id=4d423739373631333635,2026-04-19 13:52:36,21.11013605,72.71941838,,Aditya Property Management,"Dumas Road, Surat.",,,,Residential House,Unfurnished,1,1,East,175,Sq-yrd,5 to 10 years,"3 BHK Bungalow For RentFully FurnsihedWith ElectronicsPersonal Garden AreaVictoria Palm, Dumas. This 3 BHK rental house is located in a key location of Dumas area. The house is available at the rent of ₹40,000 per month. The house is on the 1st floor, includes 3 bathrooms and 3 balcony. 1 Covered parking facility is also available. The tenants of the house have access to additional facilities such as 3 Wardrobe, 2 Bed, 1 TV, Fridge, 4 AC, Sofa, Washing Machine and Gas Connection. The house comes with marble flooring. The house also provides Puja Room, Store and Servant Room. This house is situated at Dumas Road, Surat., Dumas, Surat, Gujarat.",40000,120000,2,25,3,1 Covered,Yes,Yes,No,Jogging and Strolling Track,False,True,Agent,100,Immediately,2026-04-14T04:58:48.000Z,"Apr 14, '26",True
OWyHcPiU4MdzpSvf+uAgZw==,Magicbricks,https://www.magicbricks.com/property-details/3-BHK-1800-Sq-ft-Villa-FOR-Rent-Narthan-in-Surat&id=4d423831343939303931,2026-04-19 13:52:36,21.2753182,72.7031208,,Akhilesht,"Surat, Gujarat",,,,Villa,Semi-Furnished,,,East,1800,Sq-ft,New Construction,"3 BHK, Villa is available for Rent in Narthan, Surat for 12,000",12000,24000,0,7,3,1 Open,No,Yes,No,Jogging and Strolling Track,False,True,Owner,53,Immediately,2026-04-13T11:24:22.000Z,"Apr 13, '26",True
p6vZ7Vb1ITxzpSvf+uAgZw==,Magicbricks,https://www.magicbricks.com/property-details/3-BHK-850-Sq-ft-Residential-House-FOR-Rent-in-Surat&id=4d423832373739313331,2026-04-19 13:52:36,,,,Rama Group Real Estate,near Vedam international college,,,,Residential House,Semi-Furnished,,,North,850,Sq-ft,New Construction,"You can find this 3 BHK house on rent in a good area of maruti villa eklera chokdi 3. The monthly rent of the property is ₹15,000. The house also has Puja Room.",15000,30000,500,18,2,,No,No,No,Air Conditioned,False,True,Agent,75,Immediately,2026-04-17T23:45:20.000Z,Yesterday,True
nCiJYLUISEFzpSvf+uAgZw==,Magicbricks,https://www.magicbricks.com/property-details/3-BHK-2500-Sq-ft-Residential-House-FOR-Rent-Pal-in-Surat&id=4d423833363830363039,2026-04-19 13:52:36,21.1807801,72.7529018,,Pal,Madhav Baug Row House,"19202|Seven Steps School, 19202|Gajera Global School, 19206|Bellissimo Hub, 19206|Pal. Star World",,,Residential House,Semi-Furnished,,,,2500,Sq-ft,,"Situated in Pal, this 3 BHK individual house is currently available for rent out. The house is avaliable at a monthly rent of ₹20,000. The address of the house is Madhav Baug Row House, Pal, Surat, Gujarat.",20000,60000,,8,4,,No,No,No,,False,True,Owner,53,Immediately,2026-04-10T02:36:38.000Z,"Apr 10, '26",True
2ojEf0UxnqlzpSvf+uAgZw==,Magicbricks,https://www.magicbricks.com/property-details/3-BHK-2800-Sq-ft-Residential-House-FOR-Rent-Adajan-in-Surat&id=4d423833383234313331,2026-04-19 13:52:36,21.1973663,72.782489,,Adajan,"Surat, Gujarat","19202|Tnj International School, 19202|Lp Savani International School, 19206|Bellissimo Hub, 19206|Walkway Mall",,,Residential House,Semi-Furnished,,,East,2800,Sq-ft,5 to 10 years,"silent society You can find this 3 BHK rental house in the main area of Adajan. You can find this house at rent of ₹25,000 per month. You will also find Store in the house. Adajan, Surat, Gujarat is the address of the house.",25000,75000,500,9,3,,Yes,No,No,"Air Conditioned, RO Water System",True,True,Agent,77,Immediately,2026-03-17T11:19:32.000Z,"Mar 17, '26",True
DNArpriK2gdzpSvf+uAgZw==,Magicbricks,https://www.magicbricks.com/property-details/3-BHK-1000-Sq-ft-Residential-House-FOR-Rent-Jahangirabad-in-Surat&id=4d423739373035333133,2026-04-19 13:52:36,21.216427,72.78212,,Topdeal Properties,Jahangirabad,,,,Residential House,Semi-Furnished,,,East,1000,Sq-ft,5 to 10 years,"3 BHK Semi Furnished Row House For rent Located in Jahangirabad, you can find the 3 BHK house available on rent. You will also have to pay a monthly rent of ₹17,000. You will also find 1 Open parking facility in the house. Live in the house and get access to various useful facilities such as 1 Bed and 1 Wardrobe. The house flooring is made of marble. In addition, the house includes Puja Room and Store. The address of the house is Jahangirabad, Jahangirabad, Surat, Gujarat.",17000,51000,1,17,3,1 Open,No,No,No,,True,True,Agent,93,Immediately,2026-03-21T12:19:48.000Z,"Mar 21, '26",True
z+bBlRk+J+ZzpSvf+uAgZw==,Magicbricks,https://www.magicbricks.com/property-details/3-BHK-1500-Sq-ft-Villa-FOR-Rent-Vesu-in-Surat&id=4d423830363436313131,2026-04-19 13:52:36,21.1447177,72.7717775,,Vesu,near homeland city piplod vesu road,"19210|Udhna Railway Station, 19202|White Lotus International School, 19202|Bhagwan Mahavir College of Engineering Technology",,,Villa,Furnished,,,East,1500,Sq-ft,10 to 15 years,3 and 4bedroom rowhouse for rent for veg family at sharashwat nagar piplod . all the facility for family near by house,70000,210000,2250,47,3,1 Open,No,No,No,,False,True,Agent,95,Immediately,2026-03-18T07:41:27.000Z,"Mar 18, '26",True
Uxhgr1sz++RzpSvf+uAgZw==,Magicbricks,https://www.magicbricks.com/property-details/2-BHK-600-Sq-ft-Villa-FOR-Rent-Olpad-Sayan-Road-in-Surat&id=4d423832353833383935,2026-04-19 13:52:36,21.329496,72.770949,,Olpad Sayan Road,plot no 30 olpad sayan road Surat,,,,Villa,Unfurnished,,,East,600,Sq-ft,New Construction,new home.................................,7000,12000,500,12,3,"1 Covered, 1 Open",No,No,Yes,Banquet Hall,False,False,Owner,100,Immediately,2026-03-29T17:14:25.000Z,"Mar 29, '26",True
/VqIZMyAi/lzpSvf+uAgZw==,Magicbricks,https://www.magicbricks.com/property-details/1-BHK-480-Sq-ft-Residential-House-FOR-Rent-Dindoli-in-Surat&id=4d423833343230313037,2026-04-19 13:52:36,21.152422,72.874251,,santosh,"Surat, Gujarat",,,,Residential House,Unfurnished,,,,480,Sq-ft,,"A residential house is available for rent. It is a good location. Please contact for more details. The 1 BHK house is currently available for rent in Dindoli. The monthly rent is a ₹6,000. Dindoli, Surat is the address of the house.",6000,,,12,1,,No,No,No,,False,False,Owner,31,Select Date,2026-02-15T10:05:37.000Z,"Feb 15, '26",True
QUINtZ/5YetzpSvf+uAgZw==,Magicbricks,https://www.magicbricks.com/property-details/1-BHK-470-Sq-ft-Residential-House-FOR-Rent-Devadh-in-Surat&id=4d423833363430353735,2026-04-19 13:52:36,21.17175,72.88687,,m p,"Surat, Gujarat",,,,Residential House,Semi-Furnished,,,,,,New Construction,"This 1 BHK rental house is located in a key location of Devadh area. The monthly rent is a ₹5,000. The address of this house is Devadh, Surat, Gujarat.",5000,15000,,,1,,No,No,No,,False,False,Owner,26,Immediately,2026-03-05T02:35:11.000Z,"Mar 05, '26",True
PGm/BV08NVBzpSvf+uAgZw==,Magicbricks,https://www.magicbricks.com/property-details/1-BHK-400-Sq-ft-Residential-House-FOR-Rent-Amroli-in-Surat&id=4d423833383235313939,2026-04-19 13:52:36,21.240174,72.85293,,Amroli,"Surat, Gujarat",,,,Residential House,Unfurnished,,,,400,Sq-ft,,"The beautiful 1 BHK house is now available for rent in the premium location of Amroli. The monthly rent of the property is ₹5,000. The address of the house is Amroli, Surat, Gujarat.",5000,,,12,1,,No,No,No,,False,False,Owner,0,Immediately,2026-03-17T12:08:23.000Z,"Mar 17, '26",True
D9oFO57TykVzpSvf+uAgZw==,Magicbricks,https://www.magicbricks.com/property-details/1-BHK-1080-Sq-ft-Residential-House-FOR-Rent-Adajan-in-Surat&id=4d423739393035323933,2026-04-19 13:52:36,21.1973663,72.782489,,Adajan,"Surat, Gujarat","19202|Gajera Global School, 19202|Ryan International School Cbse, 19206|Regent Mall, 19206|Bellissimo Hub",,,Residential House,Furnished,1,2,East,,,5 to 10 years,"Residential house is available for rent. It has carpet area 1080 sq-ft, it is 1 BHK house, has total 2 floor facing East direction. This 1 BHK house is up for rent in the well-known Adajan area. You will also have to pay a monthly rent of ₹16,000. The house is on the 1st floor, has 1 bathrooms and 2 balcony. This house is located at Adajan, Surat, Gujarat.",16000,0,0,,1,,No,No,No,"Banquet Hall, Jogging and Strolling Track, Outdoor Tennis Courts",False,False,Owner,69,Immediately,2026-03-16T22:30:49.000Z,"Mar 17, '26",True
DWtYbFGMQWlzpSvf+uAgZw==,Magicbricks,https://www.magicbricks.com/property-details/1-BHK-450-Sq-ft-Residential-House-FOR-Rent-Bhestan-in-Surat&id=4d423833373333313131,2026-04-19 13:52:36,21.1276811,72.8574558,,Bhestan,riddhi siddhi recidency,,,,Residential House,Unfurnished,,,East,450,Sq-ft,New Construction,"This 1 BHK rental house is located in a key location of Bhestan area. The house is available at a monthly rental price of ₹6,000. The address of the house is riddhi siddhi recidency, Bhestan, Surat, Gujarat.",6000,18000,500,13,1,,No,No,No,,False,False,Owner,61,Immediately,2026-03-11T08:59:53.000Z,"Mar 11, '26",True
oTIlUwvO1WpzpSvf+uAgZw==,Magicbricks,https://www.magicbricks.com/property-details/1-BHK-630-Sq-ft-Residential-House-FOR-Rent-Morabhagal-in-Surat&id=4d423732333434343537,2026-04-19 13:52:36,21.222751,72.786244,,Mehul Patel,"Laxmi Society, Near Gayatri mandir, Morabhagal char rasta",,,,Residential House,Semi-Furnished,,,East,630,Sq-ft,Less than 5 years,"0.1 km temple,0.5 km bus stop,0.4 km school near Morabhagal You can find this 1 BHK rental house in the main area of Morabhagal. The house is avaliable at a monthly rent of ₹9,000. Some add-on facilities bundled with this independent house are Gas Connection. You'll find ceramic tiles flooring in the house. Laxmi Society, Near Gayatri mandir, Morabhagal char rasta, Morabhagal, Surat, Gujarat is the address of the house.",9000,25000,0,14,2,,No,No,No,,False,False,Owner,85,Immediately,2026-04-03T22:30:32.000Z,"Apr 04, '26",True
+v0RaSU7g/hzpSvf+uAgZw==,Magicbricks,https://www.magicbricks.com/property-details/1-BHK-800-Sq-ft-Residential-House-FOR-Rent-Palan-Pur-Patiya-in-Surat&id=4d423736323238313039,2026-04-19 13:52:36,21.2099842,72.7921003,,Palan Pur Patiya,"Palan Pur Patiya, Surat",,,,Residential House,Unfurnished,1,2,,800,Sq-ft,10 to 15 years,"Located in Palan Pur Patiya, you can find the 1 BHK house available on rent. You can find this house at rent of ₹10,000 per month. This house is located at Palan Pur Patiya, Surat, Palan Pur Patiya, Surat, Gujarat.",10000,,,12,1,,No,No,No,,False,False,Owner,32,Immediately,2026-02-22T21:31:59.000Z,"Feb 23, '26",True
d5/XSV5hYklzpSvf+uAgZw==,Magicbricks,https://www.magicbricks.com/property-details/1-BHK-500-Sq-ft-Residential-House-FOR-Rent-Varacha-in-Surat&id=4d423731393131353631,2026-04-19 13:52:36,21.209654,72.8692711,,Varacha,"Surat, Gujarat",,,,Residential House,Unfurnished,Ground,2,,500,Sq-ft,,"This 1 BHK independent house for rent is located in Varacha. The monthly rent of the property is ₹6,000. The address of the house is Varacha, Surat, Gujarat.",6000,,,12,1,,No,No,No,,False,False,Owner,0,Immediately,2026-02-28T21:33:10.000Z,"Mar 01, '26",True
sQpew85AHwdzpSvf+uAgZw==,Magicbricks,https://www.magicbricks.com/property-details/1-BHK-300-Sq-ft-Residential-House-FOR-Rent-Chikuwadi-in-Surat&id=4d423530313936363538,2026-04-19 13:52:36,21.1525825,72.8355166,,Prashant,"Surat, Gujarat",,,,Residential House,Unfurnished,,,,300,Sq-ft,10 to 15 years,"Located in Chikuwadi, you can find the 1 BHK house available on rent. The rent is ₹4,000 per month. The house is located at Chikuwadi, Surat, Gujarat.",4000,15000,,13,1,,No,No,No,,False,False,Owner,29,Immediately,2026-02-04T13:45:17.000Z,"Feb 04, '26",True
T1CUovfbX7ZzpSvf+uAgZw==,Magicbricks,https://www.magicbricks.com/property-details/1-BHK-675-Sq-ft-Residential-House-FOR-Rent-Palanpur-Jakatnaka-in-Surat&id=4d423738333932313939,2026-04-19 13:52:36,21.2099092,72.7771175,,M M,palanpur patya jakat naka surat,,,,Residential House,Semi-Furnished,1,1,East,,,5 to 10 years,"very close to main road, palanpur patya, jakat naka Located in Palanpur Jakatnaka, you can find the 1 BHK house available on rent. The house is available at the rent of ₹8,000 per month. The independent house is located on the 1st floor which includes 1 bathrooms and 1 balcony. The house also has Puja Room, Study and Servant Room. The address of the house is palanpur patya jakat naka surat, Palanpur Jakatnaka, Surat, Gujarat.",8000,25000,,,1,,No,No,No,,False,False,Owner,54,Immediately,2026-03-23T21:32:18.000Z,"Mar 24, '26",True
63U4bRfaFUdzpSvf+uAgZw==,Magicbricks,https://www.magicbricks.com/property-details/1-BHK-600-Sq-ft-Residential-House-FOR-Rent-Palanpur-Jakatnaka-in-Surat&id=4d423833313436383735,2026-04-19 13:52:36,21.2099092,72.7771175,,Mehta,Balaji krupa society,,,,Residential House,Semi-Furnished,,,East,,,5 to 10 years,"5 mins from jakat naka metro station The beautiful 1 BHK house is now available for rent in the premium location of Palanpur Jakatnaka. The house is available at a monthly rental price of ₹10,000. The house also has Puja Room, Store and Study. The address of this house is Balaji krupa society, Palanpur Jakatnaka, Surat, Gujarat.",10000,30000,,,1,,No,No,No,,False,False,Owner,55,Immediately,2026-04-04T21:30:38.000Z,"Apr 05, '26",True
dAtLihF1KfZzpSvf+uAgZw==,Magicbricks,https://www.magicbricks.com/property-details/1-BHK-750-Sq-ft-Residential-House-FOR-Rent-Palanpur-Jakatnaka-in-Surat&id=4d423834303832373635,2026-04-19 13:52:36,21.2099092,72.7771175,,Vivek,"Surat, Gujarat",,,,Residential House,Unfurnished,,,South,750,Sq-ft,15 to 20 years,"Check out this 1 BHK house for rent in locality. The house is avaliable at a monthly rent of ₹8,500. The address of the house is Palanpur Jakatnaka, Surat, Gujarat.",8500,10000,,11,2,,No,No,No,,False,False,Owner,58,Immediately,2026-04-05T06:18:05.000Z,"Apr 05, '26",True
2ZHvJq6daFpzpSvf+uAgZw==,Magicbricks,https://www.magicbricks.com/property-details/1-BHK-925-Sq-ft-Residential-House-FOR-Rent-Adajan-in-Surat&id=4d423833353331373333,2026-04-19 13:52:36,21.1973663,72.782489,,Adajan,"Surat, Gujarat","19202|L.P. Savani International School, 19202|International Institute Of Management And Technical Studies (Iimt), 19206|Regent Mall, 19206|Bellissimo Hub",,,Residential House,,,,,925,Sq-ft,,"Located in Adajan, you can find the 1 BHK house available on rent. The address of the house is Adajan, Surat, Gujarat.",,,,,,,No,No,No,,False,False,Owner,14,Immediately,2026-02-24T06:50:40.000Z,"Feb 24, '26",True
SKZ1MYM5o0ZzpSvf+uAgZw==,Magicbricks,https://www.magicbricks.com/property-details/2-BHK-1330-Sq-ft-Residential-House-FOR-Rent-in-Surat&id=4d423834303437313931,2026-04-19 13:52:36,,,,Abhishek Pandey,"Surat, Gujarat",,,,Residential House,Furnished,,,,1330,Sq-ft,,"You can find this 2 BHK house on rent in a good area of Shubh Residency Dindoli Near Madhuram Circle. The monthly rent of the property is ₹30,000.",30000,,,23,3,,No,No,No,,False,False,Owner,41,Immediately,2026-04-02T18:20:12.000Z,"Apr 02, '26",True
0MM/jiyq2lRzpSvf+uAgZw==,Magicbricks,https://www.magicbricks.com/property-details/2-BHK-1300-Sq-ft-Residential-House-FOR-Rent-Adajan-in-Surat&id=4d423739313036333039,2026-04-19 13:52:36,21.1973663,72.782489,,Adajan,vishnu park,"19202|Gajera Global School, 19202|Imperial International School, 19206|Pal. Star World, 19206|Regent Mall",,,Residential House,Semi-Furnished,,,East,1300,Sq-ft,10 to 15 years,"2 bhk bunglow for rent in vishnu ark The beautiful 2 BHK house is now available for rent in the premium location of Adajan. The monthly rent is a ₹30,000. There is also a facility of 1 Open parking. Additional amenities are available with the house like 1 Wardrobe, 1 Bed and Gas Connection. You'll find vitrified flooring in the house. The house also provides Store. The address of this house is vishnu park, Adajan, Surat, Gujarat.",30000,90000,0,23,2,1 Open,No,No,No,,False,True,Agent,93,Immediately,2026-04-16T23:45:21.000Z,"Apr 17, '26",True
X7MJxwd1bi1zpSvf+uAgZw==,Magicbricks,https://www.magicbricks.com/property-details/3-BHK-1800-Sq-ft-Residential-House-FOR-Rent-Pal-in-Surat&id=4d423830383837323639,2026-04-19 13:52:36,21.1807801,72.7529018,,Pal,"Surat, Gujarat","19202|Gajera Global School, 19202|International Institute Of Management And Technical Studies (Iimt), 19206|Pal. Star World, 19206|Bellissimo Hub",,,Residential House,Furnished,,,East,1800,Sq-ft,10 to 15 years,"The 3 BHK house is currently available for rent in Pal. The monthly rent of the property is ₹45,000. The house also has Store. The address of this house is Pal, Surat, Gujarat.",45000,135000,0,25,3,,No,No,No,Outdoor Tennis Courts,True,True,Agent,53,Immediately,2026-04-17T23:45:20.000Z,Yesterday,True
qZkCwi8dHY1zpSvf+uAgZw==,Magicbricks,https://www.magicbricks.com/property-details/4-BHK-90-Sq-yrd-Villa-FOR-Rent-Adajan-in-Surat&id=4d423639313832343839,2026-04-19 13:52:36,21.1973663,72.782489,,Adajan,"madhuvan circul l p savani rod,near cng pump","19202|Gajera Global School, 19202|Ryan International School Cbse, 19206|Walkway Mall, 19206|Rajhans Theatre",,,Villa,Unfurnished,,,East,,,Less than 5 years,main rod touch property bachelor allowed,25000,75000,,,4,,Yes,No,Yes,Service/Goods Lift,False,True,Agent,71,Immediately,2026-04-13T03:11:00.000Z,"Apr 13, '26",True
R5wnMZxv17pzpSvf+uAgZw==,Magicbricks,https://www.magicbricks.com/property-details/4-BHK-2700-Sq-ft-Residential-House-FOR-Rent-Pal-in-Surat&id=4d423430303734373533,2026-04-19 13:52:36,21.1807801,72.7529018,,Pal,"E 8, Saurabh Society, Behind TGB restaurant, off L P Savani Road, Pal, Surat","19202|Seven Steps School, 19202|Lp Savani International School, 19206|Pal. Star World, 19206|Bellissimo Hub",,,Residential House,Semi-Furnished,1,2,South -West,2700,Sq-ft,5 to 10 years,"3 side open bunglow in a peaceful society Check out this 4 BHK house for rent in locality. The monthly rent is a ₹22,000. Located on the 1st floor, the house has 4 bathrooms and 4 balcony. The house also has Puja Room and Store. This house is situated at E 8, Saurabh Society, Behind TGB restaurant, off L P Savani Road, Pal, Surat, Pal, Surat, Gujarat.",22000,44000,0,8,4,,No,No,No,"Visitor Parking, RO Water System",False,False,Owner,66,Immediately,2026-04-14T21:32:04.000Z,"Apr 15, '26",True
G1bL5ohuVcxzpSvf+uAgZw==,Magicbricks,https://www.magicbricks.com/property-details/4-BHK-100-Sq-yrd-Residential-House-FOR-Rent-Adajan-in-Surat&id=4d423833313133313831,2026-04-19 13:52:36,21.1973663,72.782489,,Adajan,"Surat, Gujarat","19202|L.P. Savani International School, 19202|Tnj International School, 19206|Regent Mall, 19206|Walkway Mall",,,Residential House,Unfurnished,,,East,100,Sq-yrd,5 to 10 years,"4 bhk row house for rentrent 20000adajan This 4 BHK independent house for rent is located in Adajan. The house is avaliable at a monthly rent of ₹25,000. 1 Covered parking facility is also available. The house comes with granite, marble, mosaic flooring. The house also provides Store. The house is located at Adajan, Surat, Gujarat.",25000,60000,500,28,3,1 Covered,No,No,No,,True,True,Agent,73,Immediately,2026-04-18T23:45:31.000Z,Today,True
C0pmQ6I/MoRzpSvf+uAgZw==,Magicbricks,https://www.magicbricks.com/property-details/4-BHK-250-Sq-yrd-Residential-House-FOR-Rent-Piplod-in-Surat&id=4d423730343230333837,2026-04-19 13:52:36,21.1610353,72.7762099,,Piplod,"Surat, Gujarat","19201|Software Technology Parks Of India (Stpi), 19201|Gidc Icchapore, 19202|Radiant English Academy, 19202|Jh Ambani High School, 19206|Vr Surat, 19206|Rahulraj Mall",,,Residential House,Unfurnished,1,3,East,250,Sq-yrd,,"Situated in Piplod, this 4 BHK individual house is currently available for rent out. The monthly rent is a ₹8,000. The house is on the 1st floor, includes 4 bathrooms and 3 balcony. There is also Store in the house. The house is located at Piplod, Surat, Gujarat.",8000,,,4,4,,No,No,No,,False,False,Owner,32,Immediately,2026-02-19T21:31:24.000Z,"Feb 20, '26",True
4SFNai6I6ylzpSvf+uAgZw==,Magicbricks,https://www.magicbricks.com/property-details/4-BHK-172-Sq-yrd-Residential-House-FOR-Rent-Jahangir-Pura-in-Surat&id=4d423732323738303239,2026-04-19 13:52:36,21.247161,72.8018701,,Jahangir Pura,jahngirpura near by saroli bridge,,,,Residential House,Unfurnished,,,East,,,Less than 5 years,"jahngirpura near by saroli bridge This 4 BHK independent house for rent is located in Jahangir Pura. The monthly rent of the independent house is ₹24,000. The house also has Puja Room, Study, Store and Servant Room. The house is located at Jahangir Pura, Surat, Gujarat .",24000,50000,,,5,,No,No,No,"Air Conditioned, Laundry Service, Banquet Hall, Jogging and Strolling Track",False,True,Agent,76,Immediately,2026-04-15T04:52:25.000Z,"Apr 15, '26",True
sRNcamEDzBVzpSvf+uAgZw==,Magicbricks,https://www.magicbricks.com/property-details/4-BHK-100-Sq-ft-Villa-FOR-Rent-Jahangirabad-in-Surat&id=4d423639343234373837,2026-04-19 13:52:36,21.216427,72.78212,,K K Real Estate,Palanpur canal rod Near concorde hotel,,,,Villa,Unfurnished,,,East,100,Sq-ft,Less than 5 years,rod touch property two four wheeler parking alloted,21000,54000,,210,3,,No,No,No,"Laundry Service, Internet/Wi-Fi Connectivity, RO Water System, Banquet Hall",False,True,Agent,78,Immediately,2026-03-29T12:41:36.000Z,"Mar 29, '26",True
6cbVhveUPExzpSvf+uAgZw==,Magicbricks,https://www.magicbricks.com/property-details/3-BHK-1900-Sq-ft-Residential-House-FOR-Rent-Udhna-in-Surat&id=4d423734373739313831,2026-04-19 13:52:36,21.1398,72.8108233,,Harish,Nr. South Zone Office,,,,Residential House,Semi-Furnished,Ground,3,East,1900,Sq-ft,10 to 15 years,"This 3 BHK independent house for rent is located in Udhna. The monthly rent is a ₹35,000. The independent house is located on the ground floor which includes 2 bathrooms and 2 balcony. The house is fitted with marble, granite flooring. In addition, the house includes Store and Puja Room. The house is located at Nr. South Zone Office, Udhna, Surat, Gujarat.",35000,,,18,2,,No,No,No,,False,False,Owner,64,Immediately,2026-02-22T12:40:55.000Z,"Feb 22, '26",True
1tIVpO+/sXlzpSvf+uAgZw==,Magicbricks,https://www.magicbricks.com/property-details/4-BHK-2100-Sq-ft-Residential-House-FOR-Rent-Palanpur-in-Surat&id=4d423834323230383335,2026-04-19 13:52:36,21.215963,72.770389,,Shree Madhav Shine Properties,"Surat, Gujarat",,,,Residential House,Semi-Furnished,,,East,2100,Sq-ft,10 to 15 years,"4 BHK Residential House For Rent with all amenities available You can find this 4 BHK house on rent in a good area of Palanpur. The house is avaliable at a monthly rent of ₹30,000. The house also provides Puja Room and Store. Palanpur, Surat, Gujarat is the address of the house.",30000,90000,1,14,4,,Yes,No,No,Air Conditioned,False,True,Agent,80,Immediately,2026-04-13T11:37:04.000Z,"Apr 13, '26",True
h0c6snhIn0pzpSvf+uAgZw==,Magicbricks,https://www.magicbricks.com/property-details/4-BHK-110-Sq-yrd-Residential-House-FOR-Rent-Adajan-in-Surat&id=4d423832323833333533,2026-04-19 13:52:36,21.1973663,72.782489,,Adajan,"Surat, Gujarat","19202|Lp Savani International School, 19202|Tnj International School, 19206|Rajhans Theatre, 19206|Regent Mall",,,Residential House,Furnished,,,East,,,10 to 15 years,"You can find this 4 BHK rental house in the main area of Adajan. The house is available at a monthly rental price of ₹32,000. The house also has Puja Room, Store and Servant Room. The house is located at Adajan, Surat, Gujarat.",32000,96000,,32,4,,No,No,No,"Air Conditioned, Banquet Hall, Bar/Lounge, Jogging and Strolling Track",False,True,Agent,63,Immediately,2026-02-21T14:24:36.000Z,"Feb 21, '26",True
wtFanrhkEABzpSvf+uAgZw==,Magicbricks,https://www.magicbricks.com/property-details/4-BHK-5000-Sq-ft-Villa-FOR-Rent-Vesu-in-Surat&id=4d423833363032353535,2026-04-19 13:52:36,21.1447177,72.7717775,,Vesu,"Surat, Gujarat","19210|Udhna Railway Station, 19202|White Lotus International School, 19202|Bhagwan Mahavir College of Engineering Technology",,,Villa,Semi-Furnished,,,,5000,Sq-ft,5 to 10 years,"4 BHK, Villa is available for Rent in Vesu, Surat for 37,000",37000,,,7,4,,No,No,No,"Air Conditioned, Banquet Hall, Bar/Lounge, Jogging and Strolling Track",True,True,Agent,36,Immediately,2026-03-01T07:38:48.000Z,"Mar 01, '26",True
KFl2QvVNZKBzpSvf+uAgZw==,Magicbricks,https://www.magicbricks.com/property-details/4-BHK-110-Sq-yrd-Residential-House-FOR-Rent-Pal-in-Surat&id=4d423833393237393631,2026-04-19 13:52:36,21.1807801,72.7529018,,Pal,"Surat, Gujarat","19202|International Institute Of Management And Technical Studies (Iimt), 19202|Lp Savani International School, 19206|Bellissimo Hub, 19206|Pal. Star World",,,Residential House,Furnished,Ground,1,,110,Sq-yrd,10 to 15 years,"Residential house is available for rent. It has a covered area of 110 sq-yard, it is 4 BHK house, has total 1 floor facing East direction. Located in Pal, you can find the 4 BHK house available on rent. You will also have to pay a monthly rent of ₹26,000. Located on the ground floor, the house has 3 bathrooms and 1 balcony. There is also Study and Store in the house. The house is located at Pal, Surat, Gujarat.",26000,50000,,26,3,,No,No,No,,False,False,Owner,66,Immediately,2026-03-24T15:57:23.000Z,"Mar 24, '26",True
bSjm5rJ8eSxzpSvf+uAgZw==,Magicbricks,https://www.magicbricks.com/property-details/4-BHK-4000-Sq-ft-Residential-House-FOR-Rent-VIP-Road-in-Surat&id=4d423639353533333235,2026-04-19 13:52:36,21.1413009,72.7813698,,VIP Road,Surat,,,,Residential House,Semi-Furnished,Ground,2,,4000,Sq-ft,5 to 10 years,"4 bhk bungalow for rent in vesu vip road This 4 BHK house is up for rent in the well-known VIP Road area. The house is available at a monthly rental price of ₹50,000. The house is on the ground floor, includes 4 bathrooms and 2 balcony. There is also a facility of 3 Covered parking. The flooring in the house is made of vitrified. You will also find Store in the house. The address of this house is Surat, VIP Road, Surat, Gujarat.",50000,150000,0,12,4,3 Covered,No,No,No,,True,True,Agent,93,Immediately,2026-04-08T05:42:01.000Z,"Apr 08, '26",True
xn8AU+U6zA5zpSvf+uAgZw==,Magicbricks,https://www.magicbricks.com/property-details/4-BHK-4000-Sq-ft-Villa-FOR-Rent-Piplod-in-Surat&id=4d423832373334323035,2026-04-19 13:52:36,21.1610353,72.7762099,,Piplod,"Surat, Gujarat","19201|Software Technology Parks Of India (Stpi), 19201|Gidc Icchapore, 19202|Radiant English Academy, 19202|Jh Ambani High School, 19206|Vijay Sales, 19206|VR Mall",,,Villa,Semi-Furnished,,,East,4000,Sq-ft,Less than 5 years,"Villa is available for rent. It has a covered area of 4000 sq-ft, it is 4 BHK unit. Please contact for more details.",50000,150000,0,12,4,,No,No,No,"Air Conditioned, Banquet Hall",True,True,Agent,73,Immediately,2026-04-08T06:09:57.000Z,"Apr 08, '26",True
SrOUPdj6SCtzpSvf+uAgZw==,Magicbricks,https://www.magicbricks.com/property-details/4-BHK-250-Sq-yrd-Residential-House-FOR-Rent-Vesu-in-Surat&id=4d423832373334313133,2026-04-19 13:52:36,21.1447177,72.7717775,,Vesu,"VIP Road, Vesu, Surat, Gujarat","19210|Udhna Railway Station, 19202|Bhagwan Mahavir College of Engineering Technology, 19202|White Lotus International School",,,Residential House,Semi-Furnished,,,East,250,Sq-yrd,5 to 10 years,"4bhk semiFurnished bungalow for rent in samarth park in vesu, surat.Ground plus 1Floor construction. 250 sq. Yard. Rent 45k Situated in Vesu, this 4 BHK individual house is currently available for rent out. The monthly rent of the independent house is ₹45,000. There is also a facility of 1 Covered parking. The house is fitted with ceramic tiles, marble flooring. The house also has Store. The address of the house is VIP Road, Vesu, Surat, Gujarat, Vesu, Surat, Gujarat.",45000,135000,2,20,3,1 Covered,No,Yes,No,Jogging and Strolling Track,False,True,Agent,98,Immediately,2026-04-16T23:45:21.000Z,"Apr 17, '26",True
v8qI1YHkFhJzpSvf+uAgZw==,Magicbricks,https://www.magicbricks.com/property-details/4-BHK-2000-Sq-ft-Residential-House-FOR-Rent-Vesu-in-Surat&id=4d423631303531323933,2026-04-19 13:52:36,21.1447177,72.7717775,,Vesu,vesu,"19210|Udhna Railway Station, 19202|T M Patel International School, 19202|White Lotus International School",,,Residential House,Furnished,3,3,North - East,2000,Sq-ft,New Construction,"A residential house is available for rent. It covered area of 2000 sq-ft, it is a good location. Please contact for more details. The beautiful 4 BHK house is now available for rent in the premium location of Vesu. Located on the 3rd floor, the house has 4 bathrooms and 4 balcony. There is also a facility of 2 Covered parking. The house flooring is made of ceramic tiles. In addition, the house includes Puja Room, Study, Store and Servant Room. Athwalines, Piplod, Surat, Gujarat is the address of the house.",55000,151000,1,28,4,2 Covered,Yes,No,No,"Service/Goods Lift, Visitor Parking, Jogging and Strolling Track",True,True,Agent,100,Immediately,2026-03-20T11:02:36.000Z,"Mar 20, '26",True
4zl+V26XiKpzpSvf+uAgZw==,Magicbricks,https://www.magicbricks.com/property-details/4-BHK-4000-Sq-ft-Villa-FOR-Rent-Vesu-in-Surat&id=4d423639353238343537,2026-04-19 13:52:36,21.1447177,72.7717775,,Vesu,vesu,"19210|Udhna Railway Station, 19202|G.D. Goenka International School, 19202|Bhagwan Mahavir College of Engineering Technology",,,Villa,Semi-Furnished,,,,4000,Sq-ft,Less than 5 years,4 bhk bungalow for rent in vesu vip road,50000,150000,0,12,4,"2 Covered, 1 Open",No,No,No,,True,True,Agent,90,Immediately,2026-04-08T05:42:01.000Z,"Apr 08, '26",True
LJxnsl3E8KpzpSvf+uAgZw==,Magicbricks,https://www.magicbricks.com/property-details/4-BHK-3000-Sq-ft-Villa-FOR-Rent-Piplod-in-Surat&id=4d423635393838323737,2026-04-19 13:52:36,21.1610353,72.7762099,,Piplod,piplod,"19201|Gidc Icchapore, 19201|Software Technology Parks Of India (Stpi), 19202|Radiant English Academy, 19202|Jh Ambani High School, 19206|Vijay Sales, 19206|VR Mall",,,Villa,Furnished,,,,3000,Sq-ft,10 to 15 years,4 bhk fully furnished bungalow for rent in piplod,55000,165000,0,18,4,2 Covered,No,No,No,,True,True,Agent,90,Immediately,2026-03-08T14:04:32.000Z,"Mar 08, '26",True
mGfWAhagtIhzpSvf+uAgZw==,Magicbricks,https://www.magicbricks.com/property-details/3-BHK-999-Sq-ft-Villa-FOR-Rent-Narthan-in-Surat&id=4d423739303331313633,2026-04-19 13:52:36,21.2753182,72.7031208,,Ajit,Narthan Veluk Surat,,,,Villa,Unfurnished,,,East,999,Sq-ft,New Construction,"3 BHK, Villa is available for Rent in Narthan, Surat for 12,000",12000,36000,,12,3,,No,No,No,Banquet Hall,False,False,Owner,63,Immediately,2026-03-11T22:30:40.000Z,"Mar 12, '26",True
fVFArzmP735zpSvf+uAgZw==,Magicbricks,https://www.magicbricks.com/property-details/3-BHK-2500-Sq-ft-Villa-FOR-Rent-Kamrej-Road-in-Surat&id=4d423834303339383831,2026-04-19 13:52:36,21.2720199993761,72.9611096621713,,Kamrej Road,"54,maple villa society",,,,Villa,Unfurnished,,,,2500,Sq-ft,Less than 5 years,"3 BHK, Villa is available for Rent in Kamrej Road, Surat for 15,000",15000,,,6,3,,No,No,No,,False,False,Owner,46,Immediately,2026-04-02T09:56:58.000Z,"Apr 02, '26",True
5viPCRb3fUk=,Magicbricks,https://www.magicbricks.com/property-details/3-BHK-100-Sq-m-Residential-House-FOR-Rent-in-Surat&id=4d4234353436313731,2026-04-19 13:52:36,,,,Vinayak,103 Bansidhar Row House,,,,Residential House,Unfurnished,,,East,100,Sq-m,15 to 20 years,"Row house east facing situated opposite ISKON temple. Ground floor with Kitchen hall and 1 room. 1st floor has 2 bedrooms This 3 BHK rental house is located in a key location of Jahangir Pura Near Iskon Temple area. The house is avaliable at a monthly rent of ₹18,000. The house includes 1 Covered parking. You'll find ceramic tiles flooring in the house. You will also find None of these in the house.",18000,,,17,3,1 Covered,No,No,No,,False,False,Owner,78,Immediately,2026-04-10T16:49:07.000Z,"Apr 10, '26",True
ikQKV8xEjBJzpSvf+uAgZw==,Magicbricks,https://www.magicbricks.com/property-details/3-BHK-1600-Sq-ft-Residential-House-FOR-Rent-Olpad-Sayan-Road-in-Surat&id=4d423834323031383131,2026-04-19 13:52:36,21.329496,72.770949,,Olpad Sayan Road,"Mahant Villa, Opp Vedant Industrial Hub",,,,Residential House,Unfurnished,,,,,,New Construction,"This 3 BHK house is up for rent in the well-known Olpad Sayan Road area. The house is available at the rent of ₹8,000 per month. This house is located at Mahant Villa, Opp Vedant Industrial Hub, Olpad Sayan Road, Surat, Gujarat.",8000,25000,0,,3,,No,No,No,,False,False,Owner,35,Immediately,2026-04-11T15:33:15.000Z,"Apr 11, '26",True
RLB0NZivEGlzpSvf+uAgZw==,Magicbricks,https://www.magicbricks.com/property-details/3-BHK-1200-Sq-ft-Residential-House-FOR-Rent-Gopi-Pura-in-Surat&id=4d423833353837333935,2026-04-19 13:52:36,21.193998,72.8227449,,Gopi Pura,"hanuman pole, Nr Gopi paan and cold drinks, facing towards main road",,,,Residential House,Unfurnished,,,South,1200,Sq-ft,10 to 15 years,"Prime Location House for Rent - Central Surat. Located in Gopi Pura, you can find the 3 BHK house available on rent. The house is available at the rent of ₹17,500 per month. The house also provides Store. This house is situated at hanuman pole, Nr Gopi paan and cold drinks, facing towards main road, Gopi Pura, Surat, Gujarat.",17500,,,15,1,,No,No,No,,False,False,Owner,63,Immediately,2026-03-30T22:30:40.000Z,"Mar 31, '26",True
YyQTVJZ8kElzpSvf+uAgZw==,Magicbricks,https://www.magicbricks.com/property-details/3-BHK-121-Sq-yrd-Villa-FOR-Rent-Narthan-in-Surat&id=4d423833393034303831,2026-04-19 13:52:36,21.2753182,72.7031208,,Sanjay,"Surat, Gujarat",,,,Villa,Unfurnished,,,East,121,Sq-yrd,Less than 5 years,corner property with additional mini land,15000,,,14,3,,No,No,No,"Banquet Hall, Jogging and Strolling Track, Outdoor Tennis Courts",False,False,Owner,51,Immediately,2026-03-22T20:41:46.000Z,"Mar 23, '26",True
te9b0kf46MNzpSvf+uAgZw==,Magicbricks,https://www.magicbricks.com/property-details/3-BHK-1440-Sq-ft-Residential-House-FOR-Rent-Masma-in-Surat&id=4d423830303133373735,2026-04-19 13:52:36,21.303506,72.763008,,Masma,"Masma Village, Surat",,394540,,Residential House,Unfurnished,1,2,East,1440,Sq-ft,Less than 5 years,"B-102, Samarthya Evolve, 71, Orma Rd, Masma, Surat, Gujarat 394540 Located in Masma, you can find the 3 BHK house available on rent. You can find this house at rent of ₹12,000 per month. Located on the 1st floor, the house comprises 3 bathrooms and 1 balcony. The address of the house is Masma Village, Surat, Masma, Surat, Gujarat.",12000,,,8,3,,No,No,No,"Visitor Parking, Banquet Hall, Jogging and Strolling Track",False,False,Owner,62,Immediately,2026-03-13T13:18:07.000Z,"Mar 13, '26",True
1SHWFHix6+BzpSvf+uAgZw==,Magicbricks,https://www.magicbricks.com/property-details/3-BHK-1000-Sq-ft-Villa-FOR-Rent-in-Surat&id=4d423833343134333837,2026-04-19 13:52:36,,,,Kishor omale,"Surat, Gujarat",,,,Villa,Semi-Furnished,,,,1000,Sq-ft,,Villa is available for rent. It is a good location property. Please contact for more details.,5000,,,5,3,,No,No,No,,False,False,Owner,29,Immediately,2026-02-14T16:05:13.000Z,"Feb 14, '26",True
E5vYU144w69zpSvf+uAgZw==,Magicbricks,https://www.magicbricks.com/property-details/4-BHK-3500-Sq-ft-Residential-House-FOR-Rent-Pal-in-Surat&id=4d423732303836363231,2026-04-19 13:52:36,21.1807801,72.7529018,,Pal,Pal surat,"19202|Lp Savani International School, 19202|Gajera Global School, 19206|Bellissimo Hub, 19206|Pal. Star World",,,Residential House,Furnished,6,13,South -West,3500,Sq-ft,5 to 10 years,"full furnished premium quality with electric goods Situated in Pal, this 4 BHK individual house is currently available for rent out. The rent is ₹1 Lac per month. Located on the 6th floor, the house has 3 bathrooms and 2 balcony. There is also a facility of 2 Covered parking. Here you can enjoy like 4 Wardrobe, 4 Bed, 3 TV, Fridge, Microwave, 4 AC, Sofa, Washing Machine, Dining Table and Gas Connection. The house flooring is made of ceramic tiles, normal tiles/kotah stone, wooden. In addition, the house includes Puja Room, Study and Store. Pal surat, Pal, Surat, Gujarat is the address of the house.",100000,300000,,29,3,2 Covered,Yes,Yes,No,Jogging and Strolling Track,False,True,Agent,90,Immediately,2026-04-17T23:45:19.000Z,Yesterday,True
y6ZzQAIcnu5zpSvf+uAgZw==,Magicbricks,https://www.magicbricks.com/property-details/4-BHK-5000-Sq-ft-Villa-FOR-Rent-Bhatar-in-Surat&id=4d423833363638363833,2026-04-19 13:52:36,21.170806,72.8146204,,Bhatar,"Surat, Gujarat","19202|Galaxy English School, 19206|Rajhans Olympia",,,Villa,Furnished,,,,5000,Sq-ft,Less than 5 years,"4 BHK, Villa is available for Rent in Bhatar, Surat for 65,000",65000,,,13,4,,No,No,No,"Air Conditioned, Banquet Hall, Bar/Lounge, Jogging and Strolling Track",True,True,Agent,38,Immediately,2026-03-06T11:30:49.000Z,"Mar 06, '26",True
MdcjokTMyvpzpSvf+uAgZw==,Magicbricks,https://www.magicbricks.com/property-details/2-BHK-1300-Sq-ft-Residential-House-FOR-Rent-Adajan-in-Surat&id=4d423739313035393139,2026-04-19 13:52:36,21.1973663,72.782489,,Adajan,Nr shell petrol pump.,"19202|Ryan International School Cbse, 19202|Seven Steps School, 19206|Regent Mall, 19206|Pal. Star World",,,Residential House,Semi-Furnished,,,East,1300,Sq-ft,10 to 15 years,"2 bhk bunglow for rent in pal adajan near shell petrol pump. The beautiful 2 BHK house is now available for rent in the premium location of Adajan. The house is available at the rent of ₹30,000 per month. 1 Covered parking space is also available in the house. Some attractive additional facilities available with the house are Gas Connection. The house is equipped with vitrified flooring. In addition, the house includes Store. This house is situated at Nr shell petrol pump., Adajan, Surat, Gujarat.",30000,90000,0,23,2,1 Covered,No,No,No,,False,True,Agent,93,Immediately,2026-04-16T23:45:21.000Z,"Apr 17, '26",True
QZxsQbjn+uZzpSvf+uAgZw==,Magicbricks,https://www.magicbricks.com/property-details/1-BHK-800-Sq-ft-Residential-House-FOR-Rent-Adajan-in-Surat&id=4d423830383837303739,2026-04-19 13:52:36,21.1973663,72.782489,,Adajan,"Surat, Gujarat","19202|Tnj International School, 19202|Ryan International School Cbse, 19206|Rajhans Theatre, 19206|Walkway Mall",,,Residential House,Furnished,,,East,800,Sq-ft,10 to 15 years,"Check out this 1 BHK house available for rent in the popular location of Adajan. The monthly rental of the house is ₹13,000. You will also find Store in the house. This house is located at Adajan, Surat, Gujarat.",13000,39000,0,16,2,,No,No,No,Air Conditioned,True,True,Agent,55,Immediately,2026-04-17T23:45:20.000Z,Yesterday,True
fb9yaxudAsdzpSvf+uAgZw==,Magicbricks,https://www.magicbricks.com/property-details/1-BHK-11000-Sq-ft-Residential-House-FOR-Rent-Adajan-in-Surat&id=4d423833323630323437,2026-04-19 13:52:36,21.1973663,72.782489,,Adajan,"Surat, Gujarat","19202|Seven Steps School, 19202|Lp Savani International School, 19206|Bellissimo Hub, 19206|Imperial Square Mall",,,Residential House,Furnished,,,East,"11,000",Sq-ft,New Construction,"Located in Adajan, you can find the 1 BHK house available on rent. The monthly rent is ₹11,000. The house also provides Store. This house is situated at Adajan, Surat, Gujarat.",11000,33000,0,1,1,,Yes,No,No,"Intercom Facility, RO Water System",False,True,Agent,68,Immediately,2026-04-17T23:45:20.000Z,Yesterday,True
/GiRWH3yl6tzpSvf+uAgZw==,Magicbricks,https://www.magicbricks.com/property-details/2-BHK-1200-Sq-ft-Villa-FOR-Rent-in-Surat&id=4d423833333538353031,2026-04-19 13:52:36,,,,harsh,"Surat, Gujarat",,,,Villa,Semi-Furnished,,,,1200,Sq-ft,,"2 BHK, Villa is available for Rent in , Surat for 1,300",1300,,,1,2,,No,No,No,,False,False,Owner,0,Immediately,2026-02-11T09:38:53.000Z,"Feb 11, '26",True
Z/+KluMaVXBzpSvf+uAgZw==,Magicbricks,https://www.magicbricks.com/property-details/2-BHK-932-Sq-ft-Residential-House-FOR-Rent-Bhestan-in-Surat&id=4d423833333632383935,2026-04-19 13:52:36,21.1276811,72.8574558,,Bhestan,"Surat, Gujarat",,,,Residential House,Unfurnished,,,,932,Sq-ft,,"Located in Bhestan, you can find the 2 BHK house available on rent. The house is available at the rent of ₹12,000 per month. This house is situated at Bhestan, Surat, Gujarat.",12000,,,13,3,,No,No,No,,False,False,Owner,0,Immediately,2026-02-11T12:14:55.000Z,"Feb 11, '26",True
QAs7SNUsMWBzpSvf+uAgZw==,Magicbricks,https://www.magicbricks.com/property-details/2-BHK-432-Sq-ft-Residential-House-FOR-Rent-Kamrej-in-Surat&id=4d423436343230373831,2026-04-19 13:52:36,21.270248,72.962459,,Kamrej,"Surat, Gujarat",,,,Residential House,Furnished,Ground,1,,432,Sq-ft,New Construction,"The beautiful 2 BHK house is now available for rent in the premium location of Kamrej. The monthly rent of the independent house is ₹2,500. This house is situated at Kamrej, Surat, Gujarat.",2500,,,6,2,,No,No,No,,False,False,Owner,32,Immediately,2026-03-07T06:44:03.000Z,"Mar 07, '26",True
on6Tntof2oBzpSvf+uAgZw==,Magicbricks,https://www.magicbricks.com/property-details/2-BHK-1000-Sq-ft-Residential-House-FOR-Rent-Kim-Char-Rasta-in-Surat&id=4d423833343235303935,2026-04-19 13:52:36,21.398508,72.931045,,Ashu,"Surat, Gujarat",,,,Residential House,Semi-Furnished,,,,1000,Sq-ft,,"The 2 BHK house is currently available for rent in Kim Char Rasta. The monthly rent of the property is ₹12,500. This house is situated at Kim Char Rasta, Surat, Gujarat.",12500,,,12,2,,No,No,No,,False,False,Owner,0,Immediately,2026-02-16T05:41:50.000Z,"Feb 16, '26",True
OG2dC5wF9CNzpSvf+uAgZw==,Magicbricks,https://www.magicbricks.com/property-details/3-BHK-1400-Sq-ft-Residential-House-FOR-Rent-Jahangir-Pura-in-Surat&id=4d423833373132363231,2026-04-19 13:52:36,21.247161,72.8018701,,Jahangir Pura,"Surat, Gujarat",,,,Residential House,Unfurnished,,,,1400,Sq-ft,,"This 3 BHK rental house is located in a key location of Jahangir Pura area. The house is available at the rent of ₹28,000 per month. The address of this house is Jahangir Pura, Surat, Gujarat.",28000,,,20,4,,No,No,No,,False,False,Owner,0,Immediately,2026-03-10T05:17:50.000Z,"Mar 10, '26",True
Njy1BfYycbpzpSvf+uAgZw==,Magicbricks,https://www.magicbricks.com/property-details/3-BHK-684-Sq-ft-Residential-House-FOR-Rent-Olpad-in-Surat&id=4d423833343935343733,2026-04-19 13:52:36,21.3324925,72.752074,,Olpad,"Surat, Gujarat",,,,Residential House,Unfurnished,,,,,,New Construction,"Check out this 3 BHK house for rent in locality. The rent is ₹12,000 per month. The address of the house is Olpad, Surat, Gujarat.",12000,36000,,,3,,No,No,No,,False,False,Owner,28,Immediately,2026-02-20T21:05:03.000Z,"Feb 21, '26",True
8MpDNf4cUlxzpSvf+uAgZw==,Magicbricks,https://www.magicbricks.com/property-details/3-BHK-1850-Sq-ft-Residential-House-FOR-Rent-Barbodhan-in-Surat&id=4d423637343534343531,2026-04-19 13:52:36,21.220651,72.708893,,Lalu,"Surat, Gujarat",,,,Residential House,Unfurnished,2,2,,1850,Sq-ft,New Construction,"Residential house is available for rent. It has covered area 1850 sq-ft, it is 3 BHK house, has total 2 floor facing East direction. The beautiful 3 BHK house is now available for rent in the premium location of Barbodhan. The monthly rent of the property is ₹9,000. The house is on the 2nd floor, includes 3 bathrooms and 1 balcony. The house also has Store. Barbodhan, Surat, Gujarat is the address of the house.",9000,25000,,5,3,,No,No,No,"Banquet Hall, Jogging and Strolling Track",False,False,Owner,71,Immediately,2026-02-17T05:00:59.000Z,"Feb 17, '26",True
LIAt2ZvT0ghzpSvf+uAgZw==,Magicbricks,https://www.magicbricks.com/property-details/3-BHK-1590-Sq-ft-Residential-House-FOR-Rent-in-Surat&id=4d423231303030303032,2026-04-19 13:52:36,,,,Rajanikant,"A 404, Sarjan Appt., Nr. TGB Resturent",,,,Residential House,Semi-Furnished,4,5,West,1590,Sq-ft,Less than 5 years,"3 BHK Spacious and surrounding with sun light is located in posh area of Adajan, surat You can find this 3 BHK rental house in the main area of L P Savani Road Adajan. The monthly rental of the house is ₹12,500. Located on the 4th floor, the house has 2 bathrooms and 2 balcony. You will also find 1 Covered parking facility in the house. 3 Wardrobe, 1 Bed and Gas Connection are some of the additional amenities available with the house. This house is equipped with vitrified flooring. The house also has Study and Store.",12500,40000,0,8,2,1 Covered,Yes,No,No,Jogging and Strolling Track,False,False,Owner,73,Immediately,2026-03-21T21:30:39.000Z,"Mar 22, '26",True
b5aYEbh9EeVzpSvf+uAgZw==,Magicbricks,https://www.magicbricks.com/property-details/3-BHK-1500-Sq-ft-Villa-FOR-Rent-Adajan-in-Surat&id=4d423630383233303731,2026-04-19 13:52:36,21.1973663,72.782489,,Adajan,"Surat, Gujarat","19202|Gajera Global School, 19202|Ryan International School Cbse, 19206|Bellissimo Hub, 19206|Regent Mall",,,Villa,Furnished,,,,1500,Sq-ft,,"3 BHK, Villa is available for Rent in Adajan, Surat for 3,500",3500,,,2,3,,No,No,No,,False,False,Owner,24,Immediately,2026-03-24T21:32:09.000Z,"Mar 25, '26",True
tDrOmUmSNCJzpSvf+uAgZw==,Magicbricks,https://www.magicbricks.com/property-details/3-BHK-1260-Sq-ft-Residential-House-FOR-Rent-Kamrej-in-Surat&id=4d423438363431313537,2026-04-19 13:52:36,21.270248,72.962459,,Kamrej,"Surat, Gujarat",,,,Residential House,Unfurnished,Ground,2,,1260,Sq-ft,,"You can find this 3 BHK rental house in the main area of Kamrej. The house is avaliable at a monthly rent of ₹7,000. You will also find None of these in the house. Kamrej, Surat, Gujarat is the address of the house.",7000,,,6,4,,No,No,No,Smart Home,False,False,Owner,42,Immediately,2026-03-09T12:00:41.000Z,"Mar 09, '26",True
Rx0+QjXDRMZzpSvf+uAgZw==,Magicbricks,https://www.magicbricks.com/property-details/3-BHK-2000-Sq-ft-Residential-House-FOR-Rent-Majura-Gate-in-Surat&id=4d423832373232393539,2026-04-19 13:52:36,21.1809602,72.8186827,,Majura Gate,"Surat, Gujarat",19202|Dr S SS Ghhy College of Engineering Technology,,,Residential House,Semi-Furnished,,,,2000,Sq-ft,,"A residential house is available for rent. It is a good location. Please contact for more details. The 3 BHK house is currently available for rent in Majura Gate. The monthly rent is ₹23,000. Majura Gate, Surat, Gujarat is the address of the house.",23000,,,12,3,,No,No,No,,False,False,Owner,49,Immediately,2026-04-17T22:30:29.000Z,Yesterday,True
/FYta47lF+RzpSvf+uAgZw==,Magicbricks,https://www.magicbricks.com/property-details/3-BHK-700-Sq-ft-Residential-House-FOR-Rent-Kim-in-Surat&id=4d423131393734313738,2026-04-19 13:52:36,21.4029863,72.925386,,Kim,"10, Nilam Park society, besides Tapovan school, Kim",,,,Residential House,Unfurnished,Ground,1,East,700,Sq-ft,,"2BHK Row House for Rent at KIM-Surat. Near Tapovan Vidhyadham Shool, 5-10 minutes walking distance of Sabji Market Railway Station, Bus Station. You can find this 3 BHK rental house in the main area of Kim. The monthly rental of the house is ₹3,500. This house is situated at 10, Nilam Park society, besides Tapovan school, Kim, Kim, Surat, Gujarat.",3500,,,5,1,,No,No,No,,False,False,Owner,39,Immediately,2026-04-08T21:31:49.000Z,"Apr 09, '26",True
8g31iIyMzXtzpSvf+uAgZw==,Magicbricks,https://www.magicbricks.com/property-details/3-BHK-300-Sq-ft-Residential-House-FOR-Rent-Dindoli-in-Surat&id=4d423832383530313839,2026-04-19 13:52:36,21.152422,72.874251,,Rama Group Real Estate,Nr madhuram circle dindoli surat,,,,Residential House,Unfurnished,,,East,300,Sq-ft,New Construction,"3bhk row house nr vedant international school Check out this 3 BHK house available for rent in the popular location of Dindoli. You can find this house at rent of ₹20,000 per month. There is also a facility of 1 Open parking. The house is fitted with ceramic tiles, granite, marble flooring. You will also find Puja Room and Store in the house. This house is situated at Nr madhuram circle dindoli surat, Dindoli, Surat, Gujarat.",20000,50000,0,67,3,1 Open,No,No,No,,True,True,Agent,73,Immediately,2026-04-16T23:45:21.000Z,"Apr 17, '26",True
+Fzvwo5DDLlzpSvf+uAgZw==,Magicbricks,https://www.magicbricks.com/property-details/5-BHK-2800-Sq-ft-Villa-FOR-Rent-in-Surat&id=4d423738343335383231,2026-04-19 13:52:36,,,,K K Real Estate,Palanpur canal rod near by royal dine hotel,,,,Villa,Furnished,,,East,2800,Sq-ft,Less than 5 years,"all near Company bus stand,",25000,75000,,9,4,,No,No,No,"Air Conditioned, Laundry Service, Banquet Hall, Jogging and Strolling Track",False,True,Agent,78,Immediately,2026-03-02T11:14:36.000Z,"Mar 02, '26",True
FbNhB0yoV2RzpSvf+uAgZw==,Magicbricks,https://www.magicbricks.com/property-details/5-BHK-1500-Sq-ft-Residential-House-FOR-Rent-Dindoli-in-Surat&id=4d423831353131363539,2026-04-19 13:52:36,21.152422,72.874251,,Subhash singh,"Surat, Gujarat",,,,Residential House,Semi-Furnished,,,,1500,Sq-ft,,"This 5 BHK rental house is located in a key location of Dindoli area. The monthly rent is a ₹16,000. The address of the house is Dindoli, Surat, Gujarat.",16000,,,11,3,,No,No,No,,False,False,Owner,20,Immediately,2026-02-20T21:30:44.000Z,"Feb 21, '26",True
DKL6yMB/D6JzpSvf+uAgZw==,Magicbricks,https://www.magicbricks.com/property-details/2-BHK-756-Sq-ft-Residential-House-FOR-Rent-Masma-in-Surat&id=4d423631373635363033,2026-04-19 13:52:36,21.303506,72.763008,,Masma,"Surat, Gujarat",,,,Residential House,Semi-Furnished,Ground,2,,756,Sq-ft,,"This 2 BHK independent house for rent is located in Masma. The monthly rent is ₹6,000. The house is located at Masma, Surat, Gujarat.",6000,,,8,2,,No,No,No,,False,False,Owner,45,Immediately,2026-03-23T12:36:22.000Z,"Mar 23, '26",True
woDxM3C+A6lzpSvf+uAgZw==,Magicbricks,https://www.magicbricks.com/property-details/2-BHK-2000-Sq-ft-Villa-FOR-Rent-in-Surat&id=4d423831383038323333,2026-04-19 13:52:36,,,,Tushar,"Surat, Gujarat",,,,Villa,Semi-Furnished,,,,,,,"2 BHK, Villa is available for Rent in , Surat for 10,000",10000,,,,3,,No,No,No,,False,False,Owner,19,Immediately,2026-03-18T21:32:08.000Z,"Mar 19, '26",True
t7doJ+yi6XVzpSvf+uAgZw==,Magicbricks,https://www.magicbricks.com/property-details/2-BHK-800-Sq-ft-Residential-House-FOR-Rent-Masma-in-Surat&id=4d423730353936313931,2026-04-19 13:52:36,21.303506,72.763008,,Masma,"Surat, Gujarat",,,,Residential House,Unfurnished,Ground,1,,800,Sq-ft,,"This 2 BHK house is up for rent in the well-known Masma area. The monthly rent of the property is ₹5,000. The address of this house is Masma, Surat, Gujarat.",5000,,,6,2,,No,No,No,,False,False,Owner,0,Immediately,2026-02-28T22:30:39.000Z,"Mar 01, '26",True
dGiinY/yZhlzpSvf+uAgZw==,Magicbricks,https://www.magicbricks.com/property-details/2-BHK-1101-Sq-ft-Residential-House-FOR-Rent-Rander-Road-in-Surat&id=4d423137393736373436,2026-04-19 13:52:36,21.1969584,72.8028007,,Rander Road,"Riddhi Siddhi Row House, In front of Rajhans Residency And DrPark society, Near MV Circle Jahangirabad, Surat",,,,Residential House,Semi-Furnished,,,West,1101,Sq-ft,10 to 15 years,"This 2 BHK independent house for rent is located in Rander Road. You can find this house at rent of ₹15,000 per month. This house is situated at Riddhi Siddhi Row House, In front of Rajhans Residency And DrPark society, Near MV Circle Jahangirabad, Surat, Rander Road, Surat, Gujarat.",15000,,,14,1,,No,No,No,,False,False,Owner,68,Immediately,2026-03-08T15:53:56.000Z,"Mar 08, '26",True
/5emVaF4aj9zpSvf+uAgZw==,Magicbricks,https://www.magicbricks.com/property-details/2-BHK-1000-Sq-ft-Residential-House-FOR-Rent-Bhatar-Road-in-Surat&id=4d423739383538333235,2026-04-19 13:52:36,21.1699161,72.815363,,Bhatar Road,"Surat, Gujarat",,,,Residential House,Furnished,,,,,,,"The 2 BHK house is currently available for rent in Bhatar Road. The monthly rent is ₹20,000.",20000,60000,,,1,,No,No,No,,False,False,Owner,27,Immediately,2026-04-04T21:30:38.000Z,"Apr 05, '26",True
2hVbF1VbbxZzpSvf+uAgZw==,Magicbricks,https://www.magicbricks.com/property-details/2-BHK-800-Sq-ft-Residential-House-FOR-Rent-Masma-in-Surat&id=4d423736373232383737,2026-04-19 13:52:36,21.303506,72.763008,,Masma,"Surat, Gujarat",,,,Residential House,Unfurnished,1,1,,800,Sq-ft,,"Check out this 2 BHK house for rent in locality. The house is available at a monthly rental price of ₹5,000. This house is located at Masma, Surat, Gujarat.",5000,,,6,2,,No,No,No,,False,False,Owner,0,Immediately,2026-03-07T21:33:39.000Z,"Mar 08, '26",True
ghCC6NV70nVzpSvf+uAgZw==,Magicbricks,https://www.magicbricks.com/property-details/2-BHK-1200-Sq-ft-Multistorey-Apartment-FOR-Rent-Pal-Gam-in-Surat&id=4d423136323337323239,2026-04-19 13:52:36,21.1961857,72.7706259,,Pal Gam,"Jahangirabad, vaishnodevi road, ugat. Surat.",,,,Apartment,Semi-Furnished,8,12,South -West,1200,Sq-ft,New Construction,North east entry according to vaastu,12000,,,10,2,,Yes,No,No,"Service/Goods Lift, Visitor Parking, RO Water System, Jogging and Strolling Track",False,False,Owner,76,Immediately,2026-04-19T07:59:20.000Z,Today,True
3VV/JtDzj/lzpSvf+uAgZw==,Magicbricks,https://www.magicbricks.com/property-details/2-BHK-36-Sq-ft-Residential-House-FOR-Rent-Dindoli-in-Surat&id=4d423636383332393531,2026-04-19 13:52:36,21.152422,72.874251,,roshani gupta,"Surat, Gujarat",,,,Residential House,Unfurnished,,,,36,Sq-ft,,"You can find this 2 BHK house on rent in a good area of Dindoli. This house is situated at Dindoli, Surat, Gujarat.",,,,,2,,No,No,No,,False,False,Owner,35,Immediately,2026-04-01T16:13:05.000Z,"Apr 01, '26",True
2vOtNakT+aRzpSvf+uAgZw==,Magicbricks,https://www.magicbricks.com/property-details/5-BHK-3500-Sq-ft-Residential-House-FOR-Rent-Adajan-in-Surat&id=4d423834313436333837,2026-04-19 13:52:36,21.1973663,72.782489,,Adajan,"Surat, Gujarat","19202|Ryan International School Cbse, 19202|Gajera Global School, 19206|Imperial Square Mall, 19206|Walkway Mall",,,Residential House,Semi-Furnished,,,East,3500,Sq-ft,10 to 15 years,"1 BHK Semi Furnished Flat For Rent You can find this 5 BHK rental house in the main area of Adajan. The rent is ₹45,000 per month. The house also provides Puja Room and Store. Adajan, Surat, Gujarat is the address of the house.",45000,135000,1,13,5,,No,No,No,,True,True,Agent,62,Immediately,2026-04-08T12:08:12.000Z,"Apr 08, '26",True
0Xpnv2v061pzpSvf+uAgZw==,Magicbricks,https://www.magicbricks.com/property-details/5-BHK-2300-Sq-ft-Villa-FOR-Rent-Adajan-in-Surat&id=4d423532333535333631,2026-04-19 13:52:36,21.1973663,72.782489,,Adajan,"79/2, sai nagar.","19202|Seven Steps School, 19202|Tnj International School, 19206|Imperial Square Mall, 19206|Pal. Star World",,,Villa,Furnished,,,,2300,Sq-ft,5 to 10 years,"fully furnised house, air condition, tv, freez",50000,300000,0,22,5,2 Covered,No,No,No,,False,False,Owner,86,Immediately,2026-03-31T04:08:14.000Z,"Mar 31, '26",True
6KHpwbxT/g9zpSvf+uAgZw==,Magicbricks,https://www.magicbricks.com/property-details/5-BHK-2100-Sq-ft-Residential-House-FOR-Rent-Palanpur-in-Surat&id=4d423834303030393839,2026-04-19 13:52:36,21.215963,72.770389,,Thakkar Skyline Real Estate,Palanpur,,,,Residential House,Semi-Furnished,,,East,2100,Sq-ft,10 to 15 years,"5 BHK Residential House For rent preferably for Company employee Situated in Palanpur, this 5 BHK individual house is currently available for rent out. You can find this house at rent of ₹26,000 per month. You will also find 1 Covered parking facility in the house. The house flooring is made of ceramic tiles. In addition, the house includes Puja Room and Store. The address of the house is Palanpur, Palanpur, Surat, Gujarat.",26000,78000,1,12,5,1 Covered,No,No,No,,False,True,Agent,95,Immediately,2026-03-30T18:03:13.000Z,"Mar 30, '26",True
WdrXTURol95zpSvf+uAgZw==,Magicbricks,https://www.magicbricks.com/property-details/3-BHK-2000-Sq-ft-Residential-House-FOR-Rent-Adajan-in-Surat&id=4d423739313036343439,2026-04-19 13:52:36,21.1973663,72.782489,,Adajan,Adajan.,"19202|Ryan International School Cbse, 19202|Lp Savani International School, 19206|Regent Mall, 19206|Bellissimo Hub",,,Residential House,Furnished,,,East,2000,Sq-ft,5 to 10 years,"3 bhk fully furnished row house for rent in adajan surat. Situated in Adajan, this 3 BHK individual house is currently available for rent out. You will also have to pay a monthly rent of ₹35,500. 1 Covered parking space is also available in the house. Some add-on facilities bundled with this independent house are 3 Wardrobe, 3 Bed, 3 AC and Gas Connection. You'll find vitrified flooring in the house. There is also Store in the house. The address of this house is Adajan., Adajan, Surat, Gujarat.",35500,105000,0,18,3,1 Covered,No,No,No,,False,True,Agent,93,Immediately,2026-04-17T23:45:20.000Z,Yesterday,True
EeRr48IwRjZzpSvf+uAgZw==,Magicbricks,https://www.magicbricks.com/property-details/3-BHK-1200-Sq-ft-Residential-House-FOR-Rent-LP-Savani-in-Surat&id=4d423832303430343739,2026-04-19 13:52:36,21.1991,72.78237,,Sun Property,"Near LP Savanib Circle, Adajan",,,,Residential House,Furnished,,,East,1200,Sq-ft,5 to 10 years,"3 BHK Fully Furnished Row House for rent , Tenant preferred corporate Employee The 3 BHK house is currently available for rent in LP Savani. The house is available at the rent of ₹31,000 per month. There is also a facility of 1 Open parking. Here you can enjoy like Fridge, Sofa, Washing Machine, Dining Table and Gas Connection. The house is fitted with marble flooring. You will also find Puja Room and Store in the house. The address of this house is Near LP Savanib Circle, Adajan, LP Savani, Surat, Gujarat.",31000,93000,1,26,3,1 Open,No,No,No,,True,True,Agent,73,Immediately,2026-04-06T06:48:01.000Z,"Apr 06, '26",True
bwxYciEXwR5zpSvf+uAgZw==,Magicbricks,https://www.magicbricks.com/property-details/3-BHK-200-Sq-yrd-Residential-House-FOR-Rent-in-Surat&id=4d423739373632313837,2026-04-19 13:52:36,21.11013605,72.71941838,,Aditya Property Management,"Dumas Road, Surat.",,,,Residential House,Unfurnished,1,1,East,200,Sq-yrd,5 to 10 years,"3 BHK Bungalow For RentFully FurnsihedWith ElectronicsPersonal Garden AreaVictoria Palm, Dumas. This 3 BHK independent house for rent is located in Dumas. The monthly rent is ₹40,000. The house is on the 1st floor, includes 3 bathrooms and 3 balcony. The house includes 1 Covered parking. The house comes with some add-on facilities such as 3 Wardrobe, 3 Bed, 3 TV, Fridge, Microwave, 4 AC, Sofa, Washing Machine, Dining Table and Gas Connection. The house is equipped with marble flooring. You will also find Puja Room, Store and Servant Room in the house. Dumas Road, Surat., Dumas, Surat, Gujarat is the address of the house.",40000,120000,2,22,3,1 Covered,No,Yes,No,Jogging and Strolling Track,False,True,Agent,100,Immediately,2026-04-14T04:58:48.000Z,"Apr 14, '26",True
2XEeGbZSI0RzpSvf+uAgZw==,Magicbricks,https://www.magicbricks.com/property-details/5-BHK-7500-Sq-ft-Villa-FOR-Rent-Dumas-Road-in-Surat&id=4d423733343437363531,2026-04-19 13:52:36,21.1378068259953,72.7505612386718,,Dumas Road,dumas airport road,"19201|Gidc Katagram, 19202|CK Pithawala College of Engineering Technology, 19202|Lourdes Convent High School, 19206|Canopus Mall, 19206|Surat Central, 19209|Surat International Airport",,,Villa,Furnished,,,East,7500,Sq-ft,New Construction,its a big villa with parking and road side property for rent only for commercial type use,325000,1500000,2500,43,5,"1 Covered, 2 Open",No,No,No,,False,True,Agent,95,Immediately,2026-03-20T07:56:59.000Z,"Mar 20, '26",True
NUvfQoG2jzhzpSvf+uAgZw==,Magicbricks,https://www.magicbricks.com/property-details/3-BHK-1745-Sq-ft-Villa-FOR-Rent-Jahangir-Pura-in-Surat&id=4d423732383935313437,2026-04-19 13:52:36,21.247161,72.8018701,,Jahangir Pura,jahngirpura iskon tempal near by Ashram rod,,,,Villa,Unfurnished,,,East,1745,Sq-ft,5 to 10 years,"good location,iskon tempal",17000,50000,,10,3,,No,No,No,"Intercom Facility, Laundry Service, RO Water System",False,True,Agent,78,Immediately,2026-04-13T03:07:17.000Z,"Apr 13, '26",True
WW1v1pjIBVtzpSvf+uAgZw==,Magicbricks,https://www.magicbricks.com/property-details/3-BHK-2200-Sq-ft-Residential-House-FOR-Rent-Palanpur-in-Surat&id=4d423833353437303137,2026-04-19 13:52:36,21.215963,72.770389,,X Properties,"Surat, Gujarat",,,,Residential House,Semi-Furnished,,,East,2200,Sq-ft,5 to 10 years,"Residential Open Plot for sale in Gated Colony This 3 BHK independent house for rent is located in Palanpur. The monthly rent is a ₹18,000. In addition, the house includes Puja Room. This house is situated at Palanpur, Surat, Gujarat.",18000,51000,,8,3,,No,No,No,,False,True,Agent,73,Immediately,2026-02-25T07:23:54.000Z,"Feb 25, '26",True
ky24BLfTP1RzpSvf+uAgZw==,Magicbricks,https://www.magicbricks.com/property-details/2-BHK-1300-Sq-ft-Residential-House-FOR-Rent-Vesu-in-Surat&id=4d423833393230363337,2026-04-19 13:52:36,21.1447177,72.7717775,,Vesu,Sai kutir bungalow,"19210|Udhna Railway Station, 19202|White Lotus International School, 19202|Bhagwan Mahavir College of Engineering Technology",,,Residential House,Semi-Furnished,,,East,1300,Sq-ft,15 to 20 years,"2. BHK ground floor row house rent with semi furnished double bed wardrobe guest pipeline tube light fan TV unit You can find this 2 BHK rental house in the main area of Vesu. The house is avaliable at a monthly rent of ₹21,000. There is also Puja Room and Store in the house. This house is located at Sai kutir bungalow, Vesu, Surat, Gujarat.",21000,63000,,16,2,,Yes,No,No,"Air Conditioned, RO Water System",True,True,Agent,78,Immediately,2026-03-24T08:01:09.000Z,"Mar 24, '26",True
