listing_id,source_portal,listing_url,scraped_at,latitude,longitude,locality,sublocality,address,landmark_details,pincode,bhk_type,property_type,furnishing,floor_number,total_floors,facing,sqft,area_type,age_years,apartment_bio,monthly_rent,deposit_amount,maintenance_monthly,price_per_sqft,bathrooms,parking,has_lift,has_gym,has_security,luxury_amenities,is_verified,is_premium,owner_type,confidence_score,possession_status,listed_date,last_updated,is_available
j5bq0P4PQnJzpSvf+uAgZw==,Magicbricks,https://www.magicbricks.com/property-details/1-BHK-800-Sq-ft-Multistorey-Apartment-FOR-Rent-Maharani-Peta-in-Visakhapatnam&id=4d423834323639373333,2026-04-19 13:52:16,17.711611,83.313483,,Maharani Peta,"402 sb enclave , Rockdale layout",,,,Apartment,Semi-Furnished,4,5,,800,Sq-ft,10 to 15 years,"If you are searching a 1 BHK apartment for rent in Maharani Peta, check out this amazing rental flat. The flat is available for rent at a competitive amount of ₹15,000. The apartment is on the 4 floor, has a carpet area of 800 sqft with 1 bathrooms and 1 balcony. Visit the apartment at 402 sb enclave , Rockdale layout, Maharani Peta, Visakhapatnam, Andhra Pradesh. The owner has posted this 1 BHK flat for rent, so the brokerage fees is zero on this multistorey apartment.",15000,30000,1500,19,1,,No,No,No,,False,False,Owner,38,Immediately,2026-04-16T12:56:00.000Z,"Apr 16, '26",True
E6r0WQ24429zpSvf+uAgZw==,Magicbricks,https://www.magicbricks.com/property-details/1-BHK-44-Sq-ft-Penthouse-FOR-Rent-MVP-Colony-in-Visakhapatnam&id=4d423834323931363439,2026-04-19 13:52:16,17.7422936,83.3335151,,MVP Colony,near little angels school..mvp colony sector-3,,,,Penthouse,Semi-Furnished,2,2,East,44,Sq-ft,10 to 15 years,"If you are searching a 1 BHK apartment for rent in MVP Colony, check out this amazing rental flat. The multistorey apartment is available at rent of ₹8,500. The apartment is on the 2 floor, has a carpet area of 44 sqft with 1 bathrooms and 1 balcony. The flat can be visited at near little angels school..mvp colony sector-3, MVP Colony, Visakhapatnam, Andhra Pradesh. You can find the 1 BHK flat without any brokerage.",8500,,,193,1,,No,No,No,,False,False,Owner,65,Immediately,2026-04-18T03:39:08.000Z,Yesterday,True
u/f/ehFhdU9zpSvf+uAgZw==,Magicbricks,https://www.magicbricks.com/property-details/1-BHK-700-Sq-ft-Multistorey-Apartment-FOR-Rent-Waltair-Main-Road-in-Visakhapatnam&id=4d423834303331343039,2026-04-19 13:52:16,17.724686,83.319981,,G Ramakrishna Rao,"401 s b enclave, rockdale layout, waltair main road.",,,,Apartment,Semi-Furnished,4,5,North,,,10 to 15 years,"Grab the chance to own this affordable 1 BHK flat for rent in the Waltair Main Road area. The apartment is available at an affordable rental price of ₹15,000. The flat is on the 4 floor and includes 1 bathrooms, 1 balcony with a carpet area of 700 sqft. The property features security, air conditioned. Visit the flat at 401 s b enclave, rockdale layout, waltair main road., Waltair Main Road, Visakhapatnam, Andhra Pradesh. This is a no-brokerage flat because the owner has posted the ad on this 1 BHK apartment.",15000,30000,1500,,1,,No,No,Yes,Air Conditioned,False,False,Owner,76,Immediately,2026-04-02T04:40:58.000Z,"Apr 02, '26",True
NWvMbkP5yfZzpSvf+uAgZw==,Magicbricks,https://www.magicbricks.com/property-details/1-BHK-900-Sq-ft-Penthouse-FOR-Rent-Hb-Colony-in-Visakhapatnam&id=4d423834303836363639,2026-04-19 13:52:16,17.7463035,83.3214858,,Hb Colony,"Visakhapatnam, Andhra Pradesh",,,,Penthouse,Unfurnished,3,3,South,900,Sq-ft,Less than 5 years,"1 BHK apartment is available on rent in Hb Colony Visakhapatnam right away. The Rent amount of this 1 BHK apartment is set at an attractive price of ₹9,500. The flat is on the 3 floor and includes 1 bathrooms, 2 balcony with a covered area of 900 sqft. Visit the flat at Hb Colony, Visakhapatnam, Andhra Pradesh. This 1 BHK rental flat comes with no brokerage fees.",9500,19000,,11,1,,No,No,No,,False,False,Owner,55,Immediately,2026-04-05T10:01:21.000Z,"Apr 05, '26",True
TKeWkfvV2mNzpSvf+uAgZw==,Magicbricks,https://www.magicbricks.com/property-details/1-BHK-595-Sq-ft-Multistorey-Apartment-FOR-Rent-KRM-Colony-in-Visakhapatnam&id=4d423834303333373939,2026-04-19 13:52:16,17.7399193,83.3178097,,KRM Colony,"Krm colony, backside raithu bazaru, 80ft, seethamadhara, 530013.",,530013,,Apartment,Unfurnished,1,4,East,595,Sq-ft,Above 20 years,"Behind Oxygen towers , seethammadhara Check out this newly constructed 1 BHK flat on rent in the prime location of KRM Colony Visakhapatnam. The flat is available for rent at a competitive amount of ₹10,000. The flat is on the 1 floor and includes 1 bathrooms, 2 balcony with a covered area of 595 sqft. This unit is designed with security. The flat can be visited at Krm colony, backside raithu bazaru, 80ft, seethamadhara, 530013., KRM Colony, Visakhapatnam, Andhra Pradesh. The owner has posted this 1 BHK flat for rent, so the brokerage fees is zero on this multistorey apartment.",10000,20000,500,17,1,,No,No,No,,False,False,Owner,93,Select Date,2026-04-02T06:28:22.000Z,"Apr 02, '26",True
sd/ZAILyZkBzpSvf+uAgZw==,Magicbricks,https://www.magicbricks.com/property-details/1-BHK-1000-Sq-ft-Penthouse-FOR-Rent-Madhurwada-in-Visakhapatnam&id=4d423833353430353337,2026-04-19 13:52:16,17.8224722,83.3522229,,Madhurawada,pM palem,19202|APSWR Centre of Excellence,,,Penthouse,Semi-Furnished,4,4,North,1000,Sq-ft,New Construction,"You can avail the 1 BHK flat for rent in the well-known location of Madhurwada. The apartment is available at an affordable rental price of ₹15,000. Located on the 4 floor, the flat comprises 1 bathrooms, 1 balcony, and has a carpet area of 600 sqft. This flat is located at pM palem, Madhurwada, Visakhapatnam, Andhra Pradesh. This is a no-brokerage flat, as the owner is offering this 1 BHK flat on rent.",15000,5000,0,15,1,,No,No,No,,False,False,Owner,57,Immediately,2026-02-24T14:49:48.000Z,"Feb 24, '26",True
LVkCJwQQgHBzpSvf+uAgZw==,Magicbricks,https://www.magicbricks.com/property-details/1-BHK-1000-Sq-ft-Multistorey-Apartment-FOR-Rent-in-Visakhapatnam&id=4d423833343136393333,2026-04-19 13:52:16,,,,boina shesha sridhar,kommadi,,,,Apartment,Unfurnished,5,5,West,,,5 to 10 years,"If you are planning to rent a flat, you can consider this 1 BHK flat situated in the prime location of charan castle. The apartment is available at an affordable rental price of ₹5,000. The flat is on the 5 floor and includes 1 bathrooms, 1 balcony with a carpet area of 1000 sqft. The brokerage amount of the 1 BHK apartment is zero.",5000,10000,0,,1,,No,No,No,,False,False,Owner,40,Immediately,2026-02-15T06:01:42.000Z,"Feb 15, '26",True
8R2j+YBGTYVzpSvf+uAgZw==,Magicbricks,https://www.magicbricks.com/property-details/1-BHK-1000-Sq-ft-Penthouse-FOR-Rent-Anandapuram-in-Visakhapatnam&id=4d423636343931323337,2026-04-19 13:52:16,17.8939759,83.377701,,Anandapuram,Survey No 156-1,,,,Penthouse,Semi-Furnished,Ground,1,East,1000,Sq-ft,Less than 5 years,"This is the nest suitable for students and working professionals with no sound or air pollution. Plenty of space to hangout Grab the chance to own this affordable 1 BHK flat for rent in the Anandapuram area. The 1 BHK apartment is available at a reasonable rent of ₹10,000. Live in this lovely flat and get access to various useful facilities such as 1 Bed, 1 AC and 1 Wardrobe. Located on the Ground floor, the flat comprises 1 bathrooms, 1 balcony, and has a carpet area of 1300 sqft. 1 Covered parking space is also available. This unit features reserved parking. This flat is located at Survey No 156-1, Anandapuram, Visakhapatnam, Andhra Pradesh. The brokerage amount of the 1 BHK apartment is zero.",10000,20000,500,10,1,1 Covered,No,No,No,,False,False,Owner,85,Immediately,2026-02-03T22:30:33.000Z,"Feb 04, '26",True
3WtFVB/WBihzpSvf+uAgZw==,Magicbricks,https://www.magicbricks.com/property-details/1-BHK-500-Sq-ft-Multistorey-Apartment-FOR-Rent-in-Visakhapatnam&id=4d423630343337333631,2026-04-19 13:52:16,,,,Gamini Rao,"Visakhapatnam, Andhra Pradesh",,,,Apartment,Semi-Furnished,6,6,,500,Sq-ft,,"1 BHK flat is available for rent in Z P Centre immediately. The rent of the 1 BHK flat is ₹15,000. This is a no-brokerage flat, as the owner is offering this 1 BHK flat on rent.",15000,,,30,1,,No,No,No,,False,False,Owner,46,Immediately,2026-03-04T21:33:09.000Z,"Mar 05, '26",True
mDVG6VPYVpJzpSvf+uAgZw==,Magicbricks,https://www.magicbricks.com/property-details/1-BHK-800-Sq-ft-Multistorey-Apartment-FOR-Rent-MVP-Colony-in-Visakhapatnam&id=4d423832303939373833,2026-04-19 13:52:16,17.7422936,83.3335151,,MVP Colony,F-1.,,,,Apartment,Furnished,1,3,,800,Sq-ft,Less than 5 years,"You can explore this 1 BHK flat on rent in MVP Colony Visakhapatnam. The Rent amount of this 1 BHK apartment is set at an attractive price of ₹16,000. Located on the 1 floor, the flat has 1 bathrooms, 2 balcony in covered area of 800 sqft. Visit the flat at F-1., MVP Colony, Visakhapatnam, Andhra Pradesh. There are no brokerage fees on this 1 BHK multistorey apartment.",16000,,,20,1,,No,No,No,,True,False,Owner,55,Immediately,2026-03-15T17:47:24.000Z,"Mar 15, '26",True
yaR/n1pxw/dzpSvf+uAgZw==,Magicbricks,https://www.magicbricks.com/property-details/1-BHK-500-Sq-ft-Builder-Floor-Apartment-FOR-Rent-Purna-Market-in-Visakhapatnam&id=4d423438343530323533,2026-04-19 13:52:16,17.709954,83.296356,,kiran kumar,Janaki Devi Plaza Pandhupulla Sandhu Flower lane Street Near Poorna Market  Visakhapatanam,,,,Builder Floor Apartment,Unfurnished,3,3,East,500,Sq-ft,,"If you are searching a 1 BHK apartment for rent in Purna Market, check out this amazing rental flat. You can get this flat at monthly rent of ₹4,000. Located on the 3 floor, the flat comprises 1 bathrooms, 1 balcony, and has a carpet area of 500 sqft. The apartment comes furnished with power back up, visitor parking. The address is Janaki Devi Plaza Pandhupulla Sandhu Flower lane Street Near Poorna Market Visakhapatanam, Purna Market, Visakhapatnam, Andhra Pradesh. The brokerage amount of the 1 BHK apartment is zero.",4000,,,8,1,,No,No,No,"Visitor Parking, Laundry Service",False,False,Owner,68,Immediately,2026-04-09T15:33:33.000Z,"Apr 09, '26",True
5IflYPS4dftzpSvf+uAgZw==,Magicbricks,https://www.magicbricks.com/property-details/1-BHK-1100-Sq-ft-Multistorey-Apartment-FOR-Rent-Vizag-in-Visakhapatnam&id=4d423435333933323731,2026-04-19 13:52:16,17.6868159,83.2184815,,Vizag,"flat no. 401, vighnesh enclave, dondaparthy, vizag",,,,Apartment,Furnished,4,5,East,1100,Sq-ft,5 to 10 years,"Peaceful and calm, decent area near by main road. Single room with Master bed, Attached washroom, and Kitchen. You can avail the 1 BHK flat for rent in the well-known location of Vizag. You can get this flat at monthly rent of ₹12,000. The apartment is on the 4 floor, has a carpet area of 800 sqft with 1 bathrooms and 1 balcony. The flat comes with reserved parking, security. The address is flat no. 401, vighnesh enclave, dondaparthy, vizag, Vizag, Visakhapatnam, Andhra Pradesh. The owner has posted this 1 BHK flat for rent, so the brokerage fees is zero on this multistorey apartment.",12000,5000,1000,11,1,,No,No,No,,False,False,Owner,75,Immediately,2026-03-26T21:30:42.000Z,"Mar 27, '26",True
CBfPHU1e9FdzpSvf+uAgZw==,Magicbricks,https://www.magicbricks.com/property-details/1-BHK-Multistorey-Apartment-FOR-Rent-MVP-Colony-in-Visakhapatnam&id=4d423631383235353737,2026-04-19 13:52:16,17.7422936,83.3335151,,MVP Colony,"Visakhapatnam, Andhra Pradesh",,,,Apartment,Unfurnished,,,,,,New Construction,"If you are searching a 1 BHK apartment for rent in MVP Colony, check out this amazing rental flat. The Rent amount of this 1 BHK apartment is set at an attractive price of ₹3,500. This flat is located at MVP Colony, Visakhapatnam, Andhra Pradesh. This is a no-brokerage flat because the owner has posted the ad on this 1 BHK apartment.",3500,10000,500,,1,,No,No,No,,False,False,Owner,46,Immediately,2026-04-16T21:30:42.000Z,"Apr 17, '26",True
VE+CSos8iSNzpSvf+uAgZw==,Magicbricks,https://www.magicbricks.com/property-details/1-BHK-550-Sq-ft-Multistorey-Apartment-FOR-Rent-Muralinagar-in-Visakhapatnam&id=4d423231373439313039,2026-04-19 13:52:16,17.7471481,83.2599674,,Muralinagar,"Visakhapatnam, Andhra Pradesh",,,,Apartment,Unfurnished,1,3,East,550,Sq-ft,New Construction,"Newly constructed 1 BHK close to Highway near Muralinagar on first floor of a 3 floor building. North facing house with 24 hour water facility. If you are planning to rent a flat, you can consider this 1 BHK flat situated in the prime location of Muralinagar. The flat is available for rent at a competitive amount of ₹5,000. Located on the 1 floor, the flat comprises 1 bathrooms, 1 balcony, and has a covered area of 550 sqft. The flat comes with reserved parking. Find this apartment at Muralinagar, Visakhapatnam, Andhra Pradesh. This 1 BHK flat is directly posted by the owner, so you don't need to pay any brokerage on this property.",5000,15000,,9,1,,No,No,No,,False,False,Owner,63,Immediately,2026-03-22T21:32:29.000Z,"Mar 23, '26",True
UcIs2Lib23xzpSvf+uAgZw==,Magicbricks,https://www.magicbricks.com/property-details/2-BHK-1400-Sq-ft-Multistorey-Apartment-FOR-Rent-Marripalem-in-Visakhapatnam&id=4d423834323836333539,2026-04-19 13:52:16,17.7438352,83.2492625,,Marripalem,New Karasa,,,,Apartment,Unfurnished,1,4,West,1400,Sq-ft,New Construction,"A beautiful 2 BHK flat is available for rent in Marripalem. This 2 BHK flat is available at the reasonable rent amount of ₹15,000. The flat is located on the 1 floor which includes 2 bathrooms, 3 balcony, and covers a carpet area of 1200 sqft. The apartment is located at New Karasa, Marripalem, Visakhapatnam, Andhra Pradesh. This is a no-brokerage flat because the owner has posted the ad on this 2 BHK apartment.",15000,,1000,11,2,,No,No,No,,False,True,Owner,66,Immediately,2026-04-17T11:33:24.000Z,"Apr 17, '26",True
Qk/fkaS7nyFzpSvf+uAgZw==,Magicbricks,https://www.magicbricks.com/property-details/2-BHK-1150-Sq-ft-Multistorey-Apartment-FOR-Rent-in-Visakhapatnam&id=4d423832343830313035,2026-04-19 13:52:16,,,,Bharathi,Ramya sadan apts 80ft road opposite crown bakery sankaramatam road,,,,Apartment,Semi-Furnished,2,5,East,1150,Sq-ft,,"Find 2 BHK flat for rent in Ramya sadan apts 80ft road sankaramatam road Visakhapatnam. The rent of the 2 BHK flat is ₹22,000. The property includes 1 Covered parking. The flat comes with reserved parking, security. This is a no-brokerage flat, as the owner is offering this 2 BHK flat on rent.",22000,,,19,2,1 Covered,No,No,No,,False,True,Owner,59,Immediately,2026-04-12T23:40:11.000Z,"Apr 13, '26",True
Az14y/r+xDpzpSvf+uAgZw==,Magicbricks,https://www.magicbricks.com/property-details/2-BHK-850-Sq-ft-Multistorey-Apartment-FOR-Rent-Bakkannapalem-in-Visakhapatnam&id=4d423834323031353835,2026-04-19 13:52:16,17.814788,83.34287,,sadik,Bakkanapalem.,,,,Apartment,Semi-Furnished,5,5,North,850,Sq-ft,Less than 5 years,"peaceful location and beautiful home You can avail the 2 BHK flat for rent in the well-known location of Bakkannapalem. The 2 BHK apartment is available at a reasonable rent of ₹15,000. The flat is on the 5 floor and includes 2 bathrooms, 1 balcony with a carpet area of 150 sqft. This home provides power back up. This is a no-brokerage flat, as the owner is offering this 2 BHK flat on rent.",15000,30000,1000,18,2,,No,No,No,,False,False,Owner,60,Immediately,2026-04-11T14:41:41.000Z,"Apr 11, '26",True
EMNtBatC0o9zpSvf+uAgZw==,Magicbricks,https://www.magicbricks.com/property-details/2-BHK-1185-Sq-ft-Multistorey-Apartment-FOR-Rent-Gajuwaka-in-Visakhapatnam&id=4d423735323133313137,2026-04-19 13:52:16,17.688112,83.213121,,Vidya Chintapatla,Senora Block,19202|Timpany Steel City School,,,Apartment,Semi-Furnished,1,5,,1185,Sq-ft,Less than 5 years,"Newly Apartment just two years old semi furnished flat in premium Senora Block of Sardar Nest Apartments 2 BHK and steel grills for all windows and balcony, wardrobes, wall unit. Find 2 BHK flat for rent in Gajuwaka Visakhapatnam. The apartment is available at an affordable rental price of ₹15,000. The apartment is on the 1 floor, has a covered area of 1185 sqft with 2 bathrooms and 1 balcony. This property includes 5 floor and provides Kids Play Pool With Water Slides benefits. The apartment comes furnished with power back up, reserved parking, security. Visit the flat at Gajwaka Jn., Visakhapatnam.. Do not pay any brokerage fee for this 2 BHK rental flat since the property ad is posted by the flat owner.",15000,45000,,13,2,,No,No,No,"Laundry Service, Banquet Hall, Jogging and Strolling Track",False,True,Owner,73,Immediately,2026-04-14T23:39:48.000Z,"Apr 15, '26",True
b3hvExbaY0lzpSvf+uAgZw==,Magicbricks,https://www.magicbricks.com/property-details/2-BHK-1310-Sq-ft-Multistorey-Apartment-FOR-Rent-Madhurwada-in-Visakhapatnam&id=4d423833383731343939,2026-04-19 13:52:16,17.8224722,83.3522229,,Madhurawada,"SE 1004, Celebrity Towers",19202|APSWR Centre of Excellence,,,Apartment,Semi-Furnished,10,17,North,1310,Sq-ft,5 to 10 years,"Grab the chance to own this affordable 2 BHK flat for rent in the Madhurwada area. The flat is available for rent at a competitive amount of ₹25,000. Located on the 10 floor, the flat comprises 2 bathrooms, 2 balcony, and has a carpet area of 1200 sqft. The building includes 17 floor and supports Kids play area living. The residence includes power back up, reserved parking, security, service/goods lift, visitor parking. The full address of the apartment is S No 1/P Of Yendada And S No 386/P Of Madhurawada Visakhapatnam Andhra Pradesh . This 2 BHK rental flat comes with no brokerage fees.",25000,,,19,2,,Yes,No,No,"Service/Goods Lift, Visitor Parking, Laundry Service, Jogging and Strolling Track",False,False,Owner,70,Immediately,2026-03-20T06:29:31.000Z,"Mar 20, '26",True
EhdeWjd2WAFzpSvf+uAgZw==,Magicbricks,https://www.magicbricks.com/property-details/2-BHK-1280-Sq-ft-Multistorey-Apartment-FOR-Rent-Madhurwada-in-Visakhapatnam&id=4d423833373238393831,2026-04-19 13:52:16,17.8224722,83.3522229,,Madhurawada,"Madhurwada,Visakhapatnam",19202|APSWR Centre of Excellence,,,Apartment,Unfurnished,14,15,West,1280,Sq-ft,New Construction,"2 BHK flat is available for rent in Madhurwada immediately. ₹20,000 is the monthly rent of this 2 BHK flat. Located on the 14 floor, the flat has 2 bathrooms, 3 balcony in carpet area of 1025 sqft. You will also find 113 Covered parking facility. The property features power back up, reserved parking, security. The address is 11 100 FT IT PARK ROAD INDIABULLS REAL ESTATE, 120, Midhilapuri Vuda Colony, Madhurawada, Visakhapatnam, Andhra Pradesh. You can find the 2 BHK flat without any brokerage.",20000,45000,4000,16,2,113 Covered,Yes,No,No,Jogging and Strolling Track,False,False,Owner,85,Select Date,2026-03-11T06:30:47.000Z,"Mar 11, '26",True
SJX3VYkwxCBzpSvf+uAgZw==,Magicbricks,https://www.magicbricks.com/property-details/2-BHK-1050-Sq-ft-Multistorey-Apartment-FOR-Rent-Auto-Nagar-in-Visakhapatnam&id=4d423833383939383331,2026-04-19 13:52:16,17.6904098,83.1943724,,Auto Nagar,Auto Nagar,19206|Walmart,,,Apartment,Unfurnished,2,4,East,1050,Sq-ft,Less than 5 years,"Plenty of air, light, peaceful locality, 100 meters to RTC Bus stand and all amenities closeby Grab the chance to own this affordable 2 BHK flat for rent in the Auto Nagar area. You can get this flat at monthly rent of ₹10,000. The apartment is on the 2 floor, has a carpet area of 1000 sqft with 2 bathrooms and 1 balcony. The flat comes with reserved parking, security. The flat can be visited at Auto Nagar, Auto Nagar, Visakhapatnam, Andhra Pradesh. This 2 BHK flat is directly posted by the owner, so you don't need to pay any brokerage on this property.",10000,20000,1000,10,2,,Yes,No,No,"Laundry Service, Outdoor Tennis Courts",False,True,Owner,66,Immediately,2026-04-10T13:35:03.000Z,"Apr 10, '26",True
x2iLTMWoHuBzpSvf+uAgZw==,Magicbricks,https://www.magicbricks.com/property-details/2-BHK-1000-Sq-ft-Multistorey-Apartment-FOR-Rent-Daba-Garden-in-Visakhapatnam&id=4d423636323331353031,2026-04-19 13:52:16,17.7169266,83.3021004,,Daba Garden,"Visakhapatnam, Andhra Pradesh","19206|Pantaloons, 19206|CMR Shopping Mall",,,Apartment,Unfurnished,3,5,West,1000,Sq-ft,15 to 20 years,"its a west facing 2 bhk property with good ventillation and vastu. 1. 50 meters from main road. 2. 2 mins walk to dolphin hotel3. 2 mins walk to supermarket, groceries, vegetable stores, fruit store, book shop and stationary. Flat number 303Apartment name Sree Ambica PlazaBedroom 2Bathroom 2Facing West",15000,30000,2000,15,2,1 Covered,No,No,No,,False,True,Owner,69,Immediately,2026-04-17T16:19:45.000Z,"Apr 17, '26",True
+X2oirOswppzpSvf+uAgZw==,Magicbricks,https://www.magicbricks.com/property-details/2-BHK-1070-Sq-ft-Multistorey-Apartment-FOR-Rent-Aganampudi-in-Visakhapatnam&id=4d423537353334343633,2026-04-19 13:52:16,17.6882133,83.1262703,,Manohar,"Visakhapatnam, Andhra Pradesh",,,,Apartment,Semi-Furnished,3,5,North,1070,Sq-ft,5 to 10 years,"If you are searching a 2 BHK apartment for rent in Aganampudi, check out this amazing rental flat. ₹9,500 is the monthly rent of this 2 BHK flat. 1 Covered parking space is also available. This unit is designed with power back up, reserved parking, security. This flat is located at Aganampudi, Visakhapatnam, Andhra Pradesh. This 2 BHK flat is directly posted by the owner, so you don't need to pay any brokerage on this property.",9500,13000,800,9,3,1 Covered,No,No,No,,False,True,Owner,66,Immediately,2026-04-03T10:33:33.000Z,"Apr 03, '26",True
aoU2ZFacf9dzpSvf+uAgZw==,Magicbricks,https://www.magicbricks.com/property-details/2-BHK-850-Sq-ft-Multistorey-Apartment-FOR-Rent-Kurmannapalem-in-Visakhapatnam&id=4d423833383435323133,2026-04-19 13:52:16,17.698036,83.15954,,Kurmannapalem,"Kurmannapalem, Visakhapatnam",,,,Apartment,Unfurnished,8,10,East,850,Sq-ft,New Construction,"Swimming pool, Badminton court, basket ball court, Volleyball court, children park, Temple, Walking track Find this 2 BHK rental flat in Kurmannapalem Visakhapatnam. The flat is available for rent at a competitive amount of ₹13,000. The apartment is on the 8 floor, has a carpet area of 1050 sqft with 2 bathrooms and 1 balcony. This property features 10 floor and offers a range of Kids play area facilities. This home provides power back up, security, service/goods lift, visitor parking. Visit the apartment at On Duvvada Railway Station Road, Opposite ICICI Bank,Kurmannapalem,Gajuwaka, Visakhapatnam.. This 2 BHK flat is directly posted by the owner, so you don't need to pay any brokerage on this property.",13000,,,15,2,,No,No,No,"Laundry Service, Banquet Hall, Jogging and Strolling Track, Outdoor Tennis Courts",False,True,Owner,69,Immediately,2026-04-06T23:31:32.000Z,"Apr 07, '26",True
PUfobJ0q6tFzpSvf+uAgZw==,Magicbricks,https://www.magicbricks.com/property-details/2-BHK-1035-Sq-ft-Multistorey-Apartment-FOR-Rent-Atchutapuram-in-Visakhapatnam&id=4d423631323639343039,2026-04-19 13:52:16,17.564011,82.979093,,Bhaskar,Atchutapuram,,,,Apartment,Furnished,5,5,West,1035,Sq-ft,Less than 5 years,"Find 2 BHK flat for rent in Atchutapuram Visakhapatnam. ₹16,000 is the monthly rent of this 2 BHK flat. Located on the 5 floor, the flat has 2 bathrooms, 1 balcony in covered area of 1035 sqft. This unit is designed with power back up, reserved parking, security, air conditioned, visitor parking, ro water system. The full address of the apartment is Atchutapuram, Visakhapatnam. This 2 BHK flat is directly posted by the owner, so you don't need to pay any brokerage on this property.",16000,,,15,2,,No,No,No,"Air Conditioned, Jogging and Strolling Track, House help accommodation, Concierge Services",False,True,Owner,76,Immediately,2026-04-05T23:52:52.000Z,"Apr 06, '26",True
/KWzl3Y/sLZzpSvf+uAgZw==,Magicbricks,https://www.magicbricks.com/property-details/2-BHK-1280-Sq-ft-Multistorey-Apartment-FOR-Rent-Madhurwada-in-Visakhapatnam&id=4d423834313334383533,2026-04-19 13:52:16,17.8224722,83.3522229,,Madhurawada,"IT Park, Near Midhilapuri",19202|APSWR Centre of Excellence,,,Apartment,Semi-Furnished,10,15,West,1280,Sq-ft,Less than 5 years,"A beautiful 2 BHK flat is available for rent in Madhurwada. This 2 BHK flat can be availed at the rental price of ₹15,000. The apartment is on the 10 floor, has a covered area of 1280 sqft with 2 bathrooms and 3 balcony. This flat is fitted with power back up, reserved parking, security, intercom facility, ro water system. Visit the flat at 11 100 FT IT PARK ROAD INDIABULLS REAL ESTATE, 120, Midhilapuri Vuda Colony, Madhurawada, Visakhapatnam, Andhra Pradesh.",15000,32000,3900,12,2,,No,No,No,"Intercom Facility, RO Water System, Jogging and Strolling Track",True,True,Agent,54,Select Date,2026-04-08T06:32:27.000Z,"Apr 08, '26",True
0bW3ErNSGeFzpSvf+uAgZw==,Magicbricks,https://www.magicbricks.com/property-details/2-BHK-1280-Sq-ft-Multistorey-Apartment-FOR-Rent-Madhurwada-in-Visakhapatnam&id=4d423833373936333633,2026-04-19 13:52:16,17.8224722,83.3522229,,Madhurawada,midilapure vuda colony near it,19202|APSWR Centre of Excellence,,,Apartment,Semi-Furnished,9,15,East,1280,Sq-ft,New Construction,"mega gated community flat for rent in indiabulls sierra madhurawad midilapure vuda colony near i Sri Kanya Cinepolis best lotion and we are proding all aminities Grab the chance to own this affordable 2 BHK flat for rent in the Madhurwada area. The rent of the 2 BHK flat is ₹20,000. Located on the 9 floor, the flat has 2 bathrooms, 3 balcony in covered area of 1280 sqft. This home provides power back up, reserved parking, security, service/goods lift, air conditioned, intercom facility, ro water system. This flat is located at 11 100 FT IT PARK ROAD INDIABULLS REAL ESTATE, 120, Midhilapuri Vuda Colony, Madhurawada, Visakhapatnam, Andhra Pradesh.",20000,40000,0,16,2,,No,No,No,"Air Conditioned, Banquet Hall, Jogging and Strolling Track, Outdoor Tennis Courts",True,True,Agent,80,Immediately,2026-03-16T05:20:35.000Z,"Mar 16, '26",True
Mk/OdR2+HaVzpSvf+uAgZw==,Magicbricks,https://www.magicbricks.com/property-details/2-BHK-1200-Sq-ft-Multistorey-Apartment-FOR-Rent-VIP-Road-CBM-Compound-in-Visakhapatnam&id=4d423834303330393737,2026-04-19 13:52:16,17.7271646,83.3156563,,VIP Road CBM Compound,vip road,,,,Apartment,Semi-Furnished,1,5,South,1200,Sq-ft,10 to 15 years,"centrally located You can explore this 2 BHK flat on rent in VIP Road CBM Compound Visakhapatnam. ₹25,000 is the monthly rent of this 2 BHK flat. The flat is on the 1 floor and includes 2 bathrooms, 2 balcony with a carpet area of 1100 sqft. The apartment comes furnished with power back up, reserved parking, intercom facility. This flat is located at vip road, VIP Road CBM Compound, Visakhapatnam, Andhra Pradesh.",25000,75000,1200,21,2,,Yes,No,No,Intercom Facility,True,True,Agent,73,Immediately,2026-04-02T03:41:01.000Z,"Apr 02, '26",True
QODXETRQaGhzpSvf+uAgZw==,Magicbricks,https://www.magicbricks.com/property-details/2-BHK-1050-Sq-ft-Multistorey-Apartment-FOR-Rent-Seethammadhara-in-Visakhapatnam&id=4d423834323534393539,2026-04-19 13:52:16,17.7429031,83.3081172,,Seethammadhara,"DNo 54-16-37, 3rd Floor, Yechuri Fort Apartments, KRM Colony",,,,Apartment,Unfurnished,3,5,North,1050,Sq-ft,15 to 20 years,"A beautiful 2 BHK flat is available for rent in Seethammadhara. This 2 BHK flat can be availed at the rental price of ₹20,000. Located on the 3 floor, the flat comprises 2 bathrooms, 2 balcony, and has a carpet area of 850 sqft. You can visit the flat at Seethammadhara, Visakhapatnam, Andhra Pradesh. This is a no-brokerage flat because the owner has posted the ad on this 2 BHK apartment.",20000,,,19,2,,No,No,No,,False,False,Owner,67,Select Date,2026-04-15T18:58:06.000Z,"Apr 16, '26",True
bff0f/JVzNJzpSvf+uAgZw==,Magicbricks,https://www.magicbricks.com/property-details/2-BHK-1300-Sq-ft-Multistorey-Apartment-FOR-Rent-Rushikonda-in-Visakhapatnam&id=4d423833323936363131,2026-04-19 13:52:16,17.7971295,83.3869516,,Rushikonda,"House no 9-591, Plot no 23, Opposite to Ram Vilas HI Life, Pedda Rushikonda",,,,Apartment,Unfurnished,1,5,West,,,New Construction,"You can avail the 2 BHK flat for rent in the well-known location of Rushikonda. Available at a rental price of ₹25,000, this 2 BHK flat is worth considering. The flat is on the 1 floor and includes 2 bathrooms, 2 balcony with a carpet area of 1300 sqft. 2 Covered parking space is also available. The flat comes with reserved parking. Visit the flat at House no 9-591, Plot no 23, Opposite to Ram Vilas HI Life, Pedda Rushikonda, Rushikonda, Visakhapatnam, Andhra Pradesh. Do not pay any brokerage fee for this 2 BHK rental flat since the property ad is posted by the flat owner.",25000,,1500,,2,2 Covered,No,No,No,,False,False,Owner,79,Immediately,2026-04-15T21:30:37.000Z,"Apr 16, '26",True
W6/YLP97smdzpSvf+uAgZw==,Magicbricks,https://www.magicbricks.com/property-details/2-BHK-1000-Sq-ft-Multistorey-Apartment-FOR-Rent-Daspalla-Hills-in-Visakhapatnam&id=4d423833383937373837,2026-04-19 13:52:16,17.715863,83.314133,,shriram,"Prince Apartments, Thatichetlapalem near 80ft road, Akkayyapalem",,,,Apartment,Semi-Furnished,1,3,South,1000,Sq-ft,Above 20 years,"If you are searching a 2 BHK apartment for rent in Daspalla Hills, check out this amazing rental flat. The flat is available for rent at a competitive amount of ₹20,000. The flat is located on the 1 floor which includes 2 bathrooms, 1 balcony, and covers a carpet area of 870 sqft. This property offers reserved parking, security, air conditioned, ro water system. This 2 BHK apartment ad is listed by the owner, so there is no brokerage fee.",20000,40000,700,20,2,,Yes,No,No,"Air Conditioned, RO Water System",False,False,Owner,74,Immediately,2026-03-22T06:02:20.000Z,"Mar 22, '26",True
DXbsCu2EPLBzpSvf+uAgZw==,Magicbricks,https://www.magicbricks.com/property-details/2-BHK-1090-Sq-ft-Multistorey-Apartment-FOR-Rent-Akkayyapalem-in-Visakhapatnam&id=4d423834323731313339,2026-04-19 13:52:16,17.7367389,83.3000947,,Akkayyapalem,103.,,,,Apartment,Unfurnished,1,5,,1090,Sq-ft,,"Nely Pinted , main area, Priyanka residency , vinayaka temple etrance on 80 feet road ,next to sri balaji medicals Find 2 BHK flat for rent in Akkayyapalem Visakhapatnam. ₹16,500 is the monthly rent of this 2 BHK flat. The flat is located on the 1 floor which includes 2 bathrooms, 1 balcony, and covers a carpet area of 1030 sqft. This unit is designed with security, intercom facility. The full address of the apartment is 103., Akkayyapalem, Visakhapatnam, Andhra Pradesh. The brokerage amount of the 2 BHK apartment is zero.",16500,45000,1000,15,2,,Yes,No,Yes,Intercom Facility,False,False,Owner,86,Immediately,2026-04-16T14:54:33.000Z,"Apr 16, '26",True
EHXSpM/8clxzpSvf+uAgZw==,Magicbricks,https://www.magicbricks.com/property-details/2-BHK-1165-Sq-ft-Multistorey-Apartment-FOR-Rent-Sheelanagar-in-Visakhapatnam&id=4d423834313438333639,2026-04-19 13:52:16,17.718522,83.1983904,,Sheelanagar,"Visakhapatnam, Andhra Pradesh",,530012,,Apartment,Semi-Furnished,4,5,,1165,Sq-ft,,"If you are searching a 2 BHK apartment for rent in Sheelanagar, check out this amazing rental flat. Available at a rental price of ₹20,833, this 2 BHK flat is worth considering. The building includes 5 floor and supports Kids play area, Sand pit living. Visit the apartment at 57-9-24, Godavari Layout, Gavara Jaggayyapalem, Sheelanagar, Visakhapatnam, Andhra Pradesh, 530012. You can find the 2 BHK flat without any brokerage.",20833,,,18,2,,No,No,No,,False,False,Owner,28,Immediately,2026-04-08T13:15:57.000Z,"Apr 08, '26",True
Yf2n+aGKG8ZzpSvf+uAgZw==,Magicbricks,https://www.magicbricks.com/property-details/2-BHK-1200-Sq-ft-Multistorey-Apartment-FOR-Rent-Nad-Junction-in-Visakhapatnam&id=4d423834303930333637,2026-04-19 13:52:16,17.745866,83.231557,,Nad Junction,"Visakhapatnam, Andhra Pradesh",,,,Apartment,Semi-Furnished,5,5,North,,,,"Check out this newly constructed 2 BHK flat on rent in the prime location of Nad Junction Visakhapatnam. This 2 BHK flat can be availed at the rental price of ₹12,500. Located on the 5 floor, the flat has 2 bathrooms, 2 balcony in carpet area of 1200 sqft. This unit features power back up, reserved parking, security, air conditioned. Visit the flat at Prasanthinagar, Aganampudi, Visakhapatnam, Andhra Pradesh . This 2 BHK apartment ad is listed by the owner, so there is no brokerage fee.",12500,,,,2,,No,No,No,"Air Conditioned, Jogging and Strolling Track, Outdoor Tennis Courts",False,False,Owner,62,Immediately,2026-04-05T14:56:27.000Z,"Apr 05, '26",True
EqVfreoB6vZzpSvf+uAgZw==,Magicbricks,https://www.magicbricks.com/property-details/2-BHK-1315-Sq-ft-Multistorey-Apartment-FOR-Rent-Marikavalasa-Road-in-Visakhapatnam&id=4d423738363636343733,2026-04-19 13:52:16,17.827627,83.370789,,Marikavalasa Road,"Flat 101, north facing, hsd layout.",,,,Apartment,Furnished,Ground,5,North,1315,Sq-ft,Less than 5 years,"Fully furnised flat 2 geysers. You can avail the 2 BHK flat for rent in the well-known location of Marikavalasa Road. The Rent amount of this 2 BHK apartment is set at an attractive price of ₹18,000. If you rent the flat, you will have access to facilities like 2 Wardrobe. The flat is located on the Ground floor which includes 2 bathrooms, 1 balcony, and covers a covered area of 1315 sqft. The flat comes with power back up, reserved parking, security. Find this apartment at Madhurwada, Visakhapatnam. The owner has posted this 2 BHK flat for rent, so the brokerage fees is zero on this multistorey apartment.",18000,54000,1500,14,2,,No,No,No,,False,False,Owner,77,Immediately,2026-04-12T21:31:48.000Z,"Apr 13, '26",True
NWSAhJGrSLJzpSvf+uAgZw==,Magicbricks,https://www.magicbricks.com/property-details/2-BHK-1030-Sq-ft-Multistorey-Apartment-FOR-Rent-Atchutapuram-in-Visakhapatnam&id=4d423832393933343135,2026-04-19 13:52:16,17.564011,82.979093,,Satheesh,Flat number 501,,,,Apartment,Semi-Furnished,5,5,West,1030,Sq-ft,5 to 10 years,"house full of quality cupboards and elica chimney modular kitchen waterproof painting done at the terrace Check out this newly constructed 2 BHK flat on rent in the prime location of Atchutapuram Visakhapatnam. This 2 BHK flat is available at the reasonable rent amount of ₹12,000. Located on the 5 floor, the flat comprises 2 bathrooms, 1 balcony, and has a carpet area of 1020 sqft. This flat is fitted with power back up, reserved parking, security. Visit the flat at Flat number 501, Atchutapuram, Visakhapatnam, Andhra Pradesh. This 2 BHK apartment ad is listed by the owner, so there is no brokerage fee.",12000,24000,700,12,2,,No,No,No,,False,False,Owner,79,Immediately,2026-03-29T21:30:38.000Z,"Mar 30, '26",True
+JTzCJVO7OZzpSvf+uAgZw==,Magicbricks,https://www.magicbricks.com/property-details/2-BHK-915-Sq-ft-Builder-Floor-Apartment-FOR-Rent-Chinnamusidivada-in-Visakhapatnam&id=4d423731313836303733,2026-04-19 13:52:16,17.7802802,83.1708852,,Ravikumar,"Visakhapatnam, Andhra Pradesh",,,,Builder Floor Apartment,Unfurnished,3,6,,915,Sq-ft,,"Find this 2 BHK rental flat in Chinnamusidivada Visakhapatnam. The flat is available for rent at a competitive amount of ₹7,000. Find this apartment at Chinnamusidivada, Visakhapatnam, Andhra Pradesh. This is a no-brokerage flat because the owner has posted the ad on this 2 BHK apartment.",7000,,,8,2,,No,No,No,,False,False,Owner,46,Immediately,2026-03-13T13:14:30.000Z,"Mar 13, '26",True
zDg33YrhhZVzpSvf+uAgZw==,Magicbricks,https://www.magicbricks.com/property-details/2-BHK-1060-Sq-ft-Multistorey-Apartment-FOR-Rent-Gajwaka-Jn.-in-Visakhapatnam&id=4d423535373338313033,2026-04-19 13:52:16,17.7,83.2167,,Gajwaka Jn.,"Visakhapatnam, Andhra Pradesh",,,,Apartment,Semi-Furnished,2,5,,1060,Sq-ft,Less than 5 years,"Check out this newly constructed 2 BHK flat on rent in the prime location of Gajwaka Jn. Visakhapatnam. Available at a rental price of ₹10,000, this 2 BHK flat is worth considering. Located on the 2 floor, the flat has 2 bathrooms, 1 balcony in carpet area of 1060 sqft. This flat is located at Old Karnavanipalem, Pedagantyada, Visakhapatnam, Andhra Pradesh . The owner has posted this 2 BHK flat for rent, so the brokerage fees is zero on this multistorey apartment.",10000,,500,9,2,,No,No,No,,False,False,Owner,33,Immediately,2026-04-16T11:36:12.000Z,"Apr 16, '26",True
1tPJy8Ozcv9zpSvf+uAgZw==,Magicbricks,https://www.magicbricks.com/property-details/2-BHK-1200-Sq-ft-Multistorey-Apartment-FOR-Rent-Gajuwaka-in-Visakhapatnam&id=4d423834323937333135,2026-04-19 13:52:16,17.688112,83.213121,,Sunil Kumar,"Visakhapatnam, Andhra Pradesh",19202|Timpany Steel City School,,,Apartment,Semi-Furnished,4,5,,1200,Sq-ft,,"Multistorey apartment is available for rent. It is a good location property. Please contact for more details. Check out this newly constructed 2 BHK flat on rent in the prime location of Gajuwaka Visakhapatnam. Available at a rental price of ₹16,000, this 2 BHK flat is worth considering. This property features 5 floor and offers a range of Kids play area, Guest Accommodation facilities. Find this apartment at Gajuwaka, Visakhapatnam.. There are no brokerage fees on this 2 BHK multistorey apartment.",16000,,,13,2,,No,No,No,,False,False,Owner,33,Immediately,2026-04-18T08:06:51.000Z,Yesterday,True
CuHagHBIJilzpSvf+uAgZw==,Magicbricks,https://www.magicbricks.com/property-details/2-BHK-1050-Sq-ft-Multistorey-Apartment-FOR-Rent-Kirlampudi-Layout-in-Visakhapatnam&id=4d423834323331393535,2026-04-19 13:52:16,17.7208709,83.3315104,,Kirlampudi Layout,"Visakhapatnam, Andhra Pradesh",19202|Systems Design,,,Apartment,Semi-Furnished,2,3,East,,,Less than 5 years,"Multistory apartment is available for rent. It is a good location. Please contact for more details. You can explore this 2 BHK flat on rent in Kirlampudi Layout Visakhapatnam. ₹20,000 is the monthly rent of this 2 BHK flat. Located on the 2 floor, the flat comprises 2 bathrooms, 1 balcony, and has a carpet area of 1050 sqft. This flat is fitted with reserved parking, security. Visit the flat at Kirlampudi Layout, Visakhapatnam, Andhra Pradesh. You can find the 2 BHK flat without any brokerage.",20000,60000,1400,,2,,No,No,No,,False,False,Owner,74,Select Date,2026-04-14T09:49:04.000Z,"Apr 14, '26",True
jGj+C5SrKN1zpSvf+uAgZw==,Magicbricks,https://www.magicbricks.com/property-details/2-BHK-895-Sq-ft-Multistorey-Apartment-FOR-Rent-Gajuwaka-in-Visakhapatnam&id=4d423735323832383131,2026-04-19 13:52:16,17.688112,83.213121,,Raju Patnala,"Dattathreya Enclave, Siddhartha Nagar, Kurmannapalem, Visakhapatnam, Andhra Pradesh 530046",19202|Timpany Steel City School,,,Apartment,Unfurnished,9,10,East,895,Sq-ft,New Construction,"You can explore this 2 BHK flat on rent in Gajuwaka Visakhapatnam. This 2 BHK flat is available at the reasonable rent amount of ₹9,000. The flat is on the 9 floor and includes 2 bathrooms, 1 balcony with a covered area of 895 sqft. This building features 10 floor and provides Kids play area facilities. The apartment comes furnished with power back up, reserved parking, security, service/goods lift. Visit the flat at On Duvvada Railway Station Road, Opposite ICICI Bank,Kurmannapalem,Gajuwaka, Visakhapatnam.. This 2 BHK apartment ad is listed by the owner, so there is no brokerage fee.",9000,,,10,2,,Yes,No,No,"Service/Goods Lift, Banquet Hall, Jogging and Strolling Track, Outdoor Tennis Courts",False,False,Owner,71,Immediately,2026-04-14T21:31:59.000Z,"Apr 15, '26",True
IeORTC+RJYlzpSvf+uAgZw==,Magicbricks,https://www.magicbricks.com/property-details/2-BHK-1000-Sq-ft-Multistorey-Apartment-FOR-Rent-Atchutapuram-in-Visakhapatnam&id=4d423834323839363437,2026-04-19 13:52:16,17.564011,82.979093,,prabhakar,"Visakhapatnam, Andhra Pradesh",,,,Apartment,Semi-Furnished,5,5,,1000,Sq-ft,,"2 BHK flat is available for rent in Atchutapuram immediately. This 2 BHK flat can be availed at the rental price of ₹6,500. You can visit the flat at Atchutapuram, Visakhapatnam, Andhra Pradesh. This is a no-brokerage flat, as the owner is offering this 2 BHK flat on rent.",6500,,,6,2,,No,No,No,,False,False,Owner,46,Immediately,2026-04-17T14:27:41.000Z,"Apr 17, '26",True
VZej3T4O+g5zpSvf+uAgZw==,Magicbricks,https://www.magicbricks.com/property-details/2-BHK-1200-Sq-ft-Multistorey-Apartment-FOR-Rent-in-Visakhapatnam&id=4d423833323036323035,2026-04-19 13:52:16,,,,g nagraj,"Visakhapatnam, Andhra Pradesh",,,,Apartment,Semi-Furnished,4,4,,1200,Sq-ft,,"Multistorey apartment is available for rent. It is a good location property. Please contact for more details. You can avail the 2 BHK flat for rent in the well-known location of Kurmannapalem, Visakhapatnam. This 2 BHK flat is available at the reasonable rent amount of ₹9,500. This 2 BHK apartment ad is listed by the owner, so there is no brokerage fee.",9500,,,8,2,,No,No,No,,False,False,Owner,53,Immediately,2026-04-16T21:30:45.000Z,"Apr 17, '26",True
bdR8gK9jM6dzpSvf+uAgZw==,Magicbricks,https://www.magicbricks.com/property-details/2-BHK-1125-Sq-ft-Multistorey-Apartment-FOR-Rent-East-Point-Colony-in-Visakhapatnam&id=4d423834323233343735,2026-04-19 13:52:16,17.7269882,83.3381926,,East Point Colony,"Visakhapatnam, Andhra Pradesh",,,,Apartment,Semi-Furnished,1,5,,1125,Sq-ft,15 to 20 years,"Grab the chance to own this affordable 2 BHK flat for rent in the East Point Colony area. The flat is available for rent at a competitive amount of ₹20,000. The apartment is on the 1 floor, has a carpet area of 1000 sqft with 2 bathrooms and 3 balcony. Visit the flat at East Point Colony, Visakhapatnam, Andhra Pradesh. You can find the 2 BHK flat without any brokerage.",20000,40000,1500,18,2,,No,No,No,,False,False,Owner,58,Immediately,2026-04-13T16:25:47.000Z,"Apr 13, '26",True
ENLOBEJ+yCFzpSvf+uAgZw==,Magicbricks,https://www.magicbricks.com/property-details/2-BHK-1360-Sq-ft-Multistorey-Apartment-FOR-Rent-Doctor-NTR-Beach-Road-in-Visakhapatnam&id=4d423630373932313135,2026-04-19 13:52:16,17.8128776087318,83.4080136730208,,Doctor NTR Beach Road,"Flat-504, MVV garden apartment, Lawson's bay colony., r k beach road, opp to petrol pump. Vishakahapatanam",,,,Apartment,Furnished,5,5,East,1360,Sq-ft,5 to 10 years,"Check out this newly constructed 2 BHK flat on rent in the prime location of Doctor NTR Beach Road Visakhapatnam. This 2 BHK flat is available at the reasonable rent amount of ₹35,000. 2 Wardrobe, 2 Bed, 1 TV, Fridge, Microwave, 3 AC, Sofa, Washing Machine, Dining Table and Gas Connection are some of the additional amenities available with the apartment. The flat is on the 5 floor and includes 2 bathrooms, 2 balcony with a carpet area of 1230 sqft. There is also facility of 1 Covered parking. This unit is designed with power back up, reserved parking, security. Visit the flat at Flat-504, MVV garden apartment, Lawson's bay colony., r k beach road, opp to petrol pump. Vishakahapatanam, Doctor NTR Beach Road, Visakhapatnam, Andhra Pradesh. The owner has posted this 2 BHK flat for rent, so the brokerage fees is zero on this multistorey apartment.",35000,100000,2000,26,2,1 Covered,No,No,No,,False,True,Owner,95,Immediately,2026-04-15T23:34:09.000Z,"Apr 16, '26",True
8LXTsQ1uPOxzpSvf+uAgZw==,Magicbricks,https://www.magicbricks.com/property-details/2-BHK-1600-Sq-ft-Multistorey-Apartment-FOR-Rent-RK-Beach-in-Visakhapatnam&id=4d423739373935353339,2026-04-19 13:52:16,17.7141618,83.3236579,,RK Beach,"Pandurangapuram, HPCL Colony, Pandurangapuram, Visakhapatnam, Andhra Pradesh",,,,Apartment,Semi-Furnished,Ground,6,North - East,1600,Sq-ft,Above 20 years,"Lane beside Matsya Darshini Cafe Coffee Day,R K Beach If you are planning to rent a flat, you can consider this 2 BHK flat situated in the prime location of RK Beach. The apartment is available at an affordable rental price of ₹28,000. Get access to smart facilities such as 2 Wardrobe, 1 Bed, Sofa and Dining Table simply by choosing this flat for rent. The apartment is on the Ground floor, has a carpet area of 1210 sqft with 2 bathrooms and 1 balcony. 1 Covered, 1 Open parking space is also available. The apartment comes furnished with security. The full address of the apartment is Pandurangapuram, HPCL Colony, Pandurangapuram, Visakhapatnam, Andhra Pradesh . This is a no-brokerage flat, as the owner is offering this 2 BHK flat on rent.",28000,90000,1600,18,2,"1 Covered, 1 Open",No,No,No,,False,True,Owner,100,Immediately,2026-04-10T23:32:36.000Z,"Apr 11, '26",True
4nHzrPEoB9VzpSvf+uAgZw==,Magicbricks,https://www.magicbricks.com/property-details/2-BHK-1150-Sq-ft-Multistorey-Apartment-FOR-Rent-Visalakshi-Nagar-in-Visakhapatnam&id=4d423733323235303731,2026-04-19 13:52:16,17.7531017,83.3482146,,Visalakshi Nagar,"Visalakshinagar, BVK high school, near Petrol Bunk",,,,Apartment,Furnished,3,4,East,1150,Sq-ft,New Construction,"Grab the chance to own this affordable 2 BHK flat for rent in the Visalakshi Nagar area. The 2 BHK apartment is available at a reasonable rent of ₹27,000. The flat is on the 3 floor and includes 2 bathrooms, 2 balcony with a carpet area of 1150 sqft. This home provides security, air conditioned. The flat can be visited at Visalakshinagar, BVK high school, near Petrol Bunk, Visalakshi Nagar, Visakhapatnam, Andhra Pradesh. The brokerage amount of the 2 BHK apartment is zero.",27000,75000,1500,23,2,,Yes,No,Yes,Air Conditioned,False,True,Owner,75,Immediately,2026-04-04T01:06:04.000Z,"Apr 04, '26",True
m6EuxPWeUCxzpSvf+uAgZw==,Magicbricks,https://www.magicbricks.com/property-details/2-BHK-1200-Sq-ft-Multistorey-Apartment-FOR-Rent-in-Visakhapatnam&id=4d423832343134393837,2026-04-19 13:52:16,,,,Vk Associates Banking And Financial Advisory Services,sankaramatam road,,,,Apartment,Furnished,1,1,,1200,Sq-ft,5 to 10 years,"2 BHK flat is available for rent in GRK GARDENS immediately. This 2 BHK flat is available at the reasonable rent amount of ₹27,000. Located on the 1 floor, the flat comprises 2 bathrooms, 1 balcony, and has a carpet area of 1150 sqft. This 2 BHK apartment ad is listed by the owner, so there is no brokerage fee.",27000,50000,1000,22,2,,No,No,No,,False,False,Owner,40,Immediately,2026-02-17T13:56:54.000Z,"Feb 17, '26",True
rE4I1zPYVMRzpSvf+uAgZw==,Magicbricks,https://www.magicbricks.com/property-details/2-BHK-1350-Sq-ft-Multistorey-Apartment-FOR-Rent-TPT-Colony-in-Visakhapatnam&id=4d423737373231313335,2026-04-19 13:52:16,17.7390031,83.3110868,,Rohit,"Seethammadhara, Visakhapatnam",,,,Apartment,Furnished,2,4,,,,5 to 10 years,"You can avail the 2 BHK flat for rent in the well-known location of TPT Colony. The multistorey apartment is available at rent of ₹30,000. If you rent the flat, you will have access to facilities like 3 Wardrobe, 3 Bed, 1 TV, Fridge, Microwave, 2 AC, Sofa, Washing Machine, Dining Table and Gas Connection. The flat is located on the 2 floor which includes 2 bathrooms, 2 balcony, and covers a carpet area of 1350 sqft. The property includes 1 Covered parking. This property offers power back up, reserved parking, security. Find this apartment at Seethammadhara, Visakhapatnam, TPT Colony, Visakhapatnam, Andhra Pradesh. This 2 BHK apartment ad is listed by the owner, so there is no brokerage fee.",30000,60000,1200,,2,1 Covered,No,No,No,,False,True,Owner,87,Immediately,2026-02-16T23:52:11.000Z,"Feb 17, '26",True
cYwjCnlMwZpzpSvf+uAgZw==,Magicbricks,https://www.magicbricks.com/property-details/2-BHK-1200-Sq-ft-Multistorey-Apartment-FOR-Rent-in-Visakhapatnam&id=4d423833363233333937,2026-04-19 13:52:16,,,,Hemanth,Flat No. 503,,,,Apartment,Furnished,5,5,,,,5 to 10 years,"Grab the chance to own this affordable 2 BHK flat for rent in the Ramanagr near Care Hospital area. The flat is available for rent at a competitive amount of ₹30,000. Some premium add-on facilities bundled with the flat are 3 Bed, 1 TV, Fridge, Microwave, 3 AC, Sofa, Washing Machine, Dining Table and Gas Connection. The flat is on the 5 floor and includes 1 bathrooms, 1 balcony with a carpet area of 1200 sqft. This 2 BHK rental flat comes with no brokerage fees.",30000,60000,2500,,1,,No,No,No,,False,False,Owner,58,Immediately,2026-03-03T06:06:13.000Z,"Mar 03, '26",True
lqA9N0knroNzpSvf+uAgZw==,Magicbricks,https://www.magicbricks.com/property-details/2-BHK-900-Sq-ft-Multistorey-Apartment-FOR-Rent-CBM-Compound-in-Visakhapatnam&id=4d423530323532333038,2026-04-19 13:52:16,17.7269512,83.3128131,,CBM Compound,9-16-2 Ist Floor,,,,Apartment,Semi-Furnished,1,4,,900,Sq-ft,Above 20 years,"Check out this newly constructed 2 BHK flat on rent in the prime location of CBM Compound Visakhapatnam. The flat is available for rent at a competitive amount of ₹30,000. Located on the 1 floor, the flat has 2 bathrooms, 2 balcony in carpet area of 750 sqft. This flat is located at 9-16-2 Ist Floor, CBM Compound, Visakhapatnam, Andhra Pradesh. This 2 BHK apartment ad is listed by the owner, so there is no brokerage fee.",30000,30000,1000,33,2,,No,No,No,,False,False,Owner,40,Immediately,2026-02-19T10:09:39.000Z,"Feb 19, '26",True
M4gz8RiOm0pzpSvf+uAgZw==,Magicbricks,https://www.magicbricks.com/property-details/2-BHK-1250-Sq-ft-Multistorey-Apartment-FOR-Rent-Madhurwada-in-Visakhapatnam&id=4d423833353837303133,2026-04-19 13:52:16,17.8224722,83.3522229,,Madhurawada,"9-1013 Saptagiri Nivas, Valli Nagar, Madhurawada",19202|APSWR Centre of Excellence,,,Apartment,Furnished,2,3,North,1250,Sq-ft,5 to 10 years,Fully furnished accommodation with a car parking provision. It can also be given for short duration stay. Two senior couples can also stay and food can be provided on request. Cab on call is available.,35000,50000,2400,28,2,,Yes,No,No,"Air Conditioned, Internet/Wi-Fi Connectivity",False,False,Owner,79,Immediately,2026-02-27T16:40:16.000Z,"Feb 27, '26",True
lIKNqnwl0kBzpSvf+uAgZw==,Magicbricks,https://www.magicbricks.com/property-details/2-BHK-1720-Sq-ft-Multistorey-Apartment-FOR-Rent-VIP-Road-CBM-Compound-in-Visakhapatnam&id=4d423632383436363633,2026-04-19 13:52:16,17.7271646,83.3156563,,VIP Road CBM Compound,"VIP Towers, VIP Road, Siripuram, Visakhapatnam",,,,Apartment,Furnished,11,14,West,1720,Sq-ft,5 to 10 years,"Grab the chance to own this affordable 2 BHK flat for rent in the VIP Road CBM Compound area. Available at a rental price of ₹35,000, this 2 BHK flat is worth considering. Located on the 11 floor, the flat comprises 3 bathrooms, 1 balcony, and has a covered area of 1720 sqft. The flat comes with power back up, reserved parking, security, service/goods lift, air conditioned, visitor parking. The apartment is located at VIP Road, Visakhapatnam. There are no brokerage fees on this 2 BHK multistorey apartment.",35000,100000,2924,20,3,,Yes,No,No,"Service/Goods Lift, Air Conditioned, Visitor Parking, Jogging and Strolling Track",False,False,Owner,87,Immediately,2026-04-07T16:56:56.000Z,"Apr 07, '26",True
M65Fxx0jaMxzpSvf+uAgZw==,Magicbricks,https://www.magicbricks.com/property-details/2-BHK-1100-Sq-ft-Multistorey-Apartment-FOR-Rent-Madhurwada-in-Visakhapatnam&id=4d423831363331363235,2026-04-19 13:52:16,17.8224722,83.3522229,,Madhurawada,"11 100 FT IT PARK ROAD INDIABULLS REAL ESTATE, 120, Midhilapuri Vuda Colony, Madhurawada, Visakhapatnam, Andhra Pradesh",19202|APSWR Centre of Excellence,,,Apartment,Furnished,15,15,,1100,Sq-ft,New Construction,"A beautiful 2 BHK flat is available for rent in Madhurwada. ₹27,000 is the monthly rent of this 2 BHK flat. If you rent the flat, you will have access to facilities like 2 Wardrobe, 2 Bed, 1 TV, Fridge, Microwave, 2 AC, Sofa, Washing Machine and Dining Table. The flat is located on the 15 floor which includes 2 bathrooms, 3 balcony, and covers a carpet area of 800 sqft. This flat is located at 11 100 FT IT PARK ROAD INDIABULLS REAL ESTATE, 120, Midhilapuri Vuda Colony, Madhurawada, Visakhapatnam, Andhra Pradesh. This 2 BHK apartment ad is listed by the owner, so there is no brokerage fee.",27000,100000,3400,25,2,,No,No,No,,False,False,Owner,60,Immediately,2026-03-16T05:03:09.000Z,"Mar 16, '26",True
fH3976xF/ZBzpSvf+uAgZw==,Magicbricks,https://www.magicbricks.com/property-details/2-BHK-990-Sq-ft-Builder-Floor-Apartment-FOR-Rent-Chinamushidiwada-in-Visakhapatnam&id=4d423733393434393833,2026-04-19 13:52:16,17.6868159,83.2184815,,Chinamushidiwada,"Chinamushidiwada, Visakhapatnam",,350000,,Builder Floor Apartment,Unfurnished,3,3,North,,,Less than 5 years,"group house Ganesh residency opp saradhapeetam rent 6000 or lease 350000 Find this 2 BHK rental flat in Chinamushidiwada Visakhapatnam. Available at a rental price of ₹40 Lac, this 2 BHK flat is worth considering. Located on the 3 floor, the flat comprises 2 bathrooms, 1 balcony, and has a carpet area of 990 sqft. This property offers service/goods lift, visitor parking. The address is Chinamushidiwada, Visakhapatnam, Chinamushidiwada, Visakhapatnam, Andhra Pradesh. You can find the 2 BHK flat without any brokerage.",4000000,,,,2,,Yes,No,No,"Service/Goods Lift, Visitor Parking",False,False,Owner,57,Immediately,2026-02-04T05:58:58.000Z,"Feb 04, '26",True
ZKLsMjU8r5dzpSvf+uAgZw==,Magicbricks,https://www.magicbricks.com/property-details/2-BHK-1200-Sq-ft-Multistorey-Apartment-FOR-Rent-Srinivasa-Nagar-in-Visakhapatnam&id=4d423734313236373537,2026-04-19 13:52:16,17.817649,83.362298,,shivangi patel,"legacy hills , Simhachalam road , sreenivasanagar",,,,Apartment,Semi-Furnished,5,5,West,1200,Sq-ft,Less than 5 years,"If you are planning to rent a flat, you can consider this 2 BHK flat situated in the prime location of Srinivasa Nagar. The Rent amount of this 2 BHK apartment is set at an attractive price of ₹60 Lac. Located on the 5 floor, the flat has 2 bathrooms, 2 balcony in carpet area of 1100 sqft. The apartment is equipped with power back up, security, visitor parking. The owner has posted this 2 BHK flat for rent, so the brokerage fees is zero on this multistorey apartment.",6000000,,,5000,2,,Yes,No,No,Visitor Parking,False,False,Owner,66,Immediately,2026-03-15T08:08:02.000Z,"Mar 15, '26",True
a7KR5Mj39eVzpSvf+uAgZw==,Magicbricks,https://www.magicbricks.com/property-details/3-BHK-70-Sq-yrd-Multistorey-Apartment-FOR-Rent-Yendada-in-Visakhapatnam&id=4d423736393230323733,2026-04-19 13:52:16,17.7771215,83.3615748,,Yendada,"5-179, Fame Coral, Coral 1 - Flat 101, 1st Floor, Yendada, Visakhapatnam 530045",,,,Apartment,Furnished,1,5,North - West,70,Sq-yrd,Less than 5 years,"Brief Description * : [ e.g. East-facing, fully furnished bungalow with 5 BHK and power back-up, located in premium locality, for immediate sale ] A beautiful 3 BHK flat is available for rent in Yendada. The rent of the 3 BHK flat is ₹19,000. The apartment is on the 1 floor, has a carpet area of 1525 sqft with 3 bathrooms and 2 balcony. There is also facility of 1 Covered parking. The brokerage amount of the 3 BHK apartment is zero.",19000,40000,2000,30,3,1 Covered,No,No,No,,False,True,Owner,93,Immediately,2026-04-19T05:30:22.000Z,Today,True
bYyAvo89JPVzpSvf+uAgZw==,Magicbricks,https://www.magicbricks.com/property-details/3-BHK-1700-Sq-ft-Builder-Floor-Apartment-FOR-Rent-Daba-Garden-in-Visakhapatnam&id=4d423834333035363337,2026-04-19 13:52:16,17.7169266,83.3021004,,Daba Garden,"Visakhapatnam, Delhi NCR","19206|CMR Shopping Mall, 19206|Pantaloons",,,Builder Floor Apartment,Semi-Furnished,2,4,,1700,Sq-ft,,"3 BHK flat is available for rent in Daba Garden immediately. Available at a rental price of ₹23,000, this 3 BHK flat is worth considering. The apartment is located at Daba Garden, Visakhapatnam, Delhi NCR. There are no brokerage fees on this 3 BHK multistorey apartment.",23000,,,14,3,,No,No,No,,False,False,Owner,24,Immediately,2026-04-18T21:35:10.000Z,Today,True
ffC3Gkdq6kxzpSvf+uAgZw==,Magicbricks,https://www.magicbricks.com/property-details/3-BHK-1200-Sq-ft-Multistorey-Apartment-FOR-Rent-in-Visakhapatnam&id=4d423834323532313533,2026-04-19 13:52:16,17.74779922,83.21999403,,Gopalapatnam,"Visakhapatnam, Andhra Pradesh",,,,Apartment,Unfurnished,5,5,,1200,Sq-ft,5 to 10 years,"it is near to vaibhav jewellery shop gopalapatnam main road Check out this newly constructed 3 BHK flat on rent in the prime location of Gopalapatnam Visakhapatnam. The 3 BHK apartment is available at a reasonable rent of ₹15,000. Located on the 5 floor, the flat has 2 bathrooms, 1 balcony in carpet area of 1200 sqft. This flat is fitted with reserved parking, security. You can visit the flat at Gopalapatnam, Visakhapatnam, Andhra Pradesh. There are no brokerage fees on this 3 BHK multistorey apartment.",15000,30000,,12,2,,No,No,No,,False,False,Owner,72,Immediately,2026-04-15T12:34:53.000Z,"Apr 15, '26",True
+emt/4aQLtxzpSvf+uAgZw==,Magicbricks,https://www.magicbricks.com/property-details/3-BHK-1438-Sq-ft-Multistorey-Apartment-FOR-Rent-Gajwaka-Jn.-in-Visakhapatnam&id=4d423833393535303631,2026-04-19 13:52:16,17.7,83.2167,,Gajwaka Jn.,Gajuwaka,,,,Apartment,Furnished,5,5,,1438,Sq-ft,New Construction,"3 BHK apartment is available on rent in Gajwaka Jn. Visakhapatnam right away. This 3 BHK flat is available at the reasonable rent amount of ₹25,000. The flat is on the 5 floor and includes 3 bathrooms, 2 balcony with a covered area of 1438 sqft. This unit is designed with power back up, reserved parking, security, intercom facility. This flat is located at Gajuwaka Jn., Visakhapatnam.. Do not pay any brokerage fee for this 3 BHK rental flat since the property ad is posted by the flat owner.",25000,100000,2500,17,3,,Yes,No,No,Intercom Facility,False,False,Owner,65,Immediately,2026-03-26T14:16:58.000Z,"Mar 26, '26",True
BeBjJ28UQYlzpSvf+uAgZw==,Magicbricks,https://www.magicbricks.com/property-details/3-BHK-1800-Sq-ft-Multistorey-Apartment-FOR-Rent-Rushikonda-in-Visakhapatnam&id=4d423738343233313833,2026-04-19 13:52:16,17.7971295,83.3869516,,Rushikonda,"Visakhapatnam, Andhra Pradesh",,,,Apartment,Semi-Furnished,5,5,East,,,Less than 5 years,"Multistorey apartment is available for rent. It is a good location property. Please contact for more details. 3 BHK flat is available for rent in Rushikonda immediately. ₹25,000 is the monthly rent of this 3 BHK flat. The flat is located on the 5 floor which includes 3 bathrooms, 2 balcony, and covers a carpet area of 1800 sqft. This flat is fitted with power back up, reserved parking, security. The apartment is located at MK MEADOWS, OPPOSITE BALAJI BAY MOUNT VILLAS, Rushikonda, Visakhapatnam, Andhra Pradesh. The brokerage amount of the 3 BHK apartment is zero.",25000,,1500,,3,,No,No,No,,False,True,Owner,67,Immediately,2026-03-18T05:43:18.000Z,"Mar 18, '26",True
EptUZSgoiBhzpSvf+uAgZw==,Magicbricks,https://www.magicbricks.com/property-details/3-BHK-1350-Sq-ft-Multistorey-Apartment-FOR-Rent-Kurmannapalem-in-Visakhapatnam&id=4d423834323732343933,2026-04-19 13:52:16,17.698036,83.15954,,Kurmannapalem,3.,,,,Apartment,Semi-Furnished,3,5,,1350,Sq-ft,5 to 10 years,"3BHK full vasthu complaint main road facing Opp to Zudio Above Reliance smart point Find 3 BHK flat for rent in Kurmannapalem Visakhapatnam. The multistorey apartment is available at rent of ₹12,500. Located on the 3 floor, the flat comprises 2 bathrooms, 2 balcony, and has a carpet area of 1350 sqft. There is also facility of 1 Covered parking. The apartment is equipped with power back up, reserved parking, security. This flat is located at 3., Kurmannapalem, Visakhapatnam, Andhra Pradesh. There are no brokerage fees on this 3 BHK multistorey apartment.",12500,25000,1000,9,2,1 Covered,No,No,No,,False,True,Owner,82,Immediately,2026-04-16T18:15:26.000Z,"Apr 16, '26",True
E2XXxAJRFyZzpSvf+uAgZw==,Magicbricks,https://www.magicbricks.com/property-details/3-BHK-1625-Sq-ft-Multistorey-Apartment-FOR-Rent-Aganampudi-in-Visakhapatnam&id=4d423833323238303135,2026-04-19 13:52:16,17.6882133,83.1262703,,Kishore raju,"Flat 215 , Duvvada Road , Aganampudi",,,,Apartment,Semi-Furnished,2,5,,1625,Sq-ft,New Construction,"3 BHK flat is available for rent in Aganampudi immediately. The 3 BHK apartment is available at a reasonable rent of ₹25,000. The flat is on the 2 floor and includes 3 bathrooms, 1 balcony with a carpet area of 1500 sqft. The flat comes with power back up, security. This 3 BHK flat is directly posted by the owner, so you don't need to pay any brokerage on this property.",25000,,,15,3,,Yes,No,No,"Banquet Hall, Jogging and Strolling Track",False,False,Owner,70,Immediately,2026-03-27T21:30:37.000Z,"Mar 28, '26",True
UxRmHm3mC/FzpSvf+uAgZw==,Magicbricks,https://www.magicbricks.com/property-details/3-BHK-1820-Sq-ft-Multistorey-Apartment-FOR-Rent-Madhurwada-in-Visakhapatnam&id=4d423736363433333937,2026-04-19 13:52:16,17.8224722,83.3522229,,Madhurawada,madhurawada,19202|APSWR Centre of Excellence,,,Apartment,Semi-Furnished,7,9,East,1820,Sq-ft,5 to 10 years,"If you are planning to rent a flat, you can consider this 3 BHK flat situated in the prime location of Madhurwada. The multistorey apartment is available at rent of ₹22,000. The flat is located on the 7 floor which includes 3 bathrooms, 1 balcony, and covers a covered area of 1820 sqft. The apartment comes furnished with power back up, reserved parking, security, service/goods lift, visitor parking, ro water system. Find this apartment at madhurawada, Madhurwada, Visakhapatnam, Andhra Pradesh. Do not pay any brokerage fee for this 3 BHK rental flat since the property ad is posted by the flat owner.",22000,,,12,3,,Yes,No,No,"Service/Goods Lift, Visitor Parking, RO Water System, Conference Room",False,True,Owner,51,Immediately,2026-04-14T23:31:10.000Z,"Apr 15, '26",True
bydFcpYdPUZzpSvf+uAgZw==,Magicbricks,https://www.magicbricks.com/property-details/3-BHK-1350-Sq-ft-Multistorey-Apartment-FOR-Rent-Prahaladapuram-in-Visakhapatnam&id=4d423539363434373237,2026-04-19 13:52:16,17.763592,83.222007,,Ankit,"Durga nagar, prahaladpuram road, near sampat vinayak temple.",,,,Apartment,Unfurnished,1,4,South,1350,Sq-ft,Less than 5 years,"NEW 3 BHK, 1 balcony, 3 attached bathrooms, new building, full granite flooring, Car Find this 3 BHK rental flat in Prahaladapuram Visakhapatnam. The multistorey apartment is available at rent of ₹12,500. The flat is located on the 1 floor which includes 3 bathrooms, 1 balcony, and covers a covered area of 1350 sqft. The property includes 1 Covered parking. The apartment is equipped with reserved parking. Visit the flat at Durga nagar, prahaladpuram road, near sampat vinayak temple., Prahaladapuram, Visakhapatnam, Andhra Pradesh. This 3 BHK flat is directly posted by the owner, so you don't need to pay any brokerage on this property.",12500,,1000,9,3,1 Covered,No,No,No,,False,True,Owner,80,Immediately,2026-04-03T07:40:44.000Z,"Apr 03, '26",True
wOvbZpEINQlzpSvf+uAgZw==,Magicbricks,https://www.magicbricks.com/property-details/3-BHK-1480-Sq-ft-Multistorey-Apartment-FOR-Rent-Gajwaka-Jn.-in-Visakhapatnam&id=4d423539313233393835,2026-04-19 13:52:16,17.7,83.2167,,Gajwaka Jn.,Gajuwaka,,,,Apartment,Unfurnished,4,5,East,1480,Sq-ft,New Construction,"Beautiful view from balcony with plenty of ventilation. A community with established facilities like swimming pool, gym, etc. Photos on demand. contact me on number: nine-six-eight-double six-double five-triple three",15000,32000,1500,10,3,,Yes,No,No,Jogging and Strolling Track,False,True,Owner,77,Immediately,2026-04-05T08:08:25.000Z,"Apr 05, '26",True
dsOIEiP8bRNzpSvf+uAgZw==,Magicbricks,https://www.magicbricks.com/property-details/3-BHK-1250-Sq-ft-Multistorey-Apartment-FOR-Rent-PM-Palem-in-Visakhapatnam&id=4d423634343138393133,2026-04-19 13:52:16,17.7992275,83.3525473,,PM Palem,"Visakhapatnam, Andhra Pradesh",,,,Apartment,Unfurnished,4,5,East,1250,Sq-ft,5 to 10 years,"If you are planning to rent a flat, you can consider this 3 BHK flat situated in the prime location of PM Palem. This 3 BHK flat can be availed at the rental price of ₹17,000. Located on the 4 floor, the flat comprises 3 bathrooms, 2 balcony, and has a carpet area of 1058 sqft. The flat comes with power back up, reserved parking, security. Find this apartment at PM Palem, Visakhapatnam, Andhra Pradesh. The owner has posted this 3 BHK flat for rent, so the brokerage fees is zero on this multistorey apartment.",17000,50000,1500,14,3,,No,No,No,,False,True,Owner,74,Immediately,2026-03-31T23:31:11.000Z,"Apr 01, '26",True
tGxQCajY7H9zpSvf+uAgZw==,Magicbricks,https://www.magicbricks.com/property-details/3-BHK-1450-Sq-ft-Multistorey-Apartment-FOR-Rent-Atchutapuram-in-Visakhapatnam&id=4d423739313930323335,2026-04-19 13:52:16,17.564011,82.979093,,Rajesh ,"flat 102, Sri krishna vihar 1, Sripuram Gardens Layout, Pudimadaka roa",,,,Apartment,Semi-Furnished,1,5,West,1450,Sq-ft,New Construction,"Find 3 BHK flat for rent in Atchutapuram Visakhapatnam. This 3 BHK flat can be availed at the rental price of ₹14,000. The flat is on the 1 floor and includes 2 bathrooms, 2 balcony with a covered area of 1450 sqft. The apartment is equipped with power back up, reserved parking, security, service/goods lift, visitor parking. The flat can be visited at flat 102, Sri krishna vihar 1, Sripuram Gardens Layout, Pudimadaka roa, Atchutapuram, Visakhapatnam, Andhra Pradesh. The owner has posted this 3 BHK flat for rent, so the brokerage fees is zero on this multistorey apartment.",14000,,,10,2,,Yes,No,No,"Service/Goods Lift, Visitor Parking, Jogging and Strolling Track",False,True,Owner,78,Immediately,2026-04-10T04:17:16.000Z,"Apr 10, '26",True
aR5qbxm2sZ1zpSvf+uAgZw==,Magicbricks,https://www.magicbricks.com/property-details/3-BHK-1500-Sq-ft-Multistorey-Apartment-FOR-Rent-Paradesipalem-in-Visakhapatnam&id=4d423739383536363739,2026-04-19 13:52:16,17.857523,83.366528,,Property Handling,"Paradesipalem,Visakhapatnam",,,,Apartment,Semi-Furnished,3,5,East,1500,Sq-ft,Less than 5 years,"Find this 3 BHK rental flat in Paradesipalem Visakhapatnam. The 3 BHK apartment is available at a reasonable rent of ₹16,500. Here you can enjoy world class facilities like 3 Wardrobe. Located on the 3 floor, the flat comprises 3 bathrooms, 1 balcony, and has a carpet area of 1400 sqft. The property includes 1 Covered parking. The apartment comes furnished with power back up, reserved parking, security.",16500,32000,1600,11,3,1 Covered,Yes,No,No,Jogging and Strolling Track,True,True,Agent,100,Immediately,2026-03-16T06:02:25.000Z,"Mar 16, '26",True
m+bi5h4G5dxzpSvf+uAgZw==,Magicbricks,https://www.magicbricks.com/property-details/3-BHK-1640-Sq-ft-Multistorey-Apartment-FOR-Rent-Madhurwada-in-Visakhapatnam&id=4d423534393135323633,2026-04-19 13:52:16,17.8224722,83.3522229,,Madhurawada,404.,19202|APSWR Centre of Excellence,,,Apartment,Unfurnished,4,5,West,1640,Sq-ft,New Construction,"A 3BHK property for rent in madhurawada,facing west,lift available,2 bathrooms,car parking,2 wheeler parking is availble full security, 24 hours water,power full If you are searching a 3 BHK apartment for rent in Madhurwada, check out this amazing rental flat. ₹12,000 is the monthly rent of this 3 BHK flat. Located on the 4 floor, the flat has 2 bathrooms, 2 balcony in covered area of 1640 sqft. You will also find 1 Covered parking facility. The apartment is equipped with power back up, reserved parking, security. The full address of the apartment is 404., Madhurwada, Visakhapatnam, Andhra Pradesh.",12000,30000,1000,7,2,1 Covered,No,No,No,,True,True,Agent,100,Immediately,2026-04-08T03:21:28.000Z,"Apr 08, '26",True
YWYBOTkTPilzpSvf+uAgZw==,Magicbricks,https://www.magicbricks.com/property-details/3-BHK-1618-Sq-ft-Multistorey-Apartment-FOR-Rent-Madhurwada-in-Visakhapatnam&id=4d423832353437323637,2026-04-19 13:52:16,17.8224722,83.3522229,,Madhurawada,midilapuri vuda colony,19202|APSWR Centre of Excellence,,,Apartment,Semi-Furnished,7,15,South,1618,Sq-ft,Less than 5 years,"indiabulls Sierra midilapuri vuda colony near it junction best location and best quality of construction we are providing all aminities Find 3 BHK flat for rent in Madhurwada Visakhapatnam. The multistorey apartment is available at rent of ₹25,000. The flat is on the 7 floor and includes 3 bathrooms, 3 balcony with a covered area of 1618 sqft. This unit features power back up, reserved parking, security, intercom facility, ro water system. The full address of the apartment is 11 100 FT IT PARK ROAD INDIABULLS REAL ESTATE, 120, Midhilapuri Vuda Colony, Madhurawada, Visakhapatnam, Andhra Pradesh.",25000,50000,5000,15,3,,No,No,No,"Intercom Facility, RO Water System, Jogging and Strolling Track",True,True,Agent,80,Immediately,2026-02-20T01:30:23.000Z,"Feb 20, '26",True
G14IgIo5VUNzpSvf+uAgZw==,Magicbricks,https://www.magicbricks.com/property-details/3-BHK-1450-Sq-ft-Multistorey-Apartment-FOR-Rent-Madhurwada-in-Visakhapatnam&id=4d423734373237373339,2026-04-19 13:52:16,17.8224722,83.3522229,,Madhurawada,Flat D509,19202|APSWR Centre of Excellence,,,Apartment,Furnished,5,7,North - East,1450,Sq-ft,New Construction,"Spacious Brand New 3BHK in Madhurawada with modern amenities with fully furnished Joinery works and excellent interior works A beautiful 3 BHK flat is available for rent in Madhurwada. The flat is available for rent at a competitive amount of ₹20,000. The flat comes with some add-on facilities such as 4 Wardrobe, 1 TV and Gas Connection. The apartment is on the 5 floor, has a carpet area of 1300 sqft with 2 bathrooms and 2 balcony. 1 Covered parking space is also available. The apartment comes furnished with power back up, reserved parking, security. You can visit the flat at Madhurawada, Visakhapatnam.. The owner has posted this 3 BHK flat for rent, so the brokerage fees is zero on this multistorey apartment.",20000,75000,2150,14,2,1 Covered,No,No,No,,False,False,Owner,95,Immediately,2026-04-11T15:09:27.000Z,"Apr 11, '26",True
3rVOiXCgQrpzpSvf+uAgZw==,Magicbricks,https://www.magicbricks.com/property-details/3-BHK-1800-Sq-ft-Multistorey-Apartment-FOR-Rent-Madavadhara-in-Visakhapatnam&id=4d423735343337303633,2026-04-19 13:52:16,17.7458131,83.2639812,,Madhavadhara,"Madhavdhara VUDA colony, Opposite to Siddhartha Park.",,,,Apartment,Furnished,1,5,North - East,1800,Sq-ft,New Construction,"Check out this newly constructed 3 BHK flat on rent in the prime location of Madavadhara Visakhapatnam. This 3 BHK flat is available at the reasonable rent amount of ₹25,000. Located on the 1 floor, the flat has 3 bathrooms, 3 balcony in carpet area of 1800 sqft. The property features power back up, reserved parking, security, visitor parking, ro water system. Find this apartment at Madhavdhara VUDA colony, Opposite to Siddhartha Park., Madavadhara, Visakhapatnam, Andhra Pradesh. This is a no-brokerage flat because the owner has posted the ad on this 3 BHK apartment.",25000,50000,,14,3,,Yes,No,No,"Visitor Parking, RO Water System",False,False,Owner,68,Immediately,2026-04-04T21:31:41.000Z,"Apr 05, '26",True
Z2nSTbGhh3tzpSvf+uAgZw==,Magicbricks,https://www.magicbricks.com/property-details/3-BHK-1200-Sq-ft-Multistorey-Apartment-FOR-Rent-Dwarakanagar-in-Visakhapatnam&id=4d423632323635343337,2026-04-19 13:52:16,17.7281761,83.3081172,,Dwarakanagar,"Visakhapatnam, Andhra Pradesh","19202|Sri Sarada Vidya Nilayam, 19202|Sri Krishna Vidya Mandir",,,Apartment,Furnished,4,5,,1200,Sq-ft,,"If you are searching a 3 BHK apartment for rent in Dwarakanagar, check out this amazing rental flat. The Rent amount of this 3 BHK apartment is set at an attractive price of ₹25,000. The address is Dwarakanagar, Visakhapatnam, Andhra Pradesh. This is a no-brokerage flat because the owner has posted the ad on this 3 BHK apartment.",25000,,,21,2,,No,No,No,,False,False,Owner,46,Immediately,2026-04-10T10:22:14.000Z,"Apr 10, '26",True
eCDlARwM5k1zpSvf+uAgZw==,Magicbricks,https://www.magicbricks.com/property-details/3-BHK-1442-Sq-ft-Multistorey-Apartment-FOR-Rent-Vizag-in-Visakhapatnam&id=4d423833373833313537,2026-04-19 13:52:16,17.6868159,83.2184815,,Vizag,"Visakhapatnam, Andhra Pradesh",,,,Apartment,Semi-Furnished,3,5,,1442,Sq-ft,5 to 10 years,"property is located at Gajuwaka, Visakhapatnam close to airport and city. Welcome maintenance will be facilitated by the owner once flat is selected You can avail the 3 BHK flat for rent in the well-known location of Vizag. Available at a rental price of ₹20,000, this 3 BHK flat is worth considering. The apartment is on the 3 floor, has a covered area of 1442 sqft with 3 bathrooms and 2 balcony. This property offers power back up, reserved parking, security, service/goods lift. The flat can be visited at Near Auto Nagar, Gajuwaka, Pedagantyada, Visakhapatnam. This 3 BHK rental flat comes with no brokerage fees.",20000,20000,2400,14,3,,Yes,No,No,"Service/Goods Lift, Banquet Hall, Conference Room, Outdoor Tennis Courts",False,False,Owner,68,Immediately,2026-04-18T22:30:42.000Z,Today,True
7QLOT68oW9NzpSvf+uAgZw==,Magicbricks,https://www.magicbricks.com/property-details/3-BHK-2000-Sq-ft-Multistorey-Apartment-FOR-Rent-Rushikonda-in-Visakhapatnam&id=4d423333363233333335,2026-04-19 13:52:16,17.7971295,83.3869516,,Rushikonda,Current location,,,,Apartment,Semi-Furnished,1,4,South,2000,Sq-ft,New Construction,"This is a beautiful Flat built in Rushikonda. Featuring 3 bedroom and 3 spacious bathrooms, this Flat is Semi-Furnished. Approx 17, 000 is the expected price of Flat. This spacious Flat has an area of 2000 Sq-ft is on 1st floor of 4 floors.",17000,34000,1000,8,3,,No,No,No,,False,False,Owner,62,Immediately,2026-04-13T17:01:06.000Z,"Apr 13, '26",True
ef8qiWA5b9JzpSvf+uAgZw==,Magicbricks,https://www.magicbricks.com/property-details/3-BHK-1580-Sq-ft-Multistorey-Apartment-FOR-Rent-Kurmannapalem-in-Visakhapatnam&id=4d423834303230373333,2026-04-19 13:52:16,17.698036,83.15954,,Kurmannapalem,201 sunvilla apartment vuda phase 1,,,,Apartment,Semi-Furnished,2,5,East,1580,Sq-ft,Less than 5 years,"Find this 3 BHK rental flat in Kurmannapalem Visakhapatnam. The Rent amount of this 3 BHK apartment is set at an attractive price of ₹22,000. The apartment is on the 2 floor, has a carpet area of 1585 sqft with 3 bathrooms and 2 balcony. The apartment comes furnished with power back up, security. Find this apartment at 201 sunvilla apartment vuda phase 1, Kurmannapalem, Visakhapatnam, Andhra Pradesh. There are no brokerage fees on this 3 BHK multistorey apartment.",22000,42000,1500,14,3,,No,No,No,,False,False,Owner,69,Select Date,2026-04-01T08:56:37.000Z,"Apr 01, '26",True
4bc/KJUxUPFzpSvf+uAgZw==,Magicbricks,https://www.magicbricks.com/property-details/3-BHK-1600-Sq-ft-Multistorey-Apartment-FOR-Rent-Madhurwada-in-Visakhapatnam&id=4d423834323739393235,2026-04-19 13:52:16,17.8224722,83.3522229,,Madhurawada,"Midhilapuri Road , IT Hub, Near Cine Police",19202|APSWR Centre of Excellence,,,Apartment,Semi-Furnished,3,5,East,1600,Sq-ft,New Construction,"New Flat With cup board, kitchen and false ceiling done Grab the chance to own this affordable 3 BHK flat for rent in the Madhurwada area. The flat is available for rent at a competitive amount of ₹22,500. The flat is on the 3 floor and includes 3 bathrooms, 3 balcony with a covered area of 1600 sqft. The property features power back up, reserved parking, security. The apartment is located at Madhurawada, Visakhapatnam.. This 3 BHK rental flat comes with no brokerage fees.",22500,,,14,3,,Yes,No,No,"Banquet Hall, Conference Room",False,False,Owner,46,Select Date,2026-04-17T08:13:30.000Z,"Apr 17, '26",True
wGxem4KcqTFzpSvf+uAgZw==,Magicbricks,https://www.magicbricks.com/property-details/3-BHK-1450-Sq-ft-Multistorey-Apartment-FOR-Rent-New-Gajuwaka-in-Visakhapatnam&id=4d423834323933373037,2026-04-19 13:52:16,17.6862833,83.2174131,,uma maheshwara rao,"Visakhapatnam, Andhra Pradesh",,,,Apartment,Furnished,3,6,,,,5 to 10 years,"Grab the chance to own this affordable 3 BHK flat for rent in the New Gajuwaka area. This 3 BHK flat can be availed at the rental price of ₹13,000. 2 Wardrobe are some of the additional amenities available with the apartment. The flat is on the 3 floor and includes 2 bathrooms, 1 balcony with a carpet area of 1450 sqft. Visit the flat at New Gajuwaka, Visakhapatnam, Andhra Pradesh. The owner has posted this 3 BHK flat for rent, so the brokerage fees is zero on this multistorey apartment.",13000,26000,1000,,2,,No,No,No,,False,False,Owner,56,Select Date,2026-04-18T06:09:04.000Z,Yesterday,True
TlOL9kaLpP5zpSvf+uAgZw==,Magicbricks,https://www.magicbricks.com/property-details/3-BHK-1250-Sq-ft-Multistorey-Apartment-FOR-Rent-Pothinamallayya-Palem-in-Visakhapatnam&id=4d423636373631353239,2026-04-19 13:52:16,17.8028841,83.3345424,,RAVI SURESH,"802,mvv ozone , mithilapuri vuda colony",,,,Apartment,Unfurnished,8,8,North,,,Less than 5 years,"Multistorey apartment is available for rent. It carpet area of 1250 sq-ft, it is a good location property. Please contact for more details.",15000,20000,1600,,2,,Yes,No,No,"Service/Goods Lift, Laundry Service, Banquet Hall, Bar/Lounge",False,False,Owner,68,Immediately,2026-04-19T04:09:23.000Z,Today,True
z2GJlYTdZetzpSvf+uAgZw==,Magicbricks,https://www.magicbricks.com/property-details/3-BHK-1560-Sq-ft-Multistorey-Apartment-FOR-Rent-in-Visakhapatnam&id=4d423834323237323833,2026-04-19 13:52:16,,,,Kaja Sujatha,sheela nagar highway,,,,Apartment,Semi-Furnished,2,5,,,,5 to 10 years,"A beautiful 3 BHK flat is available for rent in sukruthi appartment. The rent of the 3 BHK flat is ₹18,000. The apartment is on the 2 floor, has a carpet area of 1560 sqft with 3 bathrooms and 2 balcony. There are no brokerage fees on this 3 BHK multistorey apartment.",18000,,1500,,3,,No,No,No,,False,False,Owner,56,Immediately,2026-04-14T06:30:34.000Z,"Apr 14, '26",True
Qb/wHosvdkxzpSvf+uAgZw==,Magicbricks,https://www.magicbricks.com/property-details/3-BHK-1500-Sq-ft-Multistorey-Apartment-FOR-Rent-in-Visakhapatnam&id=4d423633393835343433,2026-04-19 13:52:16,,,,pushpa,pendurthi sri ram nagar,,,,Apartment,Semi-Furnished,4,5,,1500,Sq-ft,New Construction,"spacious common areas Find 3 BHK flat for rent in fortune 1 janachaitanya layout Visakhapatnam. The rent of the 3 BHK flat is ₹8,000. The flat is located on the 4 floor which includes 3 bathrooms, 2 balcony, and covers a carpet area of 1350 sqft. You can find the 3 BHK flat without any brokerage.",8000,10000,1000,5,3,,Yes,No,No,Outdoor Tennis Courts,False,False,Owner,76,Immediately,2026-04-13T16:40:06.000Z,"Apr 13, '26",True
sDo1lX8dtN9zpSvf+uAgZw==,Magicbricks,https://www.magicbricks.com/property-details/3-BHK-1580-Sq-ft-Multistorey-Apartment-FOR-Rent-in-Visakhapatnam&id=4d423730303935303335,2026-04-19 13:52:16,,,,Naidu,"Visakhapatnam, Andhra Pradesh",,,,Apartment,Semi-Furnished,2,4,,1580,Sq-ft,,"3 BHK apartment is available on rent in MURALINGAR Visakhapatnam right away. The multistorey apartment is available at rent of ₹16,000. The owner has posted this 3 BHK flat for rent, so the brokerage fees is zero on this multistorey apartment.",16000,,,10,3,,No,No,No,,False,False,Owner,48,Immediately,2026-04-16T17:12:23.000Z,"Apr 16, '26",True
vmOvIFlyqvtzpSvf+uAgZw==,Magicbricks,https://www.magicbricks.com/property-details/3-BHK-1290-Sq-ft-Multistorey-Apartment-FOR-Rent-in-Visakhapatnam&id=4d423834323430303039,2026-04-19 13:52:16,,,,suresh,"Visakhapatnam, Andhra Pradesh",,,,Apartment,Unfurnished,4,5,,1290,Sq-ft,Less than 5 years,"3 BHK apartment is available on rent in VSR Srinivasam Visakhapatnam right away. This 3 BHK flat can be availed at the rental price of ₹16,000. The apartment is on the 4 floor, has a covered area of 1290 sqft with 2 bathrooms and 2 balcony. Do not pay any brokerage fee for this 3 BHK rental flat since the property ad is posted by the flat owner.",16000,,1300,12,2,,No,No,No,,False,False,Owner,36,Select Date,2026-04-15T05:16:37.000Z,"Apr 15, '26",True
zXD7/VtFsFBzpSvf+uAgZw==,Magicbricks,https://www.magicbricks.com/property-details/3-BHK-1398-Sq-ft-Multistorey-Apartment-FOR-Rent-Madhurwada-in-Visakhapatnam&id=4d423232323535333831,2026-04-19 13:52:16,17.8224722,83.3522229,,Madhurawada,"Visakhapatnam, Andhra Pradesh",19202|APSWR Centre of Excellence,,,Apartment,Unfurnished,1,5,East,1398,Sq-ft,New Construction,"3 BHK flat is available for rent. It has a covered area of 1398 sq-ft. Please contact for more details. A beautiful 3 BHK flat is available for rent in Madhurwada. You can get this flat at monthly rent of ₹11,000. The flat is located on the 1 floor which includes 3 bathrooms, 2 balcony, and covers a covered area of 1398 sqft. There is also facility of 10 Open parking. The flat comes with power back up, reserved parking, security. The full address of the apartment is Madhruwada, Visakhapatnam.. This is a no-brokerage flat because the owner has posted the ad on this 3 BHK apartment.",11000,12000,1500,8,3,10 Open,Yes,No,No,Jogging and Strolling Track,False,False,Owner,77,Immediately,2026-04-16T07:29:32.000Z,"Apr 16, '26",True
1YFzSlgRk/1zpSvf+uAgZw==,Magicbricks,https://www.magicbricks.com/property-details/3-BHK-1600-Sq-ft-Multistorey-Apartment-FOR-Rent-Duvvada-in-Visakhapatnam&id=4d423834323336383337,2026-04-19 13:52:16,17.70006,83.153599,,Santhosh Namasani,"Visakhapatnam, Andhra Pradesh",,,,Apartment,Furnished,2,5,,1600,Sq-ft,,"Find this 3 BHK rental flat in Duvvada Visakhapatnam. This 3 BHK flat can be availed at the rental price of ₹13,500. The full address of the apartment is Duvvada, Visakhapatnam, Andhra Pradesh. You can find the 3 BHK flat without any brokerage.",13500,,,8,3,,No,No,No,,False,False,Owner,41,Immediately,2026-04-14T14:17:06.000Z,"Apr 14, '26",True
IFa+2ZlzO75zpSvf+uAgZw==,Magicbricks,https://www.magicbricks.com/property-details/3-BHK-2800-Sq-ft-Multistorey-Apartment-FOR-Rent-Siri-Puram-in-Visakhapatnam&id=4d423832333430323633,2026-04-19 13:52:16,17.720372,83.3168071,,Siri Puram,"Siri Puram,Visakhapatnam",,,,Apartment,Furnished,5,5,,2800,Sq-ft,Above 20 years,"This property is in the heart of the city. It has exquisite interiors and 5 air conditioners, a beautiful and huge sofa set. This is a very premium luxury apartment for rent. 3 BHK flat is available for rent in Siri Puram immediately. ₹75,000 is the monthly rent of this 3 BHK flat. 4 Wardrobe, 4 AC, Sofa and Dining Table are some of the additional amenities available with the apartment. The apartment is on the 5 floor, has a covered area of 2800 sqft with 3 bathrooms and 2 balcony. You will also find 1 Covered parking facility. This unit is designed with power back up, reserved parking, security.",75000,225000,3900,27,3,1 Covered,No,No,No,,True,True,Agent,72,Immediately,2026-04-08T03:17:15.000Z,"Apr 08, '26",True
HGood99oGodzpSvf+uAgZw==,Magicbricks,https://www.magicbricks.com/property-details/3-BHK-2815-Sq-ft-Multistorey-Apartment-FOR-Rent-Ram-Nagar-in-Visakhapatnam&id=4d423337383438363035,2026-04-19 13:52:16,17.7211516,83.3080427,,Ram Nagar,"Visakhapatnam, Andhra Pradesh",19202|Sri Prakash,100000,,Apartment,Furnished,5,8,,2815,Sq-ft,,"This well designed 3 Bedroom Apartment is situated on fifth floor and it has spacious 3 bathroom You can avail this well-designed Apartment on a monthly charges of 100000. Check out this newly constructed 3 BHK flat on rent in the prime location of Ram Nagar Visakhapatnam. The multistorey apartment is available at rent of ₹1 Lac. The full address of the apartment is Ram Nagar, Visakhapatnam, Andhra Pradesh. There are no brokerage fees on this 3 BHK multistorey apartment.",100000,,,36,3,,No,No,No,,False,False,Owner,29,Immediately,2026-02-25T14:02:49.000Z,"Feb 25, '26",True
TRNSa4f85EtzpSvf+uAgZw==,Magicbricks,https://www.magicbricks.com/property-details/3-BHK-3300-Sq-ft-Multistorey-Apartment-FOR-Rent-in-Visakhapatnam&id=4d423734393534353935,2026-04-19 13:52:16,,,,Jammu Praveena,"Visakhapatnam, Andhra Pradesh",,,,Apartment,Unfurnished,4,5,,3300,Sq-ft,5 to 10 years,"Multistorey apartment is available for rent. It has covered area 3300 sq-ft, it is 3 BHK apartment. Please contact for more details. 3 BHK apartment is available on rent in Sri Viswa IIT college Visakhapatnam right away. The 3 BHK apartment is available at a reasonable rent of ₹1 Lac. The flat is on the 4 floor and includes 2 bathrooms, 2 balcony with a carpet area of 3100 sqft. You can find the 3 BHK flat without any brokerage.",100000,,10000,30,2,,No,No,No,,False,False,Owner,38,Immediately,2026-03-02T05:35:37.000Z,"Mar 02, '26",True
GVd1p4nPFElzpSvf+uAgZw==,Magicbricks,https://www.magicbricks.com/property-details/3-BHK-1800-Sq-ft-Multistorey-Apartment-FOR-Rent-Yendada-in-Visakhapatnam&id=4d423833373537303839,2026-04-19 13:52:16,17.7771215,83.3615748,,Yendada,"Lotus Keshavam, near Radisson Blu, Yendada",,530045,,Apartment,Semi-Furnished,4,6,East,1800,Sq-ft,New Construction,"Multistory apartment is available for rent. It has a carpet area of 1800 sq-ft, it is a good location. Please contact for more details. Property is near to Radisson Blu. 3 BHK flat is available for rent in Yendada immediately. Available at a rental price of ₹40,000, this 3 BHK flat is worth considering. The flat is on the 4 floor and includes 3 bathrooms, 2 balcony with a carpet area of 1800 sqft. The flat comes with security. The full address of the apartment is Yendada, Visakhapatnam, Andhra Pradesh, 530045. This 3 BHK flat is directly posted by the owner, so you don't need to pay any brokerage on this property.",40000,,,22,3,,No,No,No,,False,True,Owner,61,Immediately,2026-04-14T23:34:08.000Z,"Apr 15, '26",True
MtEj+YWrrF1zpSvf+uAgZw==,Magicbricks,https://www.magicbricks.com/property-details/3-BHK-2150-Sq-ft-Multistorey-Apartment-FOR-Rent-Duvvada-in-Visakhapatnam&id=4d423833343337373439,2026-04-19 13:52:16,17.70006,83.153599,,Kishore Kumar,NAD Kotha Road Junction,,,,Apartment,Semi-Furnished,3,5,East,2150,Sq-ft,Less than 5 years,"Indraprastha Appartment is located in NAD Kotha Road opposite to NSTL, also restaurants like Paradise, Real Deepak Punjabi Dhaba are located in our appartment. 2 Car parkings are available and aminities like Gym, Game room , Mini Theatre and two guest rooms also available.",28000,100000,2000,13,3,,Yes,No,No,"Conference Room, Jogging and Strolling Track",False,True,Owner,80,Immediately,2026-04-17T23:31:10.000Z,Yesterday,True
HfaAv533qNdzpSvf+uAgZw==,Magicbricks,https://www.magicbricks.com/property-details/3-BHK-1840-Sq-ft-Multistorey-Apartment-FOR-Rent-Yendada-in-Visakhapatnam&id=4d423832383336323631,2026-04-19 13:52:16,17.7771215,83.3615748,,Yendada,Flat no 730 L Block M K Gold coast Yendada Visakhapatnam,,,,Apartment,Semi-Furnished,7,14,North,1840,Sq-ft,5 to 10 years,"Find this 3 BHK rental flat in Yendada Visakhapatnam. The apartment is available at an affordable rental price of ₹35,000. Located on the 7 floor, the flat has 3 bathrooms, 1 balcony in covered area of 1840 sqft. The building comprises 14 floor and includes Kids Play Pool With Water Slides, Sand pit features. This home provides power back up, security. Find this apartment at Yendada, Visakhapatnam.. This 3 BHK flat is directly posted by the owner, so you don't need to pay any brokerage on this property.",35000,66000,4000,19,3,,Yes,No,No,"Banquet Hall, Jogging and Strolling Track",False,True,Owner,75,Immediately,2026-04-11T23:37:07.000Z,"Apr 12, '26",True
BkVKp0S1yStzpSvf+uAgZw==,Magicbricks,https://www.magicbricks.com/property-details/3-BHK-1845-Sq-ft-Multistorey-Apartment-FOR-Rent-Madhurwada-in-Visakhapatnam&id=4d423832343936303135,2026-04-19 13:52:16,17.8224722,83.3522229,,Madhurawada,madhuravada,19202|APSWR Centre of Excellence,,,Apartment,Semi-Furnished,12,16,,1845,Sq-ft,Less than 5 years,"If you are searching a 3 BHK apartment for rent in Madhurwada, check out this amazing rental flat. The Rent amount of this 3 BHK apartment is set at an attractive price of ₹28,000. Located on the 12 floor, the flat has 3 bathrooms, 3 balcony in carpet area of 1600 sqft. This is a no-brokerage flat, as the owner is offering this 3 BHK flat on rent.",28000,56000,0,15,3,,No,No,No,,False,True,Owner,40,Immediately,2026-04-10T23:49:00.000Z,"Apr 11, '26",True
Nw7dK6HQl79zpSvf+uAgZw==,Magicbricks,https://www.magicbricks.com/property-details/3-BHK-1637-Sq-ft-Multistorey-Apartment-FOR-Rent-Pedda-Waltair-in-Visakhapatnam&id=4d423637303730353831,2026-04-19 13:52:16,17.7267105,83.333402,,Pedda Waltair,"Visakhapatnam, Andhra Pradesh",,,,Apartment,Semi-Furnished,Ground,7,North,1637,Sq-ft,New Construction,"good for families with elderly people and children Check out this newly constructed 3 BHK flat on rent in the prime location of Pedda Waltair Visakhapatnam. Available at a rental price of ₹35,000, this 3 BHK flat is worth considering. Located on the Ground floor, the flat comprises 3 bathrooms, 2 balcony, and has a covered area of 1637 sqft. Find this apartment at Hill View Doctors Colony, Pedda Waltair, Visakhapatnam, Andhra Pradesh. This 3 BHK flat is directly posted by the owner, so you don't need to pay any brokerage on this property.",35000,70000,,21,3,,No,No,No,,False,False,Owner,41,Immediately,2026-04-15T21:31:53.000Z,"Apr 16, '26",True
RHFu7bgvEtpzpSvf+uAgZw==,Magicbricks,https://www.magicbricks.com/property-details/3-BHK-1850-Sq-ft-Multistorey-Apartment-FOR-Rent-Ram-Nagar-in-Visakhapatnam&id=4d423833383930363437,2026-04-19 13:52:16,17.7211516,83.3080427,,Ram Nagar,"rock dale layout, ram nagar",19202|Sri Prakash,,,Apartment,Unfurnished,Ground,1,East,1850,Sq-ft,New Construction,"Check out this newly constructed 3 BHK flat on rent in the prime location of Ram Nagar Visakhapatnam. The rent of the 3 BHK flat is ₹30,000. Located on the Ground floor, the flat has 3 bathrooms, 1 balcony in carpet area of 1850 sqft. You can visit the flat at rock dale layout, ram nagar, Ram Nagar, Visakhapatnam, Andhra Pradesh. This 3 BHK flat is directly posted by the owner, so you don't need to pay any brokerage on this property.",30000,,,16,3,,No,No,No,,False,True,Owner,59,Immediately,2026-04-18T23:32:34.000Z,Today,True
75bRk75c5ExzpSvf+uAgZw==,Magicbricks,https://www.magicbricks.com/property-details/3-BHK-1500-Sq-ft-Multistorey-Apartment-FOR-Rent-Yendada-in-Visakhapatnam&id=4d423833333236363237,2026-04-19 13:52:16,17.7771215,83.3615748,,Yendada,"Yendada, Visakhapatnam, Yendada, Visakhapatnam, Andhra Pradesh",,,,Apartment,Semi-Furnished,2,10,,,,,"You can avail the 3 BHK flat for rent in the well-known location of Yendada. You can get this flat at monthly rent of ₹35,000. The apartment is on the 2 floor, has a carpet area of 1500 sqft with 3 bathrooms and 2 balcony. This unit features reserved parking, security. The flat can be visited at GITAM Medical College Rd, Yendada, Rushikonda, Visakhapatnam, Andhra Pradesh. This 3 BHK rental flat comes with no brokerage fees.",35000,76000,,,3,,Yes,Yes,No,Jogging and Strolling Track,False,True,Owner,62,Immediately,2026-04-10T06:42:54.000Z,"Apr 10, '26",True
WqLVNek1RxdzpSvf+uAgZw==,Magicbricks,https://www.magicbricks.com/property-details/3-BHK-2800-Sq-ft-Builder-Floor-Apartment-FOR-Rent-Rushikonda-in-Visakhapatnam&id=4d423738303132313239,2026-04-19 13:52:16,17.7971295,83.3869516,,Rushikonda,"27-228 Near Jewel Apartments, Next road to Sunny Isles",,,,Builder Floor Apartment,Unfurnished,1,4,North,,,Less than 5 years,"Sea view on one side, hill view on the other and no properties around the building. Find this 3 BHK rental flat in Rushikonda Visakhapatnam. The apartment is available at an affordable rental price of ₹35,000. The apartment is on the 1 floor, has a carpet area of 2800 sqft with 3 bathrooms and 1 balcony. There is also facility of 2 Covered parking. This home provides power back up, reserved parking. The flat can be visited at 27-228 Near Jewel Apartments, Next road to Sunny Isles, Rushikonda, Visakhapatnam, Andhra Pradesh. The owner has posted this 3 BHK flat for rent, so the brokerage fees is zero on this multistorey apartment.",35000,,5000,,3,2 Covered,No,No,No,,False,True,Owner,89,Immediately,2026-04-07T23:32:11.000Z,"Apr 08, '26",True
BesqkMvP4vdzpSvf+uAgZw==,Magicbricks,https://www.magicbricks.com/property-details/3-BHK-1618-Sq-ft-Multistorey-Apartment-FOR-Rent-Madhurwada-in-Visakhapatnam&id=4d423833373637393433,2026-04-19 13:52:16,17.8224722,83.3522229,,Madhurawada,midilapure vuda colony,19202|APSWR Centre of Excellence,,,Apartment,Semi-Furnished,15,15,East,1618,Sq-ft,Less than 5 years,"Mega community indiabulls sierra Flat for rent best lotion and Find this 3 BHK rental flat in Madhurwada Visakhapatnam. Available at a rental price of ₹28,000, this 3 BHK flat is worth considering. The apartment is on the 15 floor, has a covered area of 1618 sqft with 3 bathrooms and 3 balcony. This unit is designed with power back up, reserved parking, security, service/goods lift, air conditioned, intercom facility, ro water system. Find this apartment at 11 100 FT IT PARK ROAD INDIABULLS REAL ESTATE, 120, Midhilapuri Vuda Colony, Madhurawada, Visakhapatnam, Andhra Pradesh.",28000,50000,0,17,3,,No,No,No,"Air Conditioned, Banquet Hall, Jogging and Strolling Track, Outdoor Tennis Courts",True,True,Agent,80,Immediately,2026-03-13T11:22:53.000Z,"Mar 13, '26",True
DJh2jbaO9ZhzpSvf+uAgZw==,Magicbricks,https://www.magicbricks.com/property-details/3-BHK-1830-Sq-ft-Multistorey-Apartment-FOR-Rent-Yendada-in-Visakhapatnam&id=4d423834303330393231,2026-04-19 13:52:16,17.7771215,83.3615748,,Yendada,"Flat No 415 Pratima Royal Palace, Sagar Nagar, Yendada, Vizag, 530046",,530046,,Apartment,Semi-Furnished,4,5,,,,Less than 5 years,"East Facing Modular Kitchen Wardrobes in all rooms Pooja Room Find 3 BHK flat for rent in Yendada Visakhapatnam. You can get this flat at monthly rent of ₹30,000. Here you can enjoy world class facilities like 4 Wardrobe. The flat is located on the 4 floor which includes 3 bathrooms, 2 balcony, and covers a carpet area of 1830 sqft. The property includes 2 Covered parking. This flat is fitted with reserved parking, security. The full address of the apartment is Flat No 415 Pratima Royal Palace, Sagar Nagar, Yendada, Vizag, 530046, Yendada, Visakhapatnam, Andhra Pradesh. This is a no-brokerage flat because the owner has posted the ad on this 3 BHK apartment.",30000,60000,,,3,2 Covered,No,No,No,,False,False,Owner,85,Immediately,2026-04-02T03:18:39.000Z,"Apr 02, '26",True
z5rVLlWLqslzpSvf+uAgZw==,Magicbricks,https://www.magicbricks.com/property-details/3-BHK-1660-Sq-ft-Multistorey-Apartment-FOR-Rent-Yendada-in-Visakhapatnam&id=4d423530373132393936,2026-04-19 13:52:16,17.7771215,83.3615748,,Yendada,"Yendada,Visakhapatnam",,,,Apartment,Semi-Furnished,7,11,,1660,Sq-ft,Less than 5 years,"Find this 3 BHK rental flat in Yendada Visakhapatnam. The apartment is available at an affordable rental price of ₹35,000. The flat comes with some add-on facilities such as 3 Wardrobe. The flat is located on the 7 floor which includes 3 bathrooms, 2 balcony, and covers a carpet area of 1770 sqft. You will also find 2 Open parking facility. The apartment is equipped with power back up, reserved parking, security. Visit the flat at GITAM Medical College Rd, Yendada, Rushikonda, Visakhapatnam, Andhra Pradesh. This 3 BHK rental flat comes with no brokerage fees.",35000,70000,3500,21,3,2 Open,Yes,No,No,Jogging and Strolling Track,False,False,Owner,89,Select Date,2026-03-27T04:10:48.000Z,"Mar 27, '26",True
UHjfp/Q+yq5zpSvf+uAgZw==,Magicbricks,https://www.magicbricks.com/property-details/3-BHK-1400-Sq-ft-Builder-Floor-Apartment-FOR-Rent-Seethammadhara-in-Visakhapatnam&id=4d423832363033363031,2026-04-19 13:52:16,17.7429031,83.3081172,,Seethammadhara,"Visakhapatnam, Andhra Pradesh",,,,Builder Floor Apartment,Semi-Furnished,2,4,,1400,Sq-ft,,"3 BHK flat is available for rent in Seethammadhara immediately. The flat is available for rent at a competitive amount of ₹27,000. The apartment is located at Seethammadhara, Visakhapatnam, Andhra Pradesh. This 3 BHK apartment ad is listed by the owner, so there is no brokerage fee.",27000,,,19,2,,No,No,No,,False,False,Owner,44,Immediately,2026-03-15T22:30:42.000Z,"Mar 16, '26",True
40CtY5L399ZzpSvf+uAgZw==,Magicbricks,https://www.magicbricks.com/property-details/3-BHK-1500-Sq-ft-Multistorey-Apartment-FOR-Rent-Dwarakanagar-in-Visakhapatnam&id=4d423833363339343531,2026-04-19 13:52:16,17.7281761,83.3081172,,Dwarakanagar,"Visakhapatnam, Andhra Pradesh","19202|Sri Krishna Vidya Mandir, 19202|Sri Sarada Vidya Nilayam",,,Apartment,Semi-Furnished,3,4,East,,,15 to 20 years,"Central location A beautiful 3 BHK flat is available for rent in Dwarakanagar. The apartment is available at an affordable rental price of ₹30,000. The flat is on the 3 floor and includes 3 bathrooms, 2 balcony with a carpet area of 1500 sqft. Visit the apartment at Dwarakanagar, Visakhapatnam, Andhra Pradesh. This is a no-brokerage flat because the owner has posted the ad on this 3 BHK apartment.",30000,,1500,,3,,No,No,No,,False,False,Owner,57,Immediately,2026-03-04T16:13:49.000Z,"Mar 04, '26",True
dxvrGutg76ZzpSvf+uAgZw==,Magicbricks,https://www.magicbricks.com/property-details/3-BHK-2175-Sq-ft-Multistorey-Apartment-FOR-Rent-Madavadhara-in-Visakhapatnam&id=4d423533333139373735,2026-04-19 13:52:16,17.7458131,83.2639812,,Madhavadhara,"Visakhapatnam, Andhra Pradesh",,,,Apartment,Furnished,6,9,,2175,Sq-ft,,"A beautiful 3 BHK flat is available for rent in Madavadhara. You can get this flat at monthly rent of ₹27,000. Visit the flat at Madhavadhara, Visakhapatnam. This is a no-brokerage flat, as the owner is offering this 3 BHK flat on rent.",27000,,,12,3,,No,No,No,,False,False,Owner,28,Immediately,2026-04-14T08:14:10.000Z,"Apr 14, '26",True
mOV1ixQcOyVzpSvf+uAgZw==,Magicbricks,https://www.magicbricks.com/property-details/3-BHK-2200-Sq-ft-Multistorey-Apartment-FOR-Rent-Krishna-Nagar-in-Visakhapatnam&id=4d423831383331343139,2026-04-19 13:52:16,17.708364,83.310123,,Sri Krishna,"Sri Nilayam, Krishna Nagar",,,,Apartment,Semi-Furnished,1,3,North - East,2200,Sq-ft,5 to 10 years,"Conveniently placed with Sea View on 1st floor of individually owned appartment available for immediate rent Includes 2 ACs, 3 Geysers, Fans and 1 king size bed which can be removed if you do not need it. Masterbedroom 14x14Bedroom 1 14x11Bedroom 2 14x11",40000,70000,5000,18,3,1 Covered,No,No,No,,False,False,Owner,100,Immediately,2026-02-20T17:10:29.000Z,"Feb 20, '26",True
MtrtQgVSN1dzpSvf+uAgZw==,Magicbricks,https://www.magicbricks.com/property-details/3-BHK-1960-Sq-ft-Multistorey-Apartment-FOR-Rent-Maharani-Peta-in-Visakhapatnam&id=4d423834313838373335,2026-04-19 13:52:16,17.711611,83.313483,,Maharani Peta,Brin,,,,Apartment,Unfurnished,1,5,,1960,Sq-ft,10 to 15 years,"Check out this newly constructed 3 BHK flat on rent in the prime location of Maharani Peta Visakhapatnam. The Rent amount of this 3 BHK apartment is set at an attractive price of ₹28,000. Located on the 1 floor, the flat comprises 3 bathrooms, 3 balcony, and has a covered area of 1960 sqft. Visit the apartment at Brin, Maharani Peta, Visakhapatnam, Andhra Pradesh. The brokerage amount of the 3 BHK apartment is zero.",28000,,,14,3,,No,No,No,,False,False,Owner,53,Immediately,2026-04-10T16:29:50.000Z,"Apr 10, '26",True
IjaAmpr8jztzpSvf+uAgZw==,Magicbricks,https://www.magicbricks.com/property-details/3-BHK-1800-Sq-ft-Multistorey-Apartment-FOR-Rent-Gajuwaka-in-Visakhapatnam&id=4d423639393237393133,2026-04-19 13:52:16,17.688112,83.213121,,Prasad,Gajuwaka,19202|Timpany Steel City School,,,Apartment,Semi-Furnished,5,16,East,1800,Sq-ft,New Construction,"You can avail the 3 BHK flat for rent in the well-known location of Gajuwaka. The apartment is available at an affordable rental price of ₹35,000. The flat is located on the 5 floor which includes 3 bathrooms, 1 balcony, and covers a covered area of 1800 sqft. The building includes 16 floor and supports Kids play area, Kids Club, Kids Play Pool With Water Slides living. The flat comes with power back up, reserved parking, security, service/goods lift, visitor parking. The full address of the apartment is No:104/2, Next to Lanka Ground, NH-16, Gajuwaka, Visakhapatnam. The brokerage amount of the 3 BHK apartment is zero.",35000,,,19,3,,Yes,No,No,"Service/Goods Lift, Visitor Parking",False,False,Owner,64,Immediately,2026-03-14T12:34:16.000Z,"Mar 14, '26",True
kBLShvAOIKVzpSvf+uAgZw==,Magicbricks,https://www.magicbricks.com/property-details/3-BHK-2000-Sq-ft-Multistorey-Apartment-FOR-Rent-MVP-Colony-in-Visakhapatnam&id=4d423833373731323237,2026-04-19 13:52:16,17.7422936,83.3335151,,MVP Colony,"2-50-42, Tf1, bypa arcade, mvp colony, sector 11",,,,Apartment,Semi-Furnished,3,5,East,,,New Construction,"Multistory apartment is available for rent. It is a good location. Please contact for more details. If you are searching a 3 BHK apartment for rent in MVP Colony, check out this amazing rental flat. The flat is available for rent at a competitive amount of ₹40,000. The residents of the flat have access to additional facilities such as 3 Wardrobe, 4 AC and Sofa. Located on the 3 floor, the flat comprises 3 bathrooms, 3 balcony, and has a carpet area of 2000 sqft. You will also find 5 Covered parking facility. This unit is designed with reserved parking, security. This flat is located at 2-50-42, Tf1, bypa arcade, mvp colony, sector 11, MVP Colony, Visakhapatnam, Andhra Pradesh. This 3 BHK flat is directly posted by the owner, so you don't need to pay any brokerage on this property.",40000,,,,3,5 Covered,No,No,No,,False,False,Owner,79,Immediately,2026-03-13T13:40:34.000Z,"Mar 13, '26",True
Bh0Ax4VtMaRzpSvf+uAgZw==,Magicbricks,https://www.magicbricks.com/property-details/3-BHK-2350-Sq-ft-Multistorey-Apartment-FOR-Rent-in-Visakhapatnam&id=4d423636313332393039,2026-04-19 13:52:16,,,,Ramprakash Kona,4th Floor Radha Beach Residency Next to Novotel Hotel Beach Road Vizag,,,,Apartment,Unfurnished,4,7,,2350,Sq-ft,15 to 20 years,"sea facing premium apartments 2350 sft carpet well maintained gatedcommunity 3 BHK flat is available for rent in Radhabeach residency immediately. The 3 BHK apartment is available at a reasonable rent of ₹35,000. The apartment is on the 4 floor, has a carpet area of 2350 sqft with 3 bathrooms and 4 balcony. This unit features power back up, reserved parking, security, service/goods lift, intercom facility. You can find the 3 BHK flat without any brokerage.",35000,144000,4000,15,3,,Yes,No,No,"Service/Goods Lift, Intercom Facility, Banquet Hall, Jogging and Strolling Track",False,False,Owner,77,Immediately,2026-04-17T21:32:02.000Z,Yesterday,True
o+mVV1CLbcxzpSvf+uAgZw==,Magicbricks,https://www.magicbricks.com/property-details/3-BHK-1850-Sq-ft-Multistorey-Apartment-FOR-Rent-Siri-Puram-in-Visakhapatnam&id=4d423739373134373839,2026-04-19 13:52:16,17.720372,83.3168071,,Siri Puram,"Koteswaram Bhavan, Balaji Nagar, Asilmetta, Visakhapatnam, Andhra Pradesh 530003",,530003,,Apartment,Semi-Furnished,3,5,East,,,5 to 10 years,"Multistorey apartment is available for rent. It is a good location property. Please contact for more details. 3 BHK flat is available for rent in Siri Puram immediately. The multistorey apartment is available at rent of ₹40,000. Some premium add-on facilities bundled with the flat are 3 Wardrobe, 2 Bed, Fridge, 2 AC and Gas Connection. The flat is located on the 3 floor which includes 3 bathrooms, 2 balcony, and covers a carpet area of 1850 sqft. The residence includes power back up, reserved parking, security. You can visit the flat at Koteswaram Bhavan, Balaji Nagar, Asilmetta, Visakhapatnam, Andhra Pradesh 530003, Siri Puram, Visakhapatnam, Andhra Pradesh. This 3 BHK flat is directly posted by the owner, so you don't need to pay any brokerage on this property.",40000,,2000,,3,,No,No,No,,False,False,Owner,70,Immediately,2026-04-15T21:32:06.000Z,"Apr 16, '26",True
RW330qu6HPlzpSvf+uAgZw==,Magicbricks,https://www.magicbricks.com/property-details/3-BHK-1459-Sq-ft-Multistorey-Apartment-FOR-Rent-Seethammadhara-in-Visakhapatnam&id=4d423834323930343639,2026-04-19 13:52:16,17.7429031,83.3081172,,Seethammadhara,"Sri Sampat Castle Apartment,D No 50-51-11, Flat No-103, Seethammadhara",,,,Apartment,Semi-Furnished,1,5,West,1459,Sq-ft,10 to 15 years,"Find this 3 BHK rental flat in Seethammadhara Visakhapatnam. The multistorey apartment is available at rent of ₹26,000. The flat is located on the 1 floor which includes 2 bathrooms, 1 balcony, and covers a carpet area of 1200 sqft. The apartment comes furnished with power back up, reserved parking, security, air conditioned. Find this apartment at Sri Sampat Castle Apartment,D No 50-51-11, Flat No-103, Seethammadhara, Seethammadhara, Visakhapatnam, Andhra Pradesh. You can find the 3 BHK flat without any brokerage.",26000,52000,1500,18,2,,Yes,No,No,"Air Conditioned, Laundry Service",False,False,Owner,72,Select Date,2026-04-17T17:10:19.000Z,"Apr 17, '26",True
ip24Wx3rVQ1zpSvf+uAgZw==,Magicbricks,https://www.magicbricks.com/property-details/3-BHK-1700-Sq-ft-Multistorey-Apartment-FOR-Rent-Kirlampudi-Layout-in-Visakhapatnam&id=4d423537313035313531,2026-04-19 13:52:16,17.7208709,83.3315104,,Kirlampudi Layout,"Rail Vihar Apartment, Flat-401,Kirlampudi Layout, Beach Road",19202|Systems Design,,,Apartment,Furnished,4,5,East,1700,Sq-ft,15 to 20 years,"Renovated flat with good sea view from balcony. Walking distance from Beach road. Clean locality and good ventilation for all rooms. 3 BHK flat is available for rent in Kirlampudi Layout immediately. The rent of the 3 BHK flat is ₹32,000. The flat is on the 4 floor and includes 2 bathrooms, 3 balcony with a carpet area of 1275 sqft. The property includes 401 Covered parking. This unit is designed with reserved parking, security, air conditioned. The flat can be visited at Rail Vihar Apartment, Flat-401,Kirlampudi Layout, Beach Road, Kirlampudi Layout, Visakhapatnam, Andhra Pradesh. This 3 BHK rental flat comes with no brokerage fees.",32000,90000,1500,19,2,401 Covered,Yes,No,No,"Air Conditioned, Internet/Wi-Fi Connectivity",False,False,Owner,100,Immediately,2026-04-13T16:21:30.000Z,"Apr 13, '26",True
CBiAVJHjqpdzpSvf+uAgZw==,Magicbricks,https://www.magicbricks.com/property-details/3-BHK-1550-Sq-ft-Multistorey-Apartment-FOR-Rent-TPT-Colony-in-Visakhapatnam&id=4d423834323430333437,2026-04-19 13:52:16,17.7390031,83.3110868,,Vinod kumar saladi,"Balayya Sastri Layout, Seetammadhara",,,,Apartment,Semi-Furnished,1,5,North,1550,Sq-ft,5 to 10 years,"Semi furnished 3BHK located in a good residential area closer to both Gurudwara and Satyam junctions. Equipped main entrance door with Iron grill gate for safety purpose. 3 BHK flat is available for rent in TPT Colony immediately. You can get this flat at monthly rent of ₹28,000. The flat is on the 1 floor and includes 2 bathrooms, 2 balcony with a carpet area of 1450 sqft. The apartment is equipped with power back up, reserved parking, security. You can visit the flat at Balayya Sastri Layout, Seetammadhara, TPT Colony, Visakhapatnam, Andhra Pradesh. You can find the 3 BHK flat without any brokerage.",28000,60000,,18,2,,No,No,No,,False,False,Owner,78,Immediately,2026-04-15T05:28:34.000Z,"Apr 15, '26",True
op3BzrTucQ1zpSvf+uAgZw==,Magicbricks,https://www.magicbricks.com/property-details/3-BHK-2000-Sq-ft-Multistorey-Apartment-FOR-Rent-Marripalem-in-Visakhapatnam&id=4d423635373230373333,2026-04-19 13:52:16,17.7438352,83.2492625,,Marripalem,Hig 75.,,,,Apartment,Furnished,2,3,,2000,Sq-ft,,"If you are planning to rent a flat, you can consider this 3 BHK flat situated in the prime location of Marripalem. The apartment is available at an affordable rental price of ₹30,000. The address is Hig 75., Marripalem, Visakhapatnam, Andhra Pradesh. This is a no-brokerage flat, as the owner is offering this 3 BHK flat on rent.",30000,,,15,2,,No,No,No,,False,False,Owner,26,Immediately,2026-03-11T21:33:16.000Z,"Mar 12, '26",True
DbTVSAmyjWVzpSvf+uAgZw==,Magicbricks,https://www.magicbricks.com/property-details/3-BHK-1250-Sq-ft-Builder-Floor-Apartment-FOR-Rent-Hb-Colony-in-Visakhapatnam&id=4d423833373739383837,2026-04-19 13:52:16,17.7463035,83.3214858,,Hb Colony,"55-19-7, Lig-50 , Sri Satya Nivas",,,,Builder Floor Apartment,Semi-Furnished,2,4,East,1250,Sq-ft,New Construction,"3BHK brand new flat2 bathrooms2nd floor with liftEast facingSemi-furnished wardrobes, lights, kitchen cabinetsOpen kitchen with dining areaSeparate pooja roomCar parking availableAC points availableEV points available CC Camera247 Water Available",33000,,,26,2,,No,No,No,,False,False,Owner,69,Immediately,2026-03-14T09:06:59.000Z,"Mar 14, '26",True
XOkGuNZX9gZzpSvf+uAgZw==,Magicbricks,https://www.magicbricks.com/property-details/3-BHK-1575-Sq-ft-Multistorey-Apartment-FOR-Rent-Yendada-in-Visakhapatnam&id=4d423834313135333431,2026-04-19 13:52:16,17.7771215,83.3615748,,Yendada,Endada,,,,Apartment,Semi-Furnished,6,10,East,1575,Sq-ft,New Construction,"If you are searching a 3 BHK apartment for rent in Yendada, check out this amazing rental flat. The multistorey apartment is available at rent of ₹30,000. Located on the 6 floor, the flat has 2 bathrooms, 2 balcony in covered area of 1575 sqft. The property consists of 10 floor and offers Kids play area conveniences. The apartment is equipped with power back up, reserved parking, security, service/goods lift. The owner has posted this 3 BHK flat for rent, so the brokerage fees is zero on this multistorey apartment.",30000,60000,,19,2,,No,No,No,"Laundry Service, Banquet Hall, Jogging and Strolling Track, Outdoor Tennis Courts",False,False,Owner,51,Select Date,2026-04-07T06:48:03.000Z,"Apr 07, '26",True
GC2o4CYJjj9zpSvf+uAgZw==,Magicbricks,https://www.magicbricks.com/property-details/3-BHK-1550-Sq-ft-Multistorey-Apartment-FOR-Rent-Yendada-in-Visakhapatnam&id=4d423834303830353035,2026-04-19 13:52:16,17.7771215,83.3615748,,Yendada,"Visakhapatnam, Andhra Pradesh",,,,Apartment,Semi-Furnished,3,5,,1550,Sq-ft,,"Check out this newly constructed 3 BHK flat on rent in the prime location of Yendada Visakhapatnam. The flat is available for rent at a competitive amount of ₹30,000. Visit the flat at GITAM Medical College Rd, Yendada, Rushikonda, Visakhapatnam, Andhra Pradesh. You can find the 3 BHK flat without any brokerage.",30000,,,19,3,,No,No,No,,False,False,Owner,26,Immediately,2026-04-05T01:10:09.000Z,"Apr 05, '26",True
DkpqNQBNTONzpSvf+uAgZw==,Magicbricks,https://www.magicbricks.com/property-details/3-BHK-1425-Sq-ft-Multistorey-Apartment-FOR-Rent-Kurmannapalem-in-Visakhapatnam&id=4d423833393437363731,2026-04-19 13:52:16,17.698036,83.15954,,Kurmannapalem,"Mustafa junction, Kurmanapalem",,,,Apartment,Furnished,2,5,,,,New Construction,"Grab the chance to own this affordable 3 BHK flat for rent in the Kurmannapalem area. The rent of the 3 BHK flat is ₹30,000. Located on the 2 floor, the flat has 2 bathrooms, 2 balcony in carpet area of 1425 sqft. This home provides power back up. This flat is located at Mustafa junction, Kurmanapalem, Kurmannapalem, Visakhapatnam, Andhra Pradesh. The owner has posted this 3 BHK flat for rent, so the brokerage fees is zero on this multistorey apartment.",30000,,2000,,2,,No,No,No,,False,False,Owner,61,Immediately,2026-03-26T07:29:55.000Z,"Mar 26, '26",True
EfXFhpEF49tzpSvf+uAgZw==,Magicbricks,https://www.magicbricks.com/property-details/3-BHK-1850-Sq-ft-Multistorey-Apartment-FOR-Rent-Muralinagar-in-Visakhapatnam&id=4d423834303330303231,2026-04-19 13:52:16,17.7471481,83.2599674,,Muralinagar,Murali nagar,,,,Apartment,Semi-Furnished,3,7,East,1850,Sq-ft,5 to 10 years,"3 BHK apartment is available on rent in Muralinagar Visakhapatnam right away. You can get this flat at monthly rent of ₹28,000. The flat is on the 3 floor and includes 3 bathrooms, 1 balcony with a carpet area of 1600 sqft. Visit the apartment at Gavara Kanchara Palem, Marripalem, Visakhapatnam, Andhra Pradesh . This is a no-brokerage flat because the owner has posted the ad on this 3 BHK apartment.",28000,56000,2000,15,3,,No,No,No,,False,False,Owner,64,Select Date,2026-04-01T17:08:32.000Z,"Apr 01, '26",True
YSvaaMSa5FNzpSvf+uAgZw==,Magicbricks,https://www.magicbricks.com/property-details/3-BHK-1500-Sq-ft-Multistorey-Apartment-FOR-Rent-in-Visakhapatnam&id=4d423834303730313533,2026-04-19 13:52:16,,,,S.Nageswara rao,"Seethammadara, Visakhapatnam, Andhra Pradesh, India",,,,Apartment,Semi-Furnished,4,5,,1500,Sq-ft,5 to 10 years,"Find this 3 BHK rental flat in KSR COMPLEX, Opposite Lansum Oxygen Towers, Seethammadhara , Visakhapatnam Visakhapatnam. ₹32,000 is the monthly rent of this 3 BHK flat. This is a no-brokerage flat, as the owner is offering this 3 BHK flat on rent.",30000,,,20,3,,No,No,No,,False,False,Owner,53,Immediately,2026-04-04T07:20:14.000Z,"Apr 04, '26",True
zMq8gVGgCl1zpSvf+uAgZw==,Magicbricks,https://www.magicbricks.com/property-details/3-BHK-2600-Sq-ft-Multistorey-Apartment-FOR-Rent-Vishalakshi-Nagar-in-Visakhapatnam&id=4d423833353635323635,2026-04-19 13:52:16,17.758644,83.340668,,Kalyan,Near kailasa giri.,,,,Apartment,Furnished,2,5,North,2600,Sq-ft,Less than 5 years,Fully furnished flat north facing good ambience all new furnished with sofa dining table sove chimney refrigerator cots acs with all items you can and occupy directly with your clothes. Suitable for mncs compnay guest house purpose. Interested clients can contact me for personal visit,60000,300000,2500,23,3,,Yes,No,No,"Air Conditioned, RO Water System",True,True,Agent,78,Immediately,2026-02-26T10:04:50.000Z,"Feb 26, '26",True
t9RlcZicedtzpSvf+uAgZw==,Magicbricks,https://www.magicbricks.com/property-details/3-BHK-2800-Sq-ft-Multistorey-Apartment-FOR-Rent-Visalakshi-Nagar-in-Visakhapatnam&id=4d423833353537333539,2026-04-19 13:52:16,17.7531017,83.3482146,,Visalakshi Nagar,Visalakshinagar,,,,Apartment,Furnished,2,5,East,2800,Sq-ft,Less than 5 years,"centrally located nearby to all major attractions A beautiful 3 BHK flat is available for rent in Visalakshi Nagar. The rent of the 3 BHK flat is ₹58,000. Located on the 2 floor, the flat comprises 3 bathrooms, 2 balcony, and has a carpet area of 2650 sqft. This unit features power back up, reserved parking, security, air conditioned, intercom facility. The flat can be visited at Visalakshinagar, Visalakshi Nagar, Visakhapatnam, Andhra Pradesh.",58000,200000,2500,21,3,,Yes,No,No,"Air Conditioned, Intercom Facility",True,True,Agent,78,Immediately,2026-02-26T03:28:21.000Z,"Feb 26, '26",True
RieAEB7+FYxzpSvf+uAgZw==,Magicbricks,https://www.magicbricks.com/property-details/3-BHK-2505-Sq-ft-Multistorey-Apartment-FOR-Rent-MVP-Colony-in-Visakhapatnam&id=4d423831333535323135,2026-04-19 13:52:16,17.7422936,83.3335151,,MVP Colony,Mvp.,,,,Apartment,Furnished,6,16,West,2505,Sq-ft,5 to 10 years,"2505 sft, 2 car parking, gated community at mvp colony, west facing A beautiful 3 BHK flat is available for rent in MVP Colony. The flat is available for rent at a competitive amount of ₹68,000. The apartment is on the 6 floor, has a carpet area of 2500 sqft with 3 bathrooms and 2 balcony. The apartment comes furnished with service/goods lift, air conditioned.",68000,250000,5000,27,3,,Yes,No,No,"Service/Goods Lift, Air Conditioned, Banquet Hall, Bar/Lounge",False,True,Agent,75,Immediately,2026-02-28T13:49:54.000Z,"Feb 28, '26",True
kbFZeqKzOb9zpSvf+uAgZw==,Magicbricks,https://www.magicbricks.com/property-details/3-BHK-2480-Sq-ft-Multistorey-Apartment-FOR-Rent-Seethammadhara-in-Visakhapatnam&id=4d423833353734393831,2026-04-19 13:52:16,17.7429031,83.3081172,,Seethammadhara,seetamadhara,,,,Apartment,Furnished,7,34,North,2480,Sq-ft,5 to 10 years,"centrally located Find 3 BHK flat for rent in Seethammadhara Visakhapatnam. The Rent amount of this 3 BHK apartment is set at an attractive price of ₹70,000. The flat is on the 7 floor and includes 3 bathrooms, 4 balcony with a covered area of 2480 sqft. This property includes 34 floor and provides Kids play area, Guest Accommodation benefits. This unit is designed with power back up, reserved parking, security, air conditioned, intercom facility. This flat is located at D.No. 51/1/1, Seethammadhara Main Road, Maddilapalem, Visakhapatnam.",70000,300000,,28,3,,No,No,No,"Air Conditioned, Intercom Facility, Conference Room",True,True,Agent,73,Immediately,2026-02-27T05:53:55.000Z,"Feb 27, '26",True
9Rt84h6PzctzpSvf+uAgZw==,Magicbricks,https://www.magicbricks.com/property-details/3-BHK-2600-Sq-ft-Multistorey-Apartment-FOR-Rent-Seethammadara-in-Visakhapatnam&id=4d423833393934343939,2026-04-19 13:52:16,17.74223216,83.30978743,,Suresh K,F1.,,,,Apartment,Semi-Furnished,1,5,North - East,2600,Sq-ft,Less than 5 years,"You can avail the 3 BHK flat for rent in the well-known location of Seethammadara. This 3 BHK flat can be availed at the rental price of ₹50,000. Some attractive additional facilities available with the flat are 2 AC and 3 Wardrobe. Located on the 1 floor, the flat has 3 bathrooms, 3 balcony in covered area of 2600 sqft. This unit is designed with reserved parking. Visit the apartment at F1., Seethammadara, Visakhapatnam, Andhra Pradesh. The owner has posted this 3 BHK flat for rent, so the brokerage fees is zero on this multistorey apartment.",50000,100000,5000,19,3,,No,No,No,,False,False,Owner,82,Immediately,2026-03-30T08:48:07.000Z,"Mar 30, '26",True
USMZez2S93NzpSvf+uAgZw==,Magicbricks,https://www.magicbricks.com/property-details/3-BHK-1978-Sq-ft-Multistorey-Apartment-FOR-Rent-Waltair-Uplands-in-Visakhapatnam&id=4d423833323938383133,2026-04-19 13:52:16,17.722217,83.314068,,DR MONALISHA NAIK,Flat no 302.,,,,Apartment,Semi-Furnished,3,9,,1978,Sq-ft,Above 20 years,"If you are searching a 3 BHK apartment for rent in Waltair Uplands, check out this amazing rental flat. The 3 BHK apartment is available at a reasonable rent of ₹45,000. Additional amenities available with the flat are 3 Wardrobe, 3 Bed, 1 TV, 3 AC and Gas Connection. Located on the 3 floor, the flat has 3 bathrooms, 1 balcony in covered area of 1978 sqft. Visit the flat at Flat no 302., Waltair Uplands, Visakhapatnam, Andhra Pradesh. This 3 BHK rental flat comes with no brokerage fees.",45000,200000,4000,23,3,,No,No,No,,False,True,Owner,40,Select Date,2026-04-07T23:44:40.000Z,"Apr 08, '26",True
9hoHajBP4XJzpSvf+uAgZw==,Magicbricks,https://www.magicbricks.com/property-details/3-BHK-2005-Sq-ft-Multistorey-Apartment-FOR-Rent-MVP-Colony-in-Visakhapatnam&id=4d423833373832313331,2026-04-19 13:52:16,17.7422936,83.3335151,,MVP Colony,Near medicover hospital.,,,,Apartment,Furnished,6,8,East,2005,Sq-ft,5 to 10 years,Good gated community near by mvp and kailasa giri hill good scenery and environment. Easy access to every where in the city. Fuly gurnished flat with all you can come with your clothes and occupy. Suitable for families and for company guest houses. Interested clients can contact me for personal visit,55000,300000,5000,27,2,,No,No,No,"Air Conditioned, Banquet Hall, Jogging and Strolling Track, Outdoor Tennis Courts",True,True,Agent,80,Immediately,2026-03-14T10:56:01.000Z,"Mar 14, '26",True
c4AuLVV/AxJzpSvf+uAgZw==,Magicbricks,https://www.magicbricks.com/property-details/3-BHK-2170-Sq-ft-Multistorey-Apartment-FOR-Rent-Seethammadhara-in-Visakhapatnam&id=4d423830353434333033,2026-04-19 13:52:16,17.7429031,83.3081172,,Seethammadhara,seethammadhara,,,,Apartment,Semi-Furnished,32,35,,2170,Sq-ft,5 to 10 years,"A beautiful 3 BHK flat is available for rent in Seethammadhara. Available at a rental price of ₹55,000, this 3 BHK flat is worth considering. Located on the 32 floor, the flat has 3 bathrooms, 2 balcony in covered area of 2170 sqft. This property includes 35 floor and provides Kids play area, Guest Accommodation benefits. The address is D.No. 51/1/1, Seethammadhara Main Road, Maddilapalem, Visakhapatnam.",55000,165000,4000,25,3,,No,No,No,,True,True,Agent,40,Immediately,2026-03-21T15:22:44.000Z,"Mar 21, '26",True
EM7MWjAMIbxzpSvf+uAgZw==,Magicbricks,https://www.magicbricks.com/property-details/3-BHK-2020-Sq-ft-Multistorey-Apartment-FOR-Rent-Seethammadhara-in-Visakhapatnam&id=4d423531363332363539,2026-04-19 13:52:16,17.7429031,83.3081172,,Seethammadhara,"301,.",,,,Apartment,Semi-Furnished,3,4,North,2020,Sq-ft,5 to 10 years,"Check out this newly constructed 3 BHK flat on rent in the prime location of Seethammadhara Visakhapatnam. The 3 BHK apartment is available at a reasonable rent of ₹45,000. The flat is located on the 3 floor which includes 3 bathrooms, 2 balcony, and covers a carpet area of 1800 sqft. This flat is fitted with reserved parking. The apartment is located at 301,., Seethammadhara, Visakhapatnam, Andhra Pradesh. The owner has posted this 3 BHK flat for rent, so the brokerage fees is zero on this multistorey apartment.",45000,,,22,3,,No,No,No,,False,True,Owner,68,Immediately,2026-03-31T23:49:57.000Z,"Apr 01, '26",True
O4pIDbBlSzNzpSvf+uAgZw==,Magicbricks,https://www.magicbricks.com/property-details/3-BHK-2100-Sq-ft-Service-Apartment-FOR-Rent-Muralinagar-in-Visakhapatnam&id=4d423532353633393235,2026-04-19 13:52:16,17.7471481,83.2599674,,Muralinagar,"Gavara Kanchara Palem, Marripalem, Visakhapatnam, Andhra Pradesh",,,,Service Apartment,Furnished,1,6,East,2100,Sq-ft,5 to 10 years,"It is a gated community ,with 6 blocks having club house with all indoor games ,shuttle court ,gym ,swimming pool ,temple ,functional hall,guest rooms at club house,walking track,park,24 hours security,mineral water plant ,2 lifts for each block,spacious underground parking,",45000,,,21,3,2 Covered,Yes,No,No,Jogging and Strolling Track,False,False,Owner,86,Immediately,2026-04-14T15:41:15.000Z,"Apr 14, '26",True
gtAZE73xZnVzpSvf+uAgZw==,Magicbricks,https://www.magicbricks.com/property-details/3-BHK-2255-Sq-ft-Multistorey-Apartment-FOR-Rent-Nakkavanipalem-in-Visakhapatnam&id=4d423834303137323133,2026-04-19 13:52:16,17.7396821,83.3135391,,Dharani Pydisetti,"KRM colony, Nakkavanipalem, Visakhapatnam Andhra Pradesh 530013",19202|Sri Prakash Vidyaniketan,530013,,Apartment,Semi-Furnished,9,35,,2255,Sq-ft,5 to 10 years,"You can avail the 3 BHK flat for rent in the well-known location of Nakkavanipalem. The 3 BHK apartment is available at a reasonable rent of ₹55,000. The flat is located on the 9 floor which includes 3 bathrooms, 2 balcony, and covers a carpet area of 2255 sqft. This unit is designed with power back up, reserved parking, security, visitor parking. Find this apartment at KRM colony, Nakkavanipalem, Visakhapatnam Andhra Pradesh 530013, Nakkavanipalem, Visakhapatnam, Andhra Pradesh. There are no brokerage fees on this 3 BHK multistorey apartment.",55000,,,24,3,,No,No,No,"Visitor Parking, Banquet Hall, Conference Room, Jogging and Strolling Track",False,False,Owner,75,Select Date,2026-04-01T06:52:27.000Z,"Apr 01, '26",True
WV+ItllwDgxzpSvf+uAgZw==,Magicbricks,https://www.magicbricks.com/property-details/3-BHK-1900-Sq-ft-Multistorey-Apartment-FOR-Rent-VIP-Road-CBM-Compound-in-Visakhapatnam&id=4d423834313039393939,2026-04-19 13:52:16,17.7271646,83.3156563,,VIP Road CBM Compound,Dutt island,,,,Apartment,Furnished,4,8,East,1900,Sq-ft,5 to 10 years,"Premier location at dutt island, siripuram A beautiful 3 BHK flat is available for rent in VIP Road CBM Compound. This 3 BHK flat is available at the reasonable rent amount of ₹50,000. The apartment is on the 4 floor, has a carpet area of 1500 sqft with 2 bathrooms and 3 balcony. This unit features power back up, reserved parking, security, service/goods lift, air conditioned, ro water system. Visit the apartment at Dutt island, VIP Road CBM Compound, Visakhapatnam, Andhra Pradesh. Do not pay any brokerage fee for this 3 BHK rental flat since the property ad is posted by the flat owner.",50000,100000,3000,26,2,,Yes,No,No,"Service/Goods Lift, Air Conditioned, RO Water System",False,False,Owner,78,Select Date,2026-04-06T16:56:21.000Z,"Apr 06, '26",True
RN8hxzKE0aRzpSvf+uAgZw==,Magicbricks,https://www.magicbricks.com/property-details/3-BHK-2200-Sq-ft-Multistorey-Apartment-FOR-Rent-Maharani-Peta-in-Visakhapatnam&id=4d423139323231383739,2026-04-19 13:52:16,17.711611,83.313483,,Maharani Peta,"906 Pratima Paradise, RK beach road, Maharani Peta, Krishna Nagar,Viskahapatnam",,,,Apartment,Semi-Furnished,9,10,,2200,Sq-ft,5 to 10 years,"Pratima Paradise. This Multistorey Apartment is located at 9th floor in a building of total 10 floors. Find 3 BHK flat for rent in Maharani Peta Visakhapatnam. You can get this flat at monthly rent of ₹50,000. Live in this lovely flat and get access to various useful facilities such as 4 Wardrobe. The flat is on the 9 floor and includes 2 bathrooms, 3 balcony with a covered area of 2200 sqft. The property includes 1 Covered parking. The apartment is equipped with power back up, reserved parking, security. This flat is located at 906 Pratima Paradise, RK beach road, Maharani Peta, Krishna Nagar,Viskahapatnam, Maharani Peta, Visakhapatnam, Andhra Pradesh. You can find the 3 BHK flat without any brokerage.",50000,100000,5000,23,2,1 Covered,Yes,No,No,Jogging and Strolling Track,True,True,Owner,87,Immediately,2026-04-14T23:32:33.000Z,"Apr 15, '26",True
bN22TWSpaNxzpSvf+uAgZw==,Magicbricks,https://www.magicbricks.com/property-details/3-BHK-1700-Sq-ft-Multistorey-Apartment-FOR-Rent-in-Visakhapatnam&id=4d423733373233373533,2026-04-19 13:52:16,,,,prasad,visakhapatnam,,,,Apartment,Furnished,5,5,,1700,Sq-ft,,"3 BHK apartment is available on rent in kalyan properties Visakhapatnam right away. The flat is available for rent at a competitive amount of ₹45,000. The apartment is on the 5 floor, has a carpet area of 1600 sqft with 3 bathrooms and 2 balcony. The owner has posted this 3 BHK flat for rent, so the brokerage fees is zero on this multistorey apartment.",45000,,,26,3,,No,No,No,,False,False,Owner,33,Immediately,2026-04-17T21:32:05.000Z,Yesterday,True
5/wbQY74YIhzpSvf+uAgZw==,Magicbricks,https://www.magicbricks.com/property-details/3-BHK-2150-Sq-ft-Multistorey-Apartment-FOR-Rent-Panduranga-Puram-in-Visakhapatnam&id=4d423833303135393733,2026-04-19 13:52:16,17.71412,83.32245,,Koti Reddy,"Panduranga Puram, Visakhapatnam",,,,Apartment,Semi-Furnished,1,5,North,2150,Sq-ft,New Construction,"Check out this newly constructed 3 BHK flat on rent in the prime location of Panduranga Puram Visakhapatnam. The flat is available for rent at a competitive amount of ₹45,000. The apartment is on the 1 floor, has a carpet area of 1800 sqft with 3 bathrooms and 1 balcony. There is also facility of 1 Covered parking. This unit features power back up, reserved parking, security. The address is Panduranga Puram, Visakhapatnam, Panduranga Puram, Visakhapatnam, Andhra Pradesh. This 3 BHK flat is directly posted by the owner, so you don't need to pay any brokerage on this property.",45000,,,21,3,1 Covered,No,No,No,,True,True,Owner,86,Immediately,2026-04-07T23:32:16.000Z,"Apr 08, '26",True
nWoB+KA6yWRzpSvf+uAgZw==,Magicbricks,https://www.magicbricks.com/property-details/3-BHK-2700-Sq-ft-Builder-Floor-Apartment-FOR-Rent-Chinna-Waltair-in-Visakhapatnam&id=4d423833363539313137,2026-04-19 13:52:16,17.723357,83.333895,,Venkat B,Chinna waltair.,,,,Builder Floor Apartment,Semi-Furnished,3,3,West,2700,Sq-ft,5 to 10 years,"Grab the chance to own this affordable 3 BHK flat for rent in the Chinna Waltair area. The rent of the 3 BHK flat is ₹55,000. The flat is located on the 3 floor which includes 3 bathrooms, 3 balcony, and covers a carpet area of 2000 sqft. The property includes 1 Covered parking. This home provides reserved parking, security. Find this apartment at Chinna waltair., Chinna Waltair, Visakhapatnam, Andhra Pradesh. This 3 BHK apartment ad is listed by the owner, so there is no brokerage fee.",55000,120000,5000,20,3,1 Covered,No,No,No,,False,False,Owner,85,Immediately,2026-03-06T06:17:52.000Z,"Mar 06, '26",True
VD843ul1NTBzpSvf+uAgZw==,Magicbricks,https://www.magicbricks.com/property-details/3-BHK-2280-Sq-ft-Multistorey-Apartment-FOR-Rent-Rushikonda-in-Visakhapatnam&id=4d423833373531363035,2026-04-19 13:52:16,17.7971295,83.3869516,,Rushikonda,"Visakhapatnam, Andhra Pradesh",,,,Apartment,Furnished,4,9,East,2280,Sq-ft,5 to 10 years,"If you are searching a 3 BHK apartment for rent in Rushikonda, check out this amazing rental flat. The rent of the 3 BHK flat is ₹48,000. The flat is on the 4 floor and includes 3 bathrooms, 3 balcony with a carpet area of 2280 sqft. This unit features power back up, reserved parking, security, service/goods lift, air conditioned, visitor parking, intercom facility, ro water system. You can visit the flat at Rushikonda, Visakhapatnam, Andhra Pradesh. This is a no-brokerage flat, as the owner is offering this 3 BHK flat on rent.",48000,150000,5000,21,3,,No,No,No,"Air Conditioned, Laundry Service, Banquet Hall, Jogging and Strolling Track",False,False,Owner,68,Immediately,2026-03-12T10:52:10.000Z,"Mar 12, '26",True
S7519Xjlfd1zpSvf+uAgZw==,Magicbricks,https://www.magicbricks.com/property-details/3-BHK-3150-Sq-ft-Multistorey-Apartment-FOR-Rent-Yendada-in-Visakhapatnam&id=4d423637323432353837,2026-04-19 13:52:16,17.7771215,83.3615748,,Yendada,"Visakhapatnam, Andhra Pradesh",,,,Apartment,Furnished,2,4,,3150,Sq-ft,,"Grab the chance to own this affordable 3 BHK flat for rent in the Yendada area. The rent of the 3 BHK flat is ₹45,000. This flat is located at Yendada, Visakhapatnam, Andhra Pradesh. This 3 BHK flat is directly posted by the owner, so you don't need to pay any brokerage on this property.",45000,,,14,3,,No,No,No,,False,False,Owner,0,Immediately,2026-02-28T21:33:09.000Z,"Mar 01, '26",True
0jzHoIpqua9zpSvf+uAgZw==,Magicbricks,https://www.magicbricks.com/property-details/3-BHK-2207-Sq-ft-Multistorey-Apartment-FOR-Rent-MVP-Colony-in-Visakhapatnam&id=4d423833353230303735,2026-04-19 13:52:16,17.7422936,83.3335151,,MVP Colony,Edengardens northstar,,,,Apartment,Furnished,6,8,,2207,Sq-ft,Less than 5 years,"Check out this newly constructed 3 BHK flat on rent in the prime location of MVP Colony Visakhapatnam. The multistorey apartment is available at rent of ₹50,000. The apartment is on the 6 floor, has a carpet area of 2000 sqft with 3 bathrooms and 2 balcony. This home provides power back up, reserved parking, security, service/goods lift, visitor parking. This flat is located at MVP Colony, Visakhapatnam. This 3 BHK flat is directly posted by the owner, so you don't need to pay any brokerage on this property.",50000,,,23,3,,Yes,No,No,"Service/Goods Lift, Laundry Service, Banquet Hall, Outdoor Tennis Courts",False,False,Owner,49,Immediately,2026-02-23T07:47:39.000Z,"Feb 23, '26",True
opFyv8dmE9BzpSvf+uAgZw==,Magicbricks,https://www.magicbricks.com/property-details/3-BHK-2100-Sq-ft-Multistorey-Apartment-FOR-Rent-Seethammadhara-in-Visakhapatnam&id=4d423833363033333335,2026-04-19 13:52:16,17.7429031,83.3081172,,Seethammadhara,Behind Lansum Oxygen Towers,,,,Apartment,Semi-Furnished,2,4,,2100,Sq-ft,Less than 5 years,"Grab the chance to own this affordable 3 BHK flat for rent in the Seethammadhara area. Available at a rental price of ₹50,000, this 3 BHK flat is worth considering. Located on the 2 floor, the flat has 3 bathrooms, 3 balcony in carpet area of 1950 sqft. The apartment comes furnished with power back up. The address is Behind Lansum Oxygen Towers, Seethammadhara, Visakhapatnam, Andhra Pradesh. This 3 BHK rental flat comes with no brokerage fees.",50000,,,24,3,,No,No,No,,False,False,Owner,65,Select Date,2026-04-13T22:30:41.000Z,"Apr 14, '26",True
SFNENJtjrttzpSvf+uAgZw==,Magicbricks,https://www.magicbricks.com/property-details/3-BHK-2200-Sq-ft-Multistorey-Apartment-FOR-Rent-VIP-Road-CBM-Compound-in-Visakhapatnam&id=4d423830363238383733,2026-04-19 13:52:16,17.7271646,83.3156563,,VIP Road CBM Compound,Siripuram,,,,Apartment,Semi-Furnished,4,14,West,2200,Sq-ft,5 to 10 years,"VIP tower at Siri Puram,2200 sft, west facing, gated community, club house facility, 2 car parking Check out this newly constructed 3 BHK flat on rent in the prime location of VIP Road CBM Compound Visakhapatnam. This 3 BHK flat is available at the reasonable rent amount of ₹45,000. Located on the 4 floor, the flat has 3 bathrooms, 1 balcony in carpet area of 2000 sqft. Visit the flat at VIP Road, Visakhapatnam.",45000,135000,5000,20,3,,No,No,No,,False,True,Agent,72,Immediately,2026-02-28T13:52:30.000Z,"Feb 28, '26",True
q+wq1jRdn/ZzpSvf+uAgZw==,Magicbricks,https://www.magicbricks.com/property-details/2-BHK-1155-Sq-ft-Multistorey-Apartment-FOR-Rent-Duvvada-in-Visakhapatnam&id=4d423834323234373233,2026-04-19 13:52:16,17.70006,83.153599,,YN Reddy,ocean greens,,,,Apartment,Unfurnished,1,5,East,1155,Sq-ft,5 to 10 years,"You can explore this 2 BHK flat on rent in Duvvada Visakhapatnam. The 2 BHK apartment is available at a reasonable rent of ₹9,000. The flat is on the 1 floor and includes 2 bathrooms, 2 balcony with a carpet area of 1155 sqft. This home provides power back up, reserved parking, security, service/goods lift, visitor parking. Find this apartment at Door No 31-56-16, Simon Nagar, Duvvada Road, Vuda Colony, Kurmannapalem, Visakhapatnam. There are no brokerage fees on this 2 BHK multistorey apartment.",9000,,,8,2,,Yes,No,No,"Service/Goods Lift, Visitor Parking, Laundry Service, Jogging and Strolling Track",False,False,Owner,56,Immediately,2026-04-14T03:36:48.000Z,"Apr 14, '26",True
dP3C9aIi98JzpSvf+uAgZw==,Magicbricks,https://www.magicbricks.com/property-details/2-BHK-920-Sq-ft-Multistorey-Apartment-FOR-Rent-Pendurthi-in-Visakhapatnam&id=4d423834323730373035,2026-04-19 13:52:16,17.813683,83.205205,,Pendurthi,"Visakhapatnam, Andhra Pradesh",,,,Apartment,Semi-Furnished,1,2,,920,Sq-ft,,"You can avail the 2 BHK flat for rent in the well-known location of Pendurthi. The flat is available for rent at a competitive amount of ₹8,500. The flat can be visited at Pendurthi, Visakhapatnam, Andhra Pradesh. You can find the 2 BHK flat without any brokerage.",8500,,,9,2,,No,No,No,,False,False,Owner,48,Immediately,2026-04-16T13:53:13.000Z,"Apr 16, '26",True
DhwPRUgVcVdzpSvf+uAgZw==,Magicbricks,https://www.magicbricks.com/property-details/2-BHK-1200-Sq-ft-Multistorey-Apartment-FOR-Rent-Sheelanagar-in-Visakhapatnam&id=4d423834323737313731,2026-04-19 13:52:16,17.718522,83.1983904,,Sheelanagar,Flat no 401 road no 4 near kims icon hospital.,,,,Apartment,Furnished,4,4,East,,,New Construction,"Find this 2 BHK rental flat in Sheelanagar Visakhapatnam. The 2 BHK apartment is available at a reasonable rent of ₹20,000. The residents of the flat have access to additional facilities such as 2 Wardrobe, 2 Bed, 1 TV, Fridge, 1 AC, Sofa and Gas Connection. Located on the 4 floor, the flat has 2 bathrooms, 2 balcony in carpet area of 1200 sqft. There is also facility of 1 Covered parking. The property features power back up, reserved parking, security. Find this apartment at Flat no 401 road no 4 near kims icon hospital., Sheelanagar, Visakhapatnam, Andhra Pradesh. Do not pay any brokerage fee for this 2 BHK rental flat since the property ad is posted by the flat owner.",20000,60000,1200,,2,1 Covered,No,No,No,,False,False,Owner,86,Select Date,2026-04-17T06:37:46.000Z,"Apr 17, '26",True
peGuob4DRsJzpSvf+uAgZw==,Magicbricks,https://www.magicbricks.com/property-details/2-BHK-950-Sq-ft-Multistorey-Apartment-FOR-Rent-Shivaji-Palem-in-Visakhapatnam&id=4d423834323734313037,2026-04-19 13:52:16,17.735462,83.327501,,B C Chetty ,Near Shivaji Park  Ushodaya Junction,,,,Apartment,Semi-Furnished,3,5,West,950,Sq-ft,Above 20 years,"No Car Parking- No wooden work for wardrobes Find this 2 BHK rental flat in Shivaji Palem Visakhapatnam. This 2 BHK flat is available at the reasonable rent amount of ₹14,000. The apartment is on the 3 floor, has a carpet area of 700 sqft with 2 bathrooms and 2 balcony. The property features reserved parking, security. Visit the apartment at Near Shivaji Park Ushodaya Junction, Shivaji Palem, Visakhapatnam, Andhra Pradesh. This is a no-brokerage flat because the owner has posted the ad on this 2 BHK apartment.",14000,,,15,2,,Yes,No,No,"Laundry Service, Outdoor Tennis Courts",False,False,Owner,61,Immediately,2026-04-17T04:54:24.000Z,"Apr 17, '26",True
akKN19FIR/ZzpSvf+uAgZw==,Magicbricks,https://www.magicbricks.com/property-details/2-BHK-1171-Sq-ft-Multistorey-Apartment-FOR-Rent-Gajwaka-Jn.-in-Visakhapatnam&id=4d423833353732363639,2026-04-19 13:52:16,17.7,83.2167,,Gajwaka Jn.,"Gangavaram Port Rd, Gajuvaka, Andhra Pradesh 530044, India",,,,Apartment,Furnished,3,5,East,1171,Sq-ft,Less than 5 years,"Grab the chance to own this affordable 2 BHK flat for rent in the Gajwaka Jn. area. The multistorey apartment is available at rent of ₹22,100. Located on the 3 floor, the flat comprises 2 bathrooms, 1 balcony, and has a covered area of 1171 sqft. The apartment is equipped with power back up, reserved parking, security, air conditioned, intercom facility. You can visit the flat at Gajuwaka Jn., Visakhapatnam.. This is a no-brokerage flat because the owner has posted the ad on this 2 BHK apartment.",22100,51000,2100,19,2,,Yes,No,No,"Air Conditioned, Intercom Facility",False,False,Owner,75,Immediately,2026-04-05T22:30:47.000Z,"Apr 06, '26",True
bKNhKr10SXZzpSvf+uAgZw==,Magicbricks,https://www.magicbricks.com/property-details/2-BHK-1100-Sq-ft-Builder-Floor-Apartment-FOR-Rent-in-Visakhapatnam&id=4d423733313130363233,2026-04-19 13:52:16,,,,Uma,"Ugadhiaxmi nagar, Near church, Vepagunta, chemlapalli road, vepagunta 530047,",,,,Builder Floor Apartment,Unfurnished,1,3,,1100,Sq-ft,Less than 5 years,"Find this 2 BHK rental flat in Bv satyavani Nilayam Visakhapatnam. The 2 BHK apartment is available at a reasonable rent of ₹7,000. Located on the 1 floor, the flat comprises 2 bathrooms, 1 balcony, and has a carpet area of 6 sqft. The owner has posted this 2 BHK flat for rent, so the brokerage fees is zero on this multistorey apartment.",7000,,,6,2,,No,No,No,,False,False,Owner,33,Immediately,2026-03-23T22:30:29.000Z,"Mar 24, '26",True
Uz+Vgua/XB1zpSvf+uAgZw==,Magicbricks,https://www.magicbricks.com/property-details/2-BHK-1196-Sq-ft-Multistorey-Apartment-FOR-Rent-in-Visakhapatnam&id=4d423834303731343631,2026-04-19 13:52:16,,,,Basheer,"Ocean Pearl Apartment, Ayodhya Nagar",,,,Apartment,Semi-Furnished,3,5,East,1196,Sq-ft,5 to 10 years,Please see that the property photos are 1 year old after which repainting was done. Kindly search for Ocean Pearl Apartment in google maps. Here is the exact location.httpsmaps.app.goo.gluF8QkNNzn8P1qyCv8,10000,,,8,2,,No,No,No,,False,False,Owner,70,Immediately,2026-04-04T08:15:13.000Z,"Apr 04, '26",True
fAvmf7xWBz9zpSvf+uAgZw==,Magicbricks,https://www.magicbricks.com/property-details/2-BHK-950-Sq-ft-Multistorey-Apartment-FOR-Rent-Vepagunta-in-Visakhapatnam&id=4d423832383433323737,2026-04-19 13:52:16,17.7794983,83.2157985,,Vepagunta,"6-302, 305, 4rth floor, green trees apartment, near anjaneya swami temple, vepagunta, 530047, visakhapatnam.",,530047,,Apartment,Semi-Furnished,4,5,North - East,950,Sq-ft,10 to 15 years,"2 Spacious Bedrooms1 Attached Western bathroom1 Common Indian bathroomLarge hall with premium wood workSpacious kitchen with good ventilationBalcony with open view Find 2 BHK flat for rent in Vepagunta Visakhapatnam. Available at a rental price of ₹12,000, this 2 BHK flat is worth considering. The residents of the flat have access to additional facilities such as 4 Wardrobe. The apartment is on the 4 floor, has a carpet area of 1000 sqft with 2 bathrooms and 1 balcony. There is also facility of 1 Covered parking. The apartment comes furnished with reserved parking, security. Visit the flat at 6-302, 305, 4rth floor, green trees apartment, near anjaneya swami temple, vepagunta, 530047, visakhapatnam., Vepagunta, Visakhapatnam, Andhra Pradesh. There are no brokerage fees on this 2 BHK multistorey apartment.",12000,36000,500,13,2,1 Covered,No,No,No,,False,False,Owner,100,Immediately,2026-04-06T21:32:18.000Z,"Apr 07, '26",True
ZmtYWLi9fv1zpSvf+uAgZw==,Magicbricks,https://www.magicbricks.com/property-details/2-BHK-800-Sq-ft-Multistorey-Apartment-FOR-Rent-Desapatrunipalem-in-Visakhapatnam&id=4d423739373436303837,2026-04-19 13:52:16,17.8668684,83.195539,,Desapatrunipalem,"Jajulavanipalem, Snehapuri Layout",,,,Apartment,Furnished,1,1,East,800,Sq-ft,New Construction,"The property is in close proximity to Vizag steel plant, NTPC, Laurus labs You can explore this 2 BHK flat on rent in Desapatrunipalem Visakhapatnam. Available at a rental price of ₹10,000, this 2 BHK flat is worth considering. The apartment is on the 1 floor, has a carpet area of 850 sqft with 2 bathrooms and 2 balcony. Visit the apartment at Jajulavanipalem, Snehapuri Layout, Desapatrunipalem, Visakhapatnam, Andhra Pradesh. This is a no-brokerage flat, as the owner is offering this 2 BHK flat on rent.",10000,,,12,2,,No,No,No,,False,False,Owner,63,Immediately,2026-04-05T21:31:52.000Z,"Apr 06, '26",True
ZUYnEK5iW3pzpSvf+uAgZw==,Magicbricks,https://www.magicbricks.com/property-details/2-BHK-1250-Sq-ft-Multistorey-Apartment-FOR-Rent-Pedaganayada-in-Visakhapatnam&id=4d423833393135313639,2026-04-19 13:52:16,17.667225,83.2050863,,Pedaganayada,"sardarnest gated community,sapphire block,pedagantyada,near y junction road",,,,Apartment,Furnished,1,5,East,1250,Sq-ft,Less than 5 years,"swimming pool,park,okay zone,clubhouse ,gym,247 power backup ,carparking,supermarket,vegetable vendor,laundry service Grab the chance to own this affordable 2 BHK flat for rent in the Pedaganayada area. This 2 BHK flat can be availed at the rental price of ₹20,000. Located on the 1 floor, the flat has 2 bathrooms, 2 balcony in carpet area of 1125 sqft. The property encompasses 5 floor and provides Kids Play Pool With Water Slides amenities. The property features power back up, reserved parking, security, service/goods lift. The flat can be visited at Gajwaka Jn., Visakhapatnam.. This 2 BHK apartment ad is listed by the owner, so there is no brokerage fee.",20000,,,16,2,,Yes,No,No,"Service/Goods Lift, Laundry Service, Jogging and Strolling Track, Outdoor Tennis Courts",False,False,Owner,79,Select Date,2026-03-23T16:33:54.000Z,"Mar 23, '26",True
Kln/eW1MQb5zpSvf+uAgZw==,Magicbricks,https://www.magicbricks.com/property-details/2-BHK-1040-Sq-ft-Multistorey-Apartment-FOR-Rent-in-Visakhapatnam&id=4d423530353339353238,2026-04-19 13:52:16,,,,Rishabh,"Visakhapatnam, Andhra Pradesh",,,,Apartment,Unfurnished,4,5,West,1040,Sq-ft,New Construction,"Good Ventilation and corner flat 2 BHK flat is available for rent in Subhramanya Estates immediately. The rent of the 2 BHK flat is ₹7,500. Located on the 4 floor, the flat comprises 2 bathrooms, 1 balcony, and has a carpet area of 960 sqft. This flat is fitted with security. The brokerage amount of the 2 BHK apartment is zero.",7500,15000,500,7,2,,No,No,No,,False,False,Owner,70,Immediately,2026-02-18T13:18:16.000Z,"Feb 18, '26",True
FE3pCFgWr1VzpSvf+uAgZw==,Magicbricks,https://www.magicbricks.com/property-details/2-BHK-1050-Sq-ft-Multistorey-Apartment-FOR-Rent-in-Visakhapatnam&id=4d423833323435363833,2026-04-19 13:52:16,,,,veeranna,"Visakhapatnam, Andhra Pradesh",,,,Apartment,Unfurnished,2,3,North,1050,Sq-ft,Less than 5 years,"Find this 2 BHK rental flat in sai nilayam Visakhapatnam. Available at a rental price of ₹7,000, this 2 BHK flat is worth considering. Located on the 2 floor, the flat comprises 2 bathrooms, 1 balcony, and has a carpet area of 1050 sqft. Do not pay any brokerage fee for this 2 BHK rental flat since the property ad is posted by the flat owner.",7000,14000,0,7,2,,No,No,No,,False,False,Owner,40,Immediately,2026-04-16T21:30:41.000Z,"Apr 17, '26",True
cWqvE4i9ZJ1zpSvf+uAgZw==,Magicbricks,https://www.magicbricks.com/property-details/2-BHK-900-Sq-ft-Multistorey-Apartment-FOR-Rent-Old-Gajuwaka-in-Visakhapatnam&id=4d423833323033343239,2026-04-19 13:52:16,17.68694636973829,83.20336575937029,,Y.RADHA KRISHNA RAJU,Mig 59.,,,,Apartment,Unfurnished,3,3,East,,,5 to 10 years,"You can avail the 2 BHK flat for rent in the well-known location of Old Gajuwaka. The flat is available for rent at a competitive amount of ₹17,000. The flat is located on the 3 floor which includes 2 bathrooms, 1 balcony, and covers a carpet area of 900 sqft. The address is Mig 59., Old Gajuwaka, Visakhapatnam, Andhra Pradesh. The brokerage amount of the 2 BHK apartment is zero.",17000,36000,500,,2,,No,No,No,,False,False,Owner,83,Immediately,2026-04-10T17:31:46.000Z,"Apr 10, '26",True
dh1OONbR3VxzpSvf+uAgZw==,Magicbricks,https://www.magicbricks.com/property-details/2-BHK-1390-Sq-ft-Multistorey-Apartment-FOR-Rent-Pendurthi-in-Visakhapatnam&id=4d423435313434323035,2026-04-19 13:52:16,17.813683,83.205205,,Pendurthi,"310, srada block-1b.",,,,Apartment,Unfurnished,3,5,East,1390,Sq-ft,New Construction,"Good view of garden from balcony. Grills provided for safety If you are planning to rent a flat, you can consider this 2 BHK flat situated in the prime location of Pendurthi. This 2 BHK flat is available at the reasonable rent amount of ₹9,000. The flat is on the 3 floor and includes 2 bathrooms, 1 balcony with a carpet area of 1100 sqft. There is also facility of 310 Covered parking. This unit is designed with reserved parking. The address is Pendurthi, Visakhapatnam, Andhra Pradesh. You can find the 2 BHK flat without any brokerage.",9000,,800,6,2,310 Covered,No,No,No,,False,False,Owner,80,Immediately,2026-04-09T21:32:00.000Z,"Apr 10, '26",True
U2pUqY8ZsDJzpSvf+uAgZw==,Magicbricks,https://www.magicbricks.com/property-details/2-BHK-1050-Sq-ft-Multistorey-Apartment-FOR-Rent-Krishna-Nagar-in-Visakhapatnam&id=4d423834313730393531,2026-04-19 13:52:16,17.708364,83.310123,,Swetha Sajja,near zp junction krishna temple,,,,Apartment,Semi-Furnished,1,1,,1050,Sq-ft,10 to 15 years,"You can avail the 2 BHK flat for rent in the well-known location of Krishna Nagar. Available at a rental price of ₹22,000, this 2 BHK flat is worth considering. The flat is on the 1 floor and includes 2 bathrooms, 3 balcony with a carpet area of 1050 sqft. Visit the flat at near zp junction krishna temple, Krishna Nagar, Visakhapatnam, Andhra Pradesh. This 2 BHK apartment ad is listed by the owner, so there is no brokerage fee.",22000,44000,1500,21,2,,No,No,No,,False,False,Owner,55,Immediately,2026-04-10T03:09:19.000Z,"Apr 10, '26",True
CKooreDlyQFzpSvf+uAgZw==,Magicbricks,https://www.magicbricks.com/property-details/2-BHK-1100-Sq-ft-Multistorey-Apartment-FOR-Rent-Balacheruvu-in-Visakhapatnam&id=4d423834313038353235,2026-04-19 13:52:16,17.6868159,83.2184815,,Balacheruvu,"Sai Krishna residency, K L Rao nagar, BC road, New Gajuwaka",,,,Apartment,Unfurnished,2,4,South,1100,Sq-ft,Less than 5 years,"this property is very near to medical and provisional stores and kids school is also walkable 2 BHK flat is available for rent in Balacheruvu immediately. ₹10,500 is the monthly rent of this 2 BHK flat. The flat is located on the 2 floor which includes 2 bathrooms, 2 balcony, and covers a carpet area of 1050 sqft. This property offers reserved parking, security. Visit the flat at Sai Krishna residency, K L Rao nagar, BC road, New Gajuwaka, Balacheruvu, Visakhapatnam, Andhra Pradesh. This is a no-brokerage flat, as the owner is offering this 2 BHK flat on rent.",10500,21000,1000,10,2,,Yes,No,No,"Jogging and Strolling Track, Outdoor Tennis Courts",False,False,Owner,78,Immediately,2026-04-06T13:32:08.000Z,"Apr 06, '26",True
IKvnBp4/JCVzpSvf+uAgZw==,Magicbricks,https://www.magicbricks.com/property-details/2-BHK-1025-Sq-ft-Multistorey-Apartment-FOR-Rent-Atchutapuram-in-Visakhapatnam&id=4d423830373533313231,2026-04-19 13:52:16,17.564011,82.979093,,Tejeswari ,"Flat No403, 4th Floor, Sandya Sai Residency, Opp. Mahalaxmi Childrens Hospital, Yellamanchili Road, Atchuthapuram.",,,,Apartment,,4,5,North,1025,Sq-ft,Less than 5 years,"Power Backup, Lift, North Facing, Car Parking, CCTV. A beautiful 2 BHK flat is available for rent in Atchutapuram. You can get this flat at monthly rent of ₹8,000. Located on the 4 floor, the flat comprises 2 bathrooms, 2 balcony, and has a covered area of 1025 sqft. The property includes 1 Covered parking. This flat is fitted with power back up, reserved parking, security. You can visit the flat at Flat No403, 4th Floor, Sandya Sai Residency, Opp. Mahalaxmi Childrens Hospital, Yellamanchili Road, Atchuthapuram., Atchutapuram, Visakhapatnam, Andhra Pradesh. This 2 BHK flat is directly posted by the owner, so you don't need to pay any brokerage on this property.",8000,16000,1000,8,2,1 Covered,No,No,No,,False,False,Owner,88,Immediately,2026-04-05T07:24:36.000Z,"Apr 05, '26",True
5xFwwPOEcgdzpSvf+uAgZw==,Magicbricks,https://www.magicbricks.com/property-details/2-BHK-1100-Sq-ft-Multistorey-Apartment-FOR-Rent-in-Visakhapatnam&id=4d423738353930323333,2026-04-19 13:52:16,,,,VENU GOPAL,"Visakhapatnam, Andhra Pradesh",,,,Apartment,Semi-Furnished,4,4,East,1100,Sq-ft,Above 20 years,"A beautiful 2 BHK flat is available for rent in jeevan jyothi apartments. The Rent amount of this 2 BHK apartment is set at an attractive price of ₹16,000. The flat is located on the 4 floor which includes 2 bathrooms, 3 balcony, and covers a carpet area of 900 sqft. This is a no-brokerage flat because the owner has posted the ad on this 2 BHK apartment.",16000,,1000,15,2,,No,No,No,,False,False,Owner,65,Immediately,2026-04-09T16:59:29.000Z,"Apr 09, '26",True
27Iy33ErrmpzpSvf+uAgZw==,Magicbricks,https://www.magicbricks.com/property-details/2-BHK-1080-Sq-ft-Multistorey-Apartment-FOR-Rent-in-Visakhapatnam&id=4d423833333039303539,2026-04-19 13:52:16,,,,Ramakrishna,"Visakhapatnam, Andhra Pradesh",,,,Apartment,Semi-Furnished,2,5,East,1080,Sq-ft,Less than 5 years,"Gated community apartment at Atchutaputam, Visakhapatnam You can avail the 2 BHK flat for rent in the well-known location of . This 2 BHK flat can be availed at the rental price of ₹12,500. The flat is located on the 2 floor which includes 2 bathrooms, 1 balcony, and covers a carpet area of 720 sqft. The flat comes with power back up, security, service/goods lift, air conditioned. The brokerage amount of the 2 BHK apartment is zero.",12500,25000,1300,12,2,,Yes,No,No,"Service/Goods Lift, Air Conditioned",False,False,Owner,69,Immediately,2026-04-07T22:30:49.000Z,"Apr 08, '26",True
QjFFwXb7tMhzpSvf+uAgZw==,Magicbricks,https://www.magicbricks.com/property-details/2-BHK-1050-Sq-ft-Multistorey-Apartment-FOR-Rent-Gajuwaka-in-Visakhapatnam&id=4d423731323138353837,2026-04-19 13:52:16,17.688112,83.213121,,NVenkateswara Rao,Duwada,19202|Timpany Steel City School,,,Apartment,Unfurnished,4,9,West,1050,Sq-ft,New Construction,"A beautiful 2 BHK flat is available for rent in Gajuwaka. This 2 BHK flat is available at the reasonable rent amount of ₹12,000. The apartment is on the 4 floor, has a covered area of 1050 sqft with 2 bathrooms and 1 balcony. The property has 9 floor and is equipped with Kids play area facilities. This property offers power back up, reserved parking, security, service/goods lift, intercom facility. This flat is located at On Duvvada Railway Station Road, Opposite ICICI Bank,Kurmannapalem,Gajuwaka, Visakhapatnam.. The owner has posted this 2 BHK flat for rent, so the brokerage fees is zero on this multistorey apartment.",12000,23000,1000,11,2,,No,No,No,"Laundry Service, Banquet Hall, Jogging and Strolling Track, Outdoor Tennis Courts",False,False,Owner,75,Immediately,2026-04-09T08:18:27.000Z,"Apr 09, '26",True
0KhfqGjtrZ9zpSvf+uAgZw==,Magicbricks,https://www.magicbricks.com/property-details/2-BHK-1100-Sq-ft-Multistorey-Apartment-FOR-Rent-Atchutapuram-in-Visakhapatnam&id=4d423733383338343537,2026-04-19 13:52:16,17.564011,82.979093,,Kalyan,"Sri venkata Padmavati hights,Bharathi petrol bunk backside,pudimadaka road,kumarupuram, atchuthapuram 531011",,531011,,Apartment,Unfurnished,4,5,North,1100,Sq-ft,Less than 5 years,"Multistorey apartment is available for rent. It covered area of 1100 sq-ft, it is a good location property. Please contact for more details. A beautiful 2 BHK flat is available for rent in Atchutapuram. The multistorey apartment is available at rent of ₹8,800. The flat is on the 4 floor and includes 2 bathrooms, 2 balcony with a carpet area of 1000 sqft. Find this apartment at Sri venkata Padmavati hights,Bharathi petrol bunk backside,pudimadaka road,kumarupuram, atchuthapuram 531011, Atchutapuram, Visakhapatnam, Andhra Pradesh. This 2 BHK rental flat comes with no brokerage fees.",8800,18000,1200,8,2,,No,No,No,,False,False,Owner,67,Immediately,2026-04-06T21:30:42.000Z,"Apr 07, '26",True
lmiXY18creFzpSvf+uAgZw==,Magicbricks,https://www.magicbricks.com/property-details/2-BHK-1150-Sq-ft-Multistorey-Apartment-FOR-Rent-Dondaparti-in-Visakhapatnam&id=4d423733383139353935,2026-04-19 13:52:16,17.7251845,83.2985047,,Dondaparti,Tf2.,,,,Apartment,Semi-Furnished,3,3,East,1150,Sq-ft,5 to 10 years,"Renovated flat,just 2 years backNear to Bus stop and railway station . 2 mins away from them.Main location,centre of the city. You can explore this 2 BHK flat on rent in Dondaparti Visakhapatnam. The 2 BHK apartment is available at a reasonable rent of ₹20,900. Some premium add-on facilities bundled with the flat are 1 AC and 4 Wardrobe. The apartment is on the 3 floor, has a carpet area of 1150 sqft with 2 bathrooms and 1 balcony. There is also facility of 1 Covered parking. This home provides reserved parking, security. Visit the flat at Tf2., Dondaparti, Visakhapatnam, Andhra Pradesh. You can find the 2 BHK flat without any brokerage.",22000,50000,1500,19,2,1 Covered,No,No,No,,False,False,Owner,100,Immediately,2026-04-08T21:31:58.000Z,"Apr 09, '26",True
KBoMcVwhrWdzpSvf+uAgZw==,Magicbricks,https://www.magicbricks.com/property-details/2-BHK-1000-Sq-ft-Multistorey-Apartment-FOR-Rent-Tagarapuvalsa-in-Visakhapatnam&id=4d423833393237393239,2026-04-19 13:52:16,17.9280669,83.4243305,,Tagarapuvalsa,"Visakhapatnam, Andhra Pradesh",,,,Apartment,Unfurnished,3,5,East,,,New Construction,"Multistorey apartment is available for rent. It has a carpet area of 1000 sq-ft, it is 1 BHK apartment. Please contact for more details. If you are searching a 2 BHK apartment for rent in Tagarapuvalsa, check out this amazing rental flat. The 2 BHK apartment is available at a reasonable rent of ₹11,000. The flat is on the 3 floor and includes 2 bathrooms, 2 balcony with a carpet area of 1000 sqft. You will also find 1 Covered parking facility. The flat comes with reserved parking, security. Visit the flat at Tagarapuvalsa, Visakhapatnam, Andhra Pradesh. This is a no-brokerage flat because the owner has posted the ad on this 2 BHK apartment.",11000,22000,800,,2,1 Covered,No,No,No,,False,False,Owner,73,Immediately,2026-03-24T15:48:25.000Z,"Mar 24, '26",True
jdS87Gk7/2NzpSvf+uAgZw==,Magicbricks,https://www.magicbricks.com/property-details/2-BHK-1150-Sq-ft-Multistorey-Apartment-FOR-Rent-in-Visakhapatnam&id=4d423732333036353037,2026-04-19 13:52:16,,,,Chandankumar Peela,"Visakhapatnam, Andhra Pradesh",,,,Apartment,Semi-Furnished,3,3,,,,,"Multistorey apartment is available for rent. It is a good location property. Please contact for more details. Find this 2 BHK rental flat in Railway New Colony, Visakhapatnam Visakhapatnam. The 2 BHK apartment is available at a reasonable rent of ₹15,000. This home provides reserved parking. The owner has posted this 2 BHK flat for rent, so the brokerage fees is zero on this multistorey apartment.",15000,,,,2,,No,No,No,,False,False,Owner,31,Immediately,2026-03-19T21:32:26.000Z,"Mar 20, '26",True
fYaWvJIw/J1zpSvf+uAgZw==,Magicbricks,https://www.magicbricks.com/property-details/2-BHK-1000-Sq-ft-Multistorey-Apartment-FOR-Rent-Pedda-Waltair-in-Visakhapatnam&id=4d423834313839393139,2026-04-19 13:52:16,17.7267105,83.333402,,Pedda Waltair,"T1, Vaisakhi Apartments",,,,Apartment,Semi-Furnished,4,4,West,1000,Sq-ft,New Construction,"Find this 2 BHK rental flat in Pedda Waltair Visakhapatnam. This 2 BHK flat is available at the reasonable rent amount of ₹15,000. The apartment is on the 4 floor, has a carpet area of 1000 sqft with 2 bathrooms and 2 balcony. You can visit the flat at T1, Vaisakhi Apartments, Pedda Waltair, Visakhapatnam, Andhra Pradesh. Do not pay any brokerage fee for this 2 BHK rental flat since the property ad is posted by the flat owner.",15000,,,15,2,,No,No,No,,False,True,Owner,57,Immediately,2026-04-14T02:53:49.000Z,"Apr 14, '26",True
Wd+tnRyaOvtzpSvf+uAgZw==,Magicbricks,https://www.magicbricks.com/property-details/2-BHK-900-Sq-ft-Multistorey-Apartment-FOR-Rent-Sujatha-nagar-in-Visakhapatnam&id=4d423832313634323339,2026-04-19 13:52:16,17.7971716,83.2157985,,Sujatha nagar,"Visakhapatnam,Sujatha nagar",,,,Apartment,Furnished,Ground,5,,900,Sq-ft,Less than 5 years,"You can avail the 2 BHK flat for rent in the well-known location of Sujatha nagar. The apartment is available at an affordable rental price of ₹15,000. Some attractive additional facilities available with the flat are 2 Wardrobe, 2 Bed, 1 TV, Fridge, 2 AC, Sofa, Dining Table and Gas Connection. The flat is on the Ground floor and includes 2 bathrooms, 2 balcony with a covered area of 900 sqft. The property includes 1 Covered parking. The apartment comes furnished with power back up, reserved parking, security. There are no brokerage fees on this 2 BHK multistorey apartment.",15000,45000,1000,17,2,1 Covered,No,No,No,,False,True,Owner,87,Immediately,2026-04-17T23:33:35.000Z,Yesterday,True
mCXlSGuvzEBzpSvf+uAgZw==,Magicbricks,https://www.magicbricks.com/property-details/2-BHK-1330-Sq-ft-Multistorey-Apartment-FOR-Rent-Madhurwada-in-Visakhapatnam&id=4d423731393638393135,2026-04-19 13:52:16,17.8224722,83.3522229,,Madhurawada,"Visakhapatnam, Andhra Pradesh",19202|APSWR Centre of Excellence,,,Apartment,Semi-Furnished,10,16,,1330,Sq-ft,5 to 10 years,"Check out this newly constructed 2 BHK flat on rent in the prime location of Madhurwada Visakhapatnam. You can get this flat at monthly rent of ₹18,000. The flat is located on the 10 floor which includes 2 bathrooms, 2 balcony, and covers a covered area of 1330 sqft. This building features 16 floor and provides Kids play area facilities. Visit the apartment at S No 1/P Of Yendada And S No 386/P Of Madhurawada Visakhapatnam Andhra Pradesh . This 2 BHK apartment ad is listed by the owner, so there is no brokerage fee.",18000,,,14,2,,No,No,No,,True,True,Owner,53,Immediately,2026-04-13T23:33:15.000Z,"Apr 14, '26",True
IbOaWBBBBLFzpSvf+uAgZw==,Magicbricks,https://www.magicbricks.com/property-details/2-BHK-1045-Sq-ft-Multistorey-Apartment-FOR-Rent-Atchutapuram-in-Visakhapatnam&id=4d423630333137313237,2026-04-19 13:52:16,17.564011,82.979093,,Uday,"Visakhapatnam, Andhra Pradesh",,,,Apartment,Semi-Furnished,4,5,,1045,Sq-ft,,"Find 2 BHK flat for rent in Atchutapuram Visakhapatnam. The rent of the 2 BHK flat is ₹13,000. The apartment is located at Atchutapuram, Visakhapatnam, Andhra Pradesh. This 2 BHK flat is directly posted by the owner, so you don't need to pay any brokerage on this property.",13000,,,12,2,,No,No,No,,False,False,Owner,41,Immediately,2026-04-08T21:30:36.000Z,"Apr 09, '26",True
kiEHB8WgzgZzpSvf+uAgZw==,Magicbricks,https://www.magicbricks.com/property-details/2-BHK-1000-Sq-ft-Builder-Floor-Apartment-FOR-Rent-Seethammadhara-in-Visakhapatnam&id=4d423832393936333135,2026-04-19 13:52:16,17.7429031,83.3081172,,Seethammadhara,"50-47-7, PnT Colony, 3rd Floor, 302, Opp. Navatha Transport Office, Visakhapatnam",,,,Builder Floor Apartment,Semi-Furnished,1,4,East,1000,Sq-ft,,"You can explore this 2 BHK flat on rent in Seethammadhara Visakhapatnam. ₹20,000 is the monthly rent of this 2 BHK flat. The property features reserved parking. The apartment is located at 50-47-7, PnT Colony, 3rd Floor, 302, Opp. Navatha Transport Office, Visakhapatnam, Seethammadhara, Visakhapatnam, Andhra Pradesh. There are no brokerage fees on this 2 BHK multistorey apartment.",20000,60000,1000,20,2,,No,No,No,,False,True,Owner,80,Immediately,2026-04-14T23:47:01.000Z,"Apr 15, '26",True
M8QFdlE+EhxzpSvf+uAgZw==,Magicbricks,https://www.magicbricks.com/property-details/2-BHK-1050-Sq-ft-Multistorey-Apartment-FOR-Rent-in-Visakhapatnam&id=4d423732363533303131,2026-04-19 13:52:16,,,,Hari Krishna Bammidi,sai surya RESIDENCE,,,,Apartment,Unfurnished,Lower Basement,1,,,,Less than 5 years,"If you are planning to rent a flat, you can consider this 2 BHK flat situated in the prime location of chandra nagar. This 2 BHK flat can be availed at the rental price of ₹7,000. Located on the Lower Basement floor, the flat comprises 2 bathrooms, 1 balcony, and has a carpet area of 1050 sqft. This is a no-brokerage flat, as the owner is offering this 2 BHK flat on rent.",7000,15000,,,2,,No,No,No,,False,False,Owner,33,Immediately,2026-04-13T16:39:42.000Z,"Apr 13, '26",True
Y8ima2krnjNzpSvf+uAgZw==,Magicbricks,https://www.magicbricks.com/property-details/4-BHK-2950-Sq-ft-Multistorey-Apartment-FOR-Rent-Madhurwada-in-Visakhapatnam&id=4d423833363737353533,2026-04-19 13:52:16,17.8224722,83.3522229,,Madhurawada,"Visakhapatnam, Andhra Pradesh",19202|APSWR Centre of Excellence,,,Apartment,Semi-Furnished,3,24,East,2950,Sq-ft,New Construction,"You can explore this 4 BHK flat on rent in Madhurwada Visakhapatnam. This 4 BHK flat can be availed at the rental price of ₹27,000. The apartment is on the 3 floor, has a carpet area of 2400 sqft with 4 bathrooms and 3 balcony. This property features 24 floor and offers a range of Kids play area facilities. Visit the flat at S No 1/P Of Yendada And S No 386/P Of Madhurawada Visakhapatnam Andhra Pradesh . This is a no-brokerage flat, as the owner is offering this 4 BHK flat on rent.",27000,,,9,4,,No,No,No,,False,True,Owner,51,Immediately,2026-04-18T23:39:24.000Z,Today,True
qI3tr3Ob+OpzpSvf+uAgZw==,Magicbricks,https://www.magicbricks.com/property-details/4-BHK-3000-Sq-ft-Multistorey-Apartment-FOR-Rent-Rushikonda-in-Visakhapatnam&id=4d423833323530393931,2026-04-19 13:52:16,17.7971295,83.3869516,,Rushikonda,"Rushikonda, Near GITAM Medical College",,,,Apartment,Semi-Furnished,5,5,West,3000,Sq-ft,5 to 10 years,"A beautiful 4 BHK flat is available for rent in Rushikonda. The rent of the 4 BHK flat is ₹38,000. The apartment is on the 5 floor, has a carpet area of 3000 sqft with 3 bathrooms and 2 balcony. The property features power back up. Visit the flat at Rushikonda, Near GITAM Medical College, Rushikonda, Visakhapatnam, Andhra Pradesh. This 4 BHK rental flat comes with no brokerage fees.",38000,150000,2800,13,3,,No,No,No,,False,True,Owner,69,Immediately,2026-04-05T23:37:35.000Z,"Apr 06, '26",True
Qx0PusK70mNzpSvf+uAgZw==,Magicbricks,https://www.magicbricks.com/property-details/4-BHK-1850-Sq-ft-Multistorey-Apartment-FOR-Rent-Chinna-Waltair-in-Visakhapatnam&id=4d423537373139333631,2026-04-19 13:52:16,17.723357,83.333895,,Jai Bharat,V20  VISWANADH AVENUES Chinawaltair near Kanakamma temple,,,,Apartment,Semi-Furnished,3,5,East,1850,Sq-ft,New Construction,"one A/c , Hot water greaser , Spare room, modular kitchen , modular wardrobes , New one 4 BHK flat is available for rent in Chinna Waltair immediately. This 4 BHK flat can be availed at the rental price of ₹28,000. The flat is located on the 3 floor which includes 3 bathrooms, 2 balcony, and covers a carpet area of 1650 sqft. You will also find 1 Covered parking facility. The flat comes with power back up, air conditioned. Visit the flat at V20 VISWANADH AVENUES Chinawaltair near Kanakamma temple, Chinna Waltair, Visakhapatnam, Andhra Pradesh. The owner has posted this 4 BHK flat for rent, so the brokerage fees is zero on this multistorey apartment.",28000,90000,2000,15,3,1 Covered,Yes,No,No,Air Conditioned,False,False,Owner,93,Immediately,2026-02-23T17:30:43.000Z,"Feb 23, '26",True
0YJk44DDhK9zpSvf+uAgZw==,Magicbricks,https://www.magicbricks.com/property-details/4-BHK-2900-Sq-ft-Penthouse-FOR-Rent-Visakhapatnam-in-Visakhapatnam&id=4d423438303835353639,2026-04-19 13:52:16,17.7385936,83.2625211,,Visakhapatnam,"Visakhapatnam, Andhra Pradesh",,,,Penthouse,Furnished,1,1,,2900,Sq-ft,,"You can avail the 4 BHK flat for rent in the well-known location of Visakhapatnam. The multistorey apartment is available at rent of ₹40,000. You can visit the flat at Visakhapatnam, Visakhapatnam, Andhra Pradesh. You can find the 4 BHK flat without any brokerage.",40000,,,14,4,,No,No,No,,False,False,Owner,42,Immediately,2026-02-24T17:59:48.000Z,"Feb 24, '26",True
2bI6y5f0nlRzpSvf+uAgZw==,Magicbricks,https://www.magicbricks.com/property-details/4-BHK-3000-Sq-ft-Multistorey-Apartment-FOR-Rent-Chinna-Waltair-in-Visakhapatnam&id=4d423833363038353433,2026-04-19 13:52:16,17.723357,83.333895,,Kalyan Dandu,"Chinnawaltair Main Road,beside HDFC Bank",,,,Apartment,Semi-Furnished,3,4,,3000,Sq-ft,Above 20 years,"If you are searching a 4 BHK apartment for rent in Chinna Waltair, check out this amazing rental flat. The rent of the 4 BHK flat is ₹40,000. The flat is located on the 3 floor which includes 4 bathrooms, 8 balcony, and covers a carpet area of 2900 sqft. The full address of the apartment is Chinnawaltair Main Road,beside HDFC Bank, Chinna Waltair, Visakhapatnam, Andhra Pradesh. This 4 BHK rental flat comes with no brokerage fees.",40000,,,13,4,,No,No,No,,False,False,Owner,54,Immediately,2026-03-02T03:05:29.000Z,"Mar 02, '26",True
4fZOIpzQ46JzpSvf+uAgZw==,Magicbricks,https://www.magicbricks.com/property-details/4-BHK-2500-Sq-ft-Multistorey-Apartment-FOR-Rent-Paradesipalem-in-Visakhapatnam&id=4d423739373430353033,2026-04-19 13:52:16,17.857523,83.366528,,Lakshmi N Vuppuluri,"3-151 Kamalanagar Colony, Boravanipalem, Madhurawada, VISAKHAPATNAM",,,,Apartment,Unfurnished,3,5,North,2500,Sq-ft,New Construction,"Find this 4 BHK rental flat in Paradesipalem Visakhapatnam. The apartment is available at an affordable rental price of ₹20,000. The apartment is on the 3 floor, has a carpet area of 2100 sqft with 4 bathrooms and 2 balcony. There is also facility of 1 Covered parking. This flat is fitted with reserved parking. Visit the flat at 3-151 Kamalanagar Colony, Boravanipalem, Madhurawada, VISAKHAPATNAM, Paradesipalem, Visakhapatnam, Andhra Pradesh. There are no brokerage fees on this 4 BHK multistorey apartment.",20000,40000,2000,8,4,1 Covered,No,No,No,,True,True,Owner,94,Immediately,2026-04-11T23:35:35.000Z,"Apr 12, '26",True
CPDKhX7szJVzpSvf+uAgZw==,Magicbricks,https://www.magicbricks.com/property-details/3-BHK-1465-Sq-ft-Multistorey-Apartment-FOR-Rent-Maharani-Peta-in-Visakhapatnam&id=4d423332373136323135,2026-04-19 13:52:16,17.711611,83.313483,,Maharani Peta,Near Varun Inox,,,,Apartment,Semi-Furnished,Ground,5,,1465,Sq-ft,Less than 5 years,"This comfortable Unit includes 3 bathrooms and 3 airy This is a spacious 3 Wardrobe Unit. You can avail the 3 BHK flat for rent in the well-known location of Maharani Peta. The 3 BHK apartment is available at a reasonable rent of ₹25,000. If you rent the flat, you will have access to facilities like 3 Wardrobe. The flat is located on the Ground floor which includes 3 bathrooms, 3 balcony, and covers a carpet area of 1300 sqft. The flat can be visited at Near Varun Inox, Maharani Peta, Visakhapatnam, Andhra Pradesh. This is a no-brokerage flat because the owner has posted the ad on this 3 BHK apartment.",25000,50000,2000,17,3,,No,No,No,,False,False,Owner,58,Immediately,2026-04-13T16:39:53.000Z,"Apr 13, '26",True
pxgaEJX7urlzpSvf+uAgZw==,Magicbricks,https://www.magicbricks.com/property-details/3-BHK-1300-Sq-ft-Multistorey-Apartment-FOR-Rent-Kurmannapalem-in-Visakhapatnam&id=4d423834323536323135,2026-04-19 13:52:16,17.698036,83.15954,,Kurmannapalem,"Visakhapatnam, Andhra Pradesh",,,,Apartment,Unfurnished,2,4,,1300,Sq-ft,,"Find 3 BHK flat for rent in Kurmannapalem Visakhapatnam. The 3 BHK apartment is available at a reasonable rent of ₹8,500. The flat is on the 2 floor and includes 2 bathrooms, 3 balcony with a carpet area of 1300 sqft. The flat can be visited at Kurmannapalem, Visakhapatnam, Andhra Pradesh. You can find the 3 BHK flat without any brokerage.",8500,,1500,7,2,,No,No,No,,False,False,Owner,51,Immediately,2026-04-16T05:03:55.000Z,"Apr 16, '26",True
N47l594zNnZzpSvf+uAgZw==,Magicbricks,https://www.magicbricks.com/property-details/3-BHK-1475-Sq-ft-Multistorey-Apartment-FOR-Rent-Atchutapuram-in-Visakhapatnam&id=4d423638363731363033,2026-04-19 13:52:16,17.564011,82.979093,,Krishna Prasad,"Visakhapatnam, Andhra Pradesh",,,,Apartment,Semi-Furnished,4,6,North,1475,Sq-ft,5 to 10 years,"Find 3 BHK flat for rent in Atchutapuram Visakhapatnam. You can get this flat at monthly rent of ₹15,000. The flat is located on the 4 floor which includes 2 bathrooms, 2 balcony, and covers a covered area of 1475 sqft. Visit the flat at Atchutapuram, Visakhapatnam, Andhra Pradesh. The brokerage amount of the 3 BHK apartment is zero.",15000,,,10,2,,No,No,No,,False,False,Owner,56,Immediately,2026-04-18T14:52:01.000Z,Yesterday,True
gm1iLr5XEx5zpSvf+uAgZw==,Magicbricks,https://www.magicbricks.com/property-details/3-BHK-1350-Sq-ft-Multistorey-Apartment-FOR-Rent-Gajwaka-Jn.-in-Visakhapatnam&id=4d423834323038323137,2026-04-19 13:52:16,17.7,83.2167,,Gajwaka Jn., Gajwaka Jn.,,,,Apartment,Furnished,3,5,,1350,Sq-ft,5 to 10 years,"3 BHK apartment is available on rent in Gajwaka Jn. Visakhapatnam right away. The rent of the 3 BHK flat is ₹15,500. Located on the 3 floor, the flat comprises 2 bathrooms, 1 balcony, and has a covered area of 1350 sqft. The property consists of 5 floor and offers Kids Play Pool With Water Slides conveniences. The address is Gajwaka Jn., Visakhapatnam.. There are no brokerage fees on this 3 BHK multistorey apartment.",15500,,1500,11,2,,No,No,No,,False,False,Owner,36,Select Date,2026-04-12T10:58:09.000Z,"Apr 12, '26",True
k06r/EgSEBhzpSvf+uAgZw==,Magicbricks,https://www.magicbricks.com/property-details/3-BHK-1460-Sq-ft-Multistorey-Apartment-FOR-Rent-Endada-in-Visakhapatnam&id=4d423734333737353135,2026-04-19 13:52:16,17.7772,83.36436,,Mohan Babu,"Flat no 503 A Block, Serene Heights ,near Durgalamma Temple",,,,Apartment,Unfurnished,5,5,West,1460,Sq-ft,5 to 10 years,"A beautiful 3 BHK flat is available for rent in Endada. The flat is available for rent at a competitive amount of ₹20,000. Located on the 5 floor, the flat comprises 2 bathrooms, 2 balcony, and has a carpet area of 1250 sqft. The property includes 2 Covered parking. This unit is designed with power back up, reserved parking, security. The address is Flat no 503 A Block, Serene Heights ,near Durgalamma Temple, Endada, Visakhapatnam, Andhra Pradesh. There are no brokerage fees on this 3 BHK multistorey apartment.",20000,50000,1500,14,2,2 Covered,No,No,No,,False,False,Owner,98,Immediately,2026-04-05T05:33:29.000Z,"Apr 05, '26",True
8v3Z0HhbRfpzpSvf+uAgZw==,Magicbricks,https://www.magicbricks.com/property-details/3-BHK-1300-Sq-ft-Multistorey-Apartment-FOR-Rent-PM-Palem-in-Visakhapatnam&id=4d423733373636333839,2026-04-19 13:52:16,17.7992275,83.3525473,,PM Palem,Flat 201,,,,Apartment,Semi-Furnished,2,5,North,1300,Sq-ft,5 to 10 years,"Property is in prime location, just 500mt away from NH5. It is surrounded by Banks, Schools, Colleges, Markets with in 100mt radius. You can connect with me on 9 4 9 1 6 7 8 6 7 0 Apartment Name V Enclave, Flat 201",13000,26000,1100,10,3,201 Covered,No,No,No,,False,False,Owner,92,Immediately,2026-04-03T18:38:18.000Z,"Apr 04, '26",True
NY+7nJxDKoNzpSvf+uAgZw==,Magicbricks,https://www.magicbricks.com/property-details/3-BHK-1640-Sq-ft-Multistorey-Apartment-FOR-Rent-Madhurwada-in-Visakhapatnam&id=4d423834313731333739,2026-04-19 13:52:16,17.8224722,83.3522229,,Madhurawada,"Visakhapatnam, Andhra Pradesh",19202|APSWR Centre of Excellence,,,Apartment,Semi-Furnished,3,16,West,1640,Sq-ft,5 to 10 years,"Spacious gated community , beach view, greenery, good sunlight You can explore this 3 BHK flat on rent in Madhurwada Visakhapatnam. The rent of the 3 BHK flat is ₹22,000. The apartment is on the 3 floor, has a carpet area of 1400 sqft with 3 bathrooms and 2 balcony. This property features 16 floor and offers a range of Kids play area facilities. The flat comes with power back up, reserved parking, security. The flat can be visited at S No 1/P Of Yendada And S No 386/P Of Madhurawada Visakhapatnam Andhra Pradesh . The owner has posted this 3 BHK flat for rent, so the brokerage fees is zero on this multistorey apartment.",22000,,,13,3,,Yes,No,No,"Jogging and Strolling Track, Outdoor Tennis Courts",False,False,Owner,71,Immediately,2026-04-10T04:34:50.000Z,"Apr 10, '26",True
NF0Qm/mkz0dzpSvf+uAgZw==,Magicbricks,https://www.magicbricks.com/property-details/3-BHK-1800-Sq-ft-Multistorey-Apartment-FOR-Rent-Madhurwada-in-Visakhapatnam&id=4d423538353438393137,2026-04-19 13:52:16,17.8224722,83.3522229,,Madhurawada,"HIG 408 , Godavari Block -1",19202|APSWR Centre of Excellence,,,Apartment,Semi-Furnished,4,5,East,1800,Sq-ft,New Construction,"premium Gated society in vishakapatnam ,this flat is higher income group HIG ,lift available ,security available ,power bakup also available ,generators ,community hall ,shopping center, vaastu compliance , 2bedrooms are with attached toilet bath master bedroom have attached dressing . Separate living dining halls. TV unit, Finished crockery almairah in dining, Finished big kitchen almairah",15000,30000,1000,8,3,1 Covered,No,No,No,,False,False,Owner,100,Immediately,2026-04-09T06:52:32.000Z,"Apr 09, '26",True
mpScL6poYPtzpSvf+uAgZw==,Magicbricks,https://www.magicbricks.com/property-details/3-BHK-1618-Sq-ft-Multistorey-Apartment-FOR-Rent-Madhurwada-in-Visakhapatnam&id=4d423834313132363833,2026-04-19 13:52:16,17.8224722,83.3522229,,Madhurawada,"Madhurwada,Visakhapatnam",19202|APSWR Centre of Excellence,,,Apartment,Unfurnished,6,12,,1618,Sq-ft,New Construction,"You can avail the 3 BHK flat for rent in the well-known location of Madhurwada. The apartment is available at an affordable rental price of ₹25,000. The apartment is on the 6 floor, has a carpet area of 1079 sqft with 2 bathrooms and 1 balcony. Visit the flat at 11 100 FT IT PARK ROAD INDIABULLS REAL ESTATE, 120, Midhilapuri Vuda Colony, Madhurawada, Visakhapatnam, Andhra Pradesh. Do not pay any brokerage fee for this 3 BHK rental flat since the property ad is posted by the flat owner.",25000,50000,5600,15,2,,No,No,No,,False,False,Owner,40,Select Date,2026-04-07T05:47:02.000Z,"Apr 07, '26",True
Mw7inSZsp29zpSvf+uAgZw==,Magicbricks,https://www.magicbricks.com/property-details/3-BHK-1350-Sq-ft-Multistorey-Apartment-FOR-Rent-in-Visakhapatnam&id=4d423734393434303633,2026-04-19 13:52:16,,,,Sharada,"Visakhapatnam, Andhra Pradesh",,,,Apartment,Semi-Furnished,2,5,,1350,Sq-ft,,"You can avail the 3 BHK flat for rent in the well-known location of Om Vigneswara Apartments. This 3 BHK flat is available at the reasonable rent amount of ₹25,000. This 3 BHK apartment ad is listed by the owner, so there is no brokerage fee.",25000,,,19,2,,No,No,No,,False,False,Owner,0,Immediately,2026-03-27T07:53:34.000Z,"Mar 27, '26",True
UJBZv0vvBo1zpSvf+uAgZw==,Magicbricks,https://www.magicbricks.com/property-details/3-BHK-1350-Sq-ft-Builder-Floor-Apartment-FOR-Rent-Madhurwada-in-Visakhapatnam&id=4d423731313334313935,2026-04-19 13:52:16,17.8224722,83.3522229,,Madhurawada,"Madhavadhara, Keerthi heights",19202|APSWR Centre of Excellence,,,Builder Floor Apartment,Unfurnished,4,4,South,1350,Sq-ft,10 to 15 years,"Near skating park, all facilities available in walkable distance 3 BHK flat is available for rent in Madhurwada immediately. You can get this flat at monthly rent of ₹15,500. 1 Covered parking space is also available. The apartment comes furnished with power back up, reserved parking, security. This flat is located at Madhavadhara, Keerthi heights, Madhurwada, Visakhapatnam, Andhra Pradesh. This is a no-brokerage flat because the owner has posted the ad on this 3 BHK apartment.",15500,46500,1800,11,2,1 Covered,No,No,No,,False,False,Owner,94,Immediately,2026-04-12T13:42:47.000Z,"Apr 12, '26",True
tyWEbKeoaEpzpSvf+uAgZw==,Magicbricks,https://www.magicbricks.com/property-details/3-BHK-1215-Sq-ft-Multistorey-Apartment-FOR-Rent-in-Visakhapatnam&id=4d423832393731343039,2026-04-19 13:52:16,,,,Krishna Chaitanya,"Visakhapatnam, Andhra Pradesh",,,,Apartment,Semi-Furnished,5,5,,1215,Sq-ft,,"Multistorey apartment is available for rent. It is a good location property. Please contact for more details. 3 BHK apartment is available on rent in AVK Sai Balaji Residency Visakhapatnam right away. Available at a rental price of ₹15,000, this 3 BHK flat is worth considering. This 3 BHK rental flat comes with no brokerage fees.",15000,,,12,2,,No,No,No,,False,True,Owner,51,Immediately,2026-04-14T23:36:44.000Z,"Apr 15, '26",True
7raBaiWhg89zpSvf+uAgZw==,Magicbricks,https://www.magicbricks.com/property-details/3-BHK-1650-Sq-ft-Multistorey-Apartment-FOR-Rent-Pothinamallayya-Palem-in-Visakhapatnam&id=4d423833363830343737,2026-04-19 13:52:16,17.8028841,83.3345424,,sagar,Flat 203 SHR Dhanalakshmi Royal  SBI Colony   Pothinamallayya Palem Bakkanapalem Andhra Pradesh,,,,Apartment,Unfurnished,2,5,South,1650,Sq-ft,5 to 10 years,"Peaceful and Clean Environment Grab the chance to own this affordable 3 BHK flat for rent in the Pothinamallayya Palem area. The 3 BHK apartment is available at a reasonable rent of ₹10,000. The apartment is on the 2 floor, has a carpet area of 1650 sqft with 3 bathrooms and 2 balcony. This flat is fitted with power back up. Find this apartment at Flat 203 SHR Dhanalakshmi Royal SBI Colony Pothinamallayya Palem Bakkanapalem Andhra Pradesh, Pothinamallayya Palem, Visakhapatnam, Andhra Pradesh. This is a no-brokerage flat because the owner has posted the ad on this 3 BHK apartment.",10000,,1500,6,3,,Yes,No,No,"Laundry Service, Internet/Wi-Fi Connectivity",True,True,Owner,74,Select Date,2026-04-14T23:39:22.000Z,"Apr 15, '26",True
gj7YTCD5uCxzpSvf+uAgZw==,Magicbricks,https://www.magicbricks.com/property-details/3-BHK-1100-Sq-ft-Multistorey-Apartment-FOR-Rent-Seethammadhara-in-Visakhapatnam&id=4d423736303335333131,2026-04-19 13:52:16,17.7429031,83.3081172,,Seethammadhara,"Visakhapatnam, Andhra Pradesh",,,,Apartment,Unfurnished,2,4,,1100,Sq-ft,,"If you are planning to rent a flat, you can consider this 3 BHK flat situated in the prime location of Seethammadhara. This 3 BHK flat can be availed at the rental price of ₹20,000. The flat can be visited at Seethammadhara, Visakhapatnam, Andhra Pradesh. The owner has posted this 3 BHK flat for rent, so the brokerage fees is zero on this multistorey apartment.",20000,,,18,2,,No,No,No,"House help accommodation, Private Garage",True,True,Owner,43,Immediately,2026-04-16T23:46:28.000Z,"Apr 17, '26",True
3b2nx5iD2FxzpSvf+uAgZw==,Magicbricks,https://www.magicbricks.com/property-details/3-BHK-1650-Sq-ft-Builder-Floor-Apartment-FOR-Rent-Madhurwada-in-Visakhapatnam&id=4d423832393837313839,2026-04-19 13:52:16,17.8224722,83.3522229,,Madhurawada,"Visakhapatnam, Andhra Pradesh",19202|APSWR Centre of Excellence,,,Builder Floor Apartment,Semi-Furnished,2,4,,1650,Sq-ft,,"Find 3 BHK flat for rent in Madhurwada Visakhapatnam. This 3 BHK flat is available at the reasonable rent amount of ₹13,000. The address is Madhurwada, Visakhapatnam, Andhra Pradesh. This 3 BHK flat is directly posted by the owner, so you don't need to pay any brokerage on this property.",13000,,,8,3,,No,No,No,,False,False,Owner,0,Immediately,2026-04-02T05:14:44.000Z,"Apr 02, '26",True
rn0+5uIiCgFzpSvf+uAgZw==,Magicbricks,https://www.magicbricks.com/property-details/3-BHK-2100-Sq-ft-Builder-Floor-Apartment-FOR-Rent-Lawsons-Bay-Colony-in-Visakhapatnam&id=4d423437363431383239,2026-04-19 13:52:16,17.7329841,83.336327,,Lawsons Bay Colony,"4-49-18, lawsons bay colony",,,,Builder Floor Apartment,Semi-Furnished,2,3,West,2100,Sq-ft,15 to 20 years,"A beautiful 3 BHK flat is available for rent in Lawsons Bay Colony. This 3 BHK flat is available at the reasonable rent amount of ₹20,000. You will also find 1 Covered parking facility. The apartment comes furnished with reserved parking. Find this apartment at 4-49-18, lawsons bay colony, Lawsons Bay Colony, Visakhapatnam, Andhra Pradesh. This 3 BHK apartment ad is listed by the owner, so there is no brokerage fee.",20000,60000,500,10,3,1 Covered,No,No,No,Jogging and Strolling Track,True,True,Owner,94,Immediately,2026-04-13T23:31:22.000Z,"Apr 14, '26",True
a9r2AGfgInNzpSvf+uAgZw==,Magicbricks,https://www.magicbricks.com/property-details/3-BHK-1500-Sq-ft-Multistorey-Apartment-FOR-Rent-Yendada-in-Visakhapatnam&id=4d423834323131333237,2026-04-19 13:52:16,17.7771215,83.3615748,,Yendada,"Visakhapatnam, Andhra Pradesh",,,,Apartment,Semi-Furnished,4,5,West,1500,Sq-ft,Less than 5 years,"Find 3 BHK flat for rent in Yendada Visakhapatnam. The Rent amount of this 3 BHK apartment is set at an attractive price of ₹20,000. The apartment is on the 4 floor, has a carpet area of 1200 sqft with 2 bathrooms and 2 balcony. Find this apartment at Yendada, Mubarak Colony, Endada, Visakhapatnam, Andhra Pradesh. This 3 BHK rental flat comes with no brokerage fees.",20000,,,13,2,,No,No,No,,False,False,Owner,38,Select Date,2026-04-13T00:56:43.000Z,"Apr 13, '26",True
s8GVQZTjnI9zpSvf+uAgZw==,Magicbricks,https://www.magicbricks.com/property-details/3-BHK-1500-Sq-ft-Multistorey-Apartment-FOR-Rent-Jagadamba-Junction-in-Visakhapatnam&id=4d423739353130353435,2026-04-19 13:52:16,17.707287,83.300095,,Sravani,"2nd Floor, Sri Dutta Residency",,,,Apartment,Furnished,2,4,North - East,1500,Sq-ft,5 to 10 years,"Check out this newly constructed 3 BHK flat on rent in the prime location of Jagadamba Junction Visakhapatnam. ₹25,000 is the monthly rent of this 3 BHK flat. Located on the 2 floor, the flat has 2 bathrooms, 2 balcony in carpet area of 1300 sqft. This unit is designed with power back up, reserved parking, security, visitor parking. This is a no-brokerage flat because the owner has posted the ad on this 3 BHK apartment.",25000,,,17,2,,No,No,Yes,Visitor Parking,True,True,Owner,81,Immediately,2026-04-10T23:44:32.000Z,"Apr 11, '26",True
BB0SDHWV6MpzpSvf+uAgZw==,Magicbricks,https://www.magicbricks.com/property-details/3-BHK-1350-Sq-ft-Multistorey-Apartment-FOR-Rent-Atchutapuram-in-Visakhapatnam&id=4d423834323433353239,2026-04-19 13:52:16,17.564011,82.979093,,Raghu Babu,"Visakhapatnam, Andhra Pradesh",,,,Apartment,Semi-Furnished,2,6,,1350,Sq-ft,,"Find 3 BHK flat for rent in Atchutapuram Visakhapatnam. The rent of the 3 BHK flat is ₹10,000. The full address of the apartment is Atchutapuram, Visakhapatnam, Andhra Pradesh. This is a no-brokerage flat, as the owner is offering this 3 BHK flat on rent.",10000,,,7,2,,No,No,No,,False,False,Owner,0,Immediately,2026-04-15T07:21:46.000Z,"Apr 15, '26",True
nSoZ/4oH++1zpSvf+uAgZw==,Magicbricks,https://www.magicbricks.com/property-details/3-BHK-1550-Sq-ft-Builder-Floor-Apartment-FOR-Rent-Boyapalem-in-Visakhapatnam&id=4d423834323734323233,2026-04-19 13:52:16,17.7273555,83.2840468,,Boyapalem,"Visakhapatnam, Andhra Pradesh",,,,Builder Floor Apartment,Semi-Furnished,4,5,,1550,Sq-ft,,"Find 3 BHK flat for rent in Boyapalem Visakhapatnam. ₹11,000 is the monthly rent of this 3 BHK flat. The address is Boyapalem, Visakhapatnam, Andhra Pradesh. There are no brokerage fees on this 3 BHK multistorey apartment.",11000,,,7,3,,No,No,No,,False,False,Owner,0,Immediately,2026-04-17T05:01:21.000Z,"Apr 17, '26",True
Hzn4U/QLNFxzpSvf+uAgZw==,Magicbricks,https://www.magicbricks.com/property-details/3-BHK-1350-Sq-ft-Multistorey-Apartment-FOR-Rent-in-Visakhapatnam&id=4d423330303532303333,2026-04-19 13:52:16,,,,sreekumar,"Visakhapatnam, Andhra Pradesh",,,,Apartment,Unfurnished,4,5,,1350,Sq-ft,5 to 10 years,"The 3 bedroom Unit is located on 4th floor and it has spacious 3 bathroom You can avail this well-designed Unit on a monthly rent of 6000. You can avail the 3 BHK flat for rent in the well-known location of Madhurawada. This 3 BHK flat can be availed at the rental price of ₹6,000. This is a no-brokerage flat because the owner has posted the ad on this 3 BHK apartment.",6000,12000,,4,3,,No,No,No,,False,False,Owner,33,Immediately,2026-04-14T15:41:36.000Z,"Apr 14, '26",True
gvoZVncUAwNzpSvf+uAgZw==,Magicbricks,https://www.magicbricks.com/property-details/3-BHK-1630-Sq-ft-Multistorey-Apartment-FOR-Rent-Madhurwada-in-Visakhapatnam&id=4d423832383235323237,2026-04-19 13:52:16,17.8224722,83.3522229,,Madhurawada,"Visakhapatnam, Andhra Pradesh",19202|APSWR Centre of Excellence,,,Apartment,Semi-Furnished,2,5,,1630,Sq-ft,,"You can avail the 3 BHK flat for rent in the well-known location of Madhurwada. Available at a rental price of ₹23,546, this 3 BHK flat is worth considering. The building has 5 floor and offers Kids play area amenities. The full address of the apartment is OPP PM Palem Police Station, Srinivasa Nagar, Madhurwada, Vishakhapattanam. This 3 BHK flat is directly posted by the owner, so you don't need to pay any brokerage on this property.",23546,,,14,3,,No,No,No,,True,True,Owner,48,Immediately,2026-04-05T23:42:14.000Z,"Apr 06, '26",True
rkGk/ujJZbNzpSvf+uAgZw==,Magicbricks,https://www.magicbricks.com/property-details/3-BHK-1387-Sq-ft-Multistorey-Apartment-FOR-Rent-Gajuwaka-in-Visakhapatnam&id=4d423834303134303031,2026-04-19 13:52:16,17.688112,83.213121,,Anuradha,"Srinagar Colony, adjacent to highway",19202|Timpany Steel City School,,,Apartment,Unfurnished,2,5,South,1387,Sq-ft,10 to 15 years,"Dg set,solar water,2 lifts A beautiful 3 BHK flat is available for rent in Gajuwaka. The rent of the 3 BHK flat is ₹10,000. The apartment is on the 2 floor, has a covered area of 1387 sqft with 2 bathrooms and 1 balcony. The full address of the apartment is Srinagar Colony, adjacent to highway, Gajuwaka, Visakhapatnam, Andhra Pradesh. You can find the 3 BHK flat without any brokerage.",10000,,,7,2,,No,No,No,,False,True,Owner,71,Immediately,2026-04-05T10:25:45.000Z,"Apr 05, '26",True
PX0QCid1d0lzpSvf+uAgZw==,Magicbricks,https://www.magicbricks.com/property-details/3-BHK-1500-Sq-ft-Multistorey-Apartment-FOR-Rent-Santhipuram-in-Visakhapatnam&id=4d423833393437383833,2026-04-19 13:52:16,17.736515,83.30543,,Naveen balla,"Visakhapatnam, Andhra Pradesh",,,,Apartment,Unfurnished,3,4,North,1500,Sq-ft,New Construction,"newly renovated apartment with brand new flooring cabinets kitchen bathrooms available for rent Grab the chance to own this affordable 3 BHK flat for rent in the Santhipuram area. This 3 BHK flat can be availed at the rental price of ₹25,000. The flat is located on the 3 floor which includes 2 bathrooms, 4 balcony, and covers a covered area of 1500 sqft. 1 Covered parking space is also available. The residence includes reserved parking, security. Visit the flat at Santhipuram, Visakhapatnam, Andhra Pradesh. The owner has posted this 3 BHK flat for rent, so the brokerage fees is zero on this multistorey apartment.",25000,,,17,2,1 Covered,No,No,No,,True,True,Owner,77,Immediately,2026-04-01T05:23:43.000Z,"Apr 01, '26",True
MuhlhjOCiXlzpSvf+uAgZw==,Magicbricks,https://www.magicbricks.com/property-details/3-BHK-1350-Sq-ft-Multistorey-Apartment-FOR-Rent-Gajuwaka-in-Visakhapatnam&id=4d423833313231333935,2026-04-19 13:52:16,17.688112,83.213121,,vikram,"Sardar signature, flat no310, old port road Gajuwaka",19202|Timpany Steel City School,,,Apartment,Semi-Furnished,3,5,,1350,Sq-ft,New Construction,"Grab the chance to own this affordable 3 BHK flat for rent in the Gajuwaka area. The Rent amount of this 3 BHK apartment is set at an attractive price of ₹15,000. The apartment is on the 3 floor, has a covered area of 1350 sqft with 2 bathrooms and 2 balcony. The apartment comes furnished with visitor parking. The address is Pedagantyada, Visakhapatnam, Andhra Pradesh . This 3 BHK apartment ad is listed by the owner, so there is no brokerage fee.",15000,,,11,2,,No,No,No,"Visitor Parking, Internet/Wi-Fi Connectivity, Private pool ",True,True,Owner,39,Immediately,2026-04-03T23:39:05.000Z,"Apr 04, '26",True
GiBxS+GLQ+BzpSvf+uAgZw==,Magicbricks,https://www.magicbricks.com/property-details/3-BHK-1430-Sq-ft-Multistorey-Apartment-FOR-Rent-Resapuvanipalem-in-Visakhapatnam&id=4d423833393139303533,2026-04-19 13:52:16,17.73364,83.316,,P J G Gupta Gupta,"Visakhapatnam, Andhra Pradesh",19202|Sri Sarada Vidya Nilayam,,,Apartment,Semi-Furnished,5,5,West,1430,Sq-ft,Above 20 years,"good ventilation, near Mall, school, college, bus terminus, hospital etc., You can avail the 3 BHK flat for rent in the well-known location of Resapuvanipalem. The 3 BHK apartment is available at a reasonable rent of ₹18,000. Located on the 5 floor, the flat has 3 bathrooms, 4 balcony in covered area of 1430 sqft. This flat is fitted with power back up. The full address of the apartment is Resapuvanipalem, Visakhapatnam, Andhra Pradesh. This 3 BHK apartment ad is listed by the owner, so there is no brokerage fee.",18000,,,13,3,,No,No,No,,True,False,Owner,71,Immediately,2026-03-24T06:46:49.000Z,"Mar 24, '26",True
KyUVfKg8VS1zpSvf+uAgZw==,Magicbricks,https://www.magicbricks.com/property-details/3-BHK-1654-Sq-ft-Multistorey-Apartment-FOR-Rent-Sujatha-nagar-in-Visakhapatnam&id=4d423832353739303931,2026-04-19 13:52:16,17.7971716,83.2157985,,Sujatha nagar,"Sujatha Nagar, Pendurthi, Visakhapatnam, Andhra Pradesh",,,,Apartment,Semi-Furnished,5,5,East,1654,Sq-ft,5 to 10 years,"3 BHK flat is available for rent in Sujatha nagar immediately. The apartment is available at an affordable rental price of ₹13,000. 3 Wardrobe are some of the additional amenities available with the apartment. The apartment is on the 5 floor, has a carpet area of 1300 sqft with 3 bathrooms and 2 balcony. The property includes 1 Covered parking. This unit features reserved parking. The address is Sujatha Nagar, Pendurthi, Visakhapatnam, Andhra Pradesh. This 3 BHK apartment ad is listed by the owner, so there is no brokerage fee.",13000,39000,1000,8,3,1 Covered,No,No,No,,True,True,Owner,98,Immediately,2026-04-02T23:33:46.000Z,"Apr 03, '26",True
5kMXy8/ZPXNzpSvf+uAgZw==,Magicbricks,https://www.magicbricks.com/property-details/3-BHK-1387-Sq-ft-Multistorey-Apartment-FOR-Rent-Sri-Nagar-in-Visakhapatnam&id=4d423834303133393731,2026-04-19 13:52:16,17.6783409,83.1788902,,Rajiv,"Visakhapatnam, Andhra Pradesh",,,,Apartment,Unfurnished,3,5,,1387,Sq-ft,,"You can avail the 3 BHK flat for rent in the well-known location of Sri Nagar. This 3 BHK flat can be availed at the rental price of ₹10,000. Visit the flat at Sri Nagar, Visakhapatnam, Andhra Pradesh. There are no brokerage fees on this 3 BHK multistorey apartment.",10000,,,7,2,,No,No,No,,False,False,Owner,0,Immediately,2026-03-31T18:58:29.000Z,"Apr 01, '26",True
mrBF0K4W5VZzpSvf+uAgZw==,Magicbricks,https://www.magicbricks.com/property-details/3-BHK-1350-Sq-ft-Multistorey-Apartment-FOR-Rent-Balayya-Sastri-Layout-in-Visakhapatnam&id=4d423834313335363731,2026-04-19 13:52:16,17.740839,83.308289,,Balayya Sastri Layout,"Visakhapatnam, Andhra Pradesh",,,,Apartment,Semi-Furnished,2,5,West,1350,Sq-ft,,"3 BHK apartment is available on rent in Balayya Sastri Layout Visakhapatnam right away. Available at a rental price of ₹25,000, this 3 BHK flat is worth considering. The flat is located on the 2 floor which includes 2 bathrooms, 1 balcony, and covers a covered area of 1350 sqft. This flat is fitted with power back up, security, intercom facility. The flat can be visited at Balayya Sastri Layout, Visakhapatnam, Andhra Pradesh. This is a no-brokerage flat because the owner has posted the ad on this 3 BHK apartment.",25000,50000,2000,19,2,,Yes,No,No,Intercom Facility,False,False,Owner,41,Immediately,2026-04-08T06:51:02.000Z,"Apr 08, '26",True
AesVyBKVphFzpSvf+uAgZw==,Magicbricks,https://www.magicbricks.com/property-details/3-BHK-1400-Sq-ft-Multistorey-Apartment-FOR-Rent-Yendada-in-Visakhapatnam&id=4d423832333736303739,2026-04-19 13:52:16,17.7771215,83.3615748,,Yendada,"Flat 501, Mayfair Apartments, 9-37-10, Pitapuram Colony, Visakhapatnam",,,,Apartment,Unfurnished,5,5,,1400,Sq-ft,,"Find this 3 BHK rental flat in Yendada Visakhapatnam. This 3 BHK flat is available at the reasonable rent amount of ₹23,000. There is also facility of 1 Covered parking. This 3 BHK flat is directly posted by the owner, so you don't need to pay any brokerage on this property.",23000,36000,2000,16,3,1 Covered,No,No,No,,True,True,Owner,52,Immediately,2026-04-10T23:45:23.000Z,"Apr 11, '26",True
cS2TsiwYrU9zpSvf+uAgZw==,Magicbricks,https://www.magicbricks.com/property-details/4-BHK-2670-Sq-ft-Multistorey-Apartment-FOR-Rent-Beach-Road-in-Visakhapatnam&id=4d423833353732323631,2026-04-19 13:52:16,17.78503197,83.38360543,,Shankar,"Visakhapatnam, Andhra Pradesh",,,,Apartment,Furnished,3,11,,2670,Sq-ft,Less than 5 years,"Find this 4 BHK rental flat in Beach Road Visakhapatnam. This 4 BHK flat can be availed at the rental price of ₹1.1 Lac. Located on the 3 floor, the flat has 3 bathrooms, 1 balcony in carpet area of 2500 sqft. The apartment is located at Beach Road, Visakhapatnam, Andhra Pradesh. You can find the 4 BHK flat without any brokerage.",110000,,,41,3,,No,No,No,,False,False,Owner,28,Immediately,2026-02-26T22:40:05.000Z,"Feb 27, '26",True
7Tu86lx0NQZzpSvf+uAgZw==,Magicbricks,https://www.magicbricks.com/property-details/3-BHK-1850-Sq-ft-Multistorey-Apartment-FOR-Rent-Siri-Puram-in-Visakhapatnam&id=4d423833333133383731,2026-04-19 13:52:16,17.720372,83.3168071,,Siri Puram,Siri Puram,,,,Apartment,Semi-Furnished,5,5,North,1850,Sq-ft,10 to 15 years,"Few Restaurants nearby. Maruti Varun Motors service center next door. Ground floor has SBI and BOI branches with ATMs. Find 3 BHK flat for rent in Siri Puram Visakhapatnam. The 3 BHK apartment is available at a reasonable rent of ₹32,000. Some added-on facilities available with the flat are 3 Bed and 4 Wardrobe. Located on the 5 floor, the flat comprises 3 bathrooms, 2 balcony, and has a carpet area of 1600 sqft. The apartment is equipped with power back up, reserved parking. You can find the 3 BHK flat without any brokerage.",32000,75000,2000,17,3,,No,No,No,,True,True,Owner,89,Immediately,2026-04-12T23:36:29.000Z,"Apr 13, '26",True
huY4IbiybPJzpSvf+uAgZw==,Magicbricks,https://www.magicbricks.com/property-details/3-BHK-2000-Sq-ft-Multistorey-Apartment-FOR-Rent-Panduranga-Puram-in-Visakhapatnam&id=4d423834323531323335,2026-04-19 13:52:16,17.71412,83.32245,,jai,pandurangauram Visakhapatnam,,,,Apartment,Furnished,3,6,,2000,Sq-ft,Less than 5 years,"3 BHK apartment is available on rent in Panduranga Puram Visakhapatnam right away. Available at a rental price of ₹38,000, this 3 BHK flat is worth considering. The flat is located on the 3 floor which includes 3 bathrooms, 2 balcony, and covers a carpet area of 1800 sqft. Visit the flat at pandurangauram Visakhapatnam, Panduranga Puram, Visakhapatnam, Andhra Pradesh. The brokerage amount of the 3 BHK apartment is zero.",38000,,,19,3,,No,No,No,,False,False,Owner,36,Immediately,2026-04-15T12:00:16.000Z,"Apr 15, '26",True
yU34zJkuT2dzpSvf+uAgZw==,Magicbricks,https://www.magicbricks.com/property-details/3-BHK-1600-Sq-ft-Builder-Floor-Apartment-FOR-Rent-Akkayyapalem-in-Visakhapatnam&id=4d423833393235333831,2026-04-19 13:52:16,17.7367389,83.3000947,,Akkayyapalem,"Sai Ashirvad, NGGOs Colony, Akkayyapalem Behind Indian Oil Petrol Bunk",,,,Builder Floor Apartment,Unfurnished,3,6,North,1600,Sq-ft,New Construction,"Brand new, never lived in, 3BHK, 1600 SFT super built up area apartment on 3rd Floor for rent for a vegetarian family. It is in a corner building on a dead end street with plenty of cross ventilation. There is only one unit per floor. It has generator for lift, common area lighting and lighting, fans and power points in the apartment. So, no need for inverter. All interior wood work done.",27000,54000,1200,17,3,1 Covered,No,No,No,,False,True,Owner,95,Immediately,2026-03-28T12:22:52.000Z,"Mar 28, '26",True
yirS9WK7FVlzpSvf+uAgZw==,Magicbricks,https://www.magicbricks.com/property-details/3-BHK-1800-Sq-ft-Multistorey-Apartment-FOR-Rent-Siri-Puram-in-Visakhapatnam&id=4d423833353238393435,2026-04-19 13:52:16,17.720372,83.3168071,,Siri Puram,"Visakhapatnam, Andhra Pradesh",,,,Apartment,Semi-Furnished,2,5,,1800,Sq-ft,Above 20 years,"If you are planning to rent a flat, you can consider this 3 BHK flat situated in the prime location of Siri Puram. The flat is available for rent at a competitive amount of ₹40,000. Live in this lovely flat and get access to various useful facilities such as 4 Wardrobe, 4 Bed, Fridge, 1 AC, Sofa, Washing Machine and Dining Table. The flat is located on the 2 floor which includes 3 bathrooms, 5 balcony, and covers a covered area of 1800 sqft. Visit the flat at Siri Puram, Visakhapatnam, Andhra Pradesh. This 3 BHK apartment ad is listed by the owner, so there is no brokerage fee.",40000,40000,2000,22,3,,No,No,No,,False,False,Owner,36,Immediately,2026-02-24T03:00:19.000Z,"Feb 24, '26",True
TTXuJFTQfO5zpSvf+uAgZw==,Magicbricks,https://www.magicbricks.com/property-details/3-BHK-1995-Sq-ft-Multistorey-Apartment-FOR-Rent-Vadlapudi-in-Visakhapatnam&id=4d423833373739393935,2026-04-19 13:52:16,14.310888,79.795174,,sashank bonda,"31-9-53, VEPZ Rd, Kurmannapalem, Visakhapatnam, Andhra Pradesh 530046",,530046,,Apartment,Semi-Furnished,15,15,,1995,Sq-ft,,"If you are planning to rent a flat, you can consider this 3 BHK flat situated in the prime location of Vadlapudi. The multistorey apartment is available at rent of ₹33,000. The residents of the flat have access to additional facilities such as 3 Wardrobe and Gas Connection. The flat is on the 15 floor and includes 2 bathrooms, 3 balcony with a carpet area of 1700 sqft. Visit the flat at 31-9-5/3, VEPZ Rd, Kurmannapalem, Visakhapatnam, Andhra Pradesh 530046. Do not pay any brokerage fee for this 3 BHK rental flat since the property ad is posted by the flat owner.",33000,150000,2000,17,2,,No,No,No,,False,False,Owner,38,Immediately,2026-03-14T09:11:50.000Z,"Mar 14, '26",True
xt6xVaHYZ6tzpSvf+uAgZw==,Magicbricks,https://www.magicbricks.com/property-details/3-BHK-2350-Sq-ft-Multistorey-Apartment-FOR-Rent-CBM-Compound-in-Visakhapatnam&id=4d423139393134353233,2026-04-19 13:52:16,17.7269512,83.3128131,,CBM Compound,"9-19-43 CBM Compound, Visakhapatnam 530003",,530003,,Apartment,Semi-Furnished,4,5,South,2350,Sq-ft,Less than 5 years,"Grab the chance to own this affordable 3 BHK flat for rent in the CBM Compound area. This 3 BHK flat is available at the reasonable rent amount of ₹37,000. The apartment is on the 4 floor, has a carpet area of 1900 sqft with 3 bathrooms and 1 balcony. There is also facility of 2 Covered parking. This home provides power back up, reserved parking, security. The flat can be visited at 9-19-43 CBM Compound, Visakhapatnam 530003, CBM Compound, Visakhapatnam, Andhra Pradesh. You can find the 3 BHK flat without any brokerage.",37000,111000,2000,16,3,2 Covered,No,No,No,,False,False,Owner,78,Immediately,2026-03-31T04:02:16.000Z,"Mar 31, '26",True
QPWagksVamxzpSvf+uAgZw==,Magicbricks,https://www.magicbricks.com/property-details/3-BHK-1250-Sq-ft-Multistorey-Apartment-FOR-Rent-Dwarakanagar-in-Visakhapatnam&id=4d423734303236363835,2026-04-19 13:52:16,17.7281761,83.3081172,,Dwarakanagar,"Visakhapatnam, Andhra Pradesh","19202|Sri Sarada Vidya Nilayam, 19202|Sri Krishna Vidya Mandir",,,Apartment,Unfurnished,5,6,,1250,Sq-ft,,"Check out this newly constructed 3 BHK flat on rent in the prime location of Dwarakanagar Visakhapatnam. You can get this flat at monthly rent of ₹35,000. Visit the apartment at Dwarakanagar, Visakhapatnam, Andhra Pradesh. This is a no-brokerage flat, as the owner is offering this 3 BHK flat on rent.",35000,,,28,2,,No,No,No,,False,False,Owner,33,Immediately,2026-04-03T21:33:39.000Z,"Apr 04, '26",True
2xJs7Jt8Ic5zpSvf+uAgZw==,Magicbricks,https://www.magicbricks.com/property-details/3-BHK-1650-Sq-ft-Multistorey-Apartment-FOR-Rent-MVP-Colony-in-Visakhapatnam&id=4d423831383038333433,2026-04-19 13:52:16,17.7422936,83.3335151,,MVP Colony,sreepada enclave,,,,Apartment,Semi-Furnished,3,4,,1650,Sq-ft,New Construction,"If you are searching a 3 BHK apartment for rent in MVP Colony, check out this amazing rental flat. You can get this flat at monthly rent of ₹30,000. The apartment is on the 3 floor, has a covered area of 1650 sqft with 2 bathrooms and 2 balcony. You can visit the flat at sreepada enclave, MVP Colony, Visakhapatnam, Andhra Pradesh. This is a no-brokerage flat because the owner has posted the ad on this 3 BHK apartment.",30000,,,18,2,,No,No,No,,False,True,Owner,39,Immediately,2026-03-21T09:02:40.000Z,"Mar 21, '26",True
V7TWoazI2XhzpSvf+uAgZw==,Magicbricks,https://www.magicbricks.com/property-details/3-BHK-1600-Sq-ft-Multistorey-Apartment-FOR-Rent-Lawsons-Bay-Colony-in-Visakhapatnam&id=4d423833373031363737,2026-04-19 13:52:16,17.7329841,83.336327,,Lawsons Bay Colony,"Visakhapatnam, Andhra Pradesh",,,,Apartment,Semi-Furnished,2,5,,1600,Sq-ft,Above 20 years,"Beach facing balcony Grab the chance to own this affordable 3 BHK flat for rent in the Lawsons Bay Colony area. The multistorey apartment is available at rent of ₹26,000. Located on the 2 floor, the flat has 3 bathrooms, 2 balcony in carpet area of 1400 sqft. Visit the flat at Lawsons Bay Colony, Visakhapatnam, Andhra Pradesh. The owner has posted this 3 BHK flat for rent, so the brokerage fees is zero on this multistorey apartment.",26000,100000,,16,3,,No,No,No,,False,False,Owner,66,Immediately,2026-03-09T06:51:21.000Z,"Mar 09, '26",True
fZ5tjUzMHMJzpSvf+uAgZw==,Magicbricks,https://www.magicbricks.com/property-details/3-BHK-1800-Sq-ft-Multistorey-Apartment-FOR-Rent-Lalitanagar-in-Visakhapatnam&id=4d423535383039333239,2026-04-19 13:52:16,17.7316529,83.3021004,,Lalitanagar,lotus enclave,,,,Apartment,Semi-Furnished,4,4,North - East,1800,Sq-ft,5 to 10 years,"Check out this newly constructed 3 BHK flat on rent in the prime location of Lalitanagar Visakhapatnam. The multistorey apartment is available at rent of ₹27,000. Some attractive additional facilities available with the flat are 4 Wardrobe, 2 Bed, 3 AC and Fridge. Located on the 4 floor, the flat comprises 3 bathrooms, 2 balcony, and has a carpet area of 1550 sqft. This unit features power back up, reserved parking, security, visitor parking. Visit the apartment at lotus enclave, Lalitanagar, Visakhapatnam, Andhra Pradesh. This is a no-brokerage flat, as the owner is offering this 3 BHK flat on rent.",27000,100000,1000,15,3,,Yes,No,No,Visitor Parking,False,True,Owner,85,Immediately,2026-03-06T23:32:27.000Z,"Mar 07, '26",True
K7Ugx5vHg5hzpSvf+uAgZw==,Magicbricks,https://www.magicbricks.com/property-details/3-BHK-2100-Sq-ft-Multistorey-Apartment-FOR-Rent-Old-Karasa-in-Visakhapatnam&id=4d423732323337333033,2026-04-19 13:52:16,17.74008327,83.24197689,,Srinivas Darla,G1 and G2,,,,Apartment,Semi-Furnished,1,5,North - West,2100,Sq-ft,Above 20 years,"You can avail the 3 BHK flat for rent in the well-known location of Old Karasa. Available at a rental price of ₹35,000, this 3 BHK flat is worth considering. Some added-on facilities available with the flat are 3 Wardrobe, 2 Bed, Microwave and Dining Table. The flat is located on the 1 floor which includes 3 bathrooms, 3 balcony, and covers a carpet area of 1800 sqft. 1 Open parking facility are also available. This unit features security. Visit the apartment at G1 and G2, Old Karasa, Visakhapatnam, Andhra Pradesh. This 3 BHK apartment ad is listed by the owner, so there is no brokerage fee.",35000,175000,2000,17,3,1 Open,No,No,No,,False,False,Owner,93,Immediately,2026-02-23T21:35:08.000Z,"Feb 24, '26",True
l4T9A7FaSaJzpSvf+uAgZw==,Magicbricks,https://www.magicbricks.com/property-details/3-BHK-2000-Sq-ft-Multistorey-Apartment-FOR-Rent-Facor-Layout-in-Visakhapatnam&id=4d423535303134313533,2026-04-19 13:52:16,17.723796,83.312351,,LVV KAMALAKAR,"flat no.101, Sesha saila towers, Block - B, facor laout, near sampath vinaya temple",19202|Sri Prakash,,,Apartment,Semi-Furnished,1,5,East,2000,Sq-ft,5 to 10 years,"East facing with 5 ACs, one Solar Greaser, one Chimny Find this 3 BHK rental flat in Facor Layout Visakhapatnam. This 3 BHK flat is available at the reasonable rent amount of ₹35,000. You will also find 2 Covered parking facility. The property features power back up, reserved parking, security. The apartment is located at flat no.101, Sesha saila towers, Block - B, facor laout, near sampath vinaya temple, Facor Layout, Visakhapatnam, Andhra Pradesh. The brokerage amount of the 3 BHK apartment is zero.",35000,100000,2050,18,3,2 Covered,No,No,No,,False,False,Owner,98,Immediately,2026-03-09T12:39:11.000Z,"Mar 09, '26",True
uUUHEmVXExRzpSvf+uAgZw==,Magicbricks,https://www.magicbricks.com/property-details/3-BHK-1765-Sq-ft-Multistorey-Apartment-FOR-Rent-Kurmannapalem-in-Visakhapatnam&id=4d423833353536383633,2026-04-19 13:52:16,17.698036,83.15954,,Kurmannapalem,"Visakhapatnam, Andhra Pradesh",,,,Apartment,Unfurnished,11,15,,1765,Sq-ft,New Construction,"Find 3 BHK flat for rent in Kurmannapalem Visakhapatnam. You can get this flat at monthly rent of ₹30,000. Located on the 11 floor, the flat comprises 2 bathrooms, 2 balcony, and has a carpet area of 1026 sqft. The flat can be visited at Kurmannapalem, Visakhapatnam, Andhra Pradesh. The owner has posted this 3 BHK flat for rent, so the brokerage fees is zero on this multistorey apartment.",30000,,,17,2,,No,No,No,,False,False,Owner,28,Immediately,2026-02-26T00:40:18.000Z,"Feb 26, '26",True
qcX3lVSxO4RzpSvf+uAgZw==,Magicbricks,https://www.magicbricks.com/property-details/3-BHK-1685-Sq-ft-Multistorey-Apartment-FOR-Rent-Kurmannapalem-in-Visakhapatnam&id=4d423833363933373139,2026-04-19 13:52:16,17.698036,83.15954,,Kurmannapalem,"Visakhapatnam, Andhra Pradesh",,530046,,Apartment,Semi-Furnished,14,14,,,,,"If you are searching a 3 BHK apartment for rent in Kurmannapalem, check out this amazing rental flat. ₹30,000 is the monthly rent of this 3 BHK flat. 3 Wardrobe, 3 Bed, 2 AC and Gas Connection are some of the additional amenities available with the apartment. Located on the 14 floor, the flat comprises 2 bathrooms, 4 balcony, and has a carpet area of 1685 sqft. The address is 31-9-5/3, VEPZ Rd, Kurmannapalem, Visakhapatnam, Andhra Pradesh 530046. You can find the 3 BHK flat without any brokerage.",30000,,,,2,,No,No,No,,False,False,Owner,26,Immediately,2026-03-08T09:45:37.000Z,"Mar 08, '26",True
MhW2UFjzjkpzpSvf+uAgZw==,Magicbricks,https://www.magicbricks.com/property-details/3-BHK-3000-Sq-ft-Multistorey-Apartment-FOR-Rent-in-Visakhapatnam&id=4d423730303439323135,2026-04-19 13:52:16,,,,Mani,"Visakhapatnam, Andhra Pradesh",,,,Apartment,Furnished,4,5,West,3000,Sq-ft,10 to 15 years,"Grab the chance to own this affordable 3 BHK flat for rent in the Vijaya apts, Kirlampudi layout area. ₹35,000 is the monthly rent of this 3 BHK flat. The property includes 1 Covered, 1 Open parking. This unit features security. This is a no-brokerage flat because the owner has posted the ad on this 3 BHK apartment.",35000,70000,1500,12,3,"1 Covered, 1 Open",No,No,No,,False,False,Owner,54,Immediately,2026-03-16T16:02:08.000Z,"Mar 16, '26",True
NuqbP7EyBQJzpSvf+uAgZw==,Magicbricks,https://www.magicbricks.com/property-details/3-BHK-1800-Sq-ft-Multistorey-Apartment-FOR-Rent-Madhurwada-in-Visakhapatnam&id=4d423634303734303135,2026-04-19 13:52:16,17.8224722,83.3522229,,Madhurawada,"Visakhapatnam, Andhra Pradesh",19202|APSWR Centre of Excellence,,,Apartment,Semi-Furnished,11,16,,1800,Sq-ft,,"3 BHK flat is available for rent in Madhurwada immediately. The apartment is available at an affordable rental price of ₹26,000. Visit the flat at 1-49, NH16, Vasundhara Nagar, Pothinamallayya Palem, Visakhapatnam, Andhra Pradesh . This is a no-brokerage flat, as the owner is offering this 3 BHK flat on rent.",26000,,,14,3,,No,No,No,,False,False,Owner,0,Immediately,2026-03-24T22:30:40.000Z,"Mar 25, '26",True
17NJhMcI9TBzpSvf+uAgZw==,Magicbricks,https://www.magicbricks.com/property-details/3-BHK-1500-Sq-ft-Multistorey-Apartment-FOR-Rent-Seethammadhara-in-Visakhapatnam&id=4d423733353734303935,2026-04-19 13:52:16,17.7429031,83.3081172,,Seethammadhara,"Visakhapatnam, Andhra Pradesh",,,,Apartment,Furnished,2,3,,1500,Sq-ft,,"Check out this newly constructed 3 BHK flat on rent in the prime location of Seethammadhara Visakhapatnam. The apartment is available at an affordable rental price of ₹26,000. This is a no-brokerage flat, as the owner is offering this 3 BHK flat on rent.",26000,,,17,3,,No,No,No,,False,False,Owner,48,Immediately,2026-02-26T03:57:58.000Z,"Feb 26, '26",True
eGA3SZhcvWNzpSvf+uAgZw==,Magicbricks,https://www.magicbricks.com/property-details/3-BHK-1550-Sq-ft-Builder-Floor-Apartment-FOR-Rent-Kirlampudi-Layout-in-Visakhapatnam&id=4d423833353838363237,2026-04-19 13:52:16,17.7208709,83.3315104,,Kirlampudi Layout,"Visakhapatnam, Andhra Pradesh",19202|Systems Design,,,Builder Floor Apartment,Semi-Furnished,2,3,,1550,Sq-ft,,"You can avail the 3 BHK flat for rent in the well-known location of Kirlampudi Layout. The Rent amount of this 3 BHK apartment is set at an attractive price of ₹30,000. Visit the flat at Kirlampudi Layout, Visakhapatnam, Andhra Pradesh. This 3 BHK flat is directly posted by the owner, so you don't need to pay any brokerage on this property.",30000,,,19,3,,No,No,No,,False,False,Owner,0,Immediately,2026-02-28T04:52:58.000Z,"Feb 28, '26",True
C97wjUm7+yFzpSvf+uAgZw==,Magicbricks,https://www.magicbricks.com/property-details/3-BHK-2025-Sq-ft-Multistorey-Apartment-FOR-Rent-Lawsons-Bay-Colony-in-Visakhapatnam&id=4d423833323237393731,2026-04-19 13:52:16,17.7329841,83.336327,,Lawsons Bay Colony,"Visakhapatnam, Andhra Pradesh",,,,Apartment,Semi-Furnished,2,5,,2025,Sq-ft,,"A multistorey apartment is available for rent. It is a good location. Please contact for more details. Grab the chance to own this affordable 3 BHK flat for rent in the Lawsons Bay Colony area. The rent of the 3 BHK flat is ₹35,000. The address is Lawsons Bay Colony, Visakhapatnam, Andhra Pradesh. This 3 BHK rental flat comes with no brokerage fees.",35000,,,17,3,,No,No,No,,False,False,Owner,33,Immediately,2026-02-03T02:30:17.000Z,"Feb 03, '26",True
B44Cm18+Y+tzpSvf+uAgZw==,Magicbricks,https://www.magicbricks.com/property-details/3-BHK-1800-Sq-ft-Multistorey-Apartment-FOR-Rent-Gajuwaka-in-Visakhapatnam&id=4d423832393536373331,2026-04-19 13:52:16,17.688112,83.213121,,MbUser, Gajuwaka,19202|Timpany Steel City School,,,Apartment,Semi-Furnished,5,16,East,1800,Sq-ft,Less than 5 years,"You can explore this 3 BHK flat on rent in Gajuwaka Visakhapatnam. ₹30,000 is the monthly rent of this 3 BHK flat. The apartment is on the 5 floor, has a covered area of 1800 sqft with 3 bathrooms and 2 balcony. The property consists of 16 floor and offers Kids play area, Kids Club, Kids Play Pool With Water Slides conveniences. This property offers power back up, reserved parking, security, service/goods lift, air conditioned, intercom facility. Visit the flat at No:104/2, Next to Lanka Ground, NH-16, Gajuwaka, Visakhapatnam. This is a no-brokerage flat because the owner has posted the ad on this 3 BHK apartment.",30000,60000,3400,17,3,,No,No,No,"Air Conditioned, Banquet Hall, Bar/Lounge, Jogging and Strolling Track",False,False,Owner,68,Immediately,2026-02-26T22:30:36.000Z,"Feb 27, '26",True
p/wM4Y27CWNzpSvf+uAgZw==,Magicbricks,https://www.magicbricks.com/property-details/3-BHK-1850-Sq-ft-Multistorey-Apartment-FOR-Rent-Krishna-Nagar-in-Visakhapatnam&id=4d423730353430353435,2026-04-19 13:52:16,17.708364,83.310123,,Madhavi,"Visakhapatnam, Andhra Pradesh",,,,Apartment,Semi-Furnished,5,5,East,1850,Sq-ft,Less than 5 years,"Krishna castle main rd near OLivet school Krishna temple , collector office , excellent location near to RK beach, very good ventilation ,premium apartments, well maintained new building Find 3 BHK flat for rent in Krishna Nagar Visakhapatnam. The apartment is available at an affordable rental price of ₹30,000. Located on the 5 floor, the flat comprises 3 bathrooms, 2 balcony, and has a carpet area of 1660 sqft. There is also facility of 5 Covered parking. This home provides reserved parking. The full address of the apartment is Krishna Nagar, Visakhapatnam, Andhra Pradesh. This is a no-brokerage flat because the owner has posted the ad on this 3 BHK apartment.",30000,75000,2500,16,3,5 Covered,No,No,No,,False,False,Owner,91,Immediately,2026-03-17T21:30:39.000Z,"Mar 18, '26",True
kdoKXaXHlGFzpSvf+uAgZw==,Magicbricks,https://www.magicbricks.com/property-details/3-BHK-1500-Sq-ft-Multistorey-Apartment-FOR-Rent-in-Visakhapatnam&id=4d423735353630343533,2026-04-19 13:52:16,,,,Ramakrishna,Yendada,,,,Apartment,Semi-Furnished,12,20,West,,,New Construction,"Multistorey apartment is available for rent. It is a good location property. Please contact for more details. If you are planning to rent a flat, you can consider this 3 BHK flat situated in the prime location of Vaishaki Skypark. The apartment is available at an affordable rental price of ₹30,000. The flat is on the 12 floor and includes 2 bathrooms, 1 balcony with a carpet area of 1500 sqft. The apartment comes furnished with power back up. There are no brokerage fees on this 3 BHK multistorey apartment.",30000,60000,,,2,,No,No,No,,False,False,Owner,70,Immediately,2026-03-15T21:33:02.000Z,"Mar 16, '26",True
CIjSoVC6jDtzpSvf+uAgZw==,Magicbricks,https://www.magicbricks.com/property-details/3-BHK-1585-Sq-ft-Multistorey-Apartment-FOR-Rent-Kirlampudi-Layout-in-Visakhapatnam&id=4d423437333534363331,2026-04-19 13:52:16,17.7208709,83.3315104,,Kirlampudi Layout,"Visakhapatnam, Andhra Pradesh",19202|Systems Design,,,Apartment,Semi-Furnished,2,5,,1585,Sq-ft,15 to 20 years,"Grab the chance to own this affordable 3 BHK flat for rent in the Kirlampudi Layout area. The rent of the 3 BHK flat is ₹27,000. The residents of the flat have access to additional facilities such as 1 AC and 4 Wardrobe. Located on the 2 floor, the flat has 3 bathrooms, 4 balcony in carpet area of 1400 sqft. You will also find 1 Covered parking facility. The apartment is located at Kirlampudi Layout, Visakhapatnam, Andhra Pradesh. There are no brokerage fees on this 3 BHK multistorey apartment.",27000,,,17,3,1 Covered,No,No,No,,False,False,Owner,45,Immediately,2026-03-13T21:30:39.000Z,"Mar 14, '26",True
vykIzvGeoURzpSvf+uAgZw==,Magicbricks,https://www.magicbricks.com/property-details/3-BHK-1800-Sq-ft-Multistorey-Apartment-FOR-Rent-Panduranga-Puram-in-Visakhapatnam&id=4d423833323938343339,2026-04-19 13:52:16,17.71412,83.32245,,manju,janani residency,,,,Apartment,Semi-Furnished,2,6,,1800,Sq-ft,New Construction,"If you are planning to rent a flat, you can consider this 3 BHK flat situated in the prime location of Panduranga Puram. The 3 BHK apartment is available at a reasonable rent of ₹37,000. The flat is on the 2 floor and includes 3 bathrooms, 5 balcony with a carpet area of 1500 sqft. The address is janani residency, Panduranga Puram, Visakhapatnam, Andhra Pradesh. This 3 BHK rental flat comes with no brokerage fees.",37000,,,21,3,,No,No,No,,False,False,Owner,56,Immediately,2026-02-07T02:10:48.000Z,"Feb 07, '26",True
FPTugRRLgVZzpSvf+uAgZw==,Magicbricks,https://www.magicbricks.com/property-details/3-BHK-1300-Sq-ft-Multistorey-Apartment-FOR-Rent-Akkayyapalem-in-Visakhapatnam&id=4d423734313232323731,2026-04-19 13:52:16,17.7367389,83.3000947,,Akkayyapalem,"Visakhapatnam, Andhra Pradesh",,,,Apartment,Semi-Furnished,1,4,,1300,Sq-ft,,"Multistorey apartment is available for rent. It is a good location property. Please contact for more details. A beautiful 3 BHK flat is available for rent in Akkayyapalem. The flat is available for rent at a competitive amount of ₹35,000. This flat is located at Akkayyapalem, Visakhapatnam, Andhra Pradesh. There are no brokerage fees on this 3 BHK multistorey apartment.",35000,,,27,3,,No,No,No,,False,False,Owner,53,Immediately,2026-02-08T21:32:53.000Z,"Feb 09, '26",True
4Ksj3txzRiBzpSvf+uAgZw==,Magicbricks,https://www.magicbricks.com/property-details/3-BHK-1480-Sq-ft-Multistorey-Apartment-FOR-Rent-Akkayyapalem-in-Visakhapatnam&id=4d423832333635373431,2026-04-19 13:52:16,17.7367389,83.3000947,,Akkayyapalem,Flat No 401 NGGOs Colony Akkayyapalem,,,,Apartment,Semi-Furnished,4,4,East,1480,Sq-ft,5 to 10 years,"3 BHK apartment is available on rent in Akkayyapalem Visakhapatnam right away. The 3 BHK apartment is available at a reasonable rent of ₹30,000. The apartment is on the 4 floor, has a carpet area of 1650 sqft with 3 bathrooms and 2 balcony. The residence includes reserved parking, security. Visit the flat at Flat No 401 NGGOs Colony Akkayyapalem, Akkayyapalem, Visakhapatnam, Andhra Pradesh. This is a no-brokerage flat because the owner has posted the ad on this 3 BHK apartment.",30000,,,20,3,,No,No,No,,False,False,Owner,71,Immediately,2026-02-03T21:30:40.000Z,"Feb 04, '26",True
EEC5wCuV9idzpSvf+uAgZw==,Magicbricks,https://www.magicbricks.com/property-details/3-BHK-1800-Sq-ft-Multistorey-Apartment-FOR-Rent-in-Visakhapatnam&id=4d423833363430363433,2026-04-19 13:52:16,,,,jaya prakash koneti,national highway geological servey of India backside near rto office madhavadhara vuda colony beside Sree pada college,,,,Apartment,Furnished,1,4,East,1800,Sq-ft,New Construction,"this property is 3bhk You can avail the 3 BHK flat for rent in the well-known location of Madhavadhara rto office. The 3 BHK apartment is available at a reasonable rent of ₹40,000. The flat is on the 1 floor and includes 3 bathrooms, 3 balcony with a carpet area of 1700 sqft. This 3 BHK flat is directly posted by the owner, so you don't need to pay any brokerage on this property.",40000,,,22,3,,No,No,No,,False,False,Owner,61,Immediately,2026-03-05T02:51:56.000Z,"Mar 05, '26",True
clMwVvVRyuBzpSvf+uAgZw==,Magicbricks,https://www.magicbricks.com/property-details/3-BHK-1650-Sq-ft-Multistorey-Apartment-FOR-Rent-Gajuwaka-in-Visakhapatnam&id=4d423833353036383139,2026-04-19 13:52:16,17.688112,83.213121,,Npk,"Visakhapatnam, Andhra Pradesh",19202|Timpany Steel City School,,,Apartment,Semi-Furnished,7,16,East,1650,Sq-ft,New Construction,"hi fi society If you are searching a 3 BHK apartment for rent in Gajuwaka, check out this amazing rental flat. This 3 BHK flat is available at the reasonable rent amount of ₹32,000. The flat is located on the 7 floor which includes 3 bathrooms, 2 balcony, and covers a covered area of 1650 sqft. The building has 16 floor and offers Kids play area, Kids Club, Kids Play Pool With Water Slides amenities. This home provides power back up, reserved parking, security, service/goods lift, air conditioned, intercom facility. The flat can be visited at No:104/2, Next to Lanka Ground, NH-16, Gajuwaka, Visakhapatnam. This is a no-brokerage flat because the owner has posted the ad on this 3 BHK apartment.",32000,,3000,19,3,,No,No,No,"Air Conditioned, Banquet Hall, Bar/Lounge, Jogging and Strolling Track",False,False,Owner,76,Immediately,2026-02-21T17:17:16.000Z,"Feb 21, '26",True
LQ4cobTxMD5zpSvf+uAgZw==,Magicbricks,https://www.magicbricks.com/property-details/3-BHK-1500-Sq-ft-Multistorey-Apartment-FOR-Rent-Madhurwada-in-Visakhapatnam&id=4d423833333134333737,2026-04-19 13:52:16,17.8224722,83.3522229,,Madhurawada,"Visakhapatnam, Andhra Pradesh",19202|APSWR Centre of Excellence,,,Apartment,Furnished,15,15,,1500,Sq-ft,,"A multistorey apartment is available for rent. It is a good location. Please contact for more details. Find 3 BHK flat for rent in Madhurwada Visakhapatnam. The apartment is available at an affordable rental price of ₹40,000. The flat can be visited at 1-49, NH16, Vasundhara Nagar, Pothinamallayya Palem, Visakhapatnam, Andhra Pradesh . There are no brokerage fees on this 3 BHK multistorey apartment.",40000,,,27,2,,No,No,No,,False,False,Owner,33,Immediately,2026-02-08T08:00:19.000Z,"Feb 08, '26",True
XF2LD0Vdow9zpSvf+uAgZw==,Magicbricks,https://www.magicbricks.com/property-details/3-BHK-1870-Sq-ft-Multistorey-Apartment-FOR-Rent-Madavadhara-in-Visakhapatnam&id=4d423832343038373831,2026-04-19 13:52:16,17.7458131,83.2639812,,Madhavadhara,"Visakhapatnam, Andhra Pradesh",,,,Apartment,Furnished,7,9,East,1870,Sq-ft,New Construction,"Find this 3 BHK rental flat in Madavadhara Visakhapatnam. Available at a rental price of ₹40,000, this 3 BHK flat is worth considering. The apartment is on the 7 floor, has a covered area of 1870 sqft with 3 bathrooms and 3 balcony. This home provides power back up, reserved parking, security, service/goods lift. You can visit the flat at Madhavadhara, Visakhapatnam. There are no brokerage fees on this 3 BHK multistorey apartment.",40000,,,21,3,,Yes,No,No,"Service/Goods Lift, Laundry Service, Jogging and Strolling Track",False,True,Owner,71,Immediately,2026-02-27T23:34:39.000Z,"Feb 28, '26",True
sFRGH3MCBBRzpSvf+uAgZw==,Magicbricks,https://www.magicbricks.com/property-details/2-BHK-1050-Sq-ft-Multistorey-Apartment-FOR-Rent-in-Visakhapatnam&id=4d423834323233363839,2026-04-19 13:52:16,,,,Shyam Kumar,"Visakhapatnam, Andhra Pradesh",,,,Apartment,Semi-Furnished,5,5,,,,New Construction,"You can explore this 2 BHK flat on rent in Visakhapatnam. The flat is available for rent at a competitive amount of ₹10,000. Located on the 5 floor, the flat has 2 bathrooms, 1 balcony in carpet area of 1050 sqft. There are no brokerage fees on this 2 BHK multistorey apartment.",10000,,,,2,,No,No,No,,False,False,Owner,28,Immediately,2026-04-13T17:20:27.000Z,"Apr 13, '26",True
gdBFvU+6HhdzpSvf+uAgZw==,Magicbricks,https://www.magicbricks.com/property-details/2-BHK-1000-Sq-ft-Multistorey-Apartment-FOR-Rent-East-Point-Colony-in-Visakhapatnam&id=4d423832383834333733,2026-04-19 13:52:16,17.7269882,83.3381926,,East Point Colony,"Visakhapatnam, Andhra Pradesh",,,,Apartment,Semi-Furnished,1,4,,1000,Sq-ft,Above 20 years,"If you are planning to rent a flat, you can consider this 2 BHK flat situated in the prime location of East Point Colony. You can get this flat at monthly rent of ₹25,000. Located on the 1 floor, the flat has 2 bathrooms, 3 balcony in carpet area of 1000 sqft. The flat can be visited at East Point Colony, Visakhapatnam, Andhra Pradesh. You can find the 2 BHK flat without any brokerage.",25000,50000,2000,25,2,,No,No,No,,False,False,Owner,36,Immediately,2026-03-21T21:30:35.000Z,"Mar 22, '26",True
C/unCBUUyQ9zpSvf+uAgZw==,Magicbricks,https://www.magicbricks.com/property-details/2-BHK-1050-Sq-ft-Multistorey-Apartment-FOR-Rent-Atchutapuram-in-Visakhapatnam&id=4d423834323530373439,2026-04-19 13:52:16,17.564011,82.979093,,nani,"Visakhapatnam, Andhra Pradesh",,,,Apartment,Semi-Furnished,1,5,,1050,Sq-ft,,"You can explore this 2 BHK flat on rent in Atchutapuram Visakhapatnam. The apartment is available at an affordable rental price of ₹8,000. Visit the flat at Atchutapuram, Visakhapatnam, Andhra Pradesh. The owner has posted this 2 BHK flat for rent, so the brokerage fees is zero on this multistorey apartment.",8000,,,8,2,,No,No,No,,False,False,Owner,31,Immediately,2026-04-15T11:41:45.000Z,"Apr 15, '26",True
GhqTQbozbO5zpSvf+uAgZw==,Magicbricks,https://www.magicbricks.com/property-details/2-BHK-900-Sq-ft-Multistorey-Apartment-FOR-Rent-Santhipuram-in-Visakhapatnam&id=4d423834313138303039,2026-04-19 13:52:16,17.736515,83.30543,,Murali Krishna,"Visakhapatnam, Andhra Pradesh",,,,Apartment,Semi-Furnished,1,4,West,,,10 to 15 years,"Multistorey apartment is available for rent. Well maintained, with AC's, geyser, electrical fittings etc. Grab the chance to own this affordable 2 BHK flat for rent in the Santhipuram area. The multistorey apartment is available at rent of ₹19,000. The apartment is on the 1 floor, has a carpet area of 900 sqft with 2 bathrooms and 3 balcony. This flat is fitted with security, air conditioned. The address is Santhipuram, Visakhapatnam, Andhra Pradesh. The brokerage amount of the 2 BHK apartment is zero.",19000,38000,,,2,,No,No,Yes,Air Conditioned,True,False,Owner,71,Immediately,2026-04-07T08:07:01.000Z,"Apr 07, '26",True
8EvRikrbgclzpSvf+uAgZw==,Magicbricks,https://www.magicbricks.com/property-details/2-BHK-1050-Sq-ft-Multistorey-Apartment-FOR-Rent-Kurmannapalem-in-Visakhapatnam&id=4d423832363937373033,2026-04-19 13:52:16,17.698036,83.15954,,Kurmannapalem,"Gajuwaka,Visakhapatnam",,,,Apartment,Semi-Furnished,5,13,East,1050,Sq-ft,New Construction,"Find this 2 BHK rental flat in Kurmannapalem Visakhapatnam. You can get this flat at monthly rent of ₹16,000. Get access to smart facilities such as 2 Wardrobe simply by choosing this flat for rent. Located on the 5 floor, the flat comprises 2 bathrooms, 1 balcony, and has a covered area of 1050 sqft. 504 Covered parking facility are also available. The building has 13 floor and offers Kids play area amenities. This property offers power back up, reserved parking, security. Visit the flat at On Duvvada Railway Station Road, Opposite ICICI Bank,Kurmannapalem,Gajuwaka, Visakhapatnam.. This is a no-brokerage flat because the owner has posted the ad on this 2 BHK apartment.",16000,35000,0,15,2,504 Covered,Yes,No,No,Jogging and Strolling Track,True,True,Owner,95,Immediately,2026-04-05T23:38:04.000Z,"Apr 06, '26",True
rSz4dUqs41dzpSvf+uAgZw==,Magicbricks,https://www.magicbricks.com/property-details/2-BHK-999-Sq-ft-Multistorey-Apartment-FOR-Rent-Gopalpatnam-in-Visakhapatnam&id=4d423630373432323431,2026-04-19 13:52:16,17.7487115,83.2198151,,Gopalpatnam,"Gopalapatnam, Visakhapatnam",,,,Apartment,Furnished,2,3,South,999,Sq-ft,5 to 10 years,"A beautiful 2 BHK flat is available for rent in Gopalpatnam. This 2 BHK flat can be availed at the rental price of ₹8,000. The flat is on the 2 floor and includes 2 bathrooms, 2 balcony with a carpet area of 1000 sqft. This unit features reserved parking, visitor parking. Find this apartment at Gopalapatnam, Visakhapatnam, Gopalpatnam, Visakhapatnam, Andhra Pradesh. The brokerage amount of the 2 BHK apartment is zero.",8000,16000,500,8,2,,No,No,No,"Visitor Parking, Jogging and Strolling Track, Island Kitchen Layout",True,True,Owner,77,Select Date,2026-03-27T23:31:52.000Z,"Mar 28, '26",True
cYPGEwfCuDhzpSvf+uAgZw==,Magicbricks,https://www.magicbricks.com/property-details/2-BHK-1200-Sq-ft-Multistorey-Apartment-FOR-Rent-Seethammadhara-in-Visakhapatnam&id=4d423439333637343935,2026-04-19 13:52:16,17.7429031,83.3081172,,Seethammadhara,"Visakhapatnam, Andhra Pradesh",,,,Apartment,Furnished,4,6,,1200,Sq-ft,5 to 10 years,"Find 2 BHK flat for rent in Seethammadhara Visakhapatnam. This 2 BHK flat can be availed at the rental price of ₹25,000. There is also facility of 1 Covered parking. Visit the flat at Seethammadhara, Visakhapatnam, Andhra Pradesh. This 2 BHK apartment ad is listed by the owner, so there is no brokerage fee.",25000,75000,,21,2,1 Covered,No,No,No,,False,False,Owner,39,Immediately,2026-04-05T21:30:36.000Z,"Apr 06, '26",True
BRpD5kL0lj1zpSvf+uAgZw==,Magicbricks,https://www.magicbricks.com/property-details/2-BHK-1200-Sq-ft-Multistorey-Apartment-FOR-Rent-in-Visakhapatnam&id=4d423833373835303437,2026-04-19 13:52:16,,,,venki samba05,"Vepagunta, Visakhapatnam",,,,Apartment,Semi-Furnished,2,2,East,1200,Sq-ft,Less than 5 years,"this is an individual house in the 2nd floor of a 2 floor building, perfect for family. even working bachelors are allowed 2 persona only. Sofa, dining table, geyser, tall unit and dressing table are available.",10000,,,8,2,,No,No,No,,False,False,Owner,66,Immediately,2026-03-14T14:13:39.000Z,"Mar 14, '26",True
5H7VRJDaAuFzpSvf+uAgZw==,Magicbricks,https://www.magicbricks.com/property-details/2-BHK-1000-Sq-ft-Multistorey-Apartment-FOR-Rent-in-Visakhapatnam&id=4d423834303832393939,2026-04-19 13:52:16,,,,srinivas teki,"Dwarakanagar, Visakhapatnam",,,,Apartment,Semi-Furnished,Ground,6,North,1000,Sq-ft,15 to 20 years,"If you are planning to rent a flat, you can consider this 2 BHK flat situated in the prime location of Dwarkanagar. The Rent amount of this 2 BHK apartment is set at an attractive price of ₹14,500. The apartment is on the Ground floor, has a carpet area of 800 sqft with 2 bathrooms and 1 balcony. This 2 BHK apartment ad is listed by the owner, so there is no brokerage fee.",14500,,,14,2,,No,No,No,,False,False,Owner,35,Select Date,2026-04-05T06:28:53.000Z,"Apr 05, '26",True
Lrlp6sXbNdtzpSvf+uAgZw==,Magicbricks,https://www.magicbricks.com/property-details/2-BHK-1100-Sq-ft-Multistorey-Apartment-FOR-Rent-Kurmannapalem-in-Visakhapatnam&id=4d423833393935343831,2026-04-19 13:52:16,17.698036,83.15954,,Kurmannapalem,"flat  no 104 , rajeswari enclave",,,,Apartment,Furnished,1,5,,1100,Sq-ft,5 to 10 years,"Find 2 BHK flat for rent in Kurmannapalem Visakhapatnam. The flat is available for rent at a competitive amount of ₹18,000. Additional amenities available with the flat are 2 Wardrobe, 1 Bed, 1 TV, Fridge, 1 AC, Sofa, Washing Machine and Dining Table. The full address of the apartment is flat no 104 , rajeswari enclave, Kurmannapalem, Visakhapatnam, Andhra Pradesh. The brokerage amount of the 2 BHK apartment is zero.",18000,36000,1000,16,2,,No,No,No,,False,False,Owner,38,Immediately,2026-03-30T09:48:22.000Z,"Mar 30, '26",True
B/l5+W2rachzpSvf+uAgZw==,Magicbricks,https://www.magicbricks.com/property-details/2-BHK-1280-Sq-ft-Multistorey-Apartment-FOR-Rent-Madhurwada-in-Visakhapatnam&id=4d423833373733343339,2026-04-19 13:52:16,17.8224722,83.3522229,,Madhurawada,Madhurwada,19202|APSWR Centre of Excellence,,,Apartment,Semi-Furnished,12,15,West,1280,Sq-ft,New Construction,"You can explore this 2 BHK flat on rent in Madhurwada Visakhapatnam. This 2 BHK flat is available at the reasonable rent amount of ₹19,000. The flat is on the 12 floor and includes 2 bathrooms, 3 balcony with a covered area of 1280 sqft. The property features power back up, reserved parking, security, service/goods lift, intercom facility, ro water system. This flat is located at 11 100 FT IT PARK ROAD INDIABULLS REAL ESTATE, 120, Midhilapuri Vuda Colony, Madhurawada, Visakhapatnam, Andhra Pradesh. Do not pay any brokerage fee for this 2 BHK rental flat since the property ad is posted by the flat owner.",19000,,4000,15,2,,Yes,No,No,"Service/Goods Lift, Internet/Wi-Fi Connectivity, RO Water System, Jogging and Strolling Track",False,True,Owner,74,Immediately,2026-04-10T23:31:18.000Z,"Apr 11, '26",True
dxBWfO7loF9zpSvf+uAgZw==,Magicbricks,https://www.magicbricks.com/property-details/2-BHK-1100-Sq-ft-Multistorey-Apartment-FOR-Rent-in-Visakhapatnam&id=4d423532373537313433,2026-04-19 13:52:16,,,,padma,"f. no. 103, isukathota, krishna mandir road",,,,Apartment,Semi-Furnished,1,4,North,,,5 to 10 years,"very spacious ,well ventilated, with car parking, and 24 hrs water facility. very near to banks, hospitals and market. Check out this newly constructed 2 BHK flat on rent in the prime location of sri varaha narashima enclave iv Visakhapatnam. This 2 BHK flat can be availed at the rental price of ₹10,500. The flat is on the 1 floor and includes 2 bathrooms, 2 balcony with a carpet area of 1100 sqft. This flat is fitted with reserved parking. You can find the 2 BHK flat without any brokerage.",10500,21000,750,,2,,No,No,No,,False,False,Owner,51,Immediately,2026-03-13T12:59:25.000Z,"Mar 13, '26",True
Qcjya7VAw3FzpSvf+uAgZw==,Magicbricks,https://www.magicbricks.com/property-details/2-BHK-1040-Sq-ft-Multistorey-Apartment-FOR-Rent-in-Visakhapatnam&id=4d423533343534343637,2026-04-19 13:52:16,,,,Ganesh ganesh,204.,,,,Apartment,Semi-Furnished,2,5,,,,5 to 10 years,"2 BHK flat is available for rent in Pothulamallayyapalem immediately. Available at a rental price of ₹10,000, this 2 BHK flat is worth considering. The apartment is on the 2 floor, has a carpet area of 1040 sqft with 2 bathrooms and 2 balcony. This 2 BHK flat is directly posted by the owner, so you don't need to pay any brokerage on this property.",10000,,900,,2,,No,No,No,,False,False,Owner,36,Immediately,2026-03-07T21:30:41.000Z,"Mar 08, '26",True
7aenkO/kk/JzpSvf+uAgZw==,Magicbricks,https://www.magicbricks.com/property-details/2-BHK-1000-Sq-ft-Multistorey-Apartment-FOR-Rent-Rama-Talkies-Road-in-Visakhapatnam&id=4d423833373431353437,2026-04-19 13:52:16,17.72771,83.31152,,Archita Adhikarla,"Sri Nagar, Visakhapatnam",,,,Apartment,Semi-Furnished,2,3,,1000,Sq-ft,New Construction,"If you are searching a 2 BHK apartment for rent in Rama Talkies Road, check out this amazing rental flat. The apartment is available at an affordable rental price of ₹17,000. The flat is on the 2 floor and includes 2 bathrooms, 1 balcony with a carpet area of 1000 sqft. Visit the flat at Sri Nagar, Visakhapatnam, Rama Talkies Road, Visakhapatnam, Andhra Pradesh. You can find the 2 BHK flat without any brokerage.",17000,,,17,2,,No,No,No,,False,True,Owner,53,Immediately,2026-04-01T10:11:40.000Z,"Apr 01, '26",True
BET7mwYcP49zpSvf+uAgZw==,Magicbricks,https://www.magicbricks.com/property-details/2-BHK-1280-Sq-ft-Multistorey-Apartment-FOR-Rent-Madhurwada-in-Visakhapatnam&id=4d423833383639323339,2026-04-19 13:52:16,17.8224722,83.3522229,,Madhurawada,madhurwada,19202|APSWR Centre of Excellence,,,Apartment,Semi-Furnished,12,15,,1280,Sq-ft,New Construction,"If you are searching a 2 BHK apartment for rent in Madhurwada, check out this amazing rental flat. This 2 BHK flat can be availed at the rental price of ₹21,000. The apartment is on the 12 floor, has a covered area of 1280 sqft with 2 bathrooms and 3 balcony. The flat can be visited at 11 100 FT IT PARK ROAD INDIABULLS REAL ESTATE, 120, Midhilapuri Vuda Colony, Madhurawada, Visakhapatnam, Andhra Pradesh. This is a no-brokerage flat because the owner has posted the ad on this 2 BHK apartment.",21000,,4000,16,2,,No,No,No,,False,False,Owner,53,Immediately,2026-03-20T02:55:47.000Z,"Mar 20, '26",True
nz9dZhHcnz5zpSvf+uAgZw==,Magicbricks,https://www.magicbricks.com/property-details/2-BHK-1100-Sq-ft-Multistorey-Apartment-FOR-Rent-in-Visakhapatnam&id=4d423832373939343135,2026-04-19 13:52:16,,,,Tulasi Bandaru,"Visakhapatnam, Andhra Pradesh",,,,Apartment,Furnished,3,4,,1100,Sq-ft,,"Multistorey apartment is available for rent. It is a good location property. Please contact for more details. 2 BHK flat is available for rent in VGSS CASTLE immediately. Available at a rental price of ₹21,000, this 2 BHK flat is worth considering. Do not pay any brokerage fee for this 2 BHK rental flat since the property ad is posted by the flat owner.",21000,,,19,2,,No,No,No,,False,False,Owner,33,Immediately,2026-04-11T21:32:04.000Z,"Apr 12, '26",True
Sp8ctWNyIdtzpSvf+uAgZw==,Magicbricks,https://www.magicbricks.com/property-details/2-BHK-1400-Sq-ft-Multistorey-Apartment-FOR-Rent-Railway-New-Colony-in-Visakhapatnam&id=4d423833373835313331,2026-04-19 13:52:16,17.724325,83.296102,,Railway New Colony,"Visakhapatnam, Andhra Pradesh",19206|Big Bazaar,,,Apartment,Semi-Furnished,3,4,,1400,Sq-ft,Less than 5 years,"You can avail the 2 BHK flat for rent in the well-known location of Railway New Colony. The multistorey apartment is available at rent of ₹18,500. 2 Wardrobe are some of the additional amenities available with the apartment. Located on the 3 floor, the flat has 2 bathrooms, 2 balcony in carpet area of 1100 sqft. The full address of the apartment is Railway New Colony, Visakhapatnam, Andhra Pradesh. Do not pay any brokerage fee for this 2 BHK rental flat since the property ad is posted by the flat owner.",18500,55000,2000,13,2,,No,No,No,,False,False,Owner,36,Immediately,2026-03-14T14:25:38.000Z,"Mar 14, '26",True
loBCEyiNAktzpSvf+uAgZw==,Magicbricks,https://www.magicbricks.com/property-details/2-BHK-1000-Sq-ft-Multistorey-Apartment-FOR-Rent-Atchutapuram-in-Visakhapatnam&id=4d423833303538393339,2026-04-19 13:52:16,17.564011,82.979093,,K V XSRINIVASU,"Visakhapatnam, Andhra Pradesh",,,,Apartment,Furnished,Ground,5,,1000,Sq-ft,,"2 BHK flat is available for rent in Atchutapuram immediately. The rent of the 2 BHK flat is ₹9,000. Visit the apartment at Atchutapuram, Visakhapatnam, Andhra Pradesh. This is a no-brokerage flat, as the owner is offering this 2 BHK flat on rent.",9000,,,9,2,,No,No,No,,False,False,Owner,0,Immediately,2026-04-08T09:14:54.000Z,"Apr 08, '26",True
9Sv6nhCDKs9zpSvf+uAgZw==,Magicbricks,https://www.magicbricks.com/property-details/2-BHK-1100-Sq-ft-Multistorey-Apartment-FOR-Rent-Sontyam-in-Visakhapatnam&id=4d423833383333303631,2026-04-19 13:52:16,17.85393,83.2749443,,Sontyam,8-85 Sontyam road,,,,Apartment,Unfurnished,3,3,East,1100,Sq-ft,New Construction,"connectivity with hiway You can avail the 2 BHK flat for rent in the well-known location of Sontyam. ₹13,000 is the monthly rent of this 2 BHK flat. Located on the 3 floor, the flat has 2 bathrooms, 2 balcony in carpet area of 1000 sqft. The property features reserved parking. The address is 8-85 Sontyam road, Sontyam, Visakhapatnam, Andhra Pradesh. The brokerage amount of the 2 BHK apartment is zero.",13000,50000,0,12,2,,No,No,No,,False,False,Owner,75,Immediately,2026-03-18T07:12:32.000Z,"Mar 18, '26",True
GZpTQStme9NzpSvf+uAgZw==,Magicbricks,https://www.magicbricks.com/property-details/2-BHK-1100-Sq-ft-Multistorey-Apartment-FOR-Rent-Annavaram-in-Visakhapatnam&id=4d423635393332313935,2026-04-19 13:52:16,17.6269505,82.8876361,,Annavaram,Annavaram,,,,Apartment,Unfurnished,4,5,East,1100,Sq-ft,Less than 5 years,"2 BHK apartment is available on rent in Annavaram Visakhapatnam right away. The 2 BHK apartment is available at a reasonable rent of ₹12,000. The apartment is on the 4 floor, has a carpet area of 1000 sqft with 2 bathrooms and 2 balcony. The flat comes with power back up, reserved parking, security, service/goods lift, air conditioned, visitor parking. This 2 BHK rental flat comes with no brokerage fees.",12000,72000,1000,11,2,,Yes,No,No,"Service/Goods Lift, Air Conditioned, Visitor Parking, Laundry Service",False,False,Owner,69,Immediately,2026-03-29T21:32:00.000Z,"Mar 30, '26",True
JB1wqQggp6FzpSvf+uAgZw==,Magicbricks,https://www.magicbricks.com/property-details/2-BHK-700-Sq-ft-Multistorey-Apartment-FOR-Rent-in-Visakhapatnam&id=4d423535333033313335,2026-04-19 13:52:16,,,,chandan adhikary,"Visakhapatnam, Andhra Pradesh",,,,Apartment,,,,,700,Sq-ft,,"Grab the chance to own this affordable 2 BHK flat for rent in the Near Ramakrishna beach area. You can get this flat at monthly rent of ₹6,000. Do not pay any brokerage fee for this 2 BHK rental flat since the property ad is posted by the flat owner.",6000,,,9,,,No,No,No,,False,False,Owner,14,Immediately,2026-03-31T04:03:13.000Z,"Mar 31, '26",True
ZeSlkbdsLJpzpSvf+uAgZw==,Magicbricks,https://www.magicbricks.com/property-details/2-BHK-1024-Sq-ft-Multistorey-Apartment-FOR-Rent-Sheelanagar-in-Visakhapatnam&id=4d423733393130353635,2026-04-19 13:52:16,17.718522,83.1983904,,Sheelanagar,"Visakhapatnam, Andhra Pradesh",,,,Apartment,Unfurnished,4,5,,1024,Sq-ft,10 to 15 years,"2 BHK apartment is available on rent in Sheelanagar Visakhapatnam right away. Available at a rental price of ₹13,000, this 2 BHK flat is worth considering. The flat is located on the 4 floor which includes 2 bathrooms, 1 balcony, and covers a carpet area of 980 sqft. There are no brokerage fees on this 2 BHK multistorey apartment.",13000,13000,,13,2,,No,No,No,,False,False,Owner,36,Immediately,2026-03-31T04:07:16.000Z,"Mar 31, '26",True
kkSIQtuJ911zpSvf+uAgZw==,Magicbricks,https://www.magicbricks.com/property-details/2-BHK-1100-Sq-ft-Multistorey-Apartment-FOR-Rent-in-Visakhapatnam&id=4d423534353234353535,2026-04-19 13:52:16,,,,Hameed,"Visakhapatnam, Andhra Pradesh",,,,Apartment,Furnished,5,6,,1100,Sq-ft,,"You can avail the 2 BHK flat for rent in the well-known location of Kotha Road Visakhapatnam. The rent of the 2 BHK flat is ₹15,000. This 2 BHK apartment ad is listed by the owner, so there is no brokerage fee.",15000,,,14,2,,No,No,No,,False,False,Owner,0,Immediately,2026-04-03T21:32:15.000Z,"Apr 04, '26",True
3nyI6MKx6B5zpSvf+uAgZw==,Magicbricks,https://www.magicbricks.com/property-details/2-BHK-950-Sq-ft-Builder-Floor-Apartment-FOR-Rent-Gajuwaka-in-Visakhapatnam&id=4d423834303038313137,2026-04-19 13:52:16,17.688112,83.213121,,Rani,"Visakhapatnam, Andhra Pradesh",19202|Timpany Steel City School,,,Builder Floor Apartment,Unfurnished,1,4,,950,Sq-ft,,"You can explore this 2 BHK flat on rent in Gajuwaka Visakhapatnam. This 2 BHK flat can be availed at the rental price of ₹5,500. The flat can be visited at Gajuwaka, Visakhapatnam, Andhra Pradesh. This is a no-brokerage flat, as the owner is offering this 2 BHK flat on rent.",5500,,,6,2,,No,No,No,,False,False,Owner,0,Immediately,2026-03-31T09:33:25.000Z,"Mar 31, '26",True
tOWdCXEUjzRzpSvf+uAgZw==,Magicbricks,https://www.magicbricks.com/property-details/2-BHK-1171-Sq-ft-Multistorey-Apartment-FOR-Rent-Gajwaka-Jn.-in-Visakhapatnam&id=4d423437303431383139,2026-04-19 13:52:16,17.7,83.2167,,Gajwaka Jn.,"Visakhapatnam, Andhra Pradesh",,,,Apartment,Semi-Furnished,5,8,,1171,Sq-ft,,"Find this 2 BHK rental flat in Gajwaka Jn. Visakhapatnam. You can get this flat at monthly rent of ₹10,000. This flat is located at Gajuwaka Jn., Visakhapatnam.. This 2 BHK apartment ad is listed by the owner, so there is no brokerage fee.",10000,,,9,2,,No,No,No,,False,False,Owner,0,Immediately,2026-03-22T07:54:45.000Z,"Mar 22, '26",True
VJhwaVt3aLpzpSvf+uAgZw==,Magicbricks,https://www.magicbricks.com/property-details/2-BHK-980-Sq-ft-Multistorey-Apartment-FOR-Rent-in-Visakhapatnam&id=4d423739323338303037,2026-04-19 13:52:16,,,,Kadiyam Kalki Bhagavan,"Dharmapuri Colony Road, PM Palem, Madhurawada, Visakhapatnam",,,,Apartment,Furnished,Ground,4,West,980,Sq-ft,Less than 5 years,"Property is in the prime location near to schools, colleges, Malls, Market and Highway. If you are searching a 2 BHK apartment for rent in PM Palem, Visakhapatnam, check out this amazing rental flat. The apartment is available at an affordable rental price of ₹22,500. The apartment is on the Ground floor, has a covered area of 980 sqft with 2 bathrooms and 1 balcony. There is also facility of 1 Covered parking. The property features power back up, reserved parking, security. This is a no-brokerage flat because the owner has posted the ad on this 2 BHK apartment.",22500,,,23,2,1 Covered,No,No,No,,False,False,Owner,86,Immediately,2026-02-18T13:19:40.000Z,"Feb 18, '26",True
q5yXoYo2/dFzpSvf+uAgZw==,Magicbricks,https://www.magicbricks.com/property-details/2-BHK-1175-Sq-ft-Multistorey-Apartment-FOR-Rent-Gajwaka-Jn.-in-Visakhapatnam&id=4d423830373333343035,2026-04-19 13:52:16,17.7,83.2167,,Gajwaka Jn.,"flat no 505, splendor tower",,,,Apartment,Unfurnished,5,5,,1175,Sq-ft,5 to 10 years,"You can avail the 2 BHK flat for rent in the well-known location of Gajwaka Jn.. Available at a rental price of ₹11,699, this 2 BHK flat is worth considering. The flat is on the 5 floor and includes 2 bathrooms, 1 balcony with a covered area of 1175 sqft. The property has 5 floor and is equipped with Kids Play Pool With Water Slides facilities. Visit the apartment at Gajwaka Jn., Visakhapatnam.. This 2 BHK rental flat comes with no brokerage fees.",11699,50000,1500,10,2,,No,No,No,"Banquet Hall, Jogging and Strolling Track",False,True,Owner,65,Immediately,2026-02-16T22:30:37.000Z,"Feb 17, '26",True
+Hx8nkY36c5zpSvf+uAgZw==,Magicbricks,https://www.magicbricks.com/property-details/2-BHK-1050-Sq-ft-Multistorey-Apartment-FOR-Rent-KRM-Colony-in-Visakhapatnam&id=4d423735303431323735,2026-04-19 13:52:16,17.7399193,83.3178097,,KRM Colony,"Visakhapatnam, Andhra Pradesh",,,,Apartment,Unfurnished,1,5,,1050,Sq-ft,,"If you are searching a 2 BHK apartment for rent in KRM Colony, check out this amazing rental flat. The multistorey apartment is available at rent of ₹14,000. The apartment is located at KRM Colony, Visakhapatnam, Andhra Pradesh. There are no brokerage fees on this 2 BHK multistorey apartment.",14000,,,13,2,,No,No,No,,False,False,Owner,0,Immediately,2026-03-07T09:51:00.000Z,"Mar 07, '26",True
3QIB4whJINxzpSvf+uAgZw==,Magicbricks,https://www.magicbricks.com/property-details/2-BHK-925-Sq-ft-Multistorey-Apartment-FOR-Rent-Pothinamallayya-Palem-in-Visakhapatnam&id=4d423735303330303037,2026-04-19 13:52:16,17.8028841,83.3345424,,pavan,"Ff 4, ld residency.",,,,Apartment,Furnished,Ground,3,East,925,Sq-ft,10 to 15 years,"Fully furnished, ready to move in. inverter backup. Smart TV with DTH, Refrigerator, Window AC, Washing machine, Gas stove, 4 seater Dining table , Two beds with mattresses, sofa set with 3 1 1 seating along with centre table. 1st Flat in the building and good ventilation. This property is having 11 flats with cellar for bike parking. our flat is the first flat in ground floor.",14000,,,15,2,,No,No,No,,False,True,Owner,74,Immediately,2026-03-08T23:46:45.000Z,"Mar 09, '26",True
yvZOWpGvBEtzpSvf+uAgZw==,Magicbricks,https://www.magicbricks.com/property-details/2-BHK-1005-Sq-ft-Multistorey-Apartment-FOR-Rent-Kommadi-in-Visakhapatnam&id=4d423633343734343137,2026-04-19 13:52:16,17.8148389,83.3323582,,Kommadi,"402, b- block ayyappa nagar shiva shakti nagar road kommadi junction.",,,,Apartment,Semi-Furnished,4,4,West,,,New Construction,"New Property build on prime area of Kommadi which was Located close to Kommadi signal . Access to Tech Parks, IT SEZ, Close to Stadium , Close by Metro Wholesale. If you are searching a 2 BHK apartment for rent in Kommadi, check out this amazing rental flat. You can get this flat at monthly rent of ₹10,000. The flat is located on the 4 floor which includes 2 bathrooms, 2 balcony, and covers a carpet area of 1005 sqft. You will also find 402 Covered parking facility. This unit is designed with power back up, reserved parking, security. The flat can be visited at 402, b- block ayyappa nagar shiva shakti nagar road kommadi junction., Kommadi, Visakhapatnam, Andhra Pradesh. This is a no-brokerage flat, as the owner is offering this 2 BHK flat on rent.",10000,20000,1250,,2,402 Covered,No,No,No,,False,False,Owner,88,Immediately,2026-02-27T13:24:38.000Z,"Feb 27, '26",True
VAN+ac7sX2BzpSvf+uAgZw==,Magicbricks,https://www.magicbricks.com/property-details/5-BHK-3000-Sq-ft-Multistorey-Apartment-FOR-Rent-in-Visakhapatnam&id=4d423635303136313239,2026-04-19 13:52:16,,,,LaxmiRajyam,"Visakhapatnam, Andhra Pradesh",,,,Apartment,,,,,3000,Sq-ft,,"You can explore this 5 BHK flat on rent in Marripalem VUDA LAYOUT Visakhapatnam. Available at a rental price of ₹40,000, this 5 BHK flat is worth considering. The brokerage amount of the 5 BHK apartment is zero.",40000,,,13,,,No,No,No,,False,False,Owner,17,Immediately,2026-03-28T21:32:06.000Z,"Mar 29, '26",True
sNxloeJtTdVzpSvf+uAgZw==,Magicbricks,https://www.magicbricks.com/property-details/5-BHK-4030-Sq-ft-Multistorey-Apartment-FOR-Rent-Siri-Puram-in-Visakhapatnam&id=4d423737383937393635,2026-04-19 13:52:16,17.720372,83.3168071,,Siri Puram,Seashells Enclave,,,,Apartment,Unfurnished,7,8,South,4030,Sq-ft,15 to 20 years,"You can explore this 5 BHK flat on rent in Siri Puram Visakhapatnam. This 5 BHK flat can be availed at the rental price of ₹70,000. The flat is on the 7 floor and includes 4 bathrooms, 1 balcony with a carpet area of 4030 sqft. This flat is fitted with power back up, reserved parking, security, air conditioned, visitor parking. The apartment is located at Seashells Enclave, Siri Puram, Visakhapatnam, Andhra Pradesh. The owner has posted this 5 BHK flat for rent, so the brokerage fees is zero on this multistorey apartment.",70000,210000,8000,17,4,,No,No,No,"Air Conditioned, Visitor Parking, Internet/Wi-Fi Connectivity, Bar/Lounge",False,True,Owner,75,Immediately,2026-04-16T23:46:48.000Z,"Apr 17, '26",True
5bRbCCwE6C5zpSvf+uAgZw==,Magicbricks,https://www.magicbricks.com/property-details/3-BHK-1800-Sq-ft-Multistorey-Apartment-FOR-Rent-in-Visakhapatnam&id=4d423831333030353635,2026-04-19 13:52:16,,,,Premanjan,"Visakhapatnam, Andhra Pradesh",,,,Apartment,Furnished,4,4,,1800,Sq-ft,,"You can explore this 3 BHK flat on rent in Lalitanagar, Visakhapatnam Visakhapatnam. The apartment is available at an affordable rental price of ₹35,000. This is a no-brokerage flat, as the owner is offering this 3 BHK flat on rent.",35000,,,19,3,,No,No,No,,False,False,Owner,26,Immediately,2026-02-19T10:29:34.000Z,"Feb 19, '26",True
IUFSdjOUGc1zpSvf+uAgZw==,Magicbricks,https://www.magicbricks.com/property-details/3-BHK-2200-Sq-ft-Multistorey-Apartment-FOR-Rent-in-Visakhapatnam&id=4d423833373839313333,2026-04-19 13:52:16,,,,Kommineni SomaShekhar,Beach Road,,,,Apartment,Semi-Furnished,9,10,South -West,2200,Sq-ft,5 to 10 years,"If you are planning to rent a flat, you can consider this 3 BHK flat situated in the prime location of Prathima apartments. The rent of the 3 BHK flat is ₹40,000. Located on the 9 floor, the flat has 3 bathrooms, 2 balcony in covered area of 2200 sqft. This flat is fitted with power back up, security, service/goods lift, visitor parking, intercom facility. The brokerage amount of the 3 BHK apartment is zero.",40000,,,18,3,,Yes,No,No,"Service/Goods Lift, Laundry Service, Internet/Wi-Fi Connectivity, Jogging and Strolling Track",False,False,Owner,79,Immediately,2026-03-15T07:20:58.000Z,"Mar 15, '26",True
FMXglkEGyNNzpSvf+uAgZw==,Magicbricks,https://www.magicbricks.com/property-details/3-BHK-1906-Sq-ft-Multistorey-Apartment-FOR-Rent-Madhurwada-in-Visakhapatnam&id=4d423830333831303435,2026-04-19 13:52:16,17.8224722,83.3522229,,Madhurawada, Madhurwada,19202|APSWR Centre of Excellence,,,Apartment,Semi-Furnished,1,17,North,1906,Sq-ft,New Construction,"3 BHK apartment is available on rent in Madhurwada Visakhapatnam right away. This 3 BHK flat is available at the reasonable rent amount of ₹26,000. Located on the 1 floor, the flat comprises 3 bathrooms, 1 balcony, and has a carpet area of 1680 sqft. This home provides power back up, security, service/goods lift. Find this apartment at Yendada, Madhurawada, Vishakhapatnam. This is a no-brokerage flat, as the owner is offering this 3 BHK flat on rent.",26000,,,14,3,,Yes,No,No,"Service/Goods Lift, Outdoor Tennis Courts",False,True,Owner,65,Immediately,2026-02-04T23:52:50.000Z,"Feb 05, '26",True
geeAKfmALeBzpSvf+uAgZw==,Magicbricks,https://www.magicbricks.com/property-details/3-BHK-2200-Sq-ft-Builder-Floor-Apartment-FOR-Rent-Daspalla-Hills-in-Visakhapatnam&id=4d423636393632303637,2026-04-19 13:52:16,17.715863,83.314133,,Anusha,"Visakhapatnam, Andhra Pradesh",,,,Builder Floor Apartment,Semi-Furnished,2,4,,2200,Sq-ft,15 to 20 years,"Grab the chance to own this affordable 3 BHK flat for rent in the Daspalla Hills area. The rent of the 3 BHK flat is ₹40,000. The flat comes with some add-on facilities such as 4 Wardrobe, 2 Bed, 1 TV, Fridge, Microwave, 3 AC, Washing Machine and Sofa. The flat is located on the 2 floor which includes 3 bathrooms, 4 balcony, and covers a carpet area of 1900 sqft. The apartment is located at Daspalla Hills, Visakhapatnam, Andhra Pradesh. This is a no-brokerage flat because the owner has posted the ad on this 3 BHK apartment.",40000,120000,1500,18,3,,No,No,No,,False,False,Owner,36,Immediately,2026-03-20T16:12:13.000Z,"Mar 20, '26",True
qXSJd0viMkFzpSvf+uAgZw==,Magicbricks,https://www.magicbricks.com/property-details/3-BHK-1480-Sq-ft-Builder-Floor-Apartment-FOR-Rent-Akkayyapalem-in-Visakhapatnam&id=4d423636323037373435,2026-04-19 13:52:16,17.7367389,83.3000947,,Akkayyapalem,"Visakhapatnam, Andhra Pradesh",,,,Builder Floor Apartment,Furnished,3,5,,1480,Sq-ft,,"You can explore this 3 BHK flat on rent in Akkayyapalem Visakhapatnam. The Rent amount of this 3 BHK apartment is set at an attractive price of ₹27,500. Find this apartment at Akkayyapalem, Visakhapatnam, Andhra Pradesh. Do not pay any brokerage fee for this 3 BHK rental flat since the property ad is posted by the flat owner.",27500,,,19,3,,No,No,No,,False,False,Owner,48,Immediately,2026-03-20T16:12:05.000Z,"Mar 20, '26",True
dd2cJGl+hDdzpSvf+uAgZw==,Magicbricks,https://www.magicbricks.com/property-details/3-BHK-1460-Sq-ft-Multistorey-Apartment-FOR-Rent-Madhurwada-in-Visakhapatnam&id=4d423833343732393237,2026-04-19 13:52:16,17.8224722,83.3522229,,Madhurawada,near Cinepolis it sez,19202|APSWR Centre of Excellence,,,Apartment,Furnished,Ground,6,,1460,Sq-ft,Less than 5 years,"Grab the chance to own this affordable 3 BHK flat for rent in the Madhurwada area. The 3 BHK apartment is available at a reasonable rent of ₹40,000. The flat is located on the Ground floor which includes 3 bathrooms, 2 balcony, and covers a covered area of 1460 sqft. The apartment is equipped with power back up, reserved parking, security, intercom facility, ro water system. The flat can be visited at Madhurawada, Visakhapatnam.. This 3 BHK flat is directly posted by the owner, so you don't need to pay any brokerage on this property.",40000,80000,2500,27,3,,No,No,No,"Intercom Facility, RO Water System, Banquet Hall, Conference Room",False,False,Owner,65,Immediately,2026-02-19T09:50:14.000Z,"Feb 19, '26",True
gpBchYF8Il1zpSvf+uAgZw==,Magicbricks,https://www.magicbricks.com/property-details/3-BHK-1730-Sq-ft-Multistorey-Apartment-FOR-Rent-Madhurwada-in-Visakhapatnam&id=4d423833363031333337,2026-04-19 13:52:16,17.8224722,83.3522229,,Madhurawada,"Visakhapatnam, Andhra Pradesh",19202|APSWR Centre of Excellence,,,Apartment,Furnished,1,5,West,1730,Sq-ft,New Construction,"If you are searching a 3 BHK apartment for rent in Madhurwada, check out this amazing rental flat. This 3 BHK flat can be availed at the rental price of ₹30,000. Located on the 1 floor, the flat has 3 bathrooms, 1 balcony in carpet area of 1185 sqft. The building comprises 5 floor and includes Kids play area features. The flat comes with power back up, intercom facility. The address is Sampath Nagar, Near Ujwal Hospital, Madhurawada, Visakhapatnam, Andhra Pradesh. There are no brokerage fees on this 3 BHK multistorey apartment.",30000,100000,2200,17,3,,Yes,No,No,Intercom Facility,False,False,Owner,66,Immediately,2026-03-01T05:52:49.000Z,"Mar 01, '26",True
+BLs2YvlzdtzpSvf+uAgZw==,Magicbricks,https://www.magicbricks.com/property-details/3-BHK-2300-Sq-ft-Multistorey-Apartment-FOR-Rent-Yendada-in-Visakhapatnam&id=4d423830393938343731,2026-04-19 13:52:16,17.7771215,83.3615748,,Yendada,"Burugupalli Manu, Yendada, near Radission Blu hotel",,,,Apartment,Semi-Furnished,2,5,North,2300,Sq-ft,Less than 5 years,"3BHK Luxurious and newly constructed flat with 2 halls, 1 dining, 3 bed and 3 bath. Rushikonda temple and beach view from terrace. If you are searching a 3 BHK apartment for rent in Yendada, check out this amazing rental flat. This 3 BHK flat is available at the reasonable rent amount of ₹30,000. The flat comes with some add-on facilities such as 4 Wardrobe. The flat is located on the 2 floor which includes 3 bathrooms, 2 balcony, and covers a carpet area of 2000 sqft. The property includes 2 Covered parking. The apartment is equipped with power back up, reserved parking, security. This flat is located at Burugupalli Manu, Yendada, near Radission Blu hotel, Yendada, Visakhapatnam, Andhra Pradesh. There are no brokerage fees on this 3 BHK multistorey apartment.",30000,60000,2000,13,3,2 Covered,No,No,No,,False,False,Owner,95,Immediately,2026-03-18T21:32:28.000Z,"Mar 19, '26",True
mUGd/0z97wtzpSvf+uAgZw==,Magicbricks,https://www.magicbricks.com/property-details/3-BHK-1440-Sq-ft-Multistorey-Apartment-FOR-Rent-Yendada-in-Visakhapatnam&id=4d423834303032363335,2026-04-19 13:52:16,17.7771215,83.3615748,,Yendada,Yendada,,,,Apartment,Semi-Furnished,11,15,,1440,Sq-ft,Less than 5 years,"Grab the chance to own this affordable 3 BHK flat for rent in the Yendada area. The rent of the 3 BHK flat is ₹30,000. The apartment is on the 11 floor, has a covered area of 1440 sqft with 2 bathrooms and 2 balcony. This property includes 15 floor and provides Kids Play Pool With Water Slides, Sand pit benefits. The flat can be visited at Yendada, Visakhapatnam.. This 3 BHK rental flat comes with no brokerage fees.",30000,60000,,21,2,,No,No,No,,False,False,Owner,38,Immediately,2026-03-31T05:02:49.000Z,"Mar 31, '26",True
hmHJT493HFhzpSvf+uAgZw==,Magicbricks,https://www.magicbricks.com/property-details/3-BHK-2025-Sq-ft-Multistorey-Apartment-FOR-Rent-Chinna-Waltair-in-Visakhapatnam&id=4d423832353132333035,2026-04-19 13:52:16,17.723357,83.333895,,D B Sundara Ramam,"FF 202, MVV Esteem,  Ward 18, Chinna Waltair, Visakhapatnam",,,,Apartment,Semi-Furnished,2,4,,2025,Sq-ft,10 to 15 years,"Very big drawing room, Dining room. You can avail the 3 BHK flat for rent in the well-known location of Chinna Waltair. The apartment is available at an affordable rental price of ₹30,000. The flat is on the 2 floor and includes 3 bathrooms, 2 balcony with a carpet area of 1875 sqft. The address is FF 202, MVV Esteem, Ward 18, Chinna Waltair, Visakhapatnam, Chinna Waltair, Visakhapatnam, Andhra Pradesh. Do not pay any brokerage fee for this 3 BHK rental flat since the property ad is posted by the flat owner.",30000,,,15,3,,No,No,No,,True,True,Owner,60,Immediately,2026-03-21T23:31:39.000Z,"Mar 22, '26",True
4NKzSqIHnHVzpSvf+uAgZw==,Magicbricks,https://www.magicbricks.com/property-details/3-BHK-1945-Sq-ft-Multistorey-Apartment-FOR-Rent-Yendada-in-Visakhapatnam&id=4d423831363235313235,2026-04-19 13:52:16,17.7771215,83.3615748,,Yendada,"Visakhapatnam, Andhra Pradesh",,,,Apartment,Semi-Furnished,11,16,East,1945,Sq-ft,5 to 10 years,"2 car parkings If you are searching a 3 BHK apartment for rent in Yendada, check out this amazing rental flat. You can get this flat at monthly rent of ₹38,000. The apartment is on the 11 floor, has a carpet area of 1600 sqft with 3 bathrooms and 1 balcony. The building has 16 floor and offers Kids Play Pool With Water Slides, Sand pit amenities. This property offers power back up, reserved parking, security. This flat is located at Yendada, Visakhapatnam.. There are no brokerage fees on this 3 BHK multistorey apartment.",38000,,,20,3,,No,No,No,"Laundry Service, Banquet Hall, Jogging and Strolling Track, Outdoor Tennis Courts",False,True,Owner,42,Immediately,2026-03-31T23:40:22.000Z,"Apr 01, '26",True
Kt+6uPaDFS9zpSvf+uAgZw==,Magicbricks,https://www.magicbricks.com/property-details/3-BHK-2005-Sq-ft-Multistorey-Apartment-FOR-Rent-MVP-Colony-in-Visakhapatnam&id=4d423833393433323335,2026-04-19 13:52:16,17.7422936,83.3335151,,MVP Colony,cmr function hall back side  near highway,,,,Apartment,Semi-Furnished,7,8,West,2005,Sq-ft,Less than 5 years,"You can explore this 3 BHK flat on rent in MVP Colony Visakhapatnam. The Rent amount of this 3 BHK apartment is set at an attractive price of ₹40,000. Located on the 7 floor, the flat has 3 bathrooms, 1 balcony in covered area of 2005 sqft. This property offers reserved parking, security, intercom facility. Find this apartment at MVP Colony, Visakhapatnam. You can find the 3 BHK flat without any brokerage.",40000,120000,4300,20,3,,No,No,No,"Laundry Service, Banquet Hall, Jogging and Strolling Track, Outdoor Tennis Courts",False,False,Owner,70,Select Date,2026-03-26T02:46:33.000Z,"Mar 26, '26",True
L9mJzIq7EKBzpSvf+uAgZw==,Magicbricks,https://www.magicbricks.com/property-details/3-BHK-1575-Sq-ft-Multistorey-Apartment-FOR-Rent-Yendada-in-Visakhapatnam&id=4d423834313531313833,2026-04-19 13:52:16,17.7771215,83.3615748,,Yendada,"Visakhapatnam, Andhra Pradesh",,,,Apartment,Semi-Furnished,6,10,East,1575,Sq-ft,New Construction,"gated community If you are searching a 3 BHK apartment for rent in Yendada, check out this amazing rental flat. This 3 BHK flat is available at the reasonable rent amount of ₹28,000. Located on the 6 floor, the flat comprises 2 bathrooms, 2 balcony, and has a covered area of 1575 sqft. The property encompasses 10 floor and provides Kids play area amenities. This property offers power back up, security, intercom facility. The owner has posted this 3 BHK flat for rent, so the brokerage fees is zero on this multistorey apartment.",28000,56000,,18,2,,No,No,No,"Intercom Facility, Banquet Hall, Jogging and Strolling Track, Outdoor Tennis Courts",False,False,Owner,69,Select Date,2026-04-08T17:09:55.000Z,"Apr 08, '26",True
uIoep2xKtB1zpSvf+uAgZw==,Magicbricks,https://www.magicbricks.com/property-details/3-BHK-1985-Sq-ft-Multistorey-Apartment-FOR-Rent-Yendada-in-Visakhapatnam&id=4d423832393034313731,2026-04-19 13:52:16,17.7771215,83.3615748,,Yendada,"Yendada,Visakhapatnam",,,,Apartment,Semi-Furnished,7,11,,1985,Sq-ft,,"You can avail the 3 BHK flat for rent in the well-known location of Yendada. The multistorey apartment is available at rent of ₹35,000. The flat is on the 7 floor and includes 3 bathrooms, 2 balcony with a carpet area of 1770 sqft. Visit the flat at GITAM Medical College Rd, Yendada, Rushikonda, Visakhapatnam, Andhra Pradesh. This is a no-brokerage flat because the owner has posted the ad on this 3 BHK apartment.",35000,35000,3400,18,3,,No,No,No,,False,True,Owner,53,Immediately,2026-04-07T23:41:04.000Z,"Apr 08, '26",True
SPf6FvxZbOxzpSvf+uAgZw==,Magicbricks,https://www.magicbricks.com/property-details/3-BHK-1650-Sq-ft-Multistorey-Apartment-FOR-Rent-Kirlampudi-Layout-in-Visakhapatnam&id=4d423832303037333739,2026-04-19 13:52:16,17.7208709,83.3315104,,Kirlampudi Layout,"Visakhapatnam, Andhra Pradesh",19202|Systems Design,,,Apartment,Semi-Furnished,3,5,,1650,Sq-ft,,"Grab the chance to own this affordable 3 BHK flat for rent in the Kirlampudi Layout area. The apartment is available at an affordable rental price of ₹30,000. Visit the apartment at Lakeview Colony Road, Kukatpally, Hyderabad, Andhra Pradesh. There are no brokerage fees on this 3 BHK multistorey apartment.",30000,,,18,2,,No,No,No,,False,False,Owner,48,Immediately,2026-04-09T06:57:02.000Z,"Apr 09, '26",True
IR5Acr2qIAlzpSvf+uAgZw==,Magicbricks,https://www.magicbricks.com/property-details/3-BHK-1850-Sq-ft-Multistorey-Apartment-FOR-Rent-Ram-Nagar-in-Visakhapatnam&id=4d423833363338363437,2026-04-19 13:52:16,17.7211516,83.3080427,,Ram Nagar,"Ram Nagar, Visakhapatnam",19202|Sri Prakash,,,Apartment,Unfurnished,Ground,1,East,1850,Sq-ft,New Construction,"3 bedroom duplex If you are searching a 3 BHK apartment for rent in Ram Nagar, check out this amazing rental flat. This 3 BHK flat is available at the reasonable rent amount of ₹30,000. The apartment is on the Ground floor, has a covered area of 1850 sqft with 3 bathrooms and 1 balcony. Visit the flat at Ram Nagar, Visakhapatnam, Ram Nagar, Visakhapatnam, Andhra Pradesh. This 3 BHK rental flat comes with no brokerage fees.",30000,,,16,3,,No,No,No,,False,False,Owner,62,Immediately,2026-03-04T14:04:34.000Z,"Mar 04, '26",True
P0L9hHdkhtdzpSvf+uAgZw==,Magicbricks,https://www.magicbricks.com/property-details/3-BHK-1300-Sq-ft-Multistorey-Apartment-FOR-Rent-Akkayyapalem-in-Visakhapatnam&id=4d423738343634323131,2026-04-19 13:52:16,17.7367389,83.3000947,,Akkayyapalem,chainulu gari illu 45-53-7b abidnagar akkayapalam,,,,Apartment,Unfurnished,4,5,East,1300,Sq-ft,New Construction,"east and west facing flats available call seven eight two nine eight seven zero five two three. 3 BHK apartment is available on rent in Akkayyapalem Visakhapatnam right away. Available at a rental price of ₹27,000, this 3 BHK flat is worth considering. Located on the 4 floor, the flat has 3 bathrooms, 1 balcony in carpet area of 1100 sqft. The property includes 1 Covered parking. The apartment comes furnished with power back up, reserved parking. Visit the flat at chainulu gari illu 45-53-7b abidnagar akkayapalam, Akkayyapalem, Visakhapatnam, Andhra Pradesh. There are no brokerage fees on this 3 BHK multistorey apartment.",27000,81000,2000,21,3,1 Covered,No,No,No,,False,False,Owner,95,Immediately,2026-03-15T04:56:50.000Z,"Mar 15, '26",True
3v2HwictAQZzpSvf+uAgZw==,Magicbricks,https://www.magicbricks.com/property-details/3-BHK-1575-Sq-ft-Multistorey-Apartment-FOR-Rent-Yendada-in-Visakhapatnam&id=4d423834303337333931,2026-04-19 13:52:16,17.7771215,83.3615748,,Yendada,"Visakhapatnam, Andhra Pradesh",,,,Apartment,Semi-Furnished,3,10,East,1575,Sq-ft,New Construction,"Newly constructed Apartment Find this 3 BHK rental flat in Yendada Visakhapatnam. The rent of the 3 BHK flat is ₹30,000. The flat is located on the 3 floor which includes 2 bathrooms, 1 balcony, and covers a carpet area of 1200 sqft. This residential building features 10 floor and ensures Kids play area comfort. The apartment is equipped with power back up, security, intercom facility. The brokerage amount of the 3 BHK apartment is zero.",30000,100000,,19,2,,No,No,No,"Intercom Facility, Banquet Hall, Conference Room, Jogging and Strolling Track",False,False,Owner,52,Immediately,2026-04-02T08:26:14.000Z,"Apr 02, '26",True
nsiBcs5NQf5zpSvf+uAgZw==,Magicbricks,https://www.magicbricks.com/property-details/3-BHK-1723-Sq-ft-Multistorey-Apartment-FOR-Rent-Yendada-in-Visakhapatnam&id=4d423833393732353137,2026-04-19 13:52:16,17.7771215,83.3615748,,Yendada,"Visakhapatnam, Andhra Pradesh",,,,Apartment,Semi-Furnished,9,10,East,1723,Sq-ft,New Construction,"Find this 3 BHK rental flat in Yendada Visakhapatnam. The multistorey apartment is available at rent of ₹32,000. The apartment is on the 9 floor, has a covered area of 1723 sqft with 3 bathrooms and 2 balcony. The building comprises 10 floor and includes Kids play area features. The property features power back up, security. Do not pay any brokerage fee for this 3 BHK rental flat since the property ad is posted by the flat owner.",32000,,,19,3,,Yes,No,No,"Banquet Hall, Jogging and Strolling Track",False,False,Owner,65,Immediately,2026-03-28T06:34:40.000Z,"Mar 28, '26",True
nsHyENfGtphzpSvf+uAgZw==,Magicbricks,https://www.magicbricks.com/property-details/3-BHK-1700-Sq-ft-Multistorey-Apartment-FOR-Rent-Siri-Puram-in-Visakhapatnam&id=4d423833303531363537,2026-04-19 13:52:16,17.720372,83.3168071,,Siri Puram,"Siri Puram, Visakhapatnam",,,,Apartment,Semi-Furnished,1,5,East,1700,Sq-ft,New Construction,"You can avail the 3 BHK flat for rent in the well-known location of Siri Puram. ₹40,000 is the monthly rent of this 3 BHK flat. Located on the 1 floor, the flat has 2 bathrooms, 2 balcony in carpet area of 1600 sqft. The apartment is located at Siri Puram, Visakhapatnam, Siri Puram, Visakhapatnam, Andhra Pradesh. This 3 BHK rental flat comes with no brokerage fees.",40000,,,24,2,,No,No,No,,False,False,Owner,58,Immediately,2026-04-01T16:13:08.000Z,"Apr 01, '26",True
79F4tS/o2O9zpSvf+uAgZw==,Magicbricks,https://www.magicbricks.com/property-details/3-BHK-1795-Sq-ft-Multistorey-Apartment-FOR-Rent-Madavadhara-in-Visakhapatnam&id=4d423633303634373835,2026-04-19 13:52:16,17.7458131,83.2639812,,Madhavadhara,"Visakhapatnam, Andhra Pradesh",,,,Apartment,Furnished,9,9,,1795,Sq-ft,,"Find 3 BHK flat for rent in Madavadhara Visakhapatnam. ₹27,000 is the monthly rent of this 3 BHK flat. The full address of the apartment is Madhavadhara, Visakhapatnam. This 3 BHK rental flat comes with no brokerage fees.",27000,,,15,3,,No,No,No,,False,False,Owner,26,Immediately,2026-04-02T22:30:38.000Z,"Apr 03, '26",True
Jt1I6CxrcndzpSvf+uAgZw==,Magicbricks,https://www.magicbricks.com/property-details/3-BHK-1500-Sq-ft-Multistorey-Apartment-FOR-Rent-Siri-Puram-in-Visakhapatnam&id=4d423732313838353135,2026-04-19 13:52:16,17.720372,83.3168071,,Siri Puram,Siri Puram,,,,Apartment,Unfurnished,5,5,East,1500,Sq-ft,5 to 10 years,"Multistorey apartment is available for rent. It is a excellent location property on VIP ROAD, CBM Compound. Please contact for more details. Grab the chance to own this affordable 3 BHK flat for rent in the Siri Puram area. The rent of the 3 BHK flat is ₹35,000. Get access to smart facilities such as 3 Wardrobe simply by choosing this flat for rent. Located on the 5 floor, the flat comprises 2 bathrooms, 2 balcony, and has a carpet area of 1100 sqft. The property features power back up, reserved parking, security. This 3 BHK rental flat comes with no brokerage fees.",35000,100000,1500,23,2,,No,No,No,,False,False,Owner,76,Immediately,2026-04-08T15:46:25.000Z,"Apr 08, '26",True
/chnQgQsjKlzpSvf+uAgZw==,Magicbricks,https://www.magicbricks.com/property-details/3-BHK-1980-Sq-ft-Multistorey-Apartment-FOR-Rent-Sagar-Nagar-in-Visakhapatnam&id=4d423833303632343631,2026-04-19 13:52:16,17.7651566,83.356231,,Sagar Nagar,"3rd left from Isckon, Hudson Properties by S Venkat Rao",,,,Apartment,Semi-Furnished,2,5,East,1980,Sq-ft,New Construction,"Modular Kitchen cabinets with storage, TV unit storage, premium doors, Sliding Doors and windows, Large Balcony, Freshly Painted, unused flat, Excellent Ventilation If you are planning to rent a flat, you can consider this 3 BHK flat situated in the prime location of Sagar Nagar. The apartment is available at an affordable rental price of ₹35,000. The flat is on the 2 floor and includes 3 bathrooms, 2 balcony with a carpet area of 1980 sqft. The apartment is equipped with power back up, reserved parking, security, visitor parking. The owner has posted this 3 BHK flat for rent, so the brokerage fees is zero on this multistorey apartment.",35000,,,18,3,,Yes,No,No,Visitor Parking,False,False,Owner,81,Immediately,2026-04-05T22:30:46.000Z,"Apr 06, '26",True
8cvFpiQTnHtzpSvf+uAgZw==,Magicbricks,https://www.magicbricks.com/property-details/3-BHK-2200-Sq-ft-Multistorey-Apartment-FOR-Rent-Shivaji-Palem-in-Visakhapatnam&id=4d423636363335373735,2026-04-19 13:52:16,17.735462,83.327501,,Krishnamohan Peerupally, Shivaji Palem,,,,Apartment,Semi-Furnished,2,5,,2200,Sq-ft,Less than 5 years,"A beautiful 3 BHK flat is available for rent in Shivaji Palem. You can get this flat at monthly rent of ₹28,000. The flat is on the 2 floor and includes 3 bathrooms, 2 balcony with a carpet area of 2200 sqft. This 3 BHK apartment ad is listed by the owner, so there is no brokerage fee.",28000,56000,1000,13,3,,No,No,No,,False,False,Owner,40,Immediately,2026-04-04T22:30:39.000Z,"Apr 05, '26",True
3qJU0fXIP09zpSvf+uAgZw==,Magicbricks,https://www.magicbricks.com/property-details/3-BHK-1770-Sq-ft-Multistorey-Apartment-FOR-Rent-Yendada-in-Visakhapatnam&id=4d423439383339303530,2026-04-19 13:52:16,17.7771215,83.3615748,,Yendada,"B4 , 603.",,,,Apartment,Semi-Furnished,6,11,West,1770,Sq-ft,Less than 5 years,"3 BHK apartment is available on rent in Yendada Visakhapatnam right away. This 3 BHK flat is available at the reasonable rent amount of ₹32,500. Located on the 6 floor, the flat comprises 3 bathrooms, 2 balcony, and has a carpet area of 1660 sqft. You will also find 2 Covered, 2 Open parking facility. This unit features power back up, reserved parking, security. Visit the apartment at GITAM Medical College Rd, Yendada, Rushikonda, Visakhapatnam, Andhra Pradesh. This 3 BHK rental flat comes with no brokerage fees.",32500,74000,3500,18,3,"2 Covered, 2 Open",Yes,No,No,Jogging and Strolling Track,False,False,Owner,100,Select Date,2026-04-05T22:30:41.000Z,"Apr 06, '26",True
xWk9mANrgFBzpSvf+uAgZw==,Magicbricks,https://www.magicbricks.com/property-details/3-BHK-1610-Sq-ft-Multistorey-Apartment-FOR-Rent-Madhurwada-in-Visakhapatnam&id=4d423834323035353333,2026-04-19 13:52:16,17.8224722,83.3522229,,Madhurawada,3rd floor,19202|APSWR Centre of Excellence,,,Apartment,Semi-Furnished,3,9,East,1610,Sq-ft,10 to 15 years,"The society is an elite one celebrating all events together. The property has a Saraswati temple in the complex. You can explore this 3 BHK flat on rent in Madhurwada Visakhapatnam. The apartment is available at an affordable rental price of ₹27,000. The flat is on the 3 floor and includes 3 bathrooms, 2 balcony with a carpet area of 1400 sqft. The apartment comes furnished with power back up, reserved parking, security, intercom facility, ro water system. This 3 BHK rental flat comes with no brokerage fees.",27000,50000,2415,17,3,,No,No,No,"Intercom Facility, Laundry Service, RO Water System, Jogging and Strolling Track",False,False,Owner,76,Select Date,2026-04-12T07:25:20.000Z,"Apr 12, '26",True
hQeLLI5zkvNzpSvf+uAgZw==,Magicbricks,https://www.magicbricks.com/property-details/3-BHK-1600-Sq-ft-Multistorey-Apartment-FOR-Rent-Akkayyapalem-in-Visakhapatnam&id=4d423833323533373431,2026-04-19 13:52:16,17.7367389,83.3000947,,Akkayyapalem,"Visakhapatnam, Andhra Pradesh",,,,Apartment,Semi-Furnished,3,5,East,1600,Sq-ft,New Construction,"A multistorey apartment is available for rent. It is a good location. Please contact for more details. Find 3 BHK flat for rent in Akkayyapalem Visakhapatnam. The 3 BHK apartment is available at a reasonable rent of ₹35,000. Located on the 3 floor, the flat has 2 bathrooms, 1 balcony in covered area of 1600 sqft. Visit the flat at Akkayyapalem, Visakhapatnam, Andhra Pradesh. The brokerage amount of the 3 BHK apartment is zero.",35000,,,22,2,,No,No,No,,False,False,Owner,66,Immediately,2026-04-13T16:40:17.000Z,"Apr 13, '26",True
fCVv1k17O0lzpSvf+uAgZw==,Magicbricks,https://www.magicbricks.com/property-details/3-BHK-1500-Sq-ft-Multistorey-Apartment-FOR-Rent-TPT-Colony-in-Visakhapatnam&id=4d423833373839323335,2026-04-19 13:52:16,17.7390031,83.3110868,,sravan,"TPT Colony, Balayya Sastri Layout, 530013",,530013,,Apartment,Semi-Furnished,1,5,East,1500,Sq-ft,5 to 10 years,"Call me at seven seven one five eight five six one nine six If you are planning to rent a flat, you can consider this 3 BHK flat situated in the prime location of TPT Colony. You can get this flat at monthly rent of ₹28,000. The residents of the flat have access to additional facilities such as 4 Wardrobe. Located on the 1 floor, the flat has 2 bathrooms, 3 balcony in covered area of 1500 sqft. 1 Covered parking space is also available. The flat comes with reserved parking. Find this apartment at TPT Colony, Balayya Sastri Layout, 530013, TPT Colony, Visakhapatnam, Andhra Pradesh. This 3 BHK rental flat comes with no brokerage fees.",28000,58000,1300,19,2,1 Covered,No,No,No,,False,False,Owner,95,Immediately,2026-04-16T22:30:35.000Z,"Apr 17, '26",True
uY8tw+clHmhzpSvf+uAgZw==,Magicbricks,https://www.magicbricks.com/property-details/3-BHK-1850-Sq-ft-Multistorey-Apartment-FOR-Rent-Ram-Nagar-in-Visakhapatnam&id=4d423833363735313137,2026-04-19 13:52:16,17.7211516,83.3080427,,Ram Nagar,"Visakhapatnam, Andhra Pradesh",19202|Sri Prakash,,,Apartment,Semi-Furnished,1,5,East,1850,Sq-ft,Less than 5 years,"A beautiful 3 BHK flat is available for rent in Ram Nagar. Available at a rental price of ₹37,000, this 3 BHK flat is worth considering. The apartment is on the 1 floor, has a carpet area of 1700 sqft with 3 bathrooms and 2 balcony. This flat is fitted with power back up, security. Visit the flat at Ram Nagar, Visakhapatnam, Andhra Pradesh. This 3 BHK flat is directly posted by the owner, so you don't need to pay any brokerage on this property.",37000,,,20,3,,No,No,No,,False,False,Owner,60,Immediately,2026-04-18T22:30:42.000Z,Today,True
lVL8hEjFxPVzpSvf+uAgZw==,Magicbricks,https://www.magicbricks.com/property-details/3-BHK-1850-Sq-ft-Multistorey-Apartment-FOR-Rent-Ram-Nagar-in-Visakhapatnam&id=4d423833393230303039,2026-04-19 13:52:16,17.7211516,83.3080427,,Ram Nagar,"Visakhapatnam, Andhra Pradesh",19202|Sri Prakash,,,Apartment,Semi-Furnished,Ground,1,,1850,Sq-ft,,"A beautiful 3 BHK flat is available for rent in Ram Nagar. The flat is available for rent at a competitive amount of ₹30,000. Visit the apartment at Ram Nagar, Visakhapatnam, Andhra Pradesh. This 3 BHK flat is directly posted by the owner, so you don't need to pay any brokerage on this property.",30000,,,16,3,,No,No,No,,False,False,Owner,41,Immediately,2026-03-24T07:28:01.000Z,"Mar 24, '26",True
Zri0wq7toVNzpSvf+uAgZw==,Magicbricks,https://www.magicbricks.com/property-details/3-BHK-1400-Sq-ft-Multistorey-Apartment-FOR-Rent-KRM-Colony-in-Visakhapatnam&id=4d423833313532343135,2026-04-19 13:52:16,17.7399193,83.3178097,,KRM Colony,Door no 53- 38-7 KRM colony sethammadhara behand shivalayam KRM colonyharahara,,,,Apartment,Semi-Furnished,2,5,East,1400,Sq-ft,Less than 5 years,"Multistorey apartment is available for rent. It is a good location property. Please contact for more details. Check out this newly constructed 3 BHK flat on rent in the prime location of KRM Colony Visakhapatnam. You can get this flat at monthly rent of ₹18,000. 1 Wardrobe are some of the additional amenities available with the apartment. The flat is on the 2 floor and includes 2 bathrooms, 1 balcony with a covered area of 1400 sqft. This property offers security, service/goods lift. Find this apartment at Door no 53- 38-7 KRM colony sethammadhara behand shivalayam KRM colonyharahara, KRM Colony, Visakhapatnam, Andhra Pradesh. The brokerage amount of the 3 BHK apartment is zero.",18000,37000,1100,13,2,,Yes,No,Yes,Service/Goods Lift,True,True,Owner,71,Immediately,2026-04-07T23:31:33.000Z,"Apr 08, '26",True
HjYtX6qEpf5zpSvf+uAgZw==,Magicbricks,https://www.magicbricks.com/property-details/3-BHK-1500-Sq-ft-Multistorey-Apartment-FOR-Rent-Kommadi-in-Visakhapatnam&id=4d423833313134323633,2026-04-19 13:52:16,17.8148389,83.3323582,,Kommadi,Beside Gaytri Vidhya Parishad,,,,Apartment,Semi-Furnished,5,6,South - East,,,New Construction,"Metro, Airport, Hospital, Schools Near by You can avail the 3 BHK flat for rent in the well-known location of Kommadi. This 3 BHK flat can be availed at the rental price of ₹16,000. Located on the 5 floor, the flat comprises 3 bathrooms, 2 balcony, and has a carpet area of 1500 sqft. This property offers power back up, reserved parking, security, service/goods lift, intercom facility. The address is Uppada, Madhurawada, Visakhapatnam. This is a no-brokerage flat because the owner has posted the ad on this 3 BHK apartment.",16000,32000,,,3,,No,No,No,"Banquet Hall, Bar/Lounge, Jogging and Strolling Track, Outdoor Tennis Courts",True,True,Owner,54,Immediately,2026-04-04T23:43:29.000Z,"Apr 05, '26",True
baDKLSO/CEJzpSvf+uAgZw==,Magicbricks,https://www.magicbricks.com/property-details/3-BHK-1300-Sq-ft-Multistorey-Apartment-FOR-Rent-Sujatha-nagar-in-Visakhapatnam&id=4d423539313530393433,2026-04-19 13:52:16,17.7971716,83.2157985,,Sujatha nagar,"Gollavanipalem, Pendurthi, Visakhapatnam, Andhra Pradesh 531173",,531173,,Apartment,Unfurnished,2,5,North,1300,Sq-ft,Less than 5 years,"Grab the chance to own this affordable 3 BHK flat for rent in the Sujatha nagar area. The rent of the 3 BHK flat is ₹8,000. Located on the 2 floor, the flat has 3 bathrooms, 1 balcony in carpet area of 1400 sqft. This property offers reserved parking, security. Visit the flat at Gollavanipalem, Pendurthi, Visakhapatnam, Andhra Pradesh 531173, Sujatha nagar, Visakhapatnam, Andhra Pradesh. Do not pay any brokerage fee for this 3 BHK rental flat since the property ad is posted by the flat owner.",8000,,,6,3,,No,No,No,,False,False,Owner,66,Immediately,2026-03-29T21:33:07.000Z,"Mar 30, '26",True
yF56iuMNYxZzpSvf+uAgZw==,Magicbricks,https://www.magicbricks.com/property-details/3-BHK-1500-Sq-ft-Multistorey-Apartment-FOR-Rent-Sujatha-nagar-in-Visakhapatnam&id=4d423635333633393531,2026-04-19 13:52:16,17.7971716,83.2157985,,Sujatha nagar,"Visakhapatnam, Andhra Pradesh",,,,Apartment,Furnished,3,5,South,1500,Sq-ft,New Construction,"4 balcony s A beautiful 3 BHK flat is available for rent in Sujatha nagar. The apartment is available at an affordable rental price of ₹12,000. The flat is located on the 3 floor which includes 2 bathrooms, 4 balcony, and covers a carpet area of 1500 sqft. This property offers power back up, reserved parking, security. Visit the flat at 2-61/4, 60 Feet Rd, A Zone, Sujatha Nagar, Pendurthi, Visakhapatnam, Andhra Pradesh. This is a no-brokerage flat because the owner has posted the ad on this 3 BHK apartment.",12000,25000,1000,8,2,,Yes,No,No,Laundry Service,False,False,Owner,76,Immediately,2026-02-28T21:33:34.000Z,"Mar 01, '26",True
zbuMEBYVtDRzpSvf+uAgZw==,Magicbricks,https://www.magicbricks.com/property-details/3-BHK-1600-Sq-ft-Builder-Floor-Apartment-FOR-Rent-Vizag-in-Visakhapatnam&id=4d423633393232343535,2026-04-19 13:52:16,17.6868159,83.2184815,,Vizag,"Visakhapatnam, Andhra Pradesh",,,,Builder Floor Apartment,Unfurnished,5,6,,1600,Sq-ft,,"Grab the chance to own this affordable 3 BHK flat for rent in the Vizag area. The rent of the 3 BHK flat is ₹25,000. The address is Vizag, Visakhapatnam, Andhra Pradesh. Do not pay any brokerage fee for this 3 BHK rental flat since the property ad is posted by the flat owner.",25000,,,16,3,,No,No,No,,False,False,Owner,46,Immediately,2026-03-29T21:30:38.000Z,"Mar 30, '26",True
ldtd/rXqMS9zpSvf+uAgZw==,Magicbricks,https://www.magicbricks.com/property-details/3-BHK-1350-Sq-ft-Multistorey-Apartment-FOR-Rent-Desapatrunipalem-in-Visakhapatnam&id=4d423731353834323635,2026-04-19 13:52:16,17.8668684,83.195539,,Desapatrunipalem,Desapatrunipalem,,,,Apartment,Unfurnished,3,5,East,1350,Sq-ft,New Construction,"peaceful environment with amenities like Generator back up, Municipal water ,open function hall , children playing area If you are searching a 3 BHK apartment for rent in Desapatrunipalem, check out this amazing rental flat. The flat is available for rent at a competitive amount of ₹8,000. The flat is on the 3 floor and includes 3 bathrooms, 2 balcony with a carpet area of 1350 sqft. The apartment comes furnished with power back up, reserved parking, security. You can find the 3 BHK flat without any brokerage.",8000,16000,1250,6,3,,Yes,No,No,"Laundry Service, Banquet Hall",False,False,Owner,77,Immediately,2026-04-04T17:11:46.000Z,"Apr 04, '26",True
U/K6UKv63LlzpSvf+uAgZw==,Magicbricks,https://www.magicbricks.com/property-details/3-BHK-1430-Sq-ft-Multistorey-Apartment-FOR-Rent-Kommadi-in-Visakhapatnam&id=4d423830303337313733,2026-04-19 13:52:16,17.8148389,83.3323582,,Kommadi,"pardesipalem, Marikvalasa,Madhurwada",,,,Apartment,Semi-Furnished,Ground,5,,1430,Sq-ft,New Construction,"If you are searching a 3 BHK apartment for rent in Kommadi, check out this amazing rental flat. You can get this flat at monthly rent of ₹25,000. Located on the Ground floor, the flat has 3 bathrooms, 2 balcony in carpet area of 1400 sqft. This flat is located at Uppada, Madhurawada, Visakhapatnam. This is a no-brokerage flat, as the owner is offering this 3 BHK flat on rent.",25000,50000,1000,17,3,,No,No,No,,False,False,Owner,40,Immediately,2026-04-01T16:12:46.000Z,"Apr 01, '26",True
xVF8GY8OxzNzpSvf+uAgZw==,Magicbricks,https://www.magicbricks.com/property-details/3-BHK-1750-Sq-ft-Multistorey-Apartment-FOR-Rent-in-Visakhapatnam&id=4d423832393232393737,2026-04-19 13:52:16,,,,K GIRIDHAR RAO  k.g.rao,"Flat 301, Vasavi Paradise Ganesh Nagar, NAD jn, vskp",,,,Apartment,Unfurnished,3,5,,,,10 to 15 years,"3 BHK apartment is available on rent in vasavi paradise Visakhapatnam right away. The 3 BHK apartment is available at a reasonable rent of ₹18,000. The flat is on the 3 floor and includes 3 bathrooms, 2 balcony with a carpet area of 1750 sqft. There are no brokerage fees on this 3 BHK multistorey apartment.",18000,40000,2000,,3,,No,No,No,,False,False,Owner,38,Immediately,2026-03-29T21:32:06.000Z,"Mar 30, '26",True
go0lj/M2/3ZzpSvf+uAgZw==,Magicbricks,https://www.magicbricks.com/property-details/3-BHK-1600-Sq-ft-Multistorey-Apartment-FOR-Rent-in-Visakhapatnam&id=4d423733313333393637,2026-04-19 13:52:16,,,,Madhavi Satyavolu,"Visakhapatnam, Andhra Pradesh",,,,Apartment,Unfurnished,2,5,,1600,Sq-ft,,"Grab the chance to own this affordable 3 BHK flat for rent in the Ranganayaki apartments, maharanipeta area. The 3 BHK apartment is available at a reasonable rent of ₹18,000. The brokerage amount of the 3 BHK apartment is zero.",18000,,,11,3,,No,No,No,,False,False,Owner,26,Immediately,2026-04-04T03:18:41.000Z,"Apr 04, '26",True
fM6JEcsZXLBzpSvf+uAgZw==,Magicbricks,https://www.magicbricks.com/property-details/3-BHK-1850-Sq-ft-Multistorey-Apartment-FOR-Rent-Dondaparti-in-Visakhapatnam&id=4d423632353636333239,2026-04-19 13:52:16,17.7251845,83.2985047,,Dondaparti,"Visakhapatnam, Andhra Pradesh",,,,Apartment,Semi-Furnished,5,5,East,1850,Sq-ft,5 to 10 years,"A beautiful 3 BHK flat is available for rent in Dondaparti. You can get this flat at monthly rent of ₹25,000. The flat is on the 5 floor and includes 3 bathrooms, 2 balcony with a carpet area of 1600 sqft. The property features reserved parking, security. The full address of the apartment is Dondaparti, Visakhapatnam, Andhra Pradesh. This 3 BHK apartment ad is listed by the owner, so there is no brokerage fee.",25000,50000,1700,14,3,,Yes,Yes,No,"Laundry Service, Banquet Hall",False,False,Owner,51,Immediately,2026-03-31T04:03:23.000Z,"Mar 31, '26",True
XcjYILIZYGhzpSvf+uAgZw==,Magicbricks,https://www.magicbricks.com/property-details/3-BHK-1350-Sq-ft-Multistorey-Apartment-FOR-Rent-Dwarakanagar-in-Visakhapatnam&id=4d423534353836343535,2026-04-19 13:52:16,17.7281761,83.3081172,,Dwarakanagar,"Visakhapatnam, Andhra Pradesh","19202|Sri Krishna Vidya Mandir, 19202|Sri Sarada Vidya Nilayam",,,Apartment,Semi-Furnished,3,4,,1350,Sq-ft,,"If you are searching a 3 BHK apartment for rent in Dwarakanagar, check out this amazing rental flat. The apartment is available at an affordable rental price of ₹18,000. Find this apartment at Dwarakanagar, Visakhapatnam, Andhra Pradesh. The owner has posted this 3 BHK flat for rent, so the brokerage fees is zero on this multistorey apartment.",18000,,,13,3,,No,No,No,,False,False,Owner,49,Immediately,2026-03-01T21:30:35.000Z,"Mar 02, '26",True
Nk9L8/Q9bwtzpSvf+uAgZw==,Magicbricks,https://www.magicbricks.com/property-details/3-BHK-2108-Sq-ft-Multistorey-Apartment-FOR-Rent-Madhurwada-in-Visakhapatnam&id=4d423737393234373335,2026-04-19 13:52:16,17.8224722,83.3522229,,Madhurawada,"Visakhapatnam, Andhra Pradesh",19202|APSWR Centre of Excellence,,,Apartment,Semi-Furnished,9,17,,2108,Sq-ft,5 to 10 years,"Find this 3 BHK rental flat in Madhurwada Visakhapatnam. The apartment is available at an affordable rental price of ₹24,000. The flat is located on the 9 floor which includes 3 bathrooms, 4 balcony, and covers a carpet area of 1850 sqft. This flat is located at Madhurwada, Visakhapatnam, Andhra Pradesh. The owner has posted this 3 BHK flat for rent, so the brokerage fees is zero on this multistorey apartment.",24000,,,11,3,,No,No,No,,False,False,Owner,48,Immediately,2026-02-03T21:33:06.000Z,"Feb 04, '26",True
Ey1YafPdcr1zpSvf+uAgZw==,Magicbricks,https://www.magicbricks.com/property-details/3-BHK-1485-Sq-ft-Builder-Floor-Apartment-FOR-Rent-Kurmannapalem-in-Visakhapatnam&id=4d423833363938353137,2026-04-19 13:52:16,17.698036,83.15954,,Kurmannapalem,"Visakhapatnam, Andhra Pradesh",,,,Builder Floor Apartment,Unfurnished,5,6,,1485,Sq-ft,,"If you are searching a 3 BHK apartment for rent in Kurmannapalem, check out this amazing rental flat. The Rent amount of this 3 BHK apartment is set at an attractive price of ₹9,000. The apartment is located at Kurmannapalem, Visakhapatnam, Andhra Pradesh. There are no brokerage fees on this 3 BHK multistorey apartment.",9000,,,6,2,,No,No,No,,False,False,Owner,0,Immediately,2026-03-09T04:14:15.000Z,"Mar 09, '26",True
ndYE1wsruJJzpSvf+uAgZw==,Magicbricks,https://www.magicbricks.com/property-details/3-BHK-1500-Sq-ft-Multistorey-Apartment-FOR-Rent-in-Visakhapatnam&id=4d423833363938323237,2026-04-19 13:52:16,,,,Naveen,"Visakhapatnam, Andhra Pradesh",,,,Apartment,Semi-Furnished,Ground,2,,,,New Construction,"Grab the chance to own this affordable 3 BHK flat for rent in the Surya Nagar area. The apartment is available at an affordable rental price of ₹10,000. This 3 BHK apartment ad is listed by the owner, so there is no brokerage fee.",10000,,,,3,,No,No,No,,False,False,Owner,26,Immediately,2026-03-09T02:40:12.000Z,"Mar 09, '26",True
3ZSW3KaCqChzpSvf+uAgZw==,Magicbricks,https://www.magicbricks.com/property-details/3-BHK-1215-Sq-ft-Multistorey-Apartment-FOR-Rent-Atchutapuram-in-Visakhapatnam&id=4d423833333337303035,2026-04-19 13:52:16,17.564011,82.979093,,Mahesh Naidu B,"Visakhapatnam, Andhra Pradesh",,,,Apartment,Semi-Furnished,4,5,West,1215,Sq-ft,New Construction,"3BHK Furnished Flat, West Facing, available for rent, suitable for family or 3 working professionals Grab the chance to own this affordable 3 BHK flat for rent in the Atchutapuram area. Available at a rental price of ₹18,000, this 3 BHK flat is worth considering. Located on the 4 floor, the flat comprises 2 bathrooms, 1 balcony, and has a covered area of 1215 sqft. This unit is designed with power back up, reserved parking, security, ro water system. This flat is located at Plot no 288 to 295, Saipriya layout phase -2, Atchuta Puram, Visakhapatnam. This 3 BHK rental flat comes with no brokerage fees.",18000,54000,1500,15,2,,No,No,No,"Laundry Service, RO Water System, Outdoor Tennis Courts",False,False,Owner,75,Immediately,2026-02-10T04:03:56.000Z,"Feb 10, '26",True
Z2Nk7OJKSuJzpSvf+uAgZw==,Magicbricks,https://www.magicbricks.com/property-details/3-BHK-1710-Sq-ft-Multistorey-Apartment-FOR-Rent-Kurmannapalem-in-Visakhapatnam&id=4d423534393935393235,2026-04-19 13:52:16,17.698036,83.15954,,Kurmannapalem,B V Enclave,,,,Apartment,Unfurnished,4,5,West,1710,Sq-ft,Less than 5 years,"spacious living room and dining room You can avail the 3 BHK flat for rent in the well-known location of Kurmannapalem. This 3 BHK flat is available at the reasonable rent amount of ₹12,000. Located on the 4 floor, the flat has 2 bathrooms, 2 balcony in carpet area of 1410 sqft. This property offers power back up, security. The flat can be visited at B V Enclave, Kurmannapalem, Visakhapatnam, Andhra Pradesh. This 3 BHK rental flat comes with no brokerage fees.",12000,24000,800,7,2,,No,No,No,,False,False,Owner,71,Immediately,2026-03-04T13:28:23.000Z,"Mar 04, '26",True
YGgjEHJAjj9zpSvf+uAgZw==,Magicbricks,https://www.magicbricks.com/property-details/3-BHK-2108-Sq-ft-Multistorey-Apartment-FOR-Rent-Madhurwada-in-Visakhapatnam&id=4d423831393635303031,2026-04-19 13:52:16,17.8224722,83.3522229,,Madhurawada,"Visakhapatnam, Andhra Pradesh",19202|APSWR Centre of Excellence,,,Apartment,Semi-Furnished,7,18,,2108,Sq-ft,,"3 BHK apartment is available on rent in Madhurwada Visakhapatnam right away. The 3 BHK apartment is available at a reasonable rent of ₹21,000. Visit the apartment at Yendada, Madhurawada, Vishakhapatnam. The brokerage amount of the 3 BHK apartment is zero.",21000,,,10,3,,No,No,No,,False,False,Owner,48,Immediately,2026-03-27T22:30:41.000Z,"Mar 28, '26",True
9kvjmSiSlvxzpSvf+uAgZw==,Magicbricks,https://www.magicbricks.com/property-details/3-BHK-1560-Sq-ft-Multistorey-Apartment-FOR-Rent-Sri-Nagar-in-Visakhapatnam&id=4d423737393633313235,2026-04-19 13:52:16,17.6783409,83.1788902,,M Chitti Babu,Jayasurya Residency,,,,Apartment,Semi-Furnished,4,5,,1560,Sq-ft,New Construction,"Find 3 BHK flat for rent in Sri Nagar Visakhapatnam. This 3 BHK flat is available at the reasonable rent amount of ₹25,000. The apartment is on the 4 floor, has a carpet area of 1024 sqft with 3 bathrooms and 2 balcony. Visit the flat at Sri Nagar, Gajuwaka, Visakhapatnam, Andhra Pradesh . This 3 BHK apartment ad is listed by the owner, so there is no brokerage fee.",25000,,2000,16,3,,No,No,No,,False,False,Owner,53,Immediately,2026-02-26T03:36:38.000Z,"Feb 26, '26",True
+kyIYYUFdIZzpSvf+uAgZw==,Magicbricks,https://www.magicbricks.com/property-details/3-BHK-1370-Sq-ft-Multistorey-Apartment-FOR-Rent-Madhurwada-in-Visakhapatnam&id=4d423430383537323833,2026-04-19 13:52:16,17.8224722,83.3522229,,Madhurawada,"Vaisakhi Harmony, Mithalapuri VUDA Colony",19202|APSWR Centre of Excellence,,,Apartment,Semi-Furnished,4,5,North - West,1370,Sq-ft,Less than 5 years,"This 3 BHK Flat is on fourth floor and has 2 bathroom Get this spacious Flat at 15000 per month. You can explore this 3 BHK flat on rent in Madhurwada Visakhapatnam. You can get this flat at monthly rent of ₹15,000. You will also find 1 Covered parking facility. This home provides power back up, reserved parking, security. The flat can be visited at Vaisakhi Harmony, Mithalapuri VUDA Colony, Madhurwada, Visakhapatnam, Andhra Pradesh. You can find the 3 BHK flat without any brokerage.",15000,30000,1000,11,2,1 Covered,No,No,No,,False,False,Owner,89,Immediately,2026-03-07T04:54:21.000Z,"Mar 07, '26",True
oHxdK+oElpZzpSvf+uAgZw==,Magicbricks,https://www.magicbricks.com/property-details/3-BHK-1800-Sq-ft-Builder-Floor-Apartment-FOR-Rent-Purushothapuram-in-Visakhapatnam&id=4d423634313032393631,2026-04-19 13:52:16,17.501836,82.790356,,Satish Austin,"Visakhapatnam, Andhra Pradesh",,,,Builder Floor Apartment,Unfurnished,3,5,,1800,Sq-ft,,"Find this 3 BHK rental flat in Purushothapuram Visakhapatnam. ₹12,000 is the monthly rent of this 3 BHK flat. Find this apartment at Purushothapuram, Visakhapatnam, Andhra Pradesh. There are no brokerage fees on this 3 BHK multistorey apartment.",12000,,,7,3,,No,No,No,,False,False,Owner,0,Immediately,2026-03-12T21:35:30.000Z,"Mar 13, '26",True
3ISxQ1xQp6lzpSvf+uAgZw==,Magicbricks,https://www.magicbricks.com/property-details/3-BHK-2200-Sq-ft-Multistorey-Apartment-FOR-Rent-Madhurwada-in-Visakhapatnam&id=4d423831333633383533,2026-04-19 13:52:16,17.8224722,83.3522229,,Madhurawada,Flat no 402 Sai Priya Gardens near Durgalamma temple car shed Madhurawada Visakhapatnam,19202|APSWR Centre of Excellence,,,Apartment,Semi-Furnished,4,4,,2200,Sq-ft,,"You can explore this 3 BHK flat on rent in Madhurwada Visakhapatnam. This 3 BHK flat can be availed at the rental price of ₹25,000. Visit the flat at Flat no 402 Sai Priya Gardens near Durgalamma temple car shed Madhurawada Visakhapatnam, Madhurwada, Visakhapatnam, Andhra Pradesh. This 3 BHK rental flat comes with no brokerage fees.",25000,,,11,3,,No,No,No,,False,True,Owner,41,Immediately,2026-03-11T23:47:19.000Z,"Mar 12, '26",True
GzBnc7q2hc5zpSvf+uAgZw==,Magicbricks,https://www.magicbricks.com/property-details/3-BHK-1250-Sq-ft-Multistorey-Apartment-FOR-Rent-Kurmannapalem-in-Visakhapatnam&id=4d423732343937343739,2026-04-19 13:52:16,17.698036,83.15954,,Kurmannapalem,"Visakhapatnam, Andhra Pradesh",,,,Apartment,Semi-Furnished,2,5,North - East,,,5 to 10 years,"If you are searching a 3 BHK apartment for rent in Kurmannapalem, check out this amazing rental flat. The 3 BHK apartment is available at a reasonable rent of ₹13,000. The flat is located on the 2 floor which includes 3 bathrooms, 2 balcony, and covers a carpet area of 1250 sqft. The apartment is located at Kurmannapalem, Visakhapatnam, Andhra Pradesh. This 3 BHK apartment ad is listed by the owner, so there is no brokerage fee.",13000,39000,1000,,3,,No,No,No,,False,False,Owner,44,Immediately,2026-03-04T11:26:39.000Z,"Mar 04, '26",True
QSM660Pv9r1zpSvf+uAgZw==,Magicbricks,https://www.magicbricks.com/property-details/3-BHK-1967-Sq-ft-Multistorey-Apartment-FOR-Rent-Madhurwada-in-Visakhapatnam&id=4d423633323332373331,2026-04-19 13:52:16,17.8224722,83.3522229,,Madhurawada,"Celebrity Towers, Shriram Properties, Law college road, Madhurwada",19202|APSWR Centre of Excellence,,,Apartment,Semi-Furnished,6,16,East,1967,Sq-ft,New Construction,"Find this 3 BHK rental flat in Madhurwada Visakhapatnam. The 3 BHK apartment is available at a reasonable rent of ₹22,000. Additional amenities available with the flat are 4 Wardrobe. Located on the 6 floor, the flat has 2 bathrooms, 2 balcony in carpet area of 1600 sqft. You will also find 1 Covered parking facility. This property features 16 floor and offers a range of Kids play area facilities. This unit features power back up, reserved parking, security. Find this apartment at S No 1/P Of Yendada And S No 386/P Of Madhurawada Visakhapatnam Andhra Pradesh . This 3 BHK rental flat comes with no brokerage fees.",22000,66000,3000,11,2,1 Covered,No,No,No,"Laundry Service, Internet/Wi-Fi Connectivity, Jogging and Strolling Track, Island Kitchen Layout",False,False,Owner,98,Immediately,2026-03-13T21:33:17.000Z,"Mar 14, '26",True
6peFnpnSWINzpSvf+uAgZw==,Magicbricks,https://www.magicbricks.com/property-details/3-BHK-1700-Sq-ft-Multistorey-Apartment-FOR-Rent-PM-Palem-in-Visakhapatnam&id=4d423833363732333635,2026-04-19 13:52:16,17.7992275,83.3525473,,PM Palem,"Visakhapatnam, Andhra Pradesh",,,,Apartment,Semi-Furnished,1,3,North,1700,Sq-ft,Less than 5 years,"Find this 3 BHK rental flat in PM Palem Visakhapatnam. The 3 BHK apartment is available at a reasonable rent of ₹15,000. The flat is on the 1 floor and includes 3 bathrooms, 2 balcony with a covered area of 1700 sqft. This home provides power back up, reserved parking, intercom facility. The apartment is located at PM Palem, Visakhapatnam, Andhra Pradesh. There are no brokerage fees on this 3 BHK multistorey apartment.",15000,30000,,9,3,,Yes,No,No,Intercom Facility,False,False,Owner,66,Immediately,2026-03-06T15:31:25.000Z,"Mar 06, '26",True
1MhclZMdZdRzpSvf+uAgZw==,Magicbricks,https://www.magicbricks.com/property-details/3-BHK-1400-Sq-ft-Builder-Floor-Apartment-FOR-Rent-Sagar-Nagar-in-Visakhapatnam&id=4d423832343636303033,2026-04-19 13:52:16,17.7651566,83.356231,,Sagar Nagar,near sagar nagar water tank,,,,Builder Floor Apartment,Semi-Furnished,2,3,,,,Less than 5 years,"Grab the chance to own this affordable 3 BHK flat for rent in the Sagar Nagar area. You can get this flat at monthly rent of ₹12,000. Located on the 2 floor, the flat has 3 bathrooms, 1 balcony in carpet area of 1400 sqft. Visit the apartment at near sagar nagar water tank, Sagar Nagar, Visakhapatnam, Andhra Pradesh. Do not pay any brokerage fee for this 3 BHK rental flat since the property ad is posted by the flat owner.",12000,24000,,,3,,No,No,No,,False,False,Owner,33,Immediately,2026-02-19T04:24:26.000Z,"Feb 19, '26",True
1ZInyX4T3PdzpSvf+uAgZw==,Magicbricks,https://www.magicbricks.com/property-details/3-BHK-1750-Sq-ft-Builder-Floor-Apartment-FOR-Rent-Anandapuram-in-Visakhapatnam&id=4d423639333132313431,2026-04-19 13:52:16,17.8939759,83.377701,,Anandapuram,"Visakhapatnam, Andhra Pradesh",,,,Builder Floor Apartment,Unfurnished,2,5,,1750,Sq-ft,,"3 BHK apartment is available on rent in Anandapuram Visakhapatnam right away. The multistorey apartment is available at rent of ₹10,000. The address is Anandapuram, Visakhapatnam, Andhra Pradesh. You can find the 3 BHK flat without any brokerage.",10000,,,6,3,,No,No,No,,False,False,Owner,0,Immediately,2026-02-20T17:10:26.000Z,"Feb 20, '26",True
ytFpZ0a72chzpSvf+uAgZw==,Magicbricks,https://www.magicbricks.com/property-details/3-BHK-1700-Sq-ft-Builder-Floor-Apartment-FOR-Rent-Muralinagar-in-Visakhapatnam&id=4d423735313530383239,2026-04-19 13:52:16,17.7471481,83.2599674,,Muralinagar,"Visakhapatnam, Andhra Pradesh",,,,Builder Floor Apartment,Semi-Furnished,2,2,,1700,Sq-ft,,"You can avail the 3 BHK flat for rent in the well-known location of Muralinagar. This 3 BHK flat is available at the reasonable rent amount of ₹16,500. Visit the apartment at Muralinagar, Visakhapatnam, Andhra Pradesh. This 3 BHK apartment ad is listed by the owner, so there is no brokerage fee.",16500,,,10,3,,No,No,No,,False,False,Owner,0,Immediately,2026-03-12T05:25:57.000Z,"Mar 12, '26",True
XqrB6bm90IdzpSvf+uAgZw==,Magicbricks,https://www.magicbricks.com/property-details/3-BHK-1460-Sq-ft-Multistorey-Apartment-FOR-Rent-Chandrampalem-in-Visakhapatnam&id=4d423832353538343131,2026-04-19 13:52:16,17.807851,83.356793,,Srinivasarao CH,"Chandrampalem,Visakhapatnam",,,,Apartment,Semi-Furnished,Ground,5,,,,5 to 10 years,"Multistory apartment is available for rent. It is a good location. Please contact for more details. Grab the chance to own this affordable 3 BHK flat for rent in the Chandrampalem area. The rent of the 3 BHK flat is ₹12,500. Some attractive additional facilities available with the flat are 4 Wardrobe. The flat is located on the Ground floor which includes 2 bathrooms, 2 balcony, and covers a carpet area of 1460 sqft. This 3 BHK flat is directly posted by the owner, so you don't need to pay any brokerage on this property.",12500,25000,1200,,2,,No,No,No,,False,False,Owner,60,Immediately,2026-02-24T03:48:25.000Z,"Feb 24, '26",True
tSq6zLKFZ9tzpSvf+uAgZw==,Magicbricks,https://www.magicbricks.com/property-details/3-BHK-1650-Sq-ft-Multistorey-Apartment-FOR-Rent-Madhurwada-in-Visakhapatnam&id=4d423734393138383733,2026-04-19 13:52:16,17.8224722,83.3522229,,Madhurawada,Endada,19202|APSWR Centre of Excellence,,,Apartment,Unfurnished,3,15,West,1650,Sq-ft,New Construction,"Fully furnished , Full beach view with windows and light entering bed rooms , kitchen and hall.Full greenery. You can avail the 3 BHK flat for rent in the well-known location of Madhurwada. This 3 BHK flat can be availed at the rental price of ₹20,000. The apartment is on the 3 floor, has a carpet area of 1600 sqft with 3 bathrooms and 2 balcony. This residential building features 15 floor and ensures Kids play area comfort. This flat is fitted with power back up, reserved parking, security, service/goods lift, air conditioned, visitor parking. The address is S No 1/P Of Yendada And S No 386/P Of Madhurawada Visakhapatnam Andhra Pradesh . The brokerage amount of the 3 BHK apartment is zero.",20000,40000,0,12,3,,Yes,No,No,"Service/Goods Lift, Air Conditioned, Laundry Service, Jogging and Strolling Track",False,False,Owner,79,Immediately,2026-02-15T11:31:08.000Z,"Feb 15, '26",True
VfB/6/UXss5zpSvf+uAgZw==,Magicbricks,https://www.magicbricks.com/property-details/3-BHK-1500-Sq-ft-Multistorey-Apartment-FOR-Rent-PM-Palem-in-Visakhapatnam&id=4d423833313630313733,2026-04-19 13:52:16,17.7992275,83.3525473,,PM Palem,"Visakhapatnam, Andhra Pradesh",,,,Apartment,Furnished,4,5,,1500,Sq-ft,,"Multistorey apartment is available for rent. It is a good location property. Please contact for more details. 3 BHK apartment is available on rent in PM Palem Visakhapatnam right away. This 3 BHK flat can be availed at the rental price of ₹17,000. The flat can be visited at Car Shed Rd, Anand Nagar, Pothinamallayya Palem, Visakhapatnam, Andhra Pradesh. There are no brokerage fees on this 3 BHK multistorey apartment.",17000,,,11,2,,No,No,No,,False,False,Owner,53,Immediately,2026-03-15T22:30:43.000Z,"Mar 16, '26",True
ldQ4wx6j8y1zpSvf+uAgZw==,Magicbricks,https://www.magicbricks.com/property-details/2-BHK-900-Sq-ft-Multistorey-Apartment-FOR-Rent-CBM-Compound-in-Visakhapatnam&id=4d423833333630343833,2026-04-19 13:52:16,17.7269512,83.3128131,,CBM Compound,"beside sri Chaitanya collage, kamal watch co,",,,,Apartment,Semi-Furnished,5,6,North - East,900,Sq-ft,5 to 10 years,"A beautiful 2 BHK flat is available for rent in CBM Compound. Available at a rental price of ₹16,000, this 2 BHK flat is worth considering. Located on the 5 floor, the flat has 2 bathrooms, 1 balcony in carpet area of 900 sqft. You can visit the flat at beside sri Chaitanya collage, kamal watch co,, CBM Compound, Visakhapatnam, Andhra Pradesh. This 2 BHK flat is directly posted by the owner, so you don't need to pay any brokerage on this property.",16000,,1500,18,2,,No,No,No,,False,False,Owner,47,Immediately,2026-02-11T10:58:46.000Z,"Feb 11, '26",True
WPxs5uK142xzpSvf+uAgZw==,Magicbricks,https://www.magicbricks.com/property-details/2-BHK-1080-Sq-ft-Builder-Floor-Apartment-FOR-Rent-Jagadamba-Junction-in-Visakhapatnam&id=4d423536303936393333,2026-04-19 13:52:16,17.707287,83.300095,,saraswathi,"Visakhapatnam, Andhra Pradesh",,,,Builder Floor Apartment,Unfurnished,4,5,,1080,Sq-ft,,"If you are searching a 2 BHK apartment for rent in Jagadamba Junction, check out this amazing rental flat. This 2 BHK flat is available at the reasonable rent amount of ₹11,000. Find this apartment at Jagadamba Junction, Visakhapatnam, Andhra Pradesh. Do not pay any brokerage fee for this 2 BHK rental flat since the property ad is posted by the flat owner.",11000,,,10,2,,No,No,No,,False,False,Owner,0,Immediately,2026-02-22T16:58:49.000Z,"Feb 22, '26",True
GMOW1s6Dl19zpSvf+uAgZw==,Magicbricks,https://www.magicbricks.com/property-details/2-BHK-1000-Sq-ft-Multistorey-Apartment-FOR-Rent-in-Visakhapatnam&id=4d423738303434353235,2026-04-19 13:52:16,,,,Narendra,"Visakhapatnam, Andhra Pradesh",,,,Apartment,Furnished,5,5,,1000,Sq-ft,,"Multistorey apartment is available for rent. It has covered area of 1000 sq-ft, it is a good location property. Please contact for more details. Grab the chance to own this affordable 2 BHK flat for rent in the Marripalem Vuda layout area. The rent of the 2 BHK flat is ₹18,600. This 2 BHK rental flat comes with no brokerage fees.",18600,,,19,2,,No,No,No,,False,False,Owner,51,Immediately,2026-02-26T09:26:41.000Z,"Feb 26, '26",True
p19FlAfao8hzpSvf+uAgZw==,Magicbricks,https://www.magicbricks.com/property-details/2-BHK-1200-Sq-ft-Multistorey-Apartment-FOR-Rent-in-Visakhapatnam&id=4d423833333533373239,2026-04-19 13:52:16,,,,Priya,"Visakhapatnam, Andhra Pradesh",,,,Apartment,Semi-Furnished,1,5,,1200,Sq-ft,,"Multistorey apartment is available for rent. It is a good location property. Please contact for more details. Check out this newly constructed 2 BHK flat on rent in the prime location of Classic crown appartments,srinivasnagar,opposite market,sriharipuram Visakhapatnam. The multistorey apartment is available at rent of ₹11,000. Do not pay any brokerage fee for this 2 BHK rental flat since the property ad is posted by the flat owner.",11000,,,9,2,,No,No,No,,False,False,Owner,31,Immediately,2026-02-11T06:05:45.000Z,"Feb 11, '26",True
djf++1pXODZzpSvf+uAgZw==,Magicbricks,https://www.magicbricks.com/property-details/2-BHK-1500-Sq-ft-Builder-Floor-Apartment-FOR-Rent-Pedaganayada-in-Visakhapatnam&id=4d423833353239303139,2026-04-19 13:52:16,17.667225,83.2050863,,Pedaganayada,"new dibbapalem, peddagantyada",,,,Builder Floor Apartment,Furnished,1,2,,1500,Sq-ft,Less than 5 years,"2 BHK flat is available for rent in Pedaganayada immediately. The Rent amount of this 2 BHK apartment is set at an attractive price of ₹20,000. Located on the 1 floor, the flat has 3 bathrooms, 3 balcony in carpet area of 1000 sqft. The flat can be visited at new dibbapalem, peddagantyada, Pedaganayada, Visakhapatnam, Andhra Pradesh. The brokerage amount of the 2 BHK apartment is zero.",20000,60000,,13,3,,No,No,No,,False,False,Owner,36,Immediately,2026-02-24T03:21:54.000Z,"Feb 24, '26",True
IcGRj4N2iapzpSvf+uAgZw==,Magicbricks,https://www.magicbricks.com/property-details/2-BHK-1100-Sq-ft-Multistorey-Apartment-FOR-Rent-New-Gajuwaka-in-Visakhapatnam&id=4d423534343532393539,2026-04-19 13:52:16,17.6862833,83.2174131,,Saila Behera,"Vikas Nagar, HIG-80",,,,Apartment,Semi-Furnished,2,2,East,,,10 to 15 years,"2 BHK flat is available for rent in New Gajuwaka immediately. This 2 BHK flat is available at the reasonable rent amount of ₹7,500. Located on the 2 floor, the flat comprises 2 bathrooms, 1 balcony, and has a carpet area of 1100 sqft. This flat is located at Vikas Nagar, HIG-80, New Gajuwaka, Visakhapatnam, Andhra Pradesh. This 2 BHK apartment ad is listed by the owner, so there is no brokerage fee.",7500,,,,2,,No,No,No,,False,False,Owner,39,Immediately,2026-03-15T17:48:24.000Z,"Mar 15, '26",True
1+RvEjtsBV1zpSvf+uAgZw==,Magicbricks,https://www.magicbricks.com/property-details/2-BHK-801-Sq-ft-Multistorey-Apartment-FOR-Rent-Muralinagar-in-Visakhapatnam&id=4d423739323337353933,2026-04-19 13:52:16,17.7471481,83.2599674,,Muralinagar,"39-8-7569 Sai Mani Villa, sector 8, Muralimagar",,,,Apartment,Semi-Furnished,2,2,North,801,Sq-ft,10 to 15 years,"801 North east flat facing building and east side road posh locality pleasant atmosphere natural parks Check out this newly constructed 2 BHK flat on rent in the prime location of Muralinagar Visakhapatnam. You can get this flat at monthly rent of ₹11,000. Located on the 2 floor, the flat comprises 1 bathrooms, 2 balcony, and has a carpet area of 701 sqft. Visit the apartment at 39-8-7569 Sai Mani Villa, sector 8, Muralimagar, Muralinagar, Visakhapatnam, Andhra Pradesh. Do not pay any brokerage fee for this 2 BHK rental flat since the property ad is posted by the flat owner.",11000,35000,1000,14,1,,No,No,No,,False,True,Owner,61,Immediately,2026-02-06T22:30:37.000Z,"Feb 07, '26",True
MiX6io46hHhzpSvf+uAgZw==,Magicbricks,https://www.magicbricks.com/property-details/2-BHK-800-Sq-ft-Builder-Floor-Apartment-FOR-Rent-Kancharapalem-in-Visakhapatnam&id=4d423534353531323731,2026-04-19 13:52:16,17.735825,83.273346,,M sanyasayya,"Visakhapatnam, Andhra Pradesh",,,,Builder Floor Apartment,Semi-Furnished,2,2,,800,Sq-ft,,"You can explore this 2 BHK flat on rent in Kancharapalem Visakhapatnam. The multistorey apartment is available at rent of ₹7,000. Find this apartment at Kancharapalem, Visakhapatnam, Andhra Pradesh. You can find the 2 BHK flat without any brokerage.",7000,,,9,1,,No,No,No,,False,False,Owner,56,Immediately,2026-02-18T13:19:28.000Z,"Feb 18, '26",True
6ImJ8DTLuXtzpSvf+uAgZw==,Magicbricks,https://www.magicbricks.com/property-details/2-BHK-1000-Sq-ft-Builder-Floor-Apartment-FOR-Rent-Daba-Garden-in-Visakhapatnam&id=4d423535333037313137,2026-04-19 13:52:16,17.7169266,83.3021004,,Daba Garden,"Visakhapatnam, Andhra Pradesh","19206|CMR Shopping Mall, 19206|Pantaloons",,,Builder Floor Apartment,Unfurnished,1,5,,1000,Sq-ft,,"A beautiful 2 BHK flat is available for rent in Daba Garden. You can get this flat at monthly rent of ₹12,500. This flat is located at Daba Garden, Visakhapatnam, Andhra Pradesh. Do not pay any brokerage fee for this 2 BHK rental flat since the property ad is posted by the flat owner.",12500,,,12,2,,No,No,No,,False,False,Owner,0,Immediately,2026-02-25T21:31:43.000Z,"Feb 26, '26",True
EoYLOj3GwthzpSvf+uAgZw==,Magicbricks,https://www.magicbricks.com/property-details/2-BHK-855-Sq-ft-Multistorey-Apartment-FOR-Rent-Daba-Gardens-in-Visakhapatnam&id=4d423832353437303535,2026-04-19 13:52:16,17.71595358,83.29643362,,Kumkum Nithu,"Visakhapatnam, Andhra Pradesh",,,,Apartment,Furnished,5,16,,,,5 to 10 years,"2 BHK apartment is available on rent in Daba Gardens Visakhapatnam right away. ₹14,000 is the monthly rent of this 2 BHK flat. Visit the flat at Daba Gardens, Visakhapatnam, Andhra Pradesh. This is a no-brokerage flat, as the owner is offering this 2 BHK flat on rent.",14000,28000,,,2,,No,No,No,,False,False,Owner,33,Immediately,2026-02-27T04:39:21.000Z,"Feb 27, '26",True
DDG1jBkY4q9zpSvf+uAgZw==,Magicbricks,https://www.magicbricks.com/property-details/2-BHK-1100-Sq-ft-Multistorey-Apartment-FOR-Rent-MVP-Colony-in-Visakhapatnam&id=4d423735323136373231,2026-04-19 13:52:16,17.7422936,83.3335151,,MVP Colony,Flat No 103,,,,Apartment,Semi-Furnished,1,5,,,,,"The Flat is in Soundarya Enclave Apartment, which is on MVP Colony Double Road, a prime commercial location. This is on Main Road, opposite to Girijan Bhavan and beside KFC and Pizza Hut. Everything is accessible from here.",20000,,1100,,2,,No,No,No,,False,False,Owner,71,Immediately,2026-02-13T17:32:37.000Z,"Feb 13, '26",True
yDHTAK4uA69zpSvf+uAgZw==,Magicbricks,https://www.magicbricks.com/property-details/2-BHK-990-Sq-ft-Multistorey-Apartment-FOR-Rent-Vadlapudi-in-Visakhapatnam&id=4d423833343030373531,2026-04-19 13:52:16,17.6892113,83.1756042,,bhanu,"Visakhapatnam, Andhra Pradesh",,,,Apartment,Semi-Furnished,1,5,,990,Sq-ft,5 to 10 years,"Multistorey apartment is available for rent. It is a good location property. Please contact for more details. 2 BHK flat is available for rent in Vadlapudi immediately. The Rent amount of this 2 BHK apartment is set at an attractive price of ₹9,500. Located on the 1 floor, the flat has 2 bathrooms, 2 balcony in carpet area of 900 sqft. This flat is located at Vadlapudi, Visakhapatnam, Andhra Pradesh. The brokerage amount of the 2 BHK apartment is zero.",9500,,,10,2,,No,No,No,,False,False,Owner,36,Immediately,2026-02-13T16:00:17.000Z,"Feb 13, '26",True
MQBq2QZ/WwBzpSvf+uAgZw==,Magicbricks,https://www.magicbricks.com/property-details/2-BHK-1150-Sq-ft-Multistorey-Apartment-FOR-Rent-Madhurwada-in-Visakhapatnam&id=4d423831353239373135,2026-04-19 13:52:16,17.8224722,83.3522229,,Madhurawada,"Flat 1 b jayasai residency sundar nagar, madhurawada pm palem visakhapatnam.",19202|APSWR Centre of Excellence,,,Apartment,Semi-Furnished,1,4,South,1150,Sq-ft,5 to 10 years,"You can explore this 2 BHK flat on rent in Madhurwada Visakhapatnam. The rent of the 2 BHK flat is ₹8,500. Located on the 1 floor, the flat comprises 2 bathrooms, 2 balcony, and has a carpet area of 1100 sqft. The property includes 1 Covered parking. This home provides reserved parking. Find this apartment at Flat 1 b jayasai residency sundar nagar, madhurawada pm palem visakhapatnam., Madhurwada, Visakhapatnam, Andhra Pradesh. The brokerage amount of the 2 BHK apartment is zero.",8500,17000,800,7,2,1 Covered,Yes,No,No,Private Garage,True,True,Owner,89,Immediately,2026-03-21T23:32:24.000Z,"Mar 22, '26",True
1BdOhsFfZLNzpSvf+uAgZw==,Magicbricks,https://www.magicbricks.com/property-details/2-BHK-1100-Sq-ft-Multistorey-Apartment-FOR-Rent-in-Visakhapatnam&id=4d423833343030373135,2026-04-19 13:52:16,,,,Surendra,"Visakhapatnam, Andhra Pradesh",,,,Apartment,Furnished,Ground,5,,1100,Sq-ft,5 to 10 years,"Multistorey apartment is available for rent. It is a good location property. Please contact for more details. If you are searching a 2 BHK apartment for rent in Phase-6 Green lands., check out this amazing rental flat. The 2 BHK apartment is available at a reasonable rent of ₹8,100. Some added-on facilities available with the flat are 2 Wardrobe. Located on the Ground floor, the flat has 2 bathrooms, 1 balcony in carpet area of 1000 sqft. The brokerage amount of the 2 BHK apartment is zero.",8100,16000,1000,7,2,,No,No,No,,False,False,Owner,40,Immediately,2026-02-13T15:55:17.000Z,"Feb 13, '26",True
d3IM7PS6tZJzpSvf+uAgZw==,Magicbricks,https://www.magicbricks.com/property-details/2-BHK-600-Sq-ft-Multistorey-Apartment-FOR-Rent-Akkayyapalem-in-Visakhapatnam&id=4d423833363935343231,2026-04-19 13:52:16,17.7367389,83.3000947,,Akkayyapalem,"Visakhapatnam, Andhra Pradesh",,,,Apartment,Unfurnished,1,2,,600,Sq-ft,Less than 5 years,"2 BHK flat is available for rent in Akkayyapalem immediately. You can get this flat at monthly rent of ₹9,500. Located on the 1 floor, the flat comprises 1 bathrooms, 1 balcony, and has a carpet area of 600 sqft. The flat can be visited at Akkayyapalem, Visakhapatnam, Andhra Pradesh. This 2 BHK apartment ad is listed by the owner, so there is no brokerage fee.",9500,19000,0,16,1,,No,No,No,,False,False,Owner,38,Immediately,2026-03-08T11:59:00.000Z,"Mar 08, '26",True
f9F92bmyRqdzpSvf+uAgZw==,Magicbricks,https://www.magicbricks.com/property-details/2-BHK-1000-Sq-ft-Multistorey-Apartment-FOR-Rent-in-Visakhapatnam&id=4d423833313435323835,2026-04-19 13:52:16,,,,vardhini,"Kakani Nagar, Visakhapatnam",,,,Apartment,Unfurnished,2,5,South,1000,Sq-ft,5 to 10 years,"All interiors done, cup boards, dressing table, exhaust and LPG piping available so cylinders can be placed out off kitchen Find 2 BHK flat for rent in Vimannnagar Visakhapatnam. Available at a rental price of ₹12,000, this 2 BHK flat is worth considering. The apartment is on the 2 floor, has a carpet area of 1000 sqft with 2 bathrooms and 2 balcony. The apartment comes furnished with power back up, security. The owner has posted this 2 BHK flat for rent, so the brokerage fees is zero on this multistorey apartment.",12000,,,12,2,,No,No,No,,False,True,Owner,71,Immediately,2026-03-27T23:33:24.000Z,"Mar 28, '26",True
VGU8uPQ8duFzpSvf+uAgZw==,Magicbricks,https://www.magicbricks.com/property-details/2-BHK-1400-Sq-ft-Multistorey-Apartment-FOR-Rent-Aganampudi-in-Visakhapatnam&id=4d423736333032323835,2026-04-19 13:52:16,17.6882133,83.1262703,,murthy,"Flat Nos B3  B6, Aganampudi, viskhapatnam",,,,Apartment,Unfurnished,2,6,,1400,Sq-ft,5 to 10 years,"Find this 2 BHK rental flat in Aganampudi Visakhapatnam. ₹10,000 is the monthly rent of this 2 BHK flat. The apartment is on the 2 floor, has a carpet area of 1150 sqft with 2 bathrooms and 2 balcony. This 2 BHK rental flat comes with no brokerage fees.",10000,20000,500,7,2,,No,No,No,,False,False,Owner,55,Immediately,2026-02-11T21:33:32.000Z,"Feb 12, '26",True
bGZOowV5UGNzpSvf+uAgZw==,Magicbricks,https://www.magicbricks.com/property-details/2-BHK-10000-Sq-ft-Multistorey-Apartment-FOR-Rent-Duvvada-in-Visakhapatnam&id=4d423435323838313933,2026-04-19 13:52:16,17.70006,83.153599,,Anand,"Door no.1-13/2A,Sriramanagar,sector2,duvvada",,,,Apartment,Unfurnished,Ground,3,West,"10,000",Sq-ft,New Construction,"We are having 7 flats in our apartment, near duvvada railway station,we are willing to give all the flats to a company or for pg purpose. You can avail the 2 BHK flat for rent in the well-known location of Duvvada. This 2 BHK flat is available at the reasonable rent amount of ₹12,000. Located on the Ground floor, the flat has 2 bathrooms, 2 balcony in covered area of 10,000 sqft. 2 Covered, 1 Open parking facility are also available. This home provides reserved parking. The full address of the apartment is Door no.1-13/2A,Sriramanagar,sector2,duvvada, Duvvada, Visakhapatnam, Andhra Pradesh. This 2 BHK flat is directly posted by the owner, so you don't need to pay any brokerage on this property.",12000,,,1,2,"2 Covered, 1 Open",No,No,No,,False,False,Owner,77,Immediately,2026-02-15T21:30:28.000Z,"Feb 16, '26",True
7PoGRfT/SSJzpSvf+uAgZw==,Magicbricks,https://www.magicbricks.com/property-details/2-BHK-685-Sq-ft-Multistorey-Apartment-FOR-Rent-in-Visakhapatnam&id=4d423639363834313831,2026-04-19 13:52:16,,,,lohitha,"54-8-11, isukhathota, vizag",,,,Apartment,Unfurnished,2,2,North,685,Sq-ft,Less than 5 years,"Near to daily necessities Grab the chance to own this affordable 2 BHK flat for rent in the Surisetty Ramu Naidu Nilayam area. ₹10,000 is the monthly rent of this 2 BHK flat. The owner has posted this 2 BHK flat for rent, so the brokerage fees is zero on this multistorey apartment.",10000,20000,500,15,2,,No,No,No,,False,False,Owner,70,Immediately,2026-03-24T13:51:35.000Z,"Mar 24, '26",True
ZcTlLcGGxA1zpSvf+uAgZw==,Magicbricks,https://www.magicbricks.com/property-details/2-BHK-1380-Sq-ft-Multistorey-Apartment-FOR-Rent-in-Visakhapatnam&id=4d423833353333343635,2026-04-19 13:52:16,,,,pragna,"Visakhapatnam, Andhra Pradesh",,,,Apartment,Furnished,2,2,,1380,Sq-ft,10 to 15 years,"Grab the chance to own this affordable 2 BHK flat for rent in the m.v.p sector 8/ ushodaya area. This 2 BHK flat is available at the reasonable rent amount of ₹20,000. 4 Wardrobe are some of the additional amenities available with the apartment. The flat is located on the 2 floor which includes 2 bathrooms, 2 balcony, and covers a carpet area of 1380 sqft. You can find the 2 BHK flat without any brokerage.",20000,40000,1000,14,2,,No,No,No,,False,False,Owner,36,Immediately,2026-02-24T07:50:12.000Z,"Feb 24, '26",True
0On6eKH7dgBzpSvf+uAgZw==,Magicbricks,https://www.magicbricks.com/property-details/2-BHK-1049-Sq-ft-Multistorey-Apartment-FOR-Rent-Gajuwaka-in-Visakhapatnam&id=4d423833313432363635,2026-04-19 13:52:16,17.688112,83.213121,,PremaLatha Injumuri,Kurmanapalem,19202|Timpany Steel City School,,,Apartment,Furnished,9,10,East,1049,Sq-ft,Less than 5 years,"Sofa setDining tableBedsDressing tablesTVRefrigeratorWashing machineWater purifierAir conditioner 2 BHK flat is available for rent in Gajuwaka immediately. You can get this flat at monthly rent of ₹20,000. Located on the 9 floor, the flat has 2 bathrooms, 1 balcony in covered area of 1049 sqft. The building has 10 floor and offers Kids play area amenities. This flat is fitted with power back up, reserved parking, security, service/goods lift, ro water system. The full address of the apartment is On Duvvada Railway Station Road, Opposite ICICI Bank,Kurmannapalem,Gajuwaka, Visakhapatnam.. This 2 BHK rental flat comes with no brokerage fees.",20000,40000,1800,19,2,,No,No,No,"Banquet Hall, Jogging and Strolling Track, Island Kitchen Layout, Water Front",False,False,Owner,90,Immediately,2026-03-15T22:30:43.000Z,"Mar 16, '26",True
BKfd5KZS9hNzpSvf+uAgZw==,Magicbricks,https://www.magicbricks.com/property-details/2-BHK-1105-Sq-ft-Multistorey-Apartment-FOR-Rent-Sheelanagar-in-Visakhapatnam&id=4d423832303430303637,2026-04-19 13:52:16,17.718522,83.1983904,,Sheelanagar,sheelanagar double road kims hospital road,,,,Apartment,Semi-Furnished,5,5,,1105,Sq-ft,5 to 10 years,"Check out this newly constructed 2 BHK flat on rent in the prime location of Sheelanagar Visakhapatnam. ₹13,000 is the monthly rent of this 2 BHK flat. Located on the 5 floor, the flat comprises 2 bathrooms, 1 balcony, and has a carpet area of 1025 sqft. There are no brokerage fees on this 2 BHK multistorey apartment.",13000,,1250,12,2,,No,No,No,,False,False,Owner,38,Immediately,2026-03-13T21:30:52.000Z,"Mar 14, '26",True
ECqptfQZ4oRzpSvf+uAgZw==,Magicbricks,https://www.magicbricks.com/property-details/2-BHK-1140-Sq-ft-Multistorey-Apartment-FOR-Rent-Duvvada-in-Visakhapatnam&id=4d423833373038363031,2026-04-19 13:52:16,17.70006,83.153599,,kalyan,Ragivnagar Old sivalayam,,,,Apartment,Unfurnished,2,5,East,1140,Sq-ft,Less than 5 years,"Grab the chance to own this affordable 2 BHK flat for rent in the Duvvada area. This 2 BHK flat is available at the reasonable rent amount of ₹10,000. The flat is on the 2 floor and includes 2 bathrooms, 1 balcony with a carpet area of 850 sqft. This property offers power back up, reserved parking. The flat can be visited at Ragivnagar Old sivalayam, Duvvada, Visakhapatnam, Andhra Pradesh. You can find the 2 BHK flat without any brokerage.",10000,25000,1000,9,2,,Yes,No,No,Laundry Service,False,False,Owner,67,Immediately,2026-03-09T13:06:14.000Z,"Mar 09, '26",True
xuf7AceFU/JzpSvf+uAgZw==,Magicbricks,https://www.magicbricks.com/property-details/2-BHK-1200-Sq-ft-Multistorey-Apartment-FOR-Rent-Siri-Puram-in-Visakhapatnam&id=4d423735323330313935,2026-04-19 13:52:16,17.720372,83.3168071,,Siri Puram,"G Datta Flat No-A3,First Floor,Mount Moriah Residency,Waltair Uplands,Siripuram,Vizag Landmark-Opp Sampat Vinayak Temple",,,,Apartment,Semi-Furnished,1,5,East,1200,Sq-ft,10 to 15 years,"Multistorey apartment is available for rent. As per Vastu, No Power, Water Problem, Plenty of Sunlight, Air. Find 2 BHK flat for rent in Siri Puram Visakhapatnam. The 2 BHK apartment is available at a reasonable rent of ₹21,000. The apartment is on the 1 floor, has a carpet area of 1100 sqft with 2 bathrooms and 1 balcony. 1 Covered parking space is also available. The flat comes with reserved parking, security. Visit the flat at G Datta Flat No-A3,First Floor,Mount Moriah Residency,Waltair Uplands,Siripuram,Vizag Landmark-Opp Sampat Vinayak Temple, Siri Puram, Visakhapatnam, Andhra Pradesh. Do not pay any brokerage fee for this 2 BHK rental flat since the property ad is posted by the flat owner.",21000,70000,1100,18,2,1 Covered,No,No,No,,False,False,Owner,100,Immediately,2026-02-16T16:54:29.000Z,"Feb 16, '26",True
BVSTTvuouAxzpSvf+uAgZw==,Magicbricks,https://www.magicbricks.com/property-details/2-BHK-1000-Sq-ft-Builder-Floor-Apartment-FOR-Rent-Madhurwada-in-Visakhapatnam&id=4d423535353435373037,2026-04-19 13:52:16,17.8224722,83.3522229,,Madhurawada,"Visakhapatnam, Andhra Pradesh",19202|APSWR Centre of Excellence,,,Builder Floor Apartment,Semi-Furnished,2,5,,1000,Sq-ft,,"property is in a good locality If you are searching a 2 BHK apartment for rent in Madhurwada, check out this amazing rental flat. The rent of the 2 BHK flat is ₹10,500. Visit the flat at Madhurwada, Visakhapatnam, Andhra Pradesh. This is a no-brokerage flat because the owner has posted the ad on this 2 BHK apartment.",10500,,,10,2,,No,No,No,,False,False,Owner,31,Immediately,2026-03-04T06:00:19.000Z,"Mar 04, '26",True
LeRzDxyXguxzpSvf+uAgZw==,Magicbricks,https://www.magicbricks.com/property-details/2-BHK-1325-Sq-ft-Multistorey-Apartment-FOR-Rent-Dwarakanagar-in-Visakhapatnam&id=4d423831313339393239,2026-04-19 13:52:16,17.7281761,83.3081172,,Dwarakanagar,Dwaraka Nagar 3rd Lane,"19202|Sri Krishna Vidya Mandir, 19202|Sri Sarada Vidya Nilayam",,,Apartment,Semi-Furnished,2,5,East,1325,Sq-ft,10 to 15 years,"Find this 2 BHK rental flat in Dwarakanagar Visakhapatnam. Available at a rental price of ₹22,000, this 2 BHK flat is worth considering. Located on the 2 floor, the flat has 2 bathrooms, 2 balcony in carpet area of 1325 sqft. The property features reserved parking. Visit the flat at Dwaraka Nagar 3rd Lane, Dwarakanagar, Visakhapatnam, Andhra Pradesh. The owner has posted this 2 BHK flat for rent, so the brokerage fees is zero on this multistorey apartment.",22000,75000,1200,17,2,,No,No,No,,False,True,Owner,80,Immediately,2026-03-01T23:39:12.000Z,"Mar 02, '26",True
ZvSW+bxJHY5zpSvf+uAgZw==,Magicbricks,https://www.magicbricks.com/property-details/2-BHK-1100-Sq-ft-Multistorey-Apartment-FOR-Rent-Doctor-NTR-Beach-Road-in-Visakhapatnam&id=4d423631373434323235,2026-04-19 13:52:16,17.8128776087318,83.4080136730208,,Doctor NTR Beach Road,"Visakhapatnam, Andhra Pradesh",,,,Apartment,Semi-Furnished,Ground,4,,1100,Sq-ft,Above 20 years,"Beach Road near YMCA Two bed room flat Check out this newly constructed 2 BHK flat on rent in the prime location of Doctor NTR Beach Road Visakhapatnam. The flat is available for rent at a competitive amount of ₹12,000. The apartment is on the Ground floor, has a carpet area of 800 sqft with 2 bathrooms and 2 balcony. Visit the flat at Doctor NTR Beach Road, Visakhapatnam, Andhra Pradesh. The owner has posted this 2 BHK flat for rent, so the brokerage fees is zero on this multistorey apartment.",12000,30000,1000,11,2,,No,No,No,,False,False,Owner,55,Immediately,2026-03-04T11:33:50.000Z,"Mar 04, '26",True
fpsV5/0ouolzpSvf+uAgZw==,Magicbricks,https://www.magicbricks.com/property-details/2-BHK-1050-Sq-ft-Multistorey-Apartment-FOR-Rent-Gajuwaka-in-Visakhapatnam&id=4d423833343436363339,2026-04-19 13:52:16,17.688112,83.213121,,soumya,"Visakhapatnam, Andhra Pradesh",19202|Timpany Steel City School,,,Apartment,Semi-Furnished,4,9,,1050,Sq-ft,,"Multistorey apartment is available for rent. It is a good location property. Please contact for more details. A beautiful 2 BHK flat is available for rent in Gajuwaka. The flat is available for rent at a competitive amount of ₹12,000. This property features 9 floor and offers a range of Kids play area facilities. The flat can be visited at On Duvvada Railway Station Road, Opposite ICICI Bank,Kurmannapalem,Gajuwaka, Visakhapatnam.. This is a no-brokerage flat because the owner has posted the ad on this 2 BHK apartment.",12000,,,11,2,,No,No,No,,False,False,Owner,33,Immediately,2026-02-17T11:36:14.000Z,"Feb 17, '26",True
Nc9R7CPCty1zpSvf+uAgZw==,Magicbricks,https://www.magicbricks.com/property-details/2-BHK-1150-Sq-ft-Multistorey-Apartment-FOR-Rent-in-Visakhapatnam&id=4d423635343135373033,2026-04-19 13:52:16,,,,Raghu,"Visakhapatnam, Andhra Pradesh",,,,Apartment,Semi-Furnished,5,5,,1150,Sq-ft,10 to 15 years,"Check out this newly constructed 2 BHK flat on rent in the prime location of Bangaramma Residency Visakhapatnam. The apartment is available at an affordable rental price of ₹10,000. The apartment is on the 5 floor, has a carpet area of 1100 sqft with 2 bathrooms and 1 balcony. This is a no-brokerage flat, as the owner is offering this 2 BHK flat on rent.",10000,20000,1000,9,2,,No,No,No,,False,False,Owner,36,Immediately,2026-03-03T18:13:00.000Z,"Mar 03, '26",True
NUXMO3p1MjFzpSvf+uAgZw==,Magicbricks,https://www.magicbricks.com/property-details/2-BHK-1100-Sq-ft-Multistorey-Apartment-FOR-Rent-Yendada-in-Visakhapatnam&id=4d423832363031313039,2026-04-19 13:52:16,17.7771215,83.3615748,,Yendada,yendada,,,,Apartment,Semi-Furnished,1,5,West,1100,Sq-ft,5 to 10 years,"Multistorey apartment is available for rent. It is a good location property. Please contact for more details. Check out this newly constructed 2 BHK flat on rent in the prime location of Yendada Visakhapatnam. The flat is available for rent at a competitive amount of ₹18,000. The flat is on the 1 floor and includes 2 bathrooms, 1 balcony with a covered area of 1100 sqft. The property features power back up, security, intercom facility. The address is GITAM Medical College Rd, Yendada, Rushikonda, Visakhapatnam, Andhra Pradesh. This 2 BHK apartment ad is listed by the owner, so there is no brokerage fee.",18000,,,16,2,,Yes,No,No,Intercom Facility,False,False,Owner,71,Immediately,2026-02-20T22:30:41.000Z,"Feb 21, '26",True
Qmur06nSD1pzpSvf+uAgZw==,Magicbricks,https://www.magicbricks.com/property-details/3-BHK-1565-Sq-ft-Multistorey-Apartment-FOR-Rent-Naidu-Thota-in-Visakhapatnam&id=4d423832303332363535,2026-04-19 13:52:16,17.76217,83.211759,,B Rajesh kumar,"Visakhapatnam, Andhra Pradesh",,,,Apartment,,,,,1565,Sq-ft,,"A beautiful 3 BHK flat is available for rent in Naidu Thota. You can get this flat at monthly rent of ₹25,000. You can visit the flat at Naidu Thota, Visakhapatnam, Andhra Pradesh. This 3 BHK rental flat comes with no brokerage fees.",25000,,,16,,,No,No,No,,False,False,Owner,39,Immediately,2026-02-02T23:31:14.000Z,"Feb 03, '26",True
lFd892O46BdzpSvf+uAgZw==,Magicbricks,https://www.magicbricks.com/property-details/3-BHK-1200-Sq-ft-Multistorey-Apartment-FOR-Rent-Kommadi-in-Visakhapatnam&id=4d423634333432393431,2026-04-19 13:52:16,17.8148389,83.3323582,,Kommadi,"Visakhapatnam, Andhra Pradesh",,,,Apartment,Furnished,3,5,,,,5 to 10 years,"Multistorey apartment is available for rent. It has carpet area 1200 sq-ft, it is 3 BHK apartment. Please contact for more details. 3 BHK apartment is available on rent in Kommadi Visakhapatnam right away. The flat is available for rent at a competitive amount of ₹16,000. The flat is located on the 3 floor which includes 2 bathrooms, 2 balcony, and covers a carpet area of 1200 sqft. The full address of the apartment is Kommadi, Visakhapatnam, Andhra Pradesh. You can find the 3 BHK flat without any brokerage.",16000,48000,1000,,2,,No,No,No,,False,False,Owner,58,Immediately,2026-02-09T03:43:52.000Z,"Feb 09, '26",True
ZhoFeVqEEgdzpSvf+uAgZw==,Magicbricks,https://www.magicbricks.com/property-details/3-BHK-1430-Sq-ft-Multistorey-Apartment-FOR-Rent-Kommadi-in-Visakhapatnam&id=4d423833393430393735,2026-04-19 13:52:16,17.8148389,83.3323582,,Kommadi,"Visakhapatnam, Andhra Pradesh",,,,Apartment,Semi-Furnished,4,6,,1430,Sq-ft,New Construction,"Check out this newly constructed 3 BHK flat on rent in the prime location of Kommadi Visakhapatnam. ₹18,000 is the monthly rent of this 3 BHK flat. Located on the 4 floor, the flat has 3 bathrooms, 2 balcony in covered area of 1430 sqft. The flat can be visited at Uppada, Madhurawada, Visakhapatnam. The owner has posted this 3 BHK flat for rent, so the brokerage fees is zero on this multistorey apartment.",18000,,,13,3,,No,No,No,,False,False,Owner,33,Immediately,2026-03-25T13:30:59.000Z,"Mar 25, '26",True
qkNbI/LYtktzpSvf+uAgZw==,Magicbricks,https://www.magicbricks.com/property-details/3-BHK-1635-Sq-ft-Multistorey-Apartment-FOR-Rent-Muralinagar-in-Visakhapatnam&id=4d423634383935383633,2026-04-19 13:52:16,17.7471481,83.2599674,,Muralinagar, Muralinagar,,,,Apartment,Unfurnished,3,6,North - East,1635,Sq-ft,5 to 10 years,"Grab the chance to own this affordable 3 BHK flat for rent in the Muralinagar area. The apartment is available at an affordable rental price of ₹18,000. This unit features power back up, reserved parking, security. The brokerage amount of the 3 BHK apartment is zero.",18000,,,11,3,,No,No,No,,False,False,Owner,69,Immediately,2026-02-09T21:30:34.000Z,"Feb 10, '26",True
fkkHSbDsvuJzpSvf+uAgZw==,Magicbricks,https://www.magicbricks.com/property-details/3-BHK-1800-Sq-ft-Multistorey-Apartment-FOR-Rent-Madhurwada-in-Visakhapatnam&id=4d423433343637313037,2026-04-19 13:52:16,17.8224722,83.3522229,,Madhurawada,Visakhapatnam,19202|APSWR Centre of Excellence,,,Apartment,Unfurnished,1,5,East,1800,Sq-ft,Less than 5 years,"Beautiful Gated Community with parks and open spaces. The apartment is new, east facing, large and corner apartment with park view. Flooring is vitrified tiles. Location is in posh area near to IT companies etc",14000,30000,1000,8,3,,Yes,No,Yes,Jogging and Strolling Track,False,False,Owner,92,Immediately,2026-02-23T08:15:39.000Z,"Feb 23, '26",True
02TeJklpH9NzpSvf+uAgZw==,Magicbricks,https://www.magicbricks.com/property-details/3-BHK-1400-Sq-ft-Multistorey-Apartment-FOR-Rent-Madhurwada-in-Visakhapatnam&id=4d423537343031323633,2026-04-19 13:52:16,17.8224722,83.3522229,,Madhurawada,"Srinivasa Nagar, Madhurawada, Visakhapatnam, Andhra Pradesh 530041",19202|APSWR Centre of Excellence,530041,,Apartment,Semi-Furnished,1,4,North - East,1400,Sq-ft,,"Grab the chance to own this affordable 3 BHK flat for rent in the Madhurwada area. The multistorey apartment is available at rent of ₹14,000. There is also facility of 1 Covered parking. This unit is designed with security. This flat is located at Srinivasa Nagar, Madhurawada, Visakhapatnam, Andhra Pradesh 530041, Madhurwada, Visakhapatnam, Andhra Pradesh. This 3 BHK rental flat comes with no brokerage fees.",14000,30000,600,10,2,1 Covered,No,No,No,,False,False,Owner,76,Immediately,2026-03-06T17:42:42.000Z,"Mar 06, '26",True
NfjE/0cMzZJzpSvf+uAgZw==,Magicbricks,https://www.magicbricks.com/property-details/3-BHK-1450-Sq-ft-Multistorey-Apartment-FOR-Rent-Madhurwada-in-Visakhapatnam&id=4d423634383530313135,2026-04-19 13:52:16,17.8224722,83.3522229,,Madhurawada,"durga nagar, chandrapalam , Madhurawada, visakhapatnam-41",19202|APSWR Centre of Excellence,,,Apartment,Semi-Furnished,4,5,West,1450,Sq-ft,5 to 10 years,"3BHK Residential house for rent in prime location with good ventilation , full water and power facility, good ventilation 3 BHK flat is available for rent in Madhurwada immediately. This 3 BHK flat is available at the reasonable rent amount of ₹9,000. The flat is located on the 4 floor which includes 2 bathrooms, 2 balcony, and covers a carpet area of 1330 sqft. You will also find 1 Covered parking facility. This home provides power back up, reserved parking, security. Visit the flat at durga nagar, chandrapalam , Madhurawada, visakhapatnam-41, Madhurwada, Visakhapatnam, Andhra Pradesh. This 3 BHK flat is directly posted by the owner, so you don't need to pay any brokerage on this property.",9000,9000,950,6,2,1 Covered,No,No,No,,False,False,Owner,94,Immediately,2026-02-26T14:04:39.000Z,"Feb 26, '26",True
3ZLCs34xHYFzpSvf+uAgZw==,Magicbricks,https://www.magicbricks.com/property-details/3-BHK-1700-Sq-ft-Multistorey-Apartment-FOR-Rent-Madhurwada-in-Visakhapatnam&id=4d423730323339353031,2026-04-19 13:52:16,17.8224722,83.3522229,,Madhurawada,"Visakhapatnam, Andhra Pradesh",19202|APSWR Centre of Excellence,,,Apartment,Unfurnished,4,5,,,,,"3 BHK flat is available for rent in Madhurwada immediately. The rent of the 3 BHK flat is ₹15,000. The address is Madhurwada, Visakhapatnam.. The owner has posted this 3 BHK flat for rent, so the brokerage fees is zero on this multistorey apartment.",15000,,,,3,,No,No,No,,False,False,Owner,24,Immediately,2026-03-11T17:32:15.000Z,"Mar 11, '26",True
xb28FRVCETRzpSvf+uAgZw==,Magicbricks,https://www.magicbricks.com/property-details/3-BHK-1560-Sq-ft-Multistorey-Apartment-FOR-Rent-Gopalpatnam-in-Visakhapatnam&id=4d423732343532313331,2026-04-19 13:52:16,17.7487115,83.2198151,,Gopalpatnam, Gopalpatnam,,,,Apartment,Furnished,1,5,South,1560,Sq-ft,5 to 10 years,"1st floor Flat No.107 ,3BHk With cupboards, 24hrs water and 24 hours lift and Genantor ,its near to banks,bustop and RithuBazzar 3 BHK apartment is available on rent in Gopalpatnam Visakhapatnam right away. ₹15,000 is the monthly rent of this 3 BHK flat. The flat is on the 1 floor and includes 3 bathrooms, 1 balcony with a carpet area of 1560 sqft. The apartment comes furnished with power back up, security, service/goods lift. Do not pay any brokerage fee for this 3 BHK rental flat since the property ad is posted by the flat owner.",15000,45000,1500,10,3,,Yes,No,No,"Service/Goods Lift, Laundry Service",False,False,Owner,60,Immediately,2026-03-05T06:15:55.000Z,"Mar 05, '26",True
NakTZD5/6QJzpSvf+uAgZw==,Magicbricks,https://www.magicbricks.com/property-details/3-BHK-2000-Sq-ft-Multistorey-Apartment-FOR-Rent-Pothinamallayya-Palem-in-Visakhapatnam&id=4d423831393933303235,2026-04-19 13:52:16,17.8028841,83.3345424,,UM Rao Maradani,"Flat 101, Dr 6-1581 Sidhardha Nagar, Pothina Mallayya Palem, Last Bus Stop to BABA College Road",,,,Apartment,Semi-Furnished,Ground,5,,2000,Sq-ft,New Construction,Peaceful and pollution free area. 5 floors each floor one flat. Backup power generator available. Covered parking for one car and one bike. Out of 5 flats 3 occupied by the owners and two by tenants. Well maintained.,22500,67500,2000,11,2,1 Covered,No,No,No,,False,False,Owner,69,Immediately,2026-03-13T21:33:11.000Z,"Mar 14, '26",True
O2P+7gUf/PhzpSvf+uAgZw==,Magicbricks,https://www.magicbricks.com/property-details/3-BHK-1800-Sq-ft-Multistorey-Apartment-FOR-Rent-in-Visakhapatnam&id=4d423833333530393939,2026-04-19 13:52:16,,,,Vishnuvardhan,"Visakhapatnam, Andhra Pradesh",,,,Apartment,Unfurnished,2,3,,1800,Sq-ft,New Construction,"Check out this newly constructed 3 BHK flat on rent in the prime location of Krishnarayapuram Visakhapatnam. The flat is available for rent at a competitive amount of ₹15,000. Located on the 2 floor, the flat has 3 bathrooms, 2 balcony in carpet area of 1500 sqft. Do not pay any brokerage fee for this 3 BHK rental flat since the property ad is posted by the flat owner.",15000,30000,500,8,3,,No,No,No,,False,False,Owner,36,Immediately,2026-02-10T18:30:22.000Z,"Feb 11, '26",True
Ar4Dg4BOMqNzpSvf+uAgZw==,Magicbricks,https://www.magicbricks.com/property-details/3-BHK-1500-Sq-ft-Multistorey-Apartment-FOR-Rent-Kommadi-in-Visakhapatnam&id=4d423833363235383733,2026-04-19 13:52:16,17.8148389,83.3323582,,Kommadi,"Visakhapatnam, Andhra Pradesh",,,,Apartment,Furnished,5,6,,1500,Sq-ft,,"Find this 3 BHK rental flat in Kommadi Visakhapatnam. ₹25,000 is the monthly rent of this 3 BHK flat. The flat comes with some add-on facilities such as 2 Wardrobe, 2 Bed, Fridge, Sofa, Dining Table and Gas Connection. The apartment is on the 5 floor, has a carpet area of 1500 sqft with 3 bathrooms and 2 balcony. The apartment is located at Uppada, Madhurawada, Visakhapatnam. This 3 BHK rental flat comes with no brokerage fees.",25000,50000,0,17,3,,No,No,No,,False,False,Owner,33,Immediately,2026-03-03T09:10:17.000Z,"Mar 03, '26",True
uTwz+J7TBFBzpSvf+uAgZw==,Magicbricks,https://www.magicbricks.com/property-details/3-BHK-1215-Sq-ft-Multistorey-Apartment-FOR-Rent-Atchutapuram-in-Visakhapatnam&id=4d423830313930353837,2026-04-19 13:52:16,17.564011,82.979093,,Mahesh Naidu,"Visakhapatnam, Andhra Pradesh",,,,Apartment,Semi-Furnished,4,5,,1215,Sq-ft,New Construction,"You can avail the 3 BHK flat for rent in the well-known location of Atchutapuram. The multistorey apartment is available at rent of ₹18,000. Located on the 4 floor, the flat comprises 2 bathrooms, 1 balcony, and has a covered area of 1215 sqft. The apartment is located at Plot no 288 to 295, Saipriya layout phase -2, Atchuta Puram, Visakhapatnam. There are no brokerage fees on this 3 BHK multistorey apartment.",18000,54000,1200,15,2,,No,No,No,,False,False,Owner,38,Immediately,2026-02-14T06:17:37.000Z,"Feb 14, '26",True
vRSJnyJMeoJzpSvf+uAgZw==,Magicbricks,https://www.magicbricks.com/property-details/3-BHK-1600-Sq-ft-Multistorey-Apartment-FOR-Rent-VIP-Road-CBM-Compound-in-Visakhapatnam&id=4d423230383433383235,2026-04-19 13:52:16,17.7271646,83.3156563,,VIP Road CBM Compound,"Visakhapatnam, Andhra Pradesh",,,,Apartment,Semi-Furnished,5,5,,1600,Sq-ft,Less than 5 years,"This Flat has 3 bedroom and it is on 5 floor and offers 2 bathroom You can avail this spacious Flat on a monthly charges of 23000. Find this 3 BHK rental flat in VIP Road CBM Compound Visakhapatnam. The rent of the 3 BHK flat is ₹23,000. This flat is located at VIP Road CBM Compound, Visakhapatnam, Andhra Pradesh. This 3 BHK flat is directly posted by the owner, so you don't need to pay any brokerage on this property.",23000,69000,,14,2,,No,No,No,,False,False,Owner,33,Immediately,2026-02-26T14:04:03.000Z,"Feb 26, '26",True
45PEzGqhlzVzpSvf+uAgZw==,Magicbricks,https://www.magicbricks.com/property-details/3-BHK-2108-Sq-ft-Multistorey-Apartment-FOR-Rent-Madhurwada-in-Visakhapatnam&id=4d423739393030313739,2026-04-19 13:52:16,17.8224722,83.3522229,,Madhurawada,"Madhurawada, Visakhapatnam",19202|APSWR Centre of Excellence,,,Apartment,Semi-Furnished,3,17,South,2108,Sq-ft,,"Find 3 BHK flat for rent in Madhurwada Visakhapatnam. This 3 BHK flat is available at the reasonable rent amount of ₹25,000. Some premium add-on facilities bundled with the flat are 3 AC and 4 Wardrobe. The apartment is on the 3 floor, has a carpet area of 2042 sqft with 3 bathrooms and 2 balcony. There is also facility of 1 Covered parking. The building includes 17 floor and supports Kids play area living. This flat is fitted with power back up, reserved parking, security. Find this apartment at S No 1/P Of Yendada And S No 386/P Of Madhurawada Visakhapatnam Andhra Pradesh . This is a no-brokerage flat because the owner has posted the ad on this 3 BHK apartment.",25000,75000,4082,12,3,1 Covered,Yes,No,No,Jogging and Strolling Track,False,False,Owner,88,Immediately,2026-02-08T14:14:04.000Z,"Feb 08, '26",True
0gI2WtuqeMNzpSvf+uAgZw==,Magicbricks,https://www.magicbricks.com/property-details/3-BHK-1500-Sq-ft-Multistorey-Apartment-FOR-Rent-Kurmannapalem-in-Visakhapatnam&id=4d423738343538313739,2026-04-19 13:52:16,17.698036,83.15954,,Kurmannapalem,Road no 1 Satavahana nagar,,,,Apartment,Semi-Furnished,3,5,East,1500,Sq-ft,5 to 10 years,"CCTV,Car parking, Municipal and Bore water ,well ventilated flat at Corner point Grab the chance to own this affordable 3 BHK flat for rent in the Kurmannapalem area. The rent of the 3 BHK flat is ₹8,500. Located on the 3 floor, the flat comprises 2 bathrooms, 2 balcony, and has a carpet area of 1500 sqft. This home provides security, service/goods lift. Find this apartment at Road no 1 Satavahana nagar, Kurmannapalem, Visakhapatnam, Andhra Pradesh. The owner has posted this 3 BHK flat for rent, so the brokerage fees is zero on this multistorey apartment.",8500,20000,1000,6,2,,Yes,No,Yes,Service/Goods Lift,False,False,Owner,72,Immediately,2026-02-19T13:16:27.000Z,"Feb 19, '26",True
jeKSL0hcTNpzpSvf+uAgZw==,Magicbricks,https://www.magicbricks.com/property-details/3-BHK-1680-Sq-ft-Multistorey-Apartment-FOR-Rent-Sheelanagar-in-Visakhapatnam&id=4d423830393435373739,2026-04-19 13:52:16,17.718522,83.1983904,,Sheelanagar,"Visakhapatnam, Andhra Pradesh",,,,Apartment,Semi-Furnished,3,5,,1680,Sq-ft,10 to 15 years,"Grab the chance to own this affordable 3 BHK flat for rent in the Sheelanagar area. This 3 BHK flat is available at the reasonable rent amount of ₹17,000. Here you can enjoy world class facilities like 1 Bed and 3 Wardrobe. Located on the 3 floor, the flat has 3 bathrooms, 2 balcony in covered area of 1680 sqft. This 3 BHK flat is directly posted by the owner, so you don't need to pay any brokerage on this property.",17000,50000,1500,10,3,,No,No,No,,False,False,Owner,51,Immediately,2026-02-10T18:18:58.000Z,"Feb 10, '26",True
dWOhdOl6VGJzpSvf+uAgZw==,Magicbricks,https://www.magicbricks.com/property-details/3-BHK-2500-Sq-ft-Builder-Floor-Apartment-FOR-Rent-Pedaganayada-in-Visakhapatnam&id=4d423733343839343031,2026-04-19 13:52:16,17.667225,83.2050863,,Pedaganayada,"Visakhapatnam, Andhra Pradesh",,,,Builder Floor Apartment,Semi-Furnished,Ground,2,,2500,Sq-ft,,"3 BHK apartment is available on rent in Pedaganayada Visakhapatnam right away. Available at a rental price of ₹15,000, this 3 BHK flat is worth considering. You can visit the flat at Pedaganayada, Visakhapatnam, Andhra Pradesh. Do not pay any brokerage fee for this 3 BHK rental flat since the property ad is posted by the flat owner.",15000,,,6,3,,No,No,No,,False,False,Owner,26,Immediately,2026-02-08T12:55:14.000Z,"Feb 08, '26",True
fF7C+BurRyxzpSvf+uAgZw==,Magicbricks,https://www.magicbricks.com/property-details/3-BHK-1700-Sq-ft-Multistorey-Apartment-FOR-Rent-Sheelanagar-in-Visakhapatnam&id=4d423832363536323539,2026-04-19 13:52:16,17.718522,83.1983904,,Sheelanagar,Kims Icon Hospital Road,,,,Apartment,Semi-Furnished,2,5,,1700,Sq-ft,10 to 15 years,"A very decent living place, close to NH, Airport, Schools and Hospital. A beautiful 3 BHK flat is available for rent in Sheelanagar. Available at a rental price of ₹20,000, this 3 BHK flat is worth considering. Located on the 2 floor, the flat has 3 bathrooms, 1 balcony in carpet area of 2000 sqft. The property features power back up, reserved parking, security, visitor parking. This is a no-brokerage flat, as the owner is offering this 3 BHK flat on rent.",20000,,,12,3,,Yes,No,No,Visitor Parking,False,True,Owner,72,Immediately,2026-03-25T23:36:59.000Z,"Mar 26, '26",True
hFeuWrwGc8RzpSvf+uAgZw==,Magicbricks,https://www.magicbricks.com/property-details/3-BHK-1400-Sq-ft-Multistorey-Apartment-FOR-Rent-Madhurwada-in-Visakhapatnam&id=4d423635363133393731,2026-04-19 13:52:16,17.8224722,83.3522229,,Madhurawada, Madhurwada,19202|APSWR Centre of Excellence,,,Apartment,Unfurnished,3,5,,1400,Sq-ft,5 to 10 years,"gymnasium, swimming pool for adults and children, children play ground, cctv, 24 hrs security, beautiful surroundings You can avail the 3 BHK flat for rent in the well-known location of Madhurwada. The 3 BHK apartment is available at a reasonable rent of ₹10,000. The apartment is on the 3 floor, has a carpet area of 1118 sqft with 3 bathrooms and 2 balcony. This unit features power back up, service/goods lift. Visit the flat at Madhruwada, Visakhapatnam.. This 3 BHK rental flat comes with no brokerage fees.",10000,25000,1700,7,3,,Yes,No,No,"Service/Goods Lift, Laundry Service, Banquet Hall, Jogging and Strolling Track",False,False,Owner,74,Immediately,2026-03-16T21:34:03.000Z,"Mar 17, '26",True
o8U593LeX8JzpSvf+uAgZw==,Magicbricks,https://www.magicbricks.com/property-details/3-BHK-1625-Sq-ft-Multistorey-Apartment-FOR-Rent-Kurmannapalem-in-Visakhapatnam&id=4d423833343434363931,2026-04-19 13:52:16,17.698036,83.15954,,Kurmannapalem,"Visakhapatnam, Andhra Pradesh",,,,Apartment,Furnished,5,5,West,1625,Sq-ft,5 to 10 years,"Check out this newly constructed 3 BHK flat on rent in the prime location of Kurmannapalem Visakhapatnam. The Rent amount of this 3 BHK apartment is set at an attractive price of ₹24,000. The flat is located on the 5 floor which includes 2 bathrooms, 1 balcony, and covers a carpet area of 1400 sqft. The property features power back up, reserved parking, security. Visit the flat at Kurmannapalem, Visakhapatnam, Andhra Pradesh. This is a no-brokerage flat because the owner has posted the ad on this 3 BHK apartment.",24000,,,15,2,,Yes,No,No,Laundry Service,False,False,Owner,57,Immediately,2026-02-17T10:30:58.000Z,"Feb 17, '26",True
DFgxiCNnakVzpSvf+uAgZw==,Magicbricks,https://www.magicbricks.com/property-details/3-BHK-1300-Sq-ft-Builder-Floor-Apartment-FOR-Rent-Vepagunta-in-Visakhapatnam&id=4d423133323233313733,2026-04-19 13:52:16,17.7794983,83.2157985,,Vepagunta,"SreeNilayam,SIMHAPURI LAYOUT, VEPAGUNTA,VISAKHAPATNAM-411027",,411027,,Builder Floor Apartment,Unfurnished,4,4,East,1300,Sq-ft,5 to 10 years,"Brand New Flat,3BHK,Spacious with Parking Facility Available,Lift Facility Available,Near to Road Point::::::::Near to Gosala Bus-Stop,Good View of Simhachalam Temple from Balcony Find this 3 BHK rental flat in Vepagunta Visakhapatnam. The flat is available for rent at a competitive amount of ₹12,000. Located on the 4 floor, the flat comprises 2 bathrooms, 2 balcony, and has a covered area of 1300 sqft. 401 Covered parking space is also available. This flat is fitted with reserved parking. The address is SreeNilayam,SIMHAPURI LAYOUT, VEPAGUNTA,VISAKHAPATNAM-411027, Vepagunta, Visakhapatnam, Andhra Pradesh. This is a no-brokerage flat, as the owner is offering this 3 BHK flat on rent.",12000,,,9,2,401 Covered,No,No,No,,False,False,Owner,65,Immediately,2026-02-20T17:00:38.000Z,"Feb 20, '26",True
LW3RgxspQd9zpSvf+uAgZw==,Magicbricks,https://www.magicbricks.com/property-details/3-BHK-1930-Sq-ft-Multistorey-Apartment-FOR-Rent-Atchutapuram-in-Visakhapatnam&id=4d423833383634323435,2026-04-19 13:52:16,17.564011,82.979093,,Kavitha,"Visakhapatnam, Andhra Pradesh",,,,Apartment,Semi-Furnished,3,6,,1930,Sq-ft,,"You can avail the 3 BHK flat for rent in the well-known location of Atchutapuram. This 3 BHK flat can be availed at the rental price of ₹25,000. The full address of the apartment is Sripuram Gardens Plot No: 69, A.P. SEZ Road, Atchutapuram, Andhra Pradesh. There are no brokerage fees on this 3 BHK multistorey apartment.",25000,,,13,3,,No,No,No,,False,False,Owner,0,Immediately,2026-03-19T10:26:30.000Z,"Mar 19, '26",True
fS5GBdMzcq5zpSvf+uAgZw==,Magicbricks,https://www.magicbricks.com/property-details/3-BHK-1275-Sq-ft-Multistorey-Apartment-FOR-Rent-Aganampudi-in-Visakhapatnam&id=4d423833353732333837,2026-04-19 13:52:16,17.6882133,83.1262703,,Raju Umasankar,"Visakhapatnam, Andhra Pradesh",,,,Apartment,Semi-Furnished,4,5,,1275,Sq-ft,,"If you are searching a 3 BHK apartment for rent in Aganampudi, check out this amazing rental flat. The Rent amount of this 3 BHK apartment is set at an attractive price of ₹11,000. Some premium add-on facilities bundled with the flat are 3 Wardrobe. The flat is located on the 4 floor which includes 3 bathrooms, 1 balcony, and covers a carpet area of 980 sqft. The address is Aganampudi, Visakhapatnam, Andhra Pradesh. There are no brokerage fees on this 3 BHK multistorey apartment.",11000,30000,1000,9,3,,No,No,No,,False,False,Owner,33,Immediately,2026-02-27T00:45:05.000Z,"Feb 27, '26",True
l6eFovfBt5dzpSvf+uAgZw==,Magicbricks,https://www.magicbricks.com/property-details/3-BHK-1600-Sq-ft-Service-Apartment-FOR-Rent-in-Visakhapatnam&id=4d423736373731363135,2026-04-19 13:52:16,,,,a s murthy,"AS Murthy, Old dairy Farm, Visakhapatnam",,,,Service Apartment,,2,4,North,1600,Sq-ft,5 to 10 years,"North Facing, 1600 sft, 2nd floor.",15000,30000,1000,9,2,8 Covered,No,No,No,,False,False,Owner,95,Immediately,2026-02-26T00:14:48.000Z,"Feb 26, '26",True
5UU4eD4Xy9tzpSvf+uAgZw==,Magicbricks,https://www.magicbricks.com/property-details/3-BHK-1535-Sq-ft-Multistorey-Apartment-FOR-Rent-Seethammadara-in-Visakhapatnam&id=4d423833343239373839,2026-04-19 13:52:16,17.74223216,83.30978743,,Uma,"Visakhapatnam, Andhra Pradesh",,,,Apartment,Semi-Furnished,3,5,,1535,Sq-ft,,"Find this 3 BHK rental flat in Seethammadara Visakhapatnam. This 3 BHK flat is available at the reasonable rent amount of ₹22,000. Located on the 3 floor, the flat comprises 2 bathrooms, 2 balcony, and has a covered area of 1535 sqft. This unit features security. Visit the apartment at Seethammadara, Visakhapatnam, Andhra Pradesh. This 3 BHK flat is directly posted by the owner, so you don't need to pay any brokerage on this property.",22000,,,14,2,,No,No,No,,False,False,Owner,33,Immediately,2026-02-16T09:29:24.000Z,"Feb 16, '26",True
2RFgSJL/c7RzpSvf+uAgZw==,Magicbricks,https://www.magicbricks.com/property-details/3-BHK-1980-Sq-ft-Multistorey-Apartment-FOR-Rent-Madhurwada-in-Visakhapatnam&id=4d423831363032313037,2026-04-19 13:52:16,17.8224722,83.3522229,,Madhurawada,"Shriram celebrity Towers, Madhurwada, Vizag",19202|APSWR Centre of Excellence,,,Apartment,Semi-Furnished,15,16,,1980,Sq-ft,Less than 5 years,Its a new and affordable residential project by Shriram Properties. There is a total of 1500 apartments which gives you a safe environment to a fully secured compound wall and a wide range of amenities for residents.,22000,66000,7284,11,3,2 Covered,Yes,No,No,Jogging and Strolling Track,False,False,Owner,85,Immediately,2026-02-11T22:30:38.000Z,"Feb 12, '26",True
B5KfAxjp7ZNzpSvf+uAgZw==,Magicbricks,https://www.magicbricks.com/property-details/3-BHK-1800-Sq-ft-Multistorey-Apartment-FOR-Rent-Madhurwada-in-Visakhapatnam&id=4d423538373132323933,2026-04-19 13:52:16,17.8224722,83.3522229,,Madhurawada,"Madhurawada, Visakhapatnam",19202|APSWR Centre of Excellence,,,Apartment,Semi-Furnished,6,16,,1800,Sq-ft,Less than 5 years,"If you are searching a 3 BHK apartment for rent in Madhurwada, check out this amazing rental flat. This 3 BHK flat is available at the reasonable rent amount of ₹25,000. This property features 16 floor and offers a range of Kids play area facilities. The apartment is equipped with security, service/goods lift. Find this apartment at S No 1/P Of Yendada And S No 386/P Of Madhurawada Visakhapatnam Andhra Pradesh . This is a no-brokerage flat because the owner has posted the ad on this 3 BHK apartment.",25000,,,14,2,,No,No,No,"Laundry Service, Banquet Hall, Skyline View, Skydeck",False,False,Owner,56,Immediately,2026-02-22T22:30:34.000Z,"Feb 23, '26",True
RUHLAqLj7yRzpSvf+uAgZw==,Magicbricks,https://www.magicbricks.com/property-details/3-BHK-1600-Sq-ft-Multistorey-Apartment-FOR-Rent-Seethammadara-in-Visakhapatnam&id=4d423830383632353739,2026-04-19 13:52:16,17.74223216,83.30978743,,Sudha Sonti,"202, Nirmala Mansions, Road Number 2, Opposite Old ACB office, Hill View Doctorrsquos colony, Seethammadara, Visakhapatnam",,,,Apartment,Semi-Furnished,2,5,,1600,Sq-ft,,"Multistorey apartment is available for rent. It is a good location property. Please contact for more details. Grab the chance to own this affordable 3 BHK flat for rent in the Seethammadara area. You can get this flat at monthly rent of ₹25,000. The address is 202, Nirmala Mansions, Road Number 2, Opposite Old ACB office, Hill View Doctorrsquos colony, Seethammadara, Visakhapatnam, Seethammadara, Visakhapatnam, Andhra Pradesh. This 3 BHK rental flat comes with no brokerage fees.",25000,,,16,3,,No,No,No,,False,True,Owner,53,Immediately,2026-02-11T23:31:45.000Z,"Feb 12, '26",True
zsV1DPVUyo5zpSvf+uAgZw==,Magicbricks,https://www.magicbricks.com/property-details/3-BHK-1300-Sq-ft-Multistorey-Apartment-FOR-Rent-Madhurwada-in-Visakhapatnam&id=4d423833343139343337,2026-04-19 13:52:16,17.8224722,83.3522229,,Madhurawada,"Narayana Sai Paradise, Gandhinagar",19202|APSWR Centre of Excellence,,,Apartment,Semi-Furnished,4,5,West,1300,Sq-ft,New Construction,"Check out this newly constructed 3 BHK flat on rent in the prime location of Madhurwada Visakhapatnam. Available at a rental price of ₹13,000, this 3 BHK flat is worth considering. The flat is located on the 4 floor which includes 2 bathrooms, 2 balcony, and covers a covered area of 1300 sqft. The property features power back up, reserved parking, security. The flat can be visited at Narayana Sai Paradise, Gandhinagar, Madhurwada, Visakhapatnam, Andhra Pradesh. The owner has posted this 3 BHK flat for rent, so the brokerage fees is zero on this multistorey apartment.",13000,,,10,2,,No,No,No,,False,False,Owner,69,Immediately,2026-02-15T09:14:23.000Z,"Feb 15, '26",True
Tus0/qHyq05zpSvf+uAgZw==,Magicbricks,https://www.magicbricks.com/property-details/3-BHK-1770-Sq-ft-Multistorey-Apartment-FOR-Rent-Yendada-in-Visakhapatnam&id=4d423832303934333837,2026-04-19 13:52:16,17.7771215,83.3615748,,Yendada,"Yendada,Visakhapatnam",,,,Apartment,Semi-Furnished,2,10,,1770,Sq-ft,,"Multistorey apartment is available for rent. It is a good location property. Please contact for more details. A beautiful 3 BHK flat is available for rent in Yendada. The apartment is available at an affordable rental price of ₹35,000. The flat comes with some add-on facilities such as 3 Wardrobe and Gas Connection. Located on the 2 floor, the flat has 3 bathrooms, 2 balcony in carpet area of 1500 sqft. There is also facility of 2 Covered parking. The property features power back up, reserved parking, security. Visit the flat at GITAM Medical College Rd, Yendada, Rushikonda, Visakhapatnam, Andhra Pradesh. There are no brokerage fees on this 3 BHK multistorey apartment.",35000,70000,,20,3,2 Covered,Yes,No,No,Jogging and Strolling Track,False,True,Owner,66,Immediately,2026-02-19T23:34:36.000Z,"Feb 20, '26",True
LCiVfkfkSBNzpSvf+uAgZw==,Magicbricks,https://www.magicbricks.com/property-details/3-BHK-1618-Sq-ft-Multistorey-Apartment-FOR-Rent-Madhurwada-in-Visakhapatnam&id=4d423833373431303035,2026-04-19 13:52:16,17.8224722,83.3522229,,Madhurawada,midilapure vuda colony,19202|APSWR Centre of Excellence,,,Apartment,Semi-Furnished,15,15,East,1618,Sq-ft,New Construction,"mega gated community indiabulls sierra 3 BHK apartment is available on rent in Madhurwada Visakhapatnam right away. You can get this flat at monthly rent of ₹26,000. The apartment is on the 15 floor, has a covered area of 1618 sqft with 3 bathrooms and 3 balcony. This unit features power back up, reserved parking, security, service/goods lift, air conditioned, intercom facility, ro water system. Visit the flat at 11 100 FT IT PARK ROAD INDIABULLS REAL ESTATE, 120, Midhilapuri Vuda Colony, Madhurawada, Visakhapatnam, Andhra Pradesh.",26000,52000,0,16,3,,Yes,No,No,"Service/Goods Lift, Air Conditioned, RO Water System, Jogging and Strolling Track",True,True,Agent,80,Immediately,2026-03-11T17:22:24.000Z,"Mar 11, '26",True
jtB4sK0QfmdzpSvf+uAgZw==,Magicbricks,https://www.magicbricks.com/property-details/3-BHK-1400-Sq-ft-Builder-Floor-Apartment-FOR-Rent-Seethammadhara-in-Visakhapatnam&id=4d423832363033313639,2026-04-19 13:52:16,17.7429031,83.3081172,,Seethammadhara,"Visakhapatnam, Andhra Pradesh",,,,Builder Floor Apartment,Semi-Furnished,2,4,,1400,Sq-ft,,"Builder floor apartment is available for rent. It is a good location property. Please contact for more details. Find 3 BHK flat for rent in Seethammadhara Visakhapatnam. The apartment is available at an affordable rental price of ₹27,000. The apartment is located at Seethammadhara, Visakhapatnam, Andhra Pradesh. This 3 BHK flat is directly posted by the owner, so you don't need to pay any brokerage on this property.",27000,,,19,2,,No,No,No,,False,False,Owner,51,Immediately,2026-04-01T11:20:42.000Z,"Apr 01, '26",True
/oje652S/n5zpSvf+uAgZw==,Magicbricks,https://www.magicbricks.com/property-details/3-BHK-1550-Sq-ft-Multistorey-Apartment-FOR-Rent-Yendada-in-Visakhapatnam&id=4d423834303830343837,2026-04-19 13:52:16,17.7771215,83.3615748,,Yendada,"Visakhapatnam, Andhra Pradesh",,,,Apartment,Semi-Furnished,3,5,,1550,Sq-ft,,"Multistorey apartment is available for rent. It is a good location property. Please contact for more details. Check out this newly constructed 3 BHK flat on rent in the prime location of Yendada Visakhapatnam. The multistorey apartment is available at rent of ₹30,000. The apartment is located at GITAM Medical College Rd, Yendada, Rushikonda, Visakhapatnam, Andhra Pradesh. This is a no-brokerage flat, as the owner is offering this 3 BHK flat on rent.",30000,,,19,3,,No,No,No,,False,False,Owner,33,Immediately,2026-04-05T00:54:18.000Z,"Apr 05, '26",True
UvKUuKKADzdzpSvf+uAgZw==,Magicbricks,https://www.magicbricks.com/property-details/3-BHK-1618-Sq-ft-Multistorey-Apartment-FOR-Rent-Madhurwada-in-Visakhapatnam&id=4d423832383030343331,2026-04-19 13:52:16,17.8224722,83.3522229,,Madhurawada,midilapuri vuda colony,19202|APSWR Centre of Excellence,,,Apartment,Semi-Furnished,4,15,North,1618,Sq-ft,New Construction,"mega Gated community indiabulls Sierra for rent 2 and 3bhk available A beautiful 3 BHK flat is available for rent in Madhurwada. The 3 BHK apartment is available at a reasonable rent of ₹26,000. The flat is on the 4 floor and includes 3 bathrooms, 3 balcony with a covered area of 1618 sqft. The flat comes with power back up, reserved parking, security, intercom facility, ro water system. Visit the flat at 11 100 FT IT PARK ROAD INDIABULLS REAL ESTATE, 120, Midhilapuri Vuda Colony, Madhurawada, Visakhapatnam, Andhra Pradesh.",26000,55000,5800,16,3,,No,No,No,"Intercom Facility, RO Water System, Jogging and Strolling Track",True,True,Agent,80,Immediately,2026-02-20T01:30:24.000Z,"Feb 20, '26",True
9wzXxx+VXlNzpSvf+uAgZw==,Magicbricks,https://www.magicbricks.com/property-details/2-BHK-1100-Sq-ft-Multistorey-Apartment-FOR-Rent-Madhurwada-in-Visakhapatnam&id=4d423833373431353133,2026-04-19 13:52:16,17.8224722,83.3522229,,Madhurawada,"Visakhapatnam, Andhra Pradesh",19202|APSWR Centre of Excellence,,,Apartment,Semi-Furnished,1,15,,1100,Sq-ft,,"Find this 2 BHK rental flat in Madhurwada Visakhapatnam. The flat is available for rent at a competitive amount of ₹18,000. The flat can be visited at 11 100 FT IT PARK ROAD INDIABULLS REAL ESTATE, 120, Midhilapuri Vuda Colony, Madhurawada, Visakhapatnam, Andhra Pradesh. This 2 BHK rental flat comes with no brokerage fees.",18000,,,16,2,,No,No,No,,False,False,Owner,26,Immediately,2026-03-11T19:05:13.000Z,"Mar 12, '26",True
XbC2KKOSa7ZzpSvf+uAgZw==,Magicbricks,https://www.magicbricks.com/property-details/2-BHK-950-Sq-ft-Multistorey-Apartment-FOR-Rent-KRM-Colony-in-Visakhapatnam&id=4d423831363835393835,2026-04-19 13:52:16,17.7399193,83.3178097,,KRM Colony,"Visakhapatnam, Andhra Pradesh",,,,Apartment,Semi-Furnished,1,2,,950,Sq-ft,10 to 15 years,"Find 2 BHK flat for rent in KRM Colony Visakhapatnam. This 2 BHK flat can be availed at the rental price of ₹14,000. The flat is located on the 1 floor which includes 2 bathrooms, 2 balcony, and covers a carpet area of 750 sqft. The apartment is located at KRM Colony, Visakhapatnam, Andhra Pradesh. There are no brokerage fees on this 2 BHK multistorey apartment.",14000,,500,15,2,,No,No,No,Fingerprint Access,False,True,Owner,56,Immediately,2026-03-23T11:41:59.000Z,"Mar 23, '26",True
fdsey9ca7KJzpSvf+uAgZw==,Magicbricks,https://www.magicbricks.com/property-details/2-BHK-1060-Sq-ft-Multistorey-Apartment-FOR-Rent-Madhurwada-in-Visakhapatnam&id=4d423730373134303131,2026-04-19 13:52:16,17.8224722,83.3522229,,Madhurawada,"Flat no 514,  Madhuvan appartment, revellapamem post, bakkannapalem  madhurawada visakhapatnam",19202|APSWR Centre of Excellence,,,Apartment,Semi-Furnished,5,5,,1060,Sq-ft,Less than 5 years,"If you are searching a 2 BHK apartment for rent in Madhurwada, check out this amazing rental flat. The 2 BHK apartment is available at a reasonable rent of ₹10,000. The apartment is on the 5 floor, has a covered area of 1060 sqft with 2 bathrooms and 1 balcony. Find this apartment at Unnamed Road, Gandhi Nagar, Madhurawada, Visakhapatnam, Andhra Pradesh . This is a no-brokerage flat because the owner has posted the ad on this 2 BHK apartment.",10000,20000,1000,9,2,,No,No,No,,False,False,Owner,40,Immediately,2026-03-07T21:33:35.000Z,"Mar 08, '26",True
UEK9XBdwfvpzpSvf+uAgZw==,Magicbricks,https://www.magicbricks.com/property-details/2-BHK-1189-Sq-ft-Multistorey-Apartment-FOR-Rent-Vizag-in-Visakhapatnam&id=4d423136393539363239,2026-04-19 13:52:16,17.6868159,83.2184815,,Vizag,"Vizag,Visakhapatnam",,,,Apartment,Semi-Furnished,8,8,,1189,Sq-ft,New Construction,"This Multistorey Apartment is located at 8th floor in a building of total 8 floors. Reserved covered car parking for residents available. The Multistorey Apartment is newly constructed. Find 2 BHK flat for rent in Vizag Visakhapatnam. This 2 BHK flat is available at the reasonable rent amount of ₹8,000. Located on the 8 floor, the flat comprises 2 bathrooms, 1 balcony, and has a covered area of 1189 sqft. This property offers power back up, reserved parking, security, visitor parking. The address is Near Auto Nagar, Gajuwaka, Pedagantyada, Visakhapatnam. You can find the 2 BHK flat without any brokerage.",8000,30000,1000,7,2,,No,No,No,Visitor Parking,False,False,Owner,55,Immediately,2026-02-18T13:18:15.000Z,"Feb 18, '26",True
G8+OyozuWspzpSvf+uAgZw==,Magicbricks,https://www.magicbricks.com/property-details/2-BHK-1050-Sq-ft-Multistorey-Apartment-FOR-Rent-Kommadi-in-Visakhapatnam&id=4d423630313035313837,2026-04-19 13:52:16,17.8148389,83.3323582,,Kommadi,"Visakhapatnam, Andhra Pradesh",,,,Apartment,Semi-Furnished,2,3,,1050,Sq-ft,,"Find 2 BHK flat for rent in Kommadi Visakhapatnam. The apartment is available at an affordable rental price of ₹10,000. Visit the flat at Kommadi, Visakhapatnam, Andhra Pradesh. This 2 BHK apartment ad is listed by the owner, so there is no brokerage fee.",10000,,,10,2,,No,No,No,,False,False,Owner,41,Immediately,2026-03-04T13:36:47.000Z,"Mar 04, '26",True
W0mk+x5KOstzpSvf+uAgZw==,Magicbricks,https://www.magicbricks.com/property-details/2-BHK-1135-Sq-ft-Multistorey-Apartment-FOR-Rent-Chinnamusidivada-in-Visakhapatnam&id=4d423833373432363339,2026-04-19 13:52:16,17.7802802,83.1708852,,CA. Pavan Ram Kumar PVN,"Chinamushidivada, Kranthi Nagar",,,,Apartment,Semi-Furnished,2,5,,1135,Sq-ft,New Construction,"If you are searching a 2 BHK apartment for rent in Chinnamusidivada, check out this amazing rental flat. This 2 BHK flat can be availed at the rental price of ₹11,000. Located on the 2 floor, the flat comprises 2 bathrooms, 1 balcony, and has a carpet area of 950 sqft. This property features 5 floor and offers a range of Kids play area facilities. You can visit the flat at Chinnamushidiwada, Kranthi Nagar, Jogilamma Bus Stop, Visakhapatnam, Andhra Pradesh, India. The brokerage amount of the 2 BHK apartment is zero.",11000,25000,1200,10,2,,No,No,No,,False,False,Owner,60,Immediately,2026-03-12T04:54:45.000Z,"Mar 12, '26",True
EXg7hNROyxlzpSvf+uAgZw==,Magicbricks,https://www.magicbricks.com/property-details/2-BHK-1050-Sq-ft-Multistorey-Apartment-FOR-Rent-Kurmannapalem-in-Visakhapatnam&id=4d423733333230393135,2026-04-19 13:52:16,17.698036,83.15954,,Kurmannapalem,A408.,,,,Apartment,Semi-Furnished,4,10,,1050,Sq-ft,New Construction,"A beautiful 2 BHK flat is available for rent in Kurmannapalem. The rent of the 2 BHK flat is ₹12,500. Get access to smart facilities such as 1 AC simply by choosing this flat for rent. The apartment is on the 4 floor, has a covered area of 1050 sqft with 2 bathrooms and 1 balcony. The building has 10 floor and offers Kids play area amenities. This flat is located at On Duvvada Railway Station Road, Opposite ICICI Bank,Kurmannapalem,Gajuwaka, Visakhapatnam.. This is a no-brokerage flat, as the owner is offering this 2 BHK flat on rent.",12500,25000,3000,12,2,,No,No,No,,False,False,Owner,40,Immediately,2026-02-26T14:03:12.000Z,"Feb 26, '26",True
Z+Aa2u0n3ZhzpSvf+uAgZw==,Magicbricks,https://www.magicbricks.com/property-details/2-BHK-1400-Sq-ft-Builder-Floor-Apartment-FOR-Rent-Prahaladapuram-in-Visakhapatnam&id=4d423833373234303035,2026-04-19 13:52:16,17.763592,83.222007,,Murthy,"Venkatadri nagar extension,  srinivasa nagar",,,,Builder Floor Apartment,Semi-Furnished,Ground,3,East,1400,Sq-ft,15 to 20 years,"If you are planning to rent a flat, you can consider this 2 BHK flat situated in the prime location of Prahaladapuram. ₹9,500 is the monthly rent of this 2 BHK flat. The flat is on the Ground floor and includes 2 bathrooms, 2 balcony with a carpet area of 1000 sqft. The apartment is located at Venkatadri nagar extension, srinivasa nagar, Prahaladapuram, Visakhapatnam, Andhra Pradesh. Do not pay any brokerage fee for this 2 BHK rental flat since the property ad is posted by the flat owner.",9500,,,7,2,,No,No,No,,False,False,Owner,66,Immediately,2026-03-10T14:49:44.000Z,"Mar 10, '26",True
oesGmPr/gLRzpSvf+uAgZw==,Magicbricks,https://www.magicbricks.com/property-details/2-BHK-1500-Sq-ft-Multistorey-Apartment-FOR-Rent-Chinaganiyad-in-Visakhapatnam&id=4d423730343936323335,2026-04-19 13:52:16,17.6868159,83.2184815,,Chinaganiyad,"Visakhapatnam, Andhra Pradesh",,,,Apartment,Unfurnished,2,3,,1500,Sq-ft,New Construction,"Find 2 BHK flat for rent in Chinaganiyad Visakhapatnam. You can get this flat at monthly rent of ₹13,000. The flat is on the 2 floor and includes 2 bathrooms, 2 balcony with a carpet area of 900 sqft. The full address of the apartment is Chinaganiyad, Visakhapatnam, Andhra Pradesh. This 2 BHK rental flat comes with no brokerage fees.",13000,26000,,9,2,,No,No,No,,False,False,Owner,36,Immediately,2026-03-21T21:32:43.000Z,"Mar 22, '26",True
PKJ5tIr/YSNzpSvf+uAgZw==,Magicbricks,https://www.magicbricks.com/property-details/2-BHK-Multistorey-Apartment-FOR-Rent-Sujatha-nagar-in-Visakhapatnam&id=4d423833373235383837,2026-04-19 13:52:16,17.7971716,83.2157985,,Sujatha nagar,"Visakhapatnam, Andhra Pradesh",,,,Apartment,Furnished,4,5,,,,5 to 10 years,"If you are searching a 2 BHK apartment for rent in Sujatha nagar, check out this amazing rental flat. The 2 BHK apartment is available at a reasonable rent of ₹10,000. Some added-on facilities available with the flat are 2 Wardrobe. Visit the flat at Sujatha nagar, Visakhapatnam, Andhra Pradesh. This 2 BHK flat is directly posted by the owner, so you don't need to pay any brokerage on this property.",10000,20000,1500,,2,,No,No,No,,False,False,Owner,31,Immediately,2026-03-11T02:15:13.000Z,"Mar 11, '26",True
nVFypj5KeyVzpSvf+uAgZw==,Magicbricks,https://www.magicbricks.com/property-details/2-BHK-2000-Sq-ft-Multistorey-Apartment-FOR-Rent-Kurmannapalem-in-Visakhapatnam&id=4d423832353639343031,2026-04-19 13:52:16,17.698036,83.15954,,Kurmannapalem,"301, teja paradise, mathrusree nagar, kurmanapalem",,,,Apartment,Semi-Furnished,3,5,East,2000,Sq-ft,5 to 10 years,"Multistory apartment is available for rent. It has a covered area of 2000 sq-ft, it is a good location. Please contact for more details. A beautiful 2 BHK flat is available for rent in Kurmannapalem. The flat is available for rent at a competitive amount of ₹7,500. Located on the 3 floor, the flat has 2 bathrooms, 2 balcony in carpet area of 850 sqft. The flat comes with power back up, reserved parking, security. The apartment is located at 301, teja paradise, mathrusree nagar, kurmanapalem, Kurmannapalem, Visakhapatnam, Andhra Pradesh. This 2 BHK flat is directly posted by the owner, so you don't need to pay any brokerage on this property.",7500,16000,1500,4,2,,Yes,No,No,Internet/Wi-Fi Connectivity,False,True,Owner,84,Immediately,2026-02-19T23:46:35.000Z,"Feb 20, '26",True
TCv/+61CcS1zpSvf+uAgZw==,Magicbricks,https://www.magicbricks.com/property-details/2-BHK-1500-Sq-ft-Multistorey-Apartment-FOR-Rent-Madhurwada-in-Visakhapatnam&id=4d423833383633373031,2026-04-19 13:52:16,17.8224722,83.3522229,,Madhurawada,"Visakhapatnam, Andhra Pradesh",19202|APSWR Centre of Excellence,,,Apartment,Semi-Furnished,5,5,North,1500,Sq-ft,,"Find this 2 BHK rental flat in Madhurwada Visakhapatnam. Available at a rental price of ₹11,000, this 2 BHK flat is worth considering. The apartment is on the 5 floor, has a covered area of 1500 sqft with 2 bathrooms and 2 balcony. This unit features power back up, service/goods lift. You can visit the flat at Madhurawada, Visakhapatnam, Andhra Pradesh. This 2 BHK apartment ad is listed by the owner, so there is no brokerage fee.",11000,,,7,2,,Yes,No,No,Service/Goods Lift,False,False,Owner,63,Immediately,2026-03-19T09:59:49.000Z,"Mar 19, '26",True
Wg0fKlifgylzpSvf+uAgZw==,Magicbricks,https://www.magicbricks.com/property-details/2-BHK-1050-Sq-ft-Multistorey-Apartment-FOR-Rent-Kakani-Nagar-in-Visakhapatnam&id=4d423833353732313539,2026-04-19 13:52:16,17.7371879,83.215345,,Suryanarayana,"Visakhapatnam, Andhra Pradesh",,,,Apartment,Semi-Furnished,1,3,,1050,Sq-ft,5 to 10 years,"If you are searching a 2 BHK apartment for rent in Kakani Nagar, check out this amazing rental flat. The Rent amount of this 2 BHK apartment is set at an attractive price of ₹11,000. The apartment is on the 1 floor, has a carpet area of 1050 sqft with 2 bathrooms and 1 balcony. The apartment is located at Kakani Nagar, Visakhapatnam, Andhra Pradesh. This is a no-brokerage flat, as the owner is offering this 2 BHK flat on rent.",11000,,,10,2,,No,No,No,,False,False,Owner,31,Immediately,2026-02-26T21:05:14.000Z,"Feb 27, '26",True
e8KNM3fUi65zpSvf+uAgZw==,Magicbricks,https://www.magicbricks.com/property-details/2-BHK-1100-Sq-ft-Multistorey-Apartment-FOR-Rent-Madhurwada-in-Visakhapatnam&id=4d423833383539373239,2026-04-19 13:52:16,17.8224722,83.3522229,,Madhurawada,"Visakhapatnam, Andhra Pradesh",19202|APSWR Centre of Excellence,,,Apartment,Unfurnished,1,3,,1100,Sq-ft,5 to 10 years,"Grab the chance to own this affordable 2 BHK flat for rent in the Madhurwada area. The apartment is available at an affordable rental price of ₹6,000. The flat is located on the 1 floor which includes 2 bathrooms, 2 balcony, and covers a carpet area of 1100 sqft. The apartment is located at Madhurwada, Visakhapatnam, Andhra Pradesh. This is a no-brokerage flat, as the owner is offering this 2 BHK flat on rent.",6000,12000,1000,5,2,,No,No,No,,False,False,Owner,36,Immediately,2026-03-19T09:06:22.000Z,"Mar 19, '26",True
0i+VVXT0Ek5zpSvf+uAgZw==,Magicbricks,https://www.magicbricks.com/property-details/2-BHK-1050-Sq-ft-Multistorey-Apartment-FOR-Rent-in-Visakhapatnam&id=4d423833383534353731,2026-04-19 13:52:16,,,,Venkata,"Visakhapatnam, Andhra Pradesh",,,,Apartment,Furnished,1,10,,1050,Sq-ft,,"A beautiful 2 BHK flat is available for rent in MVV&amp;amp;amp;MK Park Apartments, Kurmannapalem. You can get this flat at monthly rent of ₹15,000. Do not pay any brokerage fee for this 2 BHK rental flat since the property ad is posted by the flat owner.",15000,,,14,2,,No,No,No,,False,False,Owner,26,Immediately,2026-03-19T08:30:37.000Z,"Mar 19, '26",True
7D0sCBcV4YNzpSvf+uAgZw==,Magicbricks,https://www.magicbricks.com/property-details/2-BHK-1050-Sq-ft-Multistorey-Apartment-FOR-Rent-Gajuwaka-in-Visakhapatnam&id=4d423832313634303831,2026-04-19 13:52:16,17.688112,83.213121,,Murali,"Dattatherya Enclave, Siddhartha Nagar, kurmannapalem vizag 530046",19202|Timpany Steel City School,,,Apartment,Unfurnished,3,10,East,1050,Sq-ft,Less than 5 years,"A gated community with world class amenities If you are searching a 2 BHK apartment for rent in Gajuwaka, check out this amazing rental flat. The flat is available for rent at a competitive amount of ₹12,000. The apartment is on the 3 floor, has a covered area of 1050 sqft with 2 bathrooms and 2 balcony. The property consists of 10 floor and offers Kids play area conveniences. The apartment comes furnished with power back up, reserved parking, security, service/goods lift. This flat is located at On Duvvada Railway Station Road, Opposite ICICI Bank,Kurmannapalem,Gajuwaka, Visakhapatnam.. This 2 BHK apartment ad is listed by the owner, so there is no brokerage fee.",12000,25000,,11,2,,Yes,No,No,"Service/Goods Lift, Banquet Hall, Jogging and Strolling Track, Outdoor Tennis Courts",False,False,Owner,56,Immediately,2026-03-18T21:32:29.000Z,"Mar 19, '26",True
kocQCL/KgBtzpSvf+uAgZw==,Magicbricks,https://www.magicbricks.com/property-details/2-BHK-1800-Sq-ft-Builder-Floor-Apartment-FOR-Rent-Madhurwada-in-Visakhapatnam&id=4d423735333835323537,2026-04-19 13:52:16,17.8224722,83.3522229,,Madhurawada,Midhilapuri Vuda colony Madhura wada Plot No.1122 LIG-A,19202|APSWR Centre of Excellence,,,Builder Floor Apartment,Semi-Furnished,2,4,South -West,1800,Sq-ft,5 to 10 years,"Home located nearer to Midhilapuri Bus depot, Super market, 2 KM away to Hospitals Check out this newly constructed 2 BHK flat on rent in the prime location of Madhurwada Visakhapatnam. The 2 BHK apartment is available at a reasonable rent of ₹16,000. The apartment is on the 2 floor, has a carpet area of 1600 sqft with 3 bathrooms and 2 balcony. The property includes 2 Covered, 1 Open parking. The flat comes with reserved parking, security. Visit the flat at Midhilapuri Vuda colony Madhura wada Plot No.1122 LIG-A, Madhurwada, Visakhapatnam, Andhra Pradesh. There are no brokerage fees on this 2 BHK multistorey apartment.",16000,48000,1000,9,3,"2 Covered, 1 Open",No,No,No,,False,False,Owner,100,Immediately,2026-03-01T16:31:15.000Z,"Mar 01, '26",True
1nFMaebUOFpzpSvf+uAgZw==,Magicbricks,https://www.magicbricks.com/property-details/2-BHK-1200-Sq-ft-Multistorey-Apartment-FOR-Rent-Madhurwada-in-Visakhapatnam&id=4d423833363338363735,2026-04-19 13:52:16,17.8224722,83.3522229,,Madhurawada,"Sai Srinivasa Residency, Near Prabha Jr Colony, Opposite Stadium",19202|APSWR Centre of Excellence,,,Apartment,Semi-Furnished,4,4,West,1200,Sq-ft,New Construction,"Check out this newly constructed 2 BHK flat on rent in the prime location of Madhurwada Visakhapatnam. The Rent amount of this 2 BHK apartment is set at an attractive price of ₹13,500. Located on the 4 floor, the flat has 2 bathrooms, 2 balcony in covered area of 1200 sqft. The flat can be visited at Sai Srinivasa Residency, Near Prabha Jr Colony, Opposite Stadium, Madhurwada, Visakhapatnam, Andhra Pradesh. This 2 BHK rental flat comes with no brokerage fees.",13500,,,11,2,,No,No,No,,False,False,Owner,45,Immediately,2026-03-04T14:09:54.000Z,"Mar 04, '26",True
ZGiK8CvpU/pzpSvf+uAgZw==,Magicbricks,https://www.magicbricks.com/property-details/2-BHK-1200-Sq-ft-Builder-Floor-Apartment-FOR-Rent-Kurmannapalem-in-Visakhapatnam&id=4d423731383632343235,2026-04-19 13:52:16,17.698036,83.15954,,Kurmannapalem,"Visakhapatnam, Andhra Pradesh",,,,Builder Floor Apartment,Semi-Furnished,1,4,North,1200,Sq-ft,,"100 percent as per vastu with all rooms in the first floor Check out this newly constructed 2 BHK flat on rent in the prime location of Kurmannapalem Visakhapatnam. The Rent amount of this 2 BHK apartment is set at an attractive price of ₹10,500. 1 Covered parking space is also available. This unit features power back up, security. The apartment is located at Kurmannapalem, Visakhapatnam, Andhra Pradesh. This 2 BHK flat is directly posted by the owner, so you don't need to pay any brokerage on this property.",10500,,,9,2,1 Covered,No,No,No,,False,False,Owner,61,Immediately,2026-03-20T21:32:29.000Z,"Mar 21, '26",True
eSYmpS4+pvpzpSvf+uAgZw==,Magicbricks,https://www.magicbricks.com/property-details/2-BHK-1050-Sq-ft-Multistorey-Apartment-FOR-Rent-Kurmannapalem-in-Visakhapatnam&id=4d423833373932373237,2026-04-19 13:52:16,17.698036,83.15954,,Kurmannapalem,Kurmannapalem,,,,Apartment,Unfurnished,10,10,West,1050,Sq-ft,New Construction,"You can explore this 2 BHK flat on rent in Kurmannapalem Visakhapatnam. The rent of the 2 BHK flat is ₹9,000. The flat is on the 10 floor and includes 2 bathrooms, 1 balcony with a carpet area of 1050 sqft. The property consists of 10 floor and offers Kids play area conveniences. This home provides power back up, reserved parking, security, service/goods lift, visitor parking. The full address of the apartment is On Duvvada Railway Station Road, Opposite ICICI Bank,Kurmannapalem,Gajuwaka, Visakhapatnam.. The owner has posted this 2 BHK flat for rent, so the brokerage fees is zero on this multistorey apartment.",9000,,,9,2,,Yes,No,No,"Service/Goods Lift, Laundry Service, Banquet Hall, Outdoor Tennis Courts",False,False,Owner,75,Immediately,2026-03-15T12:11:56.000Z,"Mar 15, '26",True
WD4g1VTeDLpzpSvf+uAgZw==,Magicbricks,https://www.magicbricks.com/property-details/2-BHK-1000-Sq-ft-Multistorey-Apartment-FOR-Rent-in-Visakhapatnam&id=4d423734333730313931,2026-04-19 13:52:16,,,,Mallikharjuna Sunnapu,Snigdha sreedevi enclave,,,,Apartment,Unfurnished,5,5,,1000,Sq-ft,,"If you are searching a 2 BHK apartment for rent in Snigdha appartment, check out this amazing rental flat. The flat is available for rent at a competitive amount of ₹9,000. Do not pay any brokerage fee for this 2 BHK rental flat since the property ad is posted by the flat owner.",9000,,,9,2,,No,No,No,,False,False,Owner,0,Immediately,2026-02-14T14:35:44.000Z,"Feb 14, '26",True
W7DTLQlEsvdzpSvf+uAgZw==,Magicbricks,https://www.magicbricks.com/property-details/2-BHK-1050-Sq-ft-Multistorey-Apartment-FOR-Rent-Madhurwada-in-Visakhapatnam&id=4d423833363432393233,2026-04-19 13:52:16,17.8224722,83.3522229,,Madhurawada,"Visakhapatnam, Andhra Pradesh",19202|APSWR Centre of Excellence,,,Apartment,Unfurnished,5,6,,1050,Sq-ft,,"Find this 2 BHK rental flat in Madhurwada Visakhapatnam. ₹10,000 is the monthly rent of this 2 BHK flat. The apartment is located at Madhurwada, Visakhapatnam, Andhra Pradesh. The brokerage amount of the 2 BHK apartment is zero.",10000,,,10,2,,No,No,No,,False,False,Owner,0,Immediately,2026-03-05T05:57:42.000Z,"Mar 05, '26",True
EeTSWeeV8SBzpSvf+uAgZw==,Magicbricks,https://www.magicbricks.com/property-details/2-BHK-1050-Sq-ft-Multistorey-Apartment-FOR-Rent-Balayya-Sastri-Layout-in-Visakhapatnam&id=4d423833323939333139,2026-04-19 13:52:16,17.740839,83.308289,,Balayya Sastri Layout,"Visakhapatnam, Andhra Pradesh",,,,Apartment,Semi-Furnished,5,5,,1050,Sq-ft,10 to 15 years,"Multistorey apartment is available for rent. It has a covered area of 1050 sq-ft, it is 2 BHK apartment. Please contact for more details. If you are planning to rent a flat, you can consider this 2 BHK flat situated in the prime location of Balayya Sastri Layout. The rent of the 2 BHK flat is ₹20,000. Located on the 5 floor, the flat comprises 2 bathrooms, 2 balcony, and has a carpet area of 955 sqft. You can visit the flat at Balayya Sastri Layout, Visakhapatnam, Andhra Pradesh. This 2 BHK apartment ad is listed by the owner, so there is no brokerage fee.",20000,,,19,2,,No,No,No,,False,False,Owner,36,Immediately,2026-02-07T04:50:22.000Z,"Feb 07, '26",True
X5Y9iJB6ddRzpSvf+uAgZw==,Magicbricks,https://www.magicbricks.com/property-details/2-BHK-1050-Sq-ft-Multistorey-Apartment-FOR-Rent-Gajuwaka-in-Visakhapatnam&id=4d423833363336333739,2026-04-19 13:52:16,17.688112,83.213121,,Sanand Vasa,"Visakhapatnam, Andhra Pradesh",19202|Timpany Steel City School,,,Apartment,Unfurnished,10,10,,1050,Sq-ft,New Construction,"If you are searching a 2 BHK apartment for rent in Gajuwaka, check out this amazing rental flat. The multistorey apartment is available at rent of ₹9,000. The flat is on the 10 floor and includes 2 bathrooms, 2 balcony with a covered area of 1050 sqft. This property includes 10 floor and provides Kids play area benefits. The apartment is located at On Duvvada Railway Station Road, Opposite ICICI Bank,Kurmannapalem,Gajuwaka, Visakhapatnam.. There are no brokerage fees on this 2 BHK multistorey apartment.",9000,,,9,2,,No,No,No,,False,False,Owner,31,Immediately,2026-03-04T10:20:05.000Z,"Mar 04, '26",True
csWWyPQ7kJlzpSvf+uAgZw==,Magicbricks,https://www.magicbricks.com/property-details/2-BHK-1274-Sq-ft-Multistorey-Apartment-FOR-Rent-Madhurwada-in-Visakhapatnam&id=4d423833343931303439,2026-04-19 13:52:16,17.8224722,83.3522229,,Madhurawada,"Visakhapatnam, Andhra Pradesh",19202|APSWR Centre of Excellence,,,Apartment,Semi-Furnished,5,17,,,,New Construction,"Multistory apartment is available for rent. It is a good location. Please contact for more details. Find 2 BHK flat for rent in Madhurwada Visakhapatnam. This 2 BHK flat is available at the reasonable rent amount of ₹18,000. The flat is located on the 5 floor which includes 2 bathrooms, 1 balcony, and covers a carpet area of 1274 sqft. The property has 17 floor and is equipped with Kids play area facilities. This property offers power back up, security, service/goods lift. Visit the flat at S No 1/P Of Yendada And S No 386/P Of Madhurawada Visakhapatnam Andhra Pradesh . You can find the 2 BHK flat without any brokerage.",18000,54000,2000,,2,,Yes,No,No,Service/Goods Lift,False,False,Owner,60,Immediately,2026-02-20T11:24:48.000Z,"Feb 20, '26",True
hxLLts8RldxzpSvf+uAgZw==,Magicbricks,https://www.magicbricks.com/property-details/2-BHK-1465-Sq-ft-Multistorey-Apartment-FOR-Rent-Endada-in-Visakhapatnam&id=4d423532363833303935,2026-04-19 13:52:16,17.7772,83.36436,,Minakhi Purohit,"Visakhapatnam, Andhra Pradesh",,,,Apartment,Semi-Furnished,5,5,,1465,Sq-ft,,"You can explore this 2 BHK flat on rent in Endada Visakhapatnam. The multistorey apartment is available at rent of ₹24,000. The full address of the apartment is Endada, Visakhapatnam, Andhra Pradesh. This 2 BHK rental flat comes with no brokerage fees.",24000,,,16,2,,No,No,No,,False,False,Owner,46,Immediately,2026-03-17T13:45:15.000Z,"Mar 17, '26",True
SmiZNKcIerlzpSvf+uAgZw==,Magicbricks,https://www.magicbricks.com/property-details/2-BHK-900-Sq-ft-Multistorey-Apartment-FOR-Rent-Chinna-Waltair-in-Visakhapatnam&id=4d423833303235373437,2026-04-19 13:52:16,17.723357,83.333895,,dwarapu mahesh,Kasturi Enclave,,,,Apartment,Semi-Furnished,4,5,South - East,900,Sq-ft,10 to 15 years,"Bright and airy, good ventilation. Close to public transport, education institutions and markets Grab the chance to own this affordable 2 BHK flat for rent in the Chinna Waltair area. The 2 BHK apartment is available at a reasonable rent of ₹14,500. This home provides reserved parking, security. Visit the flat at Kasturi Enclave, Chinna Waltair, Visakhapatnam, Andhra Pradesh. This 2 BHK apartment ad is listed by the owner, so there is no brokerage fee.",14500,29000,1100,16,2,,No,No,No,,False,True,Owner,98,Immediately,2026-03-18T23:33:24.000Z,"Mar 19, '26",True
onjqu6OU1VFzpSvf+uAgZw==,Magicbricks,https://www.magicbricks.com/property-details/2-BHK-1050-Sq-ft-Multistorey-Apartment-FOR-Rent-in-Visakhapatnam&id=4d423731373932323639,2026-04-19 13:52:16,,,,Madhu,"Visakhapatnam, Andhra Pradesh",,,,Apartment,Furnished,10,10,West,1050,Sq-ft,New Construction,"Grab the chance to own this affordable 2 BHK flat for rent in the MVV and MK park Kurmanapalem area. The apartment is available at an affordable rental price of ₹15,000. The flat is on the 10 floor and includes 2 bathrooms, 1 balcony with a covered area of 1050 sqft. The property includes 1 Covered parking. The residence includes power back up, reserved parking. This 2 BHK apartment ad is listed by the owner, so there is no brokerage fee.",15000,,,14,2,1 Covered,Yes,No,No,Jogging and Strolling Track,False,False,Owner,70,Immediately,2026-02-09T14:04:40.000Z,"Feb 09, '26",True
WgDpbo50C75zpSvf+uAgZw==,Magicbricks,https://www.magicbricks.com/property-details/2-BHK-1180-Sq-ft-Multistorey-Apartment-FOR-Rent-Madhurwada-in-Visakhapatnam&id=4d423734303532363639,2026-04-19 13:52:16,17.8224722,83.3522229,,Madhurawada,"Appadus Harmony, Madhurawad, Vizag",19202|APSWR Centre of Excellence,,,Apartment,Unfurnished,2,5,East,,,10 to 15 years,"Multistorey apartment is available for rent. It carpet area of 1180 sq-ft, it is a good location property. Please contact for more details. A beautiful 2 BHK flat is available for rent in Madhurwada. This 2 BHK flat can be availed at the rental price of ₹8,000. 1 Covered parking facility are also available. The residence includes security. This flat is located at Appadus Harmony, Madhurawad, Vizag, Madhurwada, Visakhapatnam, Andhra Pradesh. This is a no-brokerage flat, as the owner is offering this 2 BHK flat on rent.",8000,16000,,,2,1 Covered,No,No,No,,False,False,Owner,76,Immediately,2026-02-10T06:05:53.000Z,"Feb 10, '26",True
W39if5byAppzpSvf+uAgZw==,Magicbricks,https://www.magicbricks.com/property-details/2-BHK-975-Sq-ft-Multistorey-Apartment-FOR-Rent-Lankalapalem-in-Visakhapatnam&id=4d423532343637313531,2026-04-19 13:52:16,17.6846424,83.0973649,,Lankalapalem,"lankelpalem,vizag",,,,Apartment,Semi-Furnished,5,5,South -West,975,Sq-ft,,"The property is near to NH5 and nearby school available. If you are planning to rent a flat, you can consider this 2 BHK flat situated in the prime location of Lankalapalem. The apartment is available at an affordable rental price of ₹10,000. Get access to smart facilities such as 2 AC and 2 Wardrobe simply by choosing this flat for rent. The apartment is on the 5 floor, has a carpet area of 910 sqft with 2 bathrooms and 2 balcony. This unit is designed with power back up, security. The flat can be visited at lankelpalem,vizag, Lankalapalem, Visakhapatnam, Andhra Pradesh. This 2 BHK flat is directly posted by the owner, so you don't need to pay any brokerage on this property.",10000,30000,1000,10,2,,Yes,No,Yes,Jogging and Strolling Track,False,False,Owner,82,Immediately,2026-03-26T03:45:11.000Z,"Mar 26, '26",True
AtVGTUkPrLJzpSvf+uAgZw==,Magicbricks,https://www.magicbricks.com/property-details/2-BHK-950-Sq-ft-Multistorey-Apartment-FOR-Rent-in-Visakhapatnam&id=4d423632313631303137,2026-04-19 13:52:16,,,,Chappidi chittibabu,"Visakhapatnam, Andhra Pradesh",,,,Apartment,Semi-Furnished,2,3,,950,Sq-ft,10 to 15 years,"2 BHK, Multistorey Apartment is available for Rent in , Visakhapatnam for 10,000",10000,20000,1000,11,2,,No,No,No,,False,False,Owner,36,Immediately,2026-02-16T16:54:15.000Z,"Feb 16, '26",True
RVFC++MDXX1zpSvf+uAgZw==,Magicbricks,https://www.magicbricks.com/property-details/2-BHK-1100-Sq-ft-Multistorey-Apartment-FOR-Rent-Kurmannapalem-in-Visakhapatnam&id=4d423637303030323531,2026-04-19 13:52:16,17.698036,83.15954,,Kurmannapalem,fakirtakiya road kurmanpalam 530046,,,,Apartment,Semi-Furnished,2,5,West,1100,Sq-ft,Less than 5 years,"2 BHK, Multistorey Apartment is available for Rent in Kurmannapalem, Visakhapatnam for 8,500",8500,24600,1200,8,2,,Yes,No,No,"Intercom Facility, RO Water System",False,True,Owner,70,Immediately,2026-02-14T23:35:26.000Z,"Feb 15, '26",True
JFL63MbsjXxzpSvf+uAgZw==,Magicbricks,https://www.magicbricks.com/property-details/2-BHK-920-Sq-ft-Multistorey-Apartment-FOR-Rent-Gajuwaka-in-Visakhapatnam&id=4d423833373836363431,2026-04-19 13:52:16,17.688112,83.213121,,Mahesh Mahesh,"SheelaNagar, back side of KIMS hospital",19202|Timpany Steel City School,,,Apartment,Semi-Furnished,9,10,East,920,Sq-ft,New Construction,"2 BHK, Multistorey Apartment is available for Rent in Gajuwaka, Visakhapatnam for 10,000",10000,20000,2000,11,2,,No,No,No,"Laundry Service, Banquet Hall, Jogging and Strolling Track, Outdoor Tennis Courts",False,False,Owner,70,Immediately,2026-03-14T23:54:14.000Z,"Mar 15, '26",True
bBC9L93t7WRzpSvf+uAgZw==,Magicbricks,https://www.magicbricks.com/property-details/2-BHK-1155-Sq-ft-Multistorey-Apartment-FOR-Rent-PM-Palem-in-Visakhapatnam&id=4d423833363435363435,2026-04-19 13:52:16,17.7992275,83.3525473,,PM Palem,"Visakhapatnam, Andhra Pradesh",,,,Apartment,Unfurnished,5,5,,,,5 to 10 years,"2 BHK, Multistorey Apartment is available for Rent in PM Palem, Visakhapatnam for 9,000",9000,,1200,,2,,No,No,No,,False,False,Owner,53,Immediately,2026-03-05T08:01:04.000Z,"Mar 05, '26",True
xV6hywnxaYpzpSvf+uAgZw==,Magicbricks,https://www.magicbricks.com/property-details/2-BHK-900-Sq-ft-Multistorey-Apartment-FOR-Rent-Sriharipuram-in-Visakhapatnam&id=4d423632373331343231,2026-04-19 13:52:16,17.433513,78.434887,,Saraswathi,"Sri Ram Nagar, near coromandal gate,",,,,Apartment,Unfurnished,1,3,,,,New Construction,"2 BHK, Multistorey Apartment is available for Rent in Sriharipuram, Visakhapatnam for 10,000",10000,20000,0,,2,,No,No,No,,False,False,Owner,36,Immediately,2026-02-12T12:59:17.000Z,"Feb 12, '26",True
/Djmqe0s5V9zpSvf+uAgZw==,Magicbricks,https://www.magicbricks.com/property-details/2-BHK-1140-Sq-ft-Multistorey-Apartment-FOR-Rent-Madhurwada-in-Visakhapatnam&id=4d423734333637343935,2026-04-19 13:52:16,17.8224722,83.3522229,,Madhurawada,beside max showroom,19202|APSWR Centre of Excellence,,,Apartment,Unfurnished,5,5,South - East,1140,Sq-ft,New Construction,"2 BHK, Multistorey Apartment is available for Rent in Madhurwada, Visakhapatnam for 13,000",13000,,1000,11,2,,No,No,No,,False,False,Owner,69,Immediately,2026-03-29T06:56:40.000Z,"Mar 29, '26",True
Mr1a2Le1nQpzpSvf+uAgZw==,Magicbricks,https://www.magicbricks.com/property-details/2-BHK-1025-Sq-ft-Multistorey-Apartment-FOR-Rent-Atchutapuram-in-Visakhapatnam&id=4d423532323634333433,2026-04-19 13:52:16,17.564011,82.979093,,RSChakravarthy,Veduruwada Atchuthapuram,,,,Apartment,Unfurnished,4,5,North - East,1025,Sq-ft,New Construction,"Opp to Heritage Fresh, HP Petrol Pump, Honda Service Center and Showroom.",10000,20000,0,10,2,403 Covered,No,No,No,,False,False,Owner,90,Immediately,2026-03-04T21:33:07.000Z,"Mar 05, '26",True
w1riYizVXe5zpSvf+uAgZw==,Magicbricks,https://www.magicbricks.com/property-details/2-BHK-1050-Sq-ft-Multistorey-Apartment-FOR-Rent-Railway-New-Colony-in-Visakhapatnam&id=4d423833373732353533,2026-04-19 13:52:16,17.724325,83.296102,,Railway New Colony,"Surya Apartments, BF-3",19206|Big Bazaar,,,Apartment,Semi-Furnished,Ground,3,North,1050,Sq-ft,15 to 20 years,"2 BHK, Multistorey Apartment is available for Rent in Railway New Colony, Visakhapatnam for 15,000",15000,,,14,2,,No,No,No,,False,False,Owner,69,Immediately,2026-03-13T16:41:24.000Z,"Mar 13, '26",True
OSR0N3b6O6pzpSvf+uAgZw==,Magicbricks,https://www.magicbricks.com/property-details/2-BHK-1051-Sq-ft-Multistorey-Apartment-FOR-Rent-Sheelanagar-in-Visakhapatnam&id=4d423833323830343639,2026-04-19 13:52:16,17.718522,83.1983904,,Sheelanagar,"Visakhapatnam, Andhra Pradesh",,,,Apartment,Semi-Furnished,2,5,,1051,Sq-ft,,A multistorey apartment is available for rent. It is a good location. Please contact for more details.,12000,,,11,2,,No,No,No,,False,False,Owner,33,Immediately,2026-02-06T02:15:47.000Z,"Feb 06, '26",True
Nnrl+L/AgrtzpSvf+uAgZw==,Magicbricks,https://www.magicbricks.com/property-details/2-BHK-1080-Sq-ft-Multistorey-Apartment-FOR-Rent-in-Visakhapatnam&id=4d423731353437353131,2026-04-19 13:52:16,,,,A Nanaji,Deekshita heights 5th floor.,,,,Apartment,Furnished,5,5,North,1080,Sq-ft,Less than 5 years,"Overlooking distance to national highway, walkable to bus stop and all other daily needs. It also includes AC, FANs, Lights, false sealing and rope lights in all rooms.",13500,60000,1200,12,2,1 Covered,No,No,No,,False,False,Owner,98,Immediately,2026-02-06T14:08:29.000Z,"Feb 06, '26",True
2VL9o6tP9jFzpSvf+uAgZw==,Magicbricks,https://www.magicbricks.com/property-details/2-BHK-1280-Sq-ft-Multistorey-Apartment-FOR-Rent-Madhurwada-in-Visakhapatnam&id=4d423833343638373031,2026-04-19 13:52:16,17.8224722,83.3522229,,Madhurawada,Mithilapuri Vuda colony,19202|APSWR Centre of Excellence,,,Apartment,Semi-Furnished,14,15,North - East,1280,Sq-ft,Less than 5 years,"East facing spacious 2 bhk with complete interiors with modular kitchen, full length wardrobes, TV unit, pooja unit available on rent. Fitted with fans, geycers, water purifier",20000,,,16,2,1 Covered,Yes,No,No,Jogging and Strolling Track,False,False,Owner,77,Immediately,2026-02-19T06:43:49.000Z,"Feb 19, '26",True
itELZbXaNRNzpSvf+uAgZw==,Magicbricks,https://www.magicbricks.com/property-details/2-BHK-1200-Sq-ft-Multistorey-Apartment-FOR-Rent-Duvvada-in-Visakhapatnam&id=4d423833363130343733,2026-04-19 13:52:16,17.70006,83.153599,,PEDDI Raju,"Rani valleys , near Sunday market fly over,  flat no 304",,,,Apartment,Unfurnished,4,5,East,1200,Sq-ft,5 to 10 years,"2 BHK, Multistorey Apartment is available for Rent in Duvvada, Visakhapatnam for 8,000",8000,,,7,2,,No,No,No,,False,False,Owner,60,Immediately,2026-03-02T05:22:10.000Z,"Mar 02, '26",True
ih9AmGhi8cVzpSvf+uAgZw==,Magicbricks,https://www.magicbricks.com/property-details/2-BHK-1500-Sq-ft-Multistorey-Apartment-FOR-Rent-Siri-Puram-in-Visakhapatnam&id=4d423239353032323639,2026-04-19 13:52:16,17.720372,83.3168071,,Siri Puram,"Visakhapatnam, Andhra Pradesh",,,,Apartment,Semi-Furnished,6,8,,1500,Sq-ft,,This spacious 2 Bedroom Unit is at sixth floor and has 2 bathroom You get this spacious Unit on a rental of 18000 monthly. .,18000,,,12,2,,No,No,No,,False,False,Owner,26,Immediately,2026-03-05T17:33:51.000Z,"Mar 05, '26",True
uUbotWOWyfdzpSvf+uAgZw==,Magicbricks,https://www.magicbricks.com/property-details/2-BHK-1100-Sq-ft-Multistorey-Apartment-FOR-Rent-Nakkavanipalem-in-Visakhapatnam&id=4d423630393237383635,2026-04-19 13:52:16,17.7396821,83.3135391,,chinna rao,Beside AMG Hospital,19202|Sri Prakash Vidyaniketan,,,Apartment,Semi-Furnished,1,3,West,1100,Sq-ft,Less than 5 years,"2 BHK, Multistorey Apartment is available for Rent in Nakkavanipalem, Visakhapatnam for 22,000",22000,,500,20,2,,No,No,No,,False,False,Owner,59,Immediately,2026-02-04T21:33:25.000Z,"Feb 05, '26",True
tzo4mo0F0wRzpSvf+uAgZw==,Magicbricks,https://www.magicbricks.com/property-details/2-BHK-900-Sq-ft-Multistorey-Apartment-FOR-Rent-Sri-Nagar-in-Visakhapatnam&id=4d423733383635353135,2026-04-19 13:52:16,17.6783409,83.1788902,,SUJAKRI JALLEPALLI,Behind GVMC ZONAL OFFICE II AT ASILMETTA NEAR RT C COMPLEX DWARAKANAGAR,,,,Apartment,Unfurnished,2,5,,,,10 to 15 years,Main Bus Stand RTC Complex 5 minutes walk. Educational Institutes and Market Area very close by.,15000,45000,1500,,2,,No,No,No,,False,False,Owner,71,Immediately,2026-02-11T10:53:35.000Z,"Feb 11, '26",True
G/+b2WPMsr5zpSvf+uAgZw==,Magicbricks,https://www.magicbricks.com/property-details/2-BHK-1222-Sq-ft-Multistorey-Apartment-FOR-Rent-Madhurwada-in-Visakhapatnam&id=4d423833373733323439,2026-04-19 13:52:16,17.8224722,83.3522229,,Madhurawada,"Visakhapatnam, Andhra Pradesh",19202|APSWR Centre of Excellence,,,Apartment,Semi-Furnished,12,15,,1222,Sq-ft,,"2 BHK, Multistorey Apartment is available for Rent in Madhurwada, Visakhapatnam for 22,000",22000,,,18,2,,No,No,No,,False,False,Owner,26,Immediately,2026-03-13T22:15:14.000Z,"Mar 14, '26",True
GZPu3IFZ5gBzpSvf+uAgZw==,Magicbricks,https://www.magicbricks.com/property-details/2-BHK-1000-Sq-ft-Multistorey-Apartment-FOR-Rent-in-Visakhapatnam&id=4d423733383333323937,2026-04-19 13:52:16,,,,Bijay kumar sah,"Visakhapatnam, Andhra Pradesh",,,,Apartment,Semi-Furnished,3,5,,1000,Sq-ft,,"2 BHK, Multistorey Apartment is available for Rent in , Visakhapatnam for 13,000",13000,,,13,2,,No,No,No,,False,False,Owner,0,Immediately,2026-02-28T09:44:01.000Z,"Feb 28, '26",True
b+W2ahkYB1FzpSvf+uAgZw==,Magicbricks,https://www.magicbricks.com/property-details/2-BHK-700-Sq-ft-Multistorey-Apartment-FOR-Rent-New-Gajuwaka-in-Visakhapatnam&id=4d423831373938373631,2026-04-19 13:52:16,17.6862833,83.2174131,,yeshita Kothari,"9-1-3, Ganesh Nagar, near GVMC community hall",,,,Apartment,Semi-Furnished,1,2,North - East,700,Sq-ft,Less than 5 years,"2 BHK, Multistorey Apartment is available for Rent in New Gajuwaka, Visakhapatnam for 9,000",9000,18000,,13,2,,No,No,No,,False,False,Owner,57,Immediately,2026-03-18T16:20:54.000Z,"Mar 18, '26",True
p9jXz/oTOZBzpSvf+uAgZw==,Magicbricks,https://www.magicbricks.com/property-details/2-BHK-1000-Sq-ft-Multistorey-Apartment-FOR-Rent-in-Visakhapatnam&id=4d423639303339363735,2026-04-19 13:52:16,,,,Srinivas I R,"Near NAD junction, Opp NSTL gate Rd, Lane Nxt to Jio petrol bunk",,,,Apartment,Semi-Furnished,Ground,4,West,1000,Sq-ft,Above 20 years,"Has a,Hall cum Dining area, one attached and one Common Toilet, Seperate kitchen room with 2 balcopnies one attached to kitchen, the other to the Master bedroom",12000,,,12,2,1 Covered,No,No,No,,False,False,Owner,71,Immediately,2026-02-22T11:51:36.000Z,"Feb 22, '26",True
V3Ia/39TfzRzpSvf+uAgZw==,Magicbricks,https://www.magicbricks.com/property-details/2-BHK-1250-Sq-ft-Multistorey-Apartment-FOR-Rent-KRM-Colony-in-Visakhapatnam&id=4d423833363834373537,2026-04-19 13:52:16,17.7399193,83.3178097,,KRM Colony,Sai Sivani Arcade KRM Colony,,,,Apartment,Unfurnished,2,4,East,1250,Sq-ft,5 to 10 years,"2 BHK, Multistorey Apartment is available for Rent in KRM Colony, Visakhapatnam for 16,500",16500,,2000,13,2,,No,No,No,,False,False,Owner,47,Immediately,2026-03-07T12:29:12.000Z,"Mar 07, '26",True
DUO+5n7+DipzpSvf+uAgZw==,Magicbricks,https://www.magicbricks.com/property-details/2-BHK-1000-Sq-ft-Builder-Floor-Apartment-FOR-Rent-Muralinagar-in-Visakhapatnam&id=4d423632333335363637,2026-04-19 13:52:16,17.7471481,83.2599674,,Muralinagar,"Visakhapatnam, Andhra Pradesh",,,,Builder Floor Apartment,Semi-Furnished,2,4,,1000,Sq-ft,,"2 BHK, Builder Floor Apartment is available for Rent in Muralinagar, Visakhapatnam for 12,000",12000,,,12,2,,No,No,No,,False,False,Owner,0,Immediately,2026-03-24T21:33:52.000Z,"Mar 25, '26",True
BMKZxlNBhrlzpSvf+uAgZw==,Magicbricks,https://www.magicbricks.com/property-details/2-BHK-1050-Sq-ft-Multistorey-Apartment-FOR-Rent-Bakkannapalem-in-Visakhapatnam&id=4d423637323635323639,2026-04-19 13:52:16,17.814788,83.34287,,Sirikrish, Bakkannapalem,,,,Apartment,Unfurnished,2,6,,,,,"2 BHK, Multistorey Apartment is available for Rent in Bakkannapalem, Visakhapatnam for 15,000",15000,,,,2,,No,No,No,,False,False,Owner,24,Immediately,2026-03-04T16:37:49.000Z,"Mar 04, '26",True
sKAn7KvrXLlzpSvf+uAgZw==,Magicbricks,https://www.magicbricks.com/property-details/2-BHK-1000-Sq-ft-Multistorey-Apartment-FOR-Rent-Madhurwada-in-Visakhapatnam&id=4d423833303536383337,2026-04-19 13:52:16,17.8224722,83.3522229,,Madhurawada,"Visakhapatnam, Andhra Pradesh",19202|APSWR Centre of Excellence,,,Apartment,Semi-Furnished,3,5,,,,,"2 BHK, Multistorey Apartment is available for Rent in Madhurwada, Visakhapatnam for 12,000",12000,36000,1200,,2,,No,No,No,,False,False,Owner,33,Immediately,2026-03-27T21:30:41.000Z,"Mar 28, '26",True
/jlLQwNdmRlzpSvf+uAgZw==,Magicbricks,https://www.magicbricks.com/property-details/2-BHK-1000-Sq-ft-Multistorey-Apartment-FOR-Rent-Sujatha-nagar-in-Visakhapatnam&id=4d423833343234303131,2026-04-19 13:52:16,17.7971716,83.2157985,,Sujatha nagar,svln paradise 1,,,,Apartment,Unfurnished,1,4,North,1000,Sq-ft,New Construction,"2 BHK, Multistorey Apartment is available for Rent in Sujatha nagar, Visakhapatnam for 10,000",10000,,,10,2,,Yes,No,Yes,Visitor Parking,False,False,Owner,75,Immediately,2026-02-16T03:05:28.000Z,"Feb 16, '26",True
ujzGFQf5VNJzpSvf+uAgZw==,Magicbricks,https://www.magicbricks.com/property-details/2-BHK-1100-Sq-ft-Multistorey-Apartment-FOR-Rent-Sheelanagar-in-Visakhapatnam&id=4d423537383232323635,2026-04-19 13:52:16,17.718522,83.1983904,,Sheelanagar,Welfare Paradise,,,,Apartment,Semi-Furnished,2,5,North,1100,Sq-ft,10 to 15 years,"2 bed room flat with car parking for rent at sheelanagar available. preferably navy employees. 500metres from national highway. very near to school, market and hospitals. Gas connection with meter available.",12500,20000,1000,11,2,,No,No,No,,False,False,Owner,76,Immediately,2026-02-19T22:30:28.000Z,"Feb 20, '26",True
a88CityBl7JzpSvf+uAgZw==,Magicbricks,https://www.magicbricks.com/property-details/2-BHK-1200-Sq-ft-Multistorey-Apartment-FOR-Rent-Kurmannapalem-in-Visakhapatnam&id=4d423833373930323637,2026-04-19 13:52:16,17.698036,83.15954,,Kurmannapalem,"Visakhapatnam, Andhra Pradesh",,,,Apartment,Unfurnished,1,2,,1200,Sq-ft,5 to 10 years,"2 BHK, Multistorey Apartment is available for Rent in Kurmannapalem, Visakhapatnam for 10,000",10000,20000,500,8,2,,No,No,No,,False,False,Owner,36,Immediately,2026-03-15T08:38:51.000Z,"Mar 15, '26",True
ZMkiTnckKLpzpSvf+uAgZw==,Magicbricks,https://www.magicbricks.com/property-details/2-BHK-1000-Sq-ft-Builder-Floor-Apartment-FOR-Rent-Sheelanagar-in-Visakhapatnam&id=4d423833373438393937,2026-04-19 13:52:16,17.718522,83.1983904,,Sheelanagar,"dockyard colony, near sattemma talli temple",,,,Builder Floor Apartment,Unfurnished,2,2,East,1000,Sq-ft,Less than 5 years,The property is located in dockyard colony Sheelanagar. 24 hours water supply.24 hours power supply.2.5 kms far from kims hospital. Very peaceful location.Good for joggers and walkers. 4 km far from duvvada railway station.,7000,14000,,7,2,,No,No,No,,False,False,Owner,72,Immediately,2026-03-12T09:32:18.000Z,"Mar 12, '26",True
QY2jEJPGknxzpSvf+uAgZw==,Magicbricks,https://www.magicbricks.com/property-details/2-BHK-1050-Sq-ft-Multistorey-Apartment-FOR-Rent-Gajuwaka-in-Visakhapatnam&id=4d423832383633393431,2026-04-19 13:52:16,17.688112,83.213121,,Rekha,"Gajuwaka,Visakhapatnam",19202|Timpany Steel City School,,,Apartment,Semi-Furnished,5,10,,1050,Sq-ft,New Construction,"2 BHK, Multistorey Apartment is available for Rent in Gajuwaka, Visakhapatnam for 15,000",15000,30000,1000,14,2,501 Covered,Yes,No,No,Jogging and Strolling Track,False,False,Owner,69,Immediately,2026-03-31T04:07:26.000Z,"Mar 31, '26",True
HJUzeZ1RQ4dzpSvf+uAgZw==,Magicbricks,https://www.magicbricks.com/property-details/2-BHK-800-Sq-ft-Multistorey-Apartment-FOR-Rent-PM-Palem-in-Visakhapatnam&id=4d423438383830303235,2026-04-19 13:52:16,17.7992275,83.3525473,,PM Palem,82 47 38 03 91  WHATSAPP hpcl layout,,,,Apartment,Unfurnished,4,5,North,800,Sq-ft,New Construction,"Water softener, car parking, lift, security watchman, GVMC municipality water",9000,24000,1000,11,2,3 Covered,No,No,No,,False,False,Owner,95,Immediately,2026-03-31T06:45:51.000Z,"Mar 31, '26",True
XUNikWYVSutzpSvf+uAgZw==,Magicbricks,https://www.magicbricks.com/property-details/2-BHK-1050-Sq-ft-Multistorey-Apartment-FOR-Rent-Bheemili-in-Visakhapatnam&id=4d423831383935323833,2026-04-19 13:52:16,17.88656,83.447162,,Bheemili,"Visakhapatnam, Andhra Pradesh",,531163,,Apartment,Unfurnished,1,5,,1050,Sq-ft,,"2 BHK, Multistorey Apartment is available for Rent in Bheemili, Visakhapatnam for 7,200",7200,,,7,2,,No,No,No,,False,False,Owner,26,Immediately,2026-03-31T04:07:47.000Z,"Mar 31, '26",True
sgaowCGUpFhzpSvf+uAgZw==,Magicbricks,https://www.magicbricks.com/property-details/3-BHK-1450-Sq-ft-Multistorey-Apartment-FOR-Rent-Madhurwada-in-Visakhapatnam&id=4d423730323936363237,2026-04-19 13:52:16,17.8224722,83.3522229,,Madhurawada,"Visakhapatnam, Andhra Pradesh",19202|APSWR Centre of Excellence,,,Apartment,Semi-Furnished,3,5,,1450,Sq-ft,New Construction,"Grab the chance to own this affordable 3 BHK flat for rent in the Madhurwada area. Available at a rental price of ₹10,000, this 3 BHK flat is worth considering. Located on the 3 floor, the flat comprises 2 bathrooms, 2 balcony, and has a carpet area of 1450 sqft. The flat can be visited at Madhurwada, Visakhapatnam, Andhra Pradesh. There are no brokerage fees on this 3 BHK multistorey apartment.",10000,30000,500,7,2,,No,No,No,,False,False,Owner,53,Immediately,2026-03-04T21:33:19.000Z,"Mar 05, '26",True
R0Mz9uwrH99zpSvf+uAgZw==,Magicbricks,https://www.magicbricks.com/property-details/3-BHK-2000-Sq-ft-Multistorey-Apartment-FOR-Rent-Madhurwada-in-Visakhapatnam&id=4d423833343131373333,2026-04-19 13:52:16,17.8224722,83.3522229,,Madhurawada,"Visakhapatnam, Andhra Pradesh",19202|APSWR Centre of Excellence,,,Apartment,Semi-Furnished,5,17,,2000,Sq-ft,,"Multistorey apartment is available for rent. It is a good location property. Please contact for more details. If you are planning to rent a flat, you can consider this 3 BHK flat situated in the prime location of Madhurwada. You can get this flat at monthly rent of ₹20,000. Find this apartment at Madhurwada, Visakhapatnam, Andhra Pradesh. This 3 BHK flat is directly posted by the owner, so you don't need to pay any brokerage on this property.",20000,,,10,3,,No,No,No,,False,False,Owner,33,Immediately,2026-02-14T11:36:54.000Z,"Feb 14, '26",True
dKhYX7srob5zpSvf+uAgZw==,Magicbricks,https://www.magicbricks.com/property-details/3-BHK-1700-Sq-ft-Multistorey-Apartment-FOR-Rent-in-Visakhapatnam&id=4d423733323530313537,2026-04-19 13:52:16,,,,B V Rao B.V.Rao,"Visakhapatnam, Andhra Pradesh",,,,Apartment,Semi-Furnished,2,5,,1700,Sq-ft,,"A beautiful 3 BHK flat is available for rent in Madhavadhara, Visakhapatnam. The flat is available for rent at a competitive amount of ₹16,000. This 3 BHK apartment ad is listed by the owner, so there is no brokerage fee.",16000,,,9,2,,No,No,No,,False,False,Owner,26,Immediately,2026-03-12T06:09:18.000Z,"Mar 12, '26",True
bbCPrEcEb3FzpSvf+uAgZw==,Magicbricks,https://www.magicbricks.com/property-details/3-BHK-1700-Sq-ft-Builder-Floor-Apartment-FOR-Rent-KRM-Colony-in-Visakhapatnam&id=4d423831343133383139,2026-04-19 13:52:16,17.7399193,83.3178097,,KRM Colony,"Visakhapatnam, Andhra Pradesh",,,,Builder Floor Apartment,Semi-Furnished,1,5,,1700,Sq-ft,,"Check out this newly constructed 3 BHK flat on rent in the prime location of KRM Colony Visakhapatnam. The Rent amount of this 3 BHK apartment is set at an attractive price of ₹18,000. The address is KRM Colony, Visakhapatnam, Andhra Pradesh. You can find the 3 BHK flat without any brokerage.",18000,,,11,2,,No,No,No,,False,False,Owner,0,Immediately,2026-02-17T03:17:22.000Z,"Feb 17, '26",True
fMah+3gggQlzpSvf+uAgZw==,Magicbricks,https://www.magicbricks.com/property-details/3-BHK-1087-Sq-ft-Multistorey-Apartment-FOR-Rent-Gajuwaka-in-Visakhapatnam&id=4d423731383831323833,2026-04-19 13:52:16,17.688112,83.213121,,Shiv,"Visakhapatnam, Andhra Pradesh",19202|Timpany Steel City School,,,Apartment,Semi-Furnished,5,6,,1087,Sq-ft,,"3 BHK apartment is available on rent in Gajuwaka Visakhapatnam right away. This 3 BHK flat is available at the reasonable rent amount of ₹18,000. The property consists of 6 floor and offers Kids Play Pool With Water Slides conveniences. Find this apartment at Gajwaka Jn., Visakhapatnam.. The brokerage amount of the 3 BHK apartment is zero.",18000,,,17,2,,No,No,No,,False,False,Owner,28,Immediately,2026-03-11T17:32:28.000Z,"Mar 11, '26",True
XrjaxWJgySdzpSvf+uAgZw==,Magicbricks,https://www.magicbricks.com/property-details/3-BHK-1685-Sq-ft-Multistorey-Apartment-FOR-Rent-in-Visakhapatnam&id=4d423832373232383039,2026-04-19 13:52:16,,,,G Rao,Midhilapuri Vuda Colony Madhurawada,,,,Apartment,Unfurnished,3,5,South,1685,Sq-ft,New Construction,"3BHK with pooja room well ventilated in 3rd and 5 th Floor A beautiful 3 BHK flat is available for rent in AVK VAMSI PRIDE Madhurawada. You can get this flat at monthly rent of ₹19,000. Located on the 3 floor, the flat has 3 bathrooms, 2 balcony in carpet area of 1450 sqft. There is also facility of 1 Covered, 1 Open parking. The flat comes with power back up, reserved parking, intercom facility. This 3 BHK rental flat comes with no brokerage fees.",19000,38000,1500,11,3,"1 Covered, 1 Open",Yes,No,No,Intercom Facility,False,False,Owner,77,Immediately,2026-03-13T12:04:53.000Z,"Mar 13, '26",True
jM+ud+NJY3ZzpSvf+uAgZw==,Magicbricks,https://www.magicbricks.com/property-details/3-BHK-1300-Sq-ft-Multistorey-Apartment-FOR-Rent-in-Visakhapatnam&id=4d423637323937393633,2026-04-19 13:52:16,,,,B v krushna,vadlapudi,,,,Apartment,Semi-Furnished,3,3,,,,Less than 5 years,"3 BHK apartment is available on rent in Near steel plant Visakhapatnam right away. The apartment is available at an affordable rental price of ₹15,000. Located on the 3 floor, the flat comprises 2 bathrooms, 3 balcony, and has a carpet area of 1300 sqft. The brokerage amount of the 3 BHK apartment is zero.",15000,1000,1000,,2,,No,No,No,,False,False,Owner,38,Immediately,2026-03-15T07:04:13.000Z,"Mar 15, '26",True
5z7a3gBMao5zpSvf+uAgZw==,Magicbricks,https://www.magicbricks.com/property-details/3-BHK-2000-Sq-ft-Multistorey-Apartment-FOR-Rent-in-Visakhapatnam&id=4d423833323937343633,2026-04-19 13:52:16,,,,Tathi Naidu,"PM palem, Madhuruwada, visakhapatnam",,,,Apartment,Furnished,1,5,East,2000,Sq-ft,New Construction,"Group house 3 BHK apartment is available on rent in Rajeshwari Residency Visakhapatnam right away. The apartment is available at an affordable rental price of ₹18,000. The flat is located on the 1 floor which includes 3 bathrooms, 2 balcony, and covers a carpet area of 1850 sqft. This property offers air conditioned. You can find the 3 BHK flat without any brokerage.",18000,36000,1000,9,3,,Yes,No,No,Air Conditioned,False,False,Owner,75,Immediately,2026-02-06T16:52:31.000Z,"Feb 06, '26",True
y6evbvfP1fBzpSvf+uAgZw==,Magicbricks,https://www.magicbricks.com/property-details/3-BHK-1200-Sq-ft-Service-Apartment-FOR-Rent-in-Visakhapatnam&id=4d423832373239383535,2026-04-19 13:52:16,,,,Venakata Naidu,Anand sree residency  near RD convention hall,,,,Service Apartment,Semi-Furnished,4,4,,1200,Sq-ft,,Service apartment is available for rent. It is a good location property. Please contact for more details.,11000,,,9,2,,No,No,No,,False,False,Owner,48,Immediately,2026-03-18T16:20:14.000Z,"Mar 18, '26",True
o7Qzrhrt/E9zpSvf+uAgZw==,Magicbricks,https://www.magicbricks.com/property-details/3-BHK-1600-Sq-ft-Multistorey-Apartment-FOR-Rent-in-Visakhapatnam&id=4d423833333136333035,2026-04-19 13:52:16,,,,aishwarya,Gandhi Nagar Madhurawada,,,,Apartment,Unfurnished,4,5,South -West,1600,Sq-ft,10 to 15 years,"Grab the chance to own this affordable 3 BHK flat for rent in the housing board apartments area. The rent of the 3 BHK flat is ₹12,500. Located on the 4 floor, the flat comprises 3 bathrooms, 2 balcony, and has a carpet area of 1400 sqft. The residence includes reserved parking, security. This 3 BHK rental flat comes with no brokerage fees.",12500,25000,,8,3,,Yes,No,No,Jogging and Strolling Track,False,False,Owner,55,Immediately,2026-02-08T11:01:43.000Z,"Feb 08, '26",True
TWm881Kat4lzpSvf+uAgZw==,Magicbricks,https://www.magicbricks.com/property-details/3-BHK-1700-Sq-ft-Multistorey-Apartment-FOR-Rent-Yendada-in-Visakhapatnam&id=4d423737383139383533,2026-04-19 13:52:16,17.7771215,83.3615748,,Yendada,"Sowparnika Bay Shells, Near Sun Beach Campus Flat No. 102",,,,Apartment,Semi-Furnished,1,5,East,1700,Sq-ft,New Construction,"If you are searching a 3 BHK apartment for rent in Yendada, check out this amazing rental flat. Available at a rental price of ₹17,000, this 3 BHK flat is worth considering. The apartment is on the 1 floor, has a carpet area of 1550 sqft with 3 bathrooms and 2 balcony. You can visit the flat at Sowparnika Bay Shells, Near Sun Beach Campus Flat No. 102, Yendada, Visakhapatnam, Andhra Pradesh. You can find the 3 BHK flat without any brokerage.",17000,,,10,3,,No,No,No,,False,False,Owner,63,Immediately,2026-02-03T13:51:41.000Z,"Feb 03, '26",True
rU2hlDKeDLNzpSvf+uAgZw==,Magicbricks,https://www.magicbricks.com/property-details/3-BHK-1350-Sq-ft-Multistorey-Apartment-FOR-Rent-Seethammadhara-in-Visakhapatnam&id=4d423833363532343331,2026-04-19 13:52:16,17.7429031,83.3081172,,Seethammadhara,"Visakhapatnam, Andhra Pradesh",,,,Apartment,Semi-Furnished,3,5,,1350,Sq-ft,Above 20 years,"A beautiful 3 BHK flat is available for rent in Seethammadhara. The Rent amount of this 3 BHK apartment is set at an attractive price of ₹25,000. The flat is on the 3 floor and includes 2 bathrooms, 5 balcony with a covered area of 1350 sqft. The address is Seethammadhara, Visakhapatnam, Andhra Pradesh. Do not pay any brokerage fee for this 3 BHK rental flat since the property ad is posted by the flat owner.",25000,50000,,19,2,,No,No,No,,False,False,Owner,33,Immediately,2026-03-05T12:45:16.000Z,"Mar 05, '26",True
08DtLQJUGNdzpSvf+uAgZw==,Magicbricks,https://www.magicbricks.com/property-details/3-BHK-1400-Sq-ft-Multistorey-Apartment-FOR-Rent-in-Visakhapatnam&id=4d423833363538313633,2026-04-19 13:52:16,17.62581843,83.20079157,,Visakhapatnam Steel Plant,"Visakhapatnam, Andhra Pradesh",,,,Apartment,Semi-Furnished,1,1,,1400,Sq-ft,,"You can avail the 3 BHK flat for rent in the well-known location of Visakhapatnam Steel Plant. This 3 BHK flat is available at the reasonable rent amount of ₹12,000. The apartment is located at Visakhapatnam Steel Plant, Visakhapatnam, Andhra Pradesh. There are no brokerage fees on this 3 BHK multistorey apartment.",12000,,,9,2,,No,No,No,,False,False,Owner,24,Immediately,2026-03-06T06:00:21.000Z,"Mar 06, '26",True
bdvLtT0FaGVzpSvf+uAgZw==,Magicbricks,https://www.magicbricks.com/property-details/3-BHK-1250-Sq-ft-Multistorey-Apartment-FOR-Rent-in-Visakhapatnam&id=4d423735373633333537,2026-04-19 13:52:16,,,,M shekhar,"near agnampoodi tollgate, Duvvada",,,,Apartment,Unfurnished,4,5,East,1250,Sq-ft,,"If you are planning to rent a flat, you can consider this 3 BHK flat situated in the prime location of . This 3 BHK flat can be availed at the rental price of ₹8,000. Located on the 4 floor, the flat comprises 2 bathrooms, 1 balcony, and has a covered area of 1250 sqft. There are no brokerage fees on this 3 BHK multistorey apartment.",8000,,,6,2,,No,No,No,,False,False,Owner,55,Immediately,2026-03-07T04:49:31.000Z,"Mar 07, '26",True
p5XWD4c91wFzpSvf+uAgZw==,Magicbricks,https://www.magicbricks.com/property-details/3-BHK-1450-Sq-ft-Multistorey-Apartment-FOR-Rent-Gajuwaka-in-Visakhapatnam&id=4d423639313135343431,2026-04-19 13:52:16,17.688112,83.213121,,ramesh,"Visakhapatnam, Andhra Pradesh",19202|Timpany Steel City School,,,Apartment,Semi-Furnished,2,5,,1450,Sq-ft,5 to 10 years,"Grab the chance to own this affordable 3 BHK flat for rent in the Gajuwaka area. You can get this flat at monthly rent of ₹18,000. The apartment is on the 2 floor, has a carpet area of 1405 sqft with 3 bathrooms and 1 balcony. The apartment is located at Gajuwaka, Visakhapatnam, Andhra Pradesh. Do not pay any brokerage fee for this 3 BHK rental flat since the property ad is posted by the flat owner.",18000,,,12,3,,No,No,No,,False,False,Owner,53,Immediately,2026-02-20T16:58:43.000Z,"Feb 20, '26",True
u3HDMPW8OyhzpSvf+uAgZw==,Magicbricks,https://www.magicbricks.com/property-details/3-BHK-1623-Sq-ft-Multistorey-Apartment-FOR-Rent-in-Visakhapatnam&id=4d423737363930323537,2026-04-19 13:52:16,,,,Asha lata,"Visakhapatnam, Andhra Pradesh",,,,Apartment,Semi-Furnished,Ground,15,,1623,Sq-ft,,"If you are searching a 3 BHK apartment for rent in India bulls sierra, check out this amazing rental flat. You can get this flat at monthly rent of ₹25,000. There are no brokerage fees on this 3 BHK multistorey apartment.",25000,,,15,3,,No,No,No,,False,False,Owner,43,Immediately,2026-03-24T13:51:31.000Z,"Mar 24, '26",True
GKz1L9QB7TlzpSvf+uAgZw==,Magicbricks,https://www.magicbricks.com/property-details/3-BHK-1350-Sq-ft-Multistorey-Apartment-FOR-Rent-Rushikonda-in-Visakhapatnam&id=4d423832333736313637,2026-04-19 13:52:16,17.7971295,83.3869516,,Rushikonda,Near SilverOaks School,,,,Apartment,Semi-Furnished,2,5,,1350,Sq-ft,,"If you are searching a 3 BHK apartment for rent in Rushikonda, check out this amazing rental flat. The multistorey apartment is available at rent of ₹20,000. The flat is on the 2 floor and includes 2 bathrooms, 1 balcony with a carpet area of 1300 sqft. The address is Near SilverOaks School, Rushikonda, Visakhapatnam, Andhra Pradesh. This 3 BHK flat is directly posted by the owner, so you don't need to pay any brokerage on this property.",20000,60000,1500,15,2,,No,No,No,,False,False,Owner,58,Immediately,2026-02-25T22:30:46.000Z,"Feb 26, '26",True
3jO2MbrrmKlzpSvf+uAgZw==,Magicbricks,https://www.magicbricks.com/property-details/3-BHK-1800-Sq-ft-Multistorey-Apartment-FOR-Rent-Endada-in-Visakhapatnam&id=4d423833333034333437,2026-04-19 13:52:16,17.7772,83.36436,,citizen kane,"Visakhapatnam, Andhra Pradesh",,,,Apartment,Semi-Furnished,2,3,,1800,Sq-ft,,"Multistorey apartment is available for rent. It has a covered area of 1800 sq-ft, it is 3 BHK apartment. Please contact for more details. Find 3 BHK flat for rent in Endada Visakhapatnam. The multistorey apartment is available at rent of ₹20,000. This flat is located at Endada, Visakhapatnam, Andhra Pradesh. This 3 BHK flat is directly posted by the owner, so you don't need to pay any brokerage on this property.",20000,,,11,3,,No,No,No,,False,False,Owner,31,Immediately,2026-02-07T09:05:13.000Z,"Feb 07, '26",True
m86xtBaT6ctzpSvf+uAgZw==,Magicbricks,https://www.magicbricks.com/property-details/3-BHK-1445-Sq-ft-Multistorey-Apartment-FOR-Rent-Kurmannapalem-in-Visakhapatnam&id=4d423833373839363131,2026-04-19 13:52:16,17.698036,83.15954,,Kurmannapalem,"Visakhapatnam, Andhra Pradesh",,530046,,Apartment,Semi-Furnished,11,14,West,,,New Construction,"Multistorey apartment is available for rent. It has a carpet area of 1445 sq-ft, it is 3 BHK apartment. Please contact for more details. Find 3 BHK flat for rent in Kurmannapalem Visakhapatnam. The Rent amount of this 3 BHK apartment is set at an attractive price of ₹25,000. Located on the 11 floor, the flat has 2 bathrooms, 1 balcony in carpet area of 1445 sqft. The apartment comes furnished with power back up, reserved parking, security, service/goods lift. Visit the flat at 31-9-5/3, VEPZ Rd, Kurmannapalem, Visakhapatnam, Andhra Pradesh 530046. This 3 BHK rental flat comes with no brokerage fees.",25000,50000,2500,,2,,Yes,No,No,"Service/Goods Lift, Banquet Hall, Jogging and Strolling Track",False,False,Owner,50,Immediately,2026-03-15T07:48:48.000Z,"Mar 15, '26",True
o+hgUFpf3+RzpSvf+uAgZw==,Magicbricks,https://www.magicbricks.com/property-details/3-BHK-1200-Sq-ft-Multistorey-Apartment-FOR-Rent-Madavadhara-in-Visakhapatnam&id=4d423632313139333631,2026-04-19 13:52:16,17.7458131,83.2639812,,Madhavadhara,Penthouse,,,,Apartment,Unfurnished,4,5,East,1200,Sq-ft,10 to 15 years,"East facingOverview of nature mountainsGood Ventilation, Natural lightsSpacious rooms A beautiful 3 BHK flat is available for rent in Madavadhara. This 3 BHK flat is available at the reasonable rent amount of ₹22,000. The flat is located on the 4 floor which includes 2 bathrooms, 1 balcony, and covers a covered area of 1200 sqft. There is also facility of 777 Covered parking. The flat comes with power back up, reserved parking, security. The full address of the apartment is Penthouse, Madavadhara, Visakhapatnam, Andhra Pradesh. The brokerage amount of the 3 BHK apartment is zero.",22000,,4000,18,2,777 Covered,No,No,No,,False,False,Owner,68,Immediately,2026-03-29T07:29:24.000Z,"Mar 29, '26",True
qSyslMhyJEhzpSvf+uAgZw==,Magicbricks,https://www.magicbricks.com/property-details/3-BHK-1750-Sq-ft-Multistorey-Apartment-FOR-Rent-Madhurwada-in-Visakhapatnam&id=4d423734303130313833,2026-04-19 13:52:16,17.8224722,83.3522229,,Madhurawada,"Visakhapatnam, Andhra Pradesh",19202|APSWR Centre of Excellence,,,Apartment,Unfurnished,5,5,East,,,New Construction,"Multistorey apartment is available for rent. It has carpet area 1750 sq-ft, it is 3 BHK apartment. Please contact for more details. Grab the chance to own this affordable 3 BHK flat for rent in the Madhurwada area. The 3 BHK apartment is available at a reasonable rent of ₹17,000. Located on the 5 floor, the flat has 3 bathrooms, 1 balcony in carpet area of 1750 sqft. You can visit the flat at Madhurwada, Visakhapatnam, Andhra Pradesh. This is a no-brokerage flat because the owner has posted the ad on this 3 BHK apartment.",17000,,,,3,,No,No,No,,False,False,Owner,59,Immediately,2026-02-06T14:08:22.000Z,"Feb 06, '26",True
B4wra8cA/NNzpSvf+uAgZw==,Magicbricks,https://www.magicbricks.com/property-details/3-BHK-1375-Sq-ft-Multistorey-Apartment-FOR-Rent-in-Visakhapatnam&id=4d423733373038353031,2026-04-19 13:52:16,,,,raj,"Visakhapatnam, Andhra Pradesh",,,,Apartment,Furnished,4,5,,1375,Sq-ft,,"Check out this newly constructed 3 BHK flat on rent in the prime location of Rvs silver springs Visakhapatnam. The apartment is available at an affordable rental price of ₹20,000. You can find the 3 BHK flat without any brokerage.",20000,,,15,2,,No,No,No,,False,False,Owner,26,Immediately,2026-02-20T07:03:57.000Z,"Feb 20, '26",True
JkjFvey9ZHVzpSvf+uAgZw==,Magicbricks,https://www.magicbricks.com/property-details/3-BHK-1425-Sq-ft-Multistorey-Apartment-FOR-Rent-Gajwaka-Jn.-in-Visakhapatnam&id=4d423832323933373937,2026-04-19 13:52:16,17.7,83.2167,,Gajwaka Jn.,"Visakhapatnam, Andhra Pradesh",,,,Apartment,Semi-Furnished,3,5,,1425,Sq-ft,Less than 5 years,"Check out this newly constructed 3 BHK flat on rent in the prime location of Gajwaka Jn. Visakhapatnam. This 3 BHK flat is available at the reasonable rent amount of ₹15,000. The apartment is on the 3 floor, has a covered area of 1425 sqft with 2 bathrooms and 2 balcony. The building includes 5 floor and supports Kids Play Pool With Water Slides living. Find this apartment at Gajwaka Jn., Visakhapatnam.. This is a no-brokerage flat because the owner has posted the ad on this 3 BHK apartment.",15000,45000,1500,11,2,,No,No,No,,False,True,Owner,58,Immediately,2026-02-21T23:32:45.000Z,"Feb 22, '26",True
wiuxmunsB2lzpSvf+uAgZw==,Magicbricks,https://www.magicbricks.com/property-details/3-BHK-1460-Sq-ft-Multistorey-Apartment-FOR-Rent-Gajuwaka-in-Visakhapatnam&id=4d423833323435313235,2026-04-19 13:52:16,17.688112,83.213121,,Swamy,"Visakhapatnam, Andhra Pradesh",19202|Timpany Steel City School,,,Apartment,Semi-Furnished,1,6,,1460,Sq-ft,,"A multistorey apartment is available for rent. It is a good location. Please contact for more details. If you are planning to rent a flat, you can consider this 3 BHK flat situated in the prime location of Gajuwaka. The multistorey apartment is available at rent of ₹12,000. The flat can be visited at Near Sundarayya Colony, Steel Plant Service Road, Kanithi, Gajuwaka, Visakhapatnam. The brokerage amount of the 3 BHK apartment is zero.",12000,,,8,2,,No,No,No,,False,False,Owner,53,Immediately,2026-02-04T03:20:55.000Z,"Feb 04, '26",True
ImnbIFVIya9zpSvf+uAgZw==,Magicbricks,https://www.magicbricks.com/property-details/3-BHK-1160-Sq-ft-Multistorey-Apartment-FOR-Rent-Seethammadhara-in-Visakhapatnam&id=4d423237343134303539,2026-04-19 13:52:16,17.7429031,83.3081172,,Seethammadhara,"50-43-11, P&T Colony",,,,Apartment,Unfurnished,2,4,South,1160,Sq-ft,,"3 BHK flat is available for rent in Seethammadhara immediately. Available at a rental price of ₹21,000, this 3 BHK flat is worth considering. The property includes 1 Covered parking. The flat can be visited at 50-43-11, P&T Colony, Seethammadhara, Visakhapatnam, Andhra Pradesh. This 3 BHK apartment ad is listed by the owner, so there is no brokerage fee.",21000,,,18,2,1 Covered,Yes,No,No,Internet/Wi-Fi Connectivity,False,False,Owner,68,Immediately,2026-03-27T06:55:22.000Z,"Mar 27, '26",True
RZ7Lqa7MlihzpSvf+uAgZw==,Magicbricks,https://www.magicbricks.com/property-details/3-BHK-1250-Sq-ft-Multistorey-Apartment-FOR-Rent-Gajuwaka-in-Visakhapatnam&id=4d423830313136333239,2026-04-19 13:52:16,17.688112,83.213121,,maya singh,"101-Serene Apartment,Sardar nest,Gajuwaka,Visakhapatnam-530026",19202|Timpany Steel City School,,,Apartment,Semi-Furnished,1,5,East,1250,Sq-ft,New Construction,"3 BHK flat is available for rent in Gajuwaka immediately. The rent of the 3 BHK flat is ₹18,000. Located on the 1 floor, the flat has 2 bathrooms, 2 balcony in carpet area of 1100 sqft. The property features power back up, reserved parking, security, service/goods lift. The flat can be visited at Near Sundarayya Colony, Steel Plant Service Road, Kanithi, Gajuwaka, Visakhapatnam. There are no brokerage fees on this 3 BHK multistorey apartment.",18000,,,14,2,,Yes,No,No,"Service/Goods Lift, Banquet Hall, Jogging and Strolling Track, Outdoor Tennis Courts",False,False,Owner,76,Immediately,2026-02-04T22:30:34.000Z,"Feb 05, '26",True
e9AS1GdB0TpzpSvf+uAgZw==,Magicbricks,https://www.magicbricks.com/property-details/3-BHK-1850-Sq-ft-Multistorey-Apartment-FOR-Rent-Muralinagar-in-Visakhapatnam&id=4d423236343739333537,2026-04-19 13:52:16,17.7471481,83.2599674,,Muralinagar,"A2,308,ganga godavari vuda appartments,opp. Raiwada water pump house,muralinagar",,,,Apartment,Unfurnished,3,5,,1850,Sq-ft,5 to 10 years,"This Multistorey Apartment is located at 3rd floor in a building of total 5 floors. The Multistorey Apartment construction is more than 5 to 10 years old. Find this 3 BHK rental flat in Muralinagar Visakhapatnam. The apartment is available at an affordable rental price of ₹15,000. The apartment is on the 3 floor, has a covered area of 1850 sqft with 3 bathrooms and 2 balcony. Visit the flat at A2,308,ganga godavari vuda appartments,opp. Raiwada water pump house,muralinagar, Muralinagar, Visakhapatnam, Andhra Pradesh. This 3 BHK flat is directly posted by the owner, so you don't need to pay any brokerage on this property.",15000,,,8,3,,No,No,No,,False,False,Owner,33,Immediately,2026-02-24T07:05:29.000Z,"Feb 24, '26",True
Hx+QT9uJGhJzpSvf+uAgZw==,Magicbricks,https://www.magicbricks.com/property-details/3-BHK-1425-Sq-ft-Multistorey-Apartment-FOR-Rent-Gajwaka-Jn.-in-Visakhapatnam&id=4d423831303033323937,2026-04-19 13:52:16,17.7,83.2167,,Gajwaka Jn.,"Visakhapatnam, Andhra Pradesh",,,,Apartment,Furnished,1,5,,1425,Sq-ft,,"Find this 3 BHK rental flat in Gajwaka Jn. Visakhapatnam. The apartment is available at an affordable rental price of ₹25,000. Live in this lovely flat and get access to various useful facilities such as 4 Wardrobe, 1 Bed, 1 TV, Fridge, 1 AC, Sofa, Washing Machine, Dining Table and Gas Connection. The apartment is on the 1 floor, has a covered area of 1425 sqft with 2 bathrooms and 2 balcony. The property has 5 floor and is equipped with Kids Play Pool With Water Slides facilities. The address is Gajwaka Jn., Visakhapatnam.. Do not pay any brokerage fee for this 3 BHK rental flat since the property ad is posted by the flat owner.",25000,50000,1500,18,2,,No,No,No,,False,False,Owner,33,Immediately,2026-02-27T13:23:58.000Z,"Feb 27, '26",True
1E5bWJSaFVRzpSvf+uAgZw==,Magicbricks,https://www.magicbricks.com/property-details/3-BHK-1442-Sq-ft-Multistorey-Apartment-FOR-Rent-Vizag-in-Visakhapatnam&id=4d423737323235363837,2026-04-19 13:52:16,17.6868159,83.2184815,,Vizag,"Visakhapatnam, Andhra Pradesh",,,,Apartment,Semi-Furnished,1,3,East,1442,Sq-ft,New Construction,"You can explore this 3 BHK flat on rent in Vizag Visakhapatnam. The apartment is available at an affordable rental price of ₹18,000. The apartment is on the 1 floor, has a covered area of 1442 sqft with 3 bathrooms and 2 balcony. The address is Near Auto Nagar, Gajuwaka, Pedagantyada, Visakhapatnam. This is a no-brokerage flat because the owner has posted the ad on this 3 BHK apartment.",18000,,,12,3,,No,No,No,,False,False,Owner,50,Immediately,2026-03-19T16:28:18.000Z,"Mar 19, '26",True
nTLpcN0D56VzpSvf+uAgZw==,Magicbricks,https://www.magicbricks.com/property-details/3-BHK-1400-Sq-ft-Multistorey-Apartment-FOR-Rent-Kancharapalem-in-Visakhapatnam&id=4d423833333537323835,2026-04-19 13:52:16,17.735825,83.273346,,BEHARA VARUN,Pendurthi,,,,Apartment,Unfurnished,3,5,North - East,1400,Sq-ft,5 to 10 years,"If you are searching a 3 BHK apartment for rent in Kancharapalem, check out this amazing rental flat. Available at a rental price of ₹9,000, this 3 BHK flat is worth considering. Located on the 3 floor, the flat has 2 bathrooms, 2 balcony in covered area of 1400 sqft. This unit features reserved parking, security, air conditioned. This flat is located at 28-5/6 57, Bowdra Ring Rd, Industrial Estate, Gavara Kancharapalem, Visakhapatnam, Andhra Pradesh. There are no brokerage fees on this 3 BHK multistorey apartment.",9000,20000,1500,6,2,,Yes,No,No,"Air Conditioned, Internet/Wi-Fi Connectivity",False,False,Owner,54,Immediately,2026-02-11T08:53:33.000Z,"Feb 11, '26",True
DbgGOaFoLk5zpSvf+uAgZw==,Magicbricks,https://www.magicbricks.com/property-details/2-BHK-1070-Sq-ft-Multistorey-Apartment-FOR-Rent-Marripalem-in-Visakhapatnam&id=4d423537323937303237,2026-04-19 13:52:16,17.7438352,83.2492625,,Marripalem,Behind Yamaha showroom,,,,Apartment,Unfurnished,1,4,West,1070,Sq-ft,New Construction,"next to high way, bus stop, near by D Mart grocery, more grocery, Decathlon sports shop, Spencer shop, near by temples, near to prime locations like NAD junction and private bus stand, railway station, Airport",13000,,,12,2,,Yes,No,Yes,Laundry Service,False,False,Owner,81,Immediately,2026-03-18T12:08:27.000Z,"Mar 18, '26",True
qdGbSO9vnLBzpSvf+uAgZw==,Magicbricks,https://www.magicbricks.com/property-details/2-BHK-1175-Sq-ft-Multistorey-Apartment-FOR-Rent-Visalakshi-Nagar-in-Visakhapatnam&id=4d423531383133343635,2026-04-19 13:52:16,17.7531017,83.3482146,,Visalakshi Nagar,"D.No. 10-543, Plot No.395, Sri Subham Residency, Visalakshi Nagar, Vizag",,,,Apartment,Unfurnished,2,3,East,1175,Sq-ft,5 to 10 years,An East facing 1175 sft flat near to Beach with good ventilation,13000,,500,11,2,,No,No,No,,False,False,Owner,73,Immediately,2026-02-22T05:49:09.000Z,"Feb 22, '26",True
n3TZwNQxUnZzpSvf+uAgZw==,Magicbricks,https://www.magicbricks.com/property-details/2-BHK-750-Sq-ft-Multistorey-Apartment-FOR-Rent-MVP-Colony-in-Visakhapatnam&id=4d423737393237333131,2026-04-19 13:52:16,17.7422936,83.3335151,,MVP Colony,Sector 9 MVP colony,,,,Apartment,Furnished,2,3,South,750,Sq-ft,10 to 15 years,"2 BHK, Multistorey Apartment is available for Rent in MVP Colony, Visakhapatnam for 22,000",22000,45000,600,29,1,,Yes,No,No,"Service/Goods Lift, Air Conditioned, Internet/Wi-Fi Connectivity, Jogging and Strolling Track",False,False,Owner,64,Immediately,2026-02-13T22:30:44.000Z,"Feb 14, '26",True
NJm3SYWcqMBzpSvf+uAgZw==,Magicbricks,https://www.magicbricks.com/property-details/2-BHK-1100-Sq-ft-Builder-Floor-Apartment-FOR-Rent-Maddilapalem-in-Visakhapatnam&id=4d423833303438343533,2026-04-19 13:52:16,17.7374669,83.3214858,,Maddilapalem,aspen residency ,19206|CMR CENTRAL,,,Builder Floor Apartment,Semi-Furnished,2,5,,1100,Sq-ft,,"2 BHK, Builder Floor Apartment is available for Rent in Maddilapalem, Visakhapatnam for 20,000",20000,,,18,2,,No,No,No,,False,False,Owner,41,Immediately,2026-04-04T21:30:41.000Z,"Apr 05, '26",True
8VQMc8wBwJlzpSvf+uAgZw==,Magicbricks,https://www.magicbricks.com/property-details/2-BHK-1050-Sq-ft-Multistorey-Apartment-FOR-Rent-Sheelanagar-in-Visakhapatnam&id=4d423734333533303039,2026-04-19 13:52:16,17.718522,83.1983904,,Sheelanagar,"Visakhapatnam, Andhra Pradesh",,,,Apartment,Semi-Furnished,3,5,East,1050,Sq-ft,New Construction,"2 BHK, Multistorey Apartment is available for Rent in Sheelanagar, Visakhapatnam for 14,000",14000,30000,,13,2,,No,No,No,,False,False,Owner,69,Immediately,2026-02-06T21:33:05.000Z,"Feb 07, '26",True
D3OuyttDmspzpSvf+uAgZw==,Magicbricks,https://www.magicbricks.com/property-details/2-BHK-1100-Sq-ft-Multistorey-Apartment-FOR-Rent-Pendurthi-in-Visakhapatnam&id=4d423635303730303137,2026-04-19 13:52:16,17.813683,83.205205,,Pendurthi,504 shashank paradise.,,,,Apartment,Semi-Furnished,5,5,West,1100,Sq-ft,Less than 5 years,"Description 2BHK apartment for rent near Visakha Gync hospital Pendurthi.Apartment Name Shashank Paradise Apartment Floor 504 ,Fifth floor.Amenities like Solar hot water ,Power back, Lift, 24 water supply ,2 4 wheeler parking .It is well ventilated with air and light and road on three sides of the apartment Location search with apartment name in Google maps.The rent is 6800 including maintenance.Advance 15000Note Rent and Advance differs for bachelors",6000,15000,800,5,2,1 Covered,No,No,No,,False,False,Owner,91,Immediately,2026-03-03T10:30:35.000Z,"Mar 03, '26",True
Bagt/BdmcLNzpSvf+uAgZw==,Magicbricks,https://www.magicbricks.com/property-details/2-BHK-1000-Sq-ft-Multistorey-Apartment-FOR-Rent-MVP-Colony-in-Visakhapatnam&id=4d423833343233303231,2026-04-19 13:52:16,17.7422936,83.3335151,,MVP Colony,"Visakhapatnam, Andhra Pradesh",,,,Apartment,Semi-Furnished,5,5,,1000,Sq-ft,New Construction,"2 BHK, Multistorey Apartment is available for Rent in MVP Colony, Visakhapatnam for 25,000",25000,,,25,2,,No,No,No,,False,False,Owner,59,Immediately,2026-02-15T16:20:55.000Z,"Feb 15, '26",True
+Lx5hqfG6WZzpSvf+uAgZw==,Magicbricks,https://www.magicbricks.com/property-details/2-BHK-1200-Sq-ft-Multistorey-Apartment-FOR-Rent-Madhurwada-in-Visakhapatnam&id=4d423833363230303233,2026-04-19 13:52:16,17.8224722,83.3522229,,Madhurawada,"Visakhapatnam, Andhra Pradesh",19202|APSWR Centre of Excellence,,,Apartment,Semi-Furnished,2,3,,1200,Sq-ft,New Construction,"2 BHK, Multistorey Apartment is available for Rent in Madhurwada, Visakhapatnam for 14,000",14000,,,12,2,,No,No,No,,False,False,Owner,51,Select Date,2026-03-02T13:32:51.000Z,"Mar 02, '26",True
ncm5VgY9Kr9zpSvf+uAgZw==,Magicbricks,https://www.magicbricks.com/property-details/2-BHK-910-Sq-ft-Multistorey-Apartment-FOR-Rent-Gajuwaka-in-Visakhapatnam&id=4d423833373132323333,2026-04-19 13:52:16,17.688112,83.213121,,chaitanya,tunglam sheela nagar,19202|Timpany Steel City School,,,Apartment,Unfurnished,6,10,West,910,Sq-ft,New Construction,"2 BHK, Multistorey Apartment is available for Rent in Gajuwaka, Visakhapatnam for 9,500",9500,18000,2000,10,2,,Yes,No,No,"Service/Goods Lift, Banquet Hall, Jogging and Strolling Track, Outdoor Tennis Courts",False,False,Owner,74,Immediately,2026-03-10T04:57:51.000Z,"Mar 10, '26",True
tr3UV7ZxFJJzpSvf+uAgZw==,Magicbricks,https://www.magicbricks.com/property-details/2-BHK-1080-Sq-ft-Multistorey-Apartment-FOR-Rent-Gajuwaka-in-Visakhapatnam&id=4d423532353236313339,2026-04-19 13:52:16,17.688112,83.213121,,bharat,Visakhapatnam,19202|Timpany Steel City School,,,Apartment,Semi-Furnished,4,5,North,1080,Sq-ft,Less than 5 years,"2 BHK, Multistorey Apartment is available for Rent in Gajuwaka, Visakhapatnam for 7,000",7000,14000,1000,6,2,,No,No,No,,False,False,Owner,71,Immediately,2026-04-06T21:30:42.000Z,"Apr 07, '26",True
z0Gf1CfqRVhzpSvf+uAgZw==,Magicbricks,https://www.magicbricks.com/property-details/2-BHK-133-Sq-yrd-Builder-Floor-Apartment-FOR-Rent-Gopalpatnam-in-Visakhapatnam&id=4d423731353637383733,2026-04-19 13:52:16,17.7487115,83.2198151,,Gopalpatnam,"19-21, Besides Satya Sai Baba Anandashram, Transformer Street, Chandranagar, Gopalapatnam",,,,Builder Floor Apartment,Semi-Furnished,1,3,North,133,Sq-yrd,New Construction,"North Facing, semi furnished with ceiling lights, and tubelights.",9000,16000,,8,2,,No,No,No,,False,False,Owner,89,Immediately,2026-04-08T21:30:36.000Z,"Apr 09, '26",True
1OF+ZIzZ0otzpSvf+uAgZw==,Magicbricks,https://www.magicbricks.com/property-details/2-BHK-1035-Sq-ft-Multistorey-Apartment-FOR-Rent-Duvvada-in-Visakhapatnam&id=4d423731373334383133,2026-04-19 13:52:16,17.70006,83.153599,,Sanjeev,"Visakhapatnam, Andhra Pradesh",,,,Apartment,Semi-Furnished,5,14,West,1035,Sq-ft,New Construction,"Fully furnished with a modern touch, this westfacing flat offers a comfortable lifestyle. Features include a media console, modular kitchen, wooden cupboards, and fixtures in all rooms. Enjoy two years of maintenancefree living. Gated community amenities include covered parking, tot lot, tennis and squash courts, a swimming pool, and a function hall. Onsite restaurants, grocery, and vegetable shops add convenience. Security is 247",12000,24000,,12,2,530 Covered,Yes,No,No,Jogging and Strolling Track,False,False,Owner,81,Immediately,2026-04-10T21:32:13.000Z,"Apr 11, '26",True
w7HY9hIb+YJzpSvf+uAgZw==,Magicbricks,https://www.magicbricks.com/property-details/2-BHK-1100-Sq-ft-Multistorey-Apartment-FOR-Rent-Seethammadhara-in-Visakhapatnam&id=4d423831343235343635,2026-04-19 13:52:16,17.7429031,83.3081172,,Seethammadhara, Seethammadhara,,,,Apartment,Semi-Furnished,3,3,East,1100,Sq-ft,15 to 20 years,"2 BHK, Multistorey Apartment is available for Rent in Seethammadhara, Visakhapatnam for 9,000",9000,27000,1000,8,2,,No,No,Yes,Jogging and Strolling Track,False,False,Owner,49,Immediately,2026-04-09T21:33:18.000Z,"Apr 10, '26",True
mCJn8VxFJHVzpSvf+uAgZw==,Magicbricks,https://www.magicbricks.com/property-details/2-BHK-1100-Sq-ft-Multistorey-Apartment-FOR-Rent-Gajuwaka-in-Visakhapatnam&id=4d423635373334373231,2026-04-19 13:52:16,17.688112,83.213121,,PARASARAM RAMA KRISHNA,"Visakhapatnam, Andhra Pradesh",19202|Timpany Steel City School,,,Apartment,Unfurnished,2,3,North,1100,Sq-ft,Less than 5 years,"Experience comfortable living in this spacious 2 BHK, Flat/Apartment, now available for rent in the prime location of Gajuwaka, Visakhapatnam. This property not only offers a well-designed living space but is also strategically located in a desirable area, making it an ideal choice for your next home.::::::Property Specifications ::::::Experience the harmony of living in a vaastu-compliant dwelling with this North-facing apartment. Spanning a spacious 1100 sqft in a super built-up area, this residence is designed to bring positive energy and well-being to your daily living experience. Spread across the second floor of a three-storeyed building, this unfurnished apartment provides a canvas for you to infuse your personal style and preferences.:::::: The two bedrooms offer comfortable spaces for relaxation, each accompanied by attached western-style bathrooms featuring convenient geyser points for an indulgent bathing experience. Enjoy the luxury of outdoor space with 1 balcony, thoughtfully designed and strategically placed to be accessible both from the kitchen and the hall. This creates a seamless transition between indoor and outdoor living, providing a refreshing and versatile extension to your living space.::::::The living cum dining area serves as the heart of the home, providing a seamless blend of functionality and comfort. Additionally, a provision for a Pooja room adds a touch of spirituality to your living space. The normal kitchen comes equipped with a platform and sink, and a utility area attached to the kitchen enhances practicality. The entire apartment is adorned with tasteful ceramic tiles, adding a touch of elegance to the floors.::::::Facilities ::::::The facilities within the property are designed for convenience and security. Covered parking ensures the safety of your vehicle, and the 24x7 water supply is sourced from both the borewell and the corporation. The property enjoys a 100% power backup, and security measures include a dedicated guard, CCTV installations, and a lift for easy access to the second floor.::::::Locality ::::::Nestled in a thriving locality, this property is strategically located opposite Bharat Benz Showroom, adjacent to Sri Chaitanya School. Hospitals are within a 1 km radius, and popular retail outlets like Dmart and More are conveniently nearby. Banks and ATMs are easily accessible, ensuring hassle-free financial transactions. Public transportation is readily available, with Duvvada Railway Station just 6 km away and Visakhapatnam Railway Station a convenient 16 km distance.::::::The proximity to the highway, just 200 meters away, adds to the accessibility of the location. A park nearby provides a tranquil space for relaxation, and the property caters specifically to local tenants' requirements. Close to schools, shopping malls, and within walkable distance from the highway. ::",12500,25000,1300,11,2,1 Covered,No,No,No,,False,False,Owner,92,Immediately,2026-04-09T21:30:39.000Z,"Apr 10, '26",True
2b1h0UmUvBZzpSvf+uAgZw==,Magicbricks,https://www.magicbricks.com/property-details/2-BHK-850-Sq-ft-Multistorey-Apartment-FOR-Rent-Kurmannapalem-in-Visakhapatnam&id=4d423134343435303536,2026-04-19 13:52:16,17.698036,83.15954,,Kurmannapalem,"Sridevi paradise Apartment, flat no 305,Satavahana road no 1,Kurmannapalem, opposite to Touchstone Apartment,",,,,Apartment,Unfurnished,3,5,South,850,Sq-ft,5 to 10 years,"South facing,built as per vasthu,24 hrs water,near to schools,colleges,rly station duvvada,banks,hospitals and veg markets.",7000,,,8,2,,No,No,No,,False,True,Owner,45,Immediately,2026-02-20T05:57:31.000Z,"Feb 20, '26",True
+H0luzVGLzRzpSvf+uAgZw==,Magicbricks,https://www.magicbricks.com/property-details/2-BHK-1100-Sq-ft-Multistorey-Apartment-FOR-Rent-Aganampudi-in-Visakhapatnam&id=4d423739333736333835,2026-04-19 13:52:16,17.6882133,83.1262703,,Sabyasachi islam,Aganumpudi,,,,Apartment,Semi-Furnished,3,5,,1100,Sq-ft,Less than 5 years,"2 BHK, Multistorey Apartment is available for Rent in Aganampudi, Visakhapatnam for 13,000",13000,26000,1100,12,2,,No,No,No,,False,False,Owner,55,Immediately,2026-04-09T16:59:33.000Z,"Apr 09, '26",True
Bb7kuOzDtV5zpSvf+uAgZw==,Magicbricks,https://www.magicbricks.com/property-details/2-BHK-1320-Sq-ft-Multistorey-Apartment-FOR-Rent-Madhurwada-in-Visakhapatnam&id=4d423235373633373335,2026-04-19 13:52:16,17.8224722,83.3522229,,Madhurawada,"Visakhapatnam, Andhra Pradesh",19202|APSWR Centre of Excellence,,,Apartment,Semi-Furnished,1,17,,1320,Sq-ft,Less than 5 years,The Apartment has 2 bedroom and it is located on 1st floor and offers 2 bathroom You can avail this good Apartment on a monthly charges of 16500.,16500,,,12,2,,Yes,No,No,"Service/Goods Lift, Jogging and Strolling Track, Outdoor Tennis Courts",False,False,Owner,61,Immediately,2026-03-23T06:17:14.000Z,"Mar 23, '26",True
haQ8IDtR2v1zpSvf+uAgZw==,Magicbricks,https://www.magicbricks.com/property-details/2-BHK-1080-Sq-ft-Builder-Floor-Apartment-FOR-Rent-Akkayyapalem-in-Visakhapatnam&id=4d423633393231313233,2026-04-19 13:52:16,17.7367389,83.3000947,,Akkayyapalem,"6th lane, Dondaparty, Near Sankaramattam, Visakhapatnam 530016.",,,,Builder Floor Apartment,Semi-Furnished,1,5,South - East,1080,Sq-ft,,In an excellent locality. Very close to the heart of the city.,17000,,,16,2,1 Covered,No,No,No,,False,False,Owner,70,Immediately,2026-04-11T14:14:47.000Z,"Apr 11, '26",True
FGgKhjgPqrRzpSvf+uAgZw==,Magicbricks,https://www.magicbricks.com/property-details/2-BHK-1200-Sq-ft-Multistorey-Apartment-FOR-Rent-Gajuwaka-in-Visakhapatnam&id=4d423831353934353135,2026-04-19 13:52:16,17.688112,83.213121,,Sheik Feroz,SriNagar,19202|Timpany Steel City School,,,Apartment,Semi-Furnished,3,5,North,1200,Sq-ft,5 to 10 years,"2 BHK, Multistorey Apartment is available for Rent in Gajuwaka, Visakhapatnam for 7,800",7800,15000,1200,6,2,,No,No,No,,False,False,Owner,56,Immediately,2026-02-15T16:38:40.000Z,"Feb 15, '26",True
m+fQUSg6la5zpSvf+uAgZw==,Magicbricks,https://www.magicbricks.com/property-details/2-BHK-1000-Sq-ft-Multistorey-Apartment-FOR-Rent-Pendurthi-in-Visakhapatnam&id=4d423635363239333033,2026-04-19 13:52:16,17.813683,83.205205,,Pendurthi,"Shashank Paradise Apartment 504 , R672HHX, Simhadri Nagar, Pendurthi, Visakhapatnam, Andhra Pradesh 531173",,,,Apartment,Unfurnished,5,5,North - West,1000,Sq-ft,Less than 5 years,"DDescription 2bhk apartment for rent near visakha gync hospital pendurthApartment name shashank paradise apartment floor 504 ,fifth floor.Amenities like solar hot water ,power back, lift, 24 water supply ,2and 4 wheeler parking .It is well ventilated with air and light and road on three sides of the apartmentLocation search with apartment name in google maps.The rent is 6800 including maintenance.Advance 15000Rent and advance differs for bachelors",6000,15000,800,6,2,1 Covered,No,No,No,,False,False,Owner,94,Immediately,2026-03-12T04:34:39.000Z,"Mar 12, '26",True
B/0BHZ1c/6BzpSvf+uAgZw==,Magicbricks,https://www.magicbricks.com/property-details/2-BHK-1050-Sq-ft-Multistorey-Apartment-FOR-Rent-Kurmannapalem-in-Visakhapatnam&id=4d423635343432303035,2026-04-19 13:52:16,17.698036,83.15954,,Kurmannapalem,"31-31-53, beside green valley school, near Sai Baba temple, kurmannapalem, visakhapatnam",,,,Apartment,Unfurnished,3,3,East,1050,Sq-ft,New Construction,"2 BHK, Multistorey Apartment is available for Rent in Kurmannapalem, Visakhapatnam for 6,000",6000,6000,500,6,2,,No,No,No,"Internet/Wi-Fi Connectivity, Jogging and Strolling Track",False,False,Owner,72,Immediately,2026-03-11T21:30:38.000Z,"Mar 12, '26",True
3vWtStmG7/NzpSvf+uAgZw==,Magicbricks,https://www.magicbricks.com/property-details/2-BHK-1050-Sq-ft-Multistorey-Apartment-FOR-Rent-Car-Shed-Road-in-Visakhapatnam&id=4d423830383730323839,2026-04-19 13:52:16,17.804218,83.346234,,M v ramani,Santoshi Ma Enclave Near door 7-47 Walchand nagar bakkanapalem,,,,Apartment,Semi-Furnished,3,5,North,1050,Sq-ft,New Construction,"2 BHK, Multistorey Apartment is available for Rent in Car Shed Road, Visakhapatnam for 12,000",12000,,,11,2,1 Covered,No,No,No,,False,False,Owner,71,Immediately,2026-03-13T21:30:49.000Z,"Mar 14, '26",True
d8egdj7sHIhzpSvf+uAgZw==,Magicbricks,https://www.magicbricks.com/property-details/2-BHK-1280-Sq-ft-Multistorey-Apartment-FOR-Rent-Madhurwada-in-Visakhapatnam&id=4d423833373838393637,2026-04-19 13:52:16,17.8224722,83.3522229,,Madhurawada,"Visakhapatnam, Andhra Pradesh",19202|APSWR Centre of Excellence,,,Apartment,Semi-Furnished,10,15,East,1280,Sq-ft,,Multistorey apartment is available for rent. It is a good location property. Please contact for more details.,20000,,,16,2,1 Covered,Yes,No,No,Jogging and Strolling Track,False,False,Owner,45,Immediately,2026-03-15T07:09:53.000Z,"Mar 15, '26",True
yVS2pm/PrRJzpSvf+uAgZw==,Magicbricks,https://www.magicbricks.com/property-details/2-BHK-1080-Sq-ft-Multistorey-Apartment-FOR-Rent-Old-Gajuwaka-in-Visakhapatnam&id=4d423638383733343535,2026-04-19 13:52:16,17.68694636973829,83.20336575937029,,Chandrababu Naidu,"Visakhapatnam, Andhra Pradesh",,,,Apartment,Unfurnished,4,4,West,1080,Sq-ft,Less than 5 years,"2 BHK, Multistorey Apartment is available for Rent in Old Gajuwaka, Visakhapatnam for 10,000",10000,20000,1200,9,2,,No,No,No,,False,False,Owner,81,Immediately,2026-03-11T21:33:06.000Z,"Mar 12, '26",True
xXk2Y92GXgFzpSvf+uAgZw==,Magicbricks,https://www.magicbricks.com/property-details/2-BHK-1050-Sq-ft-Multistorey-Apartment-FOR-Rent-Gajuwaka-in-Visakhapatnam&id=4d423833393134373939,2026-04-19 13:52:16,17.688112,83.213121,,Madhu sree,"Visakhapatnam, Andhra Pradesh",19202|Timpany Steel City School,,,Apartment,Unfurnished,8,10,East,1050,Sq-ft,New Construction,"Unfurnished 1 year old East facing 1050sft flat for rent with lights, fans, exhaust fan, cloth rod, etc",10500,21000,1800,10,2,,No,No,No,"Air Conditioned, Banquet Hall, Jogging and Strolling Track, Outdoor Tennis Courts",False,False,Owner,69,Immediately,2026-03-23T15:22:04.000Z,"Mar 23, '26",True
atjqcMIuxaBzpSvf+uAgZw==,Magicbricks,https://www.magicbricks.com/property-details/2-BHK-1750-Sq-ft-Multistorey-Apartment-FOR-Rent-Seethammadhara-in-Visakhapatnam&id=4d423834303434393533,2026-04-19 13:52:16,17.7429031,83.3081172,,Seethammadhara,401.,,,,Apartment,Semi-Furnished,5,5,North,1750,Sq-ft,Less than 5 years,"An open plan layout, spacious bedrooms, with ample storage and natural light, scenic view of kailasagiri from terrace.",25000,50000,1000,14,2,1 Covered,No,No,No,,False,False,Owner,95,Immediately,2026-04-02T13:03:36.000Z,"Apr 02, '26",True
8UC/nATmGMpzpSvf+uAgZw==,Magicbricks,https://www.magicbricks.com/property-details/2-BHK-910-Sq-ft-Multistorey-Apartment-FOR-Rent-Gajuwaka-in-Visakhapatnam&id=4d423833383032323333,2026-04-19 13:52:16,17.688112,83.213121,,chaitanya,tunglam sheelanagar,19202|Timpany Steel City School,,,Apartment,Unfurnished,6,10,,910,Sq-ft,New Construction,"2 BHK, Multistorey Apartment is available for Rent in Gajuwaka, Visakhapatnam for 9,500",9500,18000,2000,10,2,,No,No,No,,False,False,Owner,60,Immediately,2026-03-16T09:32:22.000Z,"Mar 16, '26",True
ix1aFuqWffNzpSvf+uAgZw==,Magicbricks,https://www.magicbricks.com/property-details/2-BHK-1100-Sq-ft-Multistorey-Apartment-FOR-Rent-Madhurwada-in-Visakhapatnam&id=4d423832343639383839,2026-04-19 13:52:16,17.8224722,83.3522229,,Madhurawada,"Midhilapuri vuda colony, Madhurawada",19202|APSWR Centre of Excellence,,,Apartment,Semi-Furnished,1,15,East,1100,Sq-ft,,If you are interested in renting the property please contact number 91 nine nine eight five one six four six three one,20000,,,18,2,,No,No,No,"Intercom Facility, RO Water System, Banquet Hall, Jogging and Strolling Track",False,False,Owner,59,Immediately,2026-03-25T22:30:46.000Z,"Mar 26, '26",True
stNgec7OC9xzpSvf+uAgZw==,Magicbricks,https://www.magicbricks.com/property-details/2-BHK-1000-Sq-ft-Multistorey-Apartment-FOR-Rent-Narasimha-Nagar-in-Visakhapatnam&id=4d423730323035353233,2026-04-19 13:52:16,17.737695,83.295749,,Akhil Marri,Visakhapatnam,,,,Apartment,Semi-Furnished,2,2,South,1000,Sq-ft,10 to 15 years,The interiors are recently done and its really close to rhythu bazaar,20000,60000,0,20,2,,No,No,No,,False,False,Owner,65,Immediately,2026-03-24T06:49:32.000Z,"Mar 24, '26",True
atl3T4VmUwtzpSvf+uAgZw==,Magicbricks,https://www.magicbricks.com/property-details/2-BHK-1200-Sq-ft-Builder-Floor-Apartment-FOR-Rent-MVP-Colony-in-Visakhapatnam&id=4d423733323237333337,2026-04-19 13:52:16,17.7422936,83.3335151,,MVP Colony,"Visakhapatnam, Andhra Pradesh",,,,Builder Floor Apartment,Unfurnished,Ground,3,East,,,15 to 20 years,Builder floor apartment is available for rent. It is a good location property. Please contact for more details.,14950,35000,500,,2,,No,No,No,Visitor Parking,False,False,Owner,71,Immediately,2026-03-28T22:30:26.000Z,"Mar 29, '26",True
ARNLOstiB/9zpSvf+uAgZw==,Magicbricks,https://www.magicbricks.com/property-details/3-BHK-1250-Sq-ft-Builder-Floor-Apartment-FOR-Rent-Seethammadhara-in-Visakhapatnam&id=4d423833343936363433,2026-04-19 13:52:16,17.7429031,83.3081172,,Seethammadhara,"Visakhapatnam, Andhra Pradesh",,,,Builder Floor Apartment,Semi-Furnished,3,4,,1250,Sq-ft,,"3 BHK, Builder Floor Apartment is available for Rent in Seethammadhara, Visakhapatnam for 20,000",20000,,,16,2,,No,No,No,,False,False,Owner,0,Immediately,2026-02-21T04:40:51.000Z,"Feb 21, '26",True
RDwoWw1LfPtzpSvf+uAgZw==,Magicbricks,https://www.magicbricks.com/property-details/3-BHK-1000-Sq-ft-Multistorey-Apartment-FOR-Rent-Seethammadhara-in-Visakhapatnam&id=4d423631303837383837,2026-04-19 13:52:16,17.7429031,83.3081172,,Seethammadhara,aravindavallabh,,,,Apartment,Semi-Furnished,Upper Basement,5,,1000,Sq-ft,New Construction,"3 BHK, Multistorey Apartment is available for Rent in Seethammadhara, Visakhapatnam for 12,500",12500,500,1000,12,3,,No,No,No,,False,False,Owner,38,Immediately,2026-03-27T06:40:06.000Z,"Mar 27, '26",True
RKGfpqHpdY1zpSvf+uAgZw==,Magicbricks,https://www.magicbricks.com/property-details/3-BHK-1260-Sq-ft-Multistorey-Apartment-FOR-Rent-Yendada-in-Visakhapatnam&id=4d423833313138343639,2026-04-19 13:52:16,17.7771215,83.3615748,,Yendada,yendada junction,,,,Apartment,Semi-Furnished,3,4,West,1260,Sq-ft,5 to 10 years,"utility covered with glass, balcony also covered with movable glasses",21200,,,17,2,,No,No,No,,True,True,Owner,50,Immediately,2026-04-10T23:39:51.000Z,"Apr 11, '26",True
/oz31suweoxzpSvf+uAgZw==,Magicbricks,https://www.magicbricks.com/property-details/3-BHK-1625-Sq-ft-Multistorey-Apartment-FOR-Rent-Pothinamallayya-Palem-in-Visakhapatnam&id=4d423639363330363333,2026-04-19 13:52:16,17.8028841,83.3345424,,Krishna,"Visakhapatnam, Andhra Pradesh",,,,Apartment,Furnished,4,5,East,1625,Sq-ft,10 to 15 years,"East facing, over looking natioal highway and silaparamam park, close to shopping center and stadium, with easy approach to public transport . 24 hrs security at gate and installed cc camera monitoring in the complex",20000,60000,1500,12,2,1 Covered,No,No,No,,False,False,Owner,90,Immediately,2026-04-01T16:13:09.000Z,"Apr 01, '26",True
AteBbHPEgKxzpSvf+uAgZw==,Magicbricks,https://www.magicbricks.com/property-details/3-BHK-1350-Sq-ft-Multistorey-Apartment-FOR-Rent-Gajwaka-Jn.-in-Visakhapatnam&id=4d423833343330383639,2026-04-19 13:52:16,17.7,83.2167,,Gajwaka Jn.,"310, Square, Sardar nest, Gajuwaka, Visakhapatnam",,,,Apartment,Semi-Furnished,3,5,East,1350,Sq-ft,Less than 5 years,Greene,15000,30000,1500,11,2,,Yes,No,No,"Service/Goods Lift, Banquet Hall, Jogging and Strolling Track, Outdoor Tennis Courts",False,False,Owner,56,Immediately,2026-02-16T10:08:27.000Z,"Feb 16, '26",True
T673Vl0lreJzpSvf+uAgZw==,Magicbricks,https://www.magicbricks.com/property-details/3-BHK-1450-Sq-ft-Multistorey-Apartment-FOR-Rent-Marripalem-in-Visakhapatnam&id=4d423331393439383231,2026-04-19 13:52:16,17.7438352,83.2492625,,Marripalem,Marripalem,,,,Apartment,Unfurnished,1,5,South - East,1450,Sq-ft,5 to 10 years,This gated community Apartment 949o 132 974 is located at 1st floor in a building of total 5 floors. for sale 89 lakhs or for rent 17000,18000,50000,,12,3,,No,No,No,"Air Conditioned, Laundry Service, Banquet Hall, Jogging and Strolling Track",False,False,Owner,74,Immediately,2026-04-03T21:33:42.000Z,"Apr 04, '26",True
LXjObqy4cRtzpSvf+uAgZw==,Magicbricks,https://www.magicbricks.com/property-details/3-BHK-1650-Sq-ft-Multistorey-Apartment-FOR-Rent-Madhurwada-in-Visakhapatnam&id=4d423833353438333239,2026-04-19 13:52:16,17.8224722,83.3522229,,Madhurawada,MSR Nagar  Madhurawada,19202|APSWR Centre of Excellence,,,Apartment,Semi-Furnished,2,5,North - West,1650,Sq-ft,5 to 10 years,"3 BHK, Multistorey Apartment is available for Rent in Madhurwada, Visakhapatnam for 16,000",16000,32000,1000,10,3,,No,No,No,,False,False,Owner,66,Immediately,2026-02-25T08:21:11.000Z,"Feb 25, '26",True
KtoDlRcRq9JzpSvf+uAgZw==,Magicbricks,https://www.magicbricks.com/property-details/3-BHK-1365-Sq-ft-Multistorey-Apartment-FOR-Rent-Madavadhara-in-Visakhapatnam&id=4d423731363232303833,2026-04-19 13:52:16,17.7458131,83.2639812,,Madhavadhara,"Visakhapatnam, Andhra Pradesh",,,,Apartment,Semi-Furnished,5,5,,,,5 to 10 years,"3 BHK, Multistorey Apartment is available for Rent in Madavadhara, Visakhapatnam for 20,000",20000,,,,3,,No,No,No,,False,False,Owner,61,Immediately,2026-03-08T16:08:00.000Z,"Mar 08, '26",True
n8zAbTZhGBdzpSvf+uAgZw==,Magicbricks,https://www.magicbricks.com/property-details/3-BHK-1600-Sq-ft-Multistorey-Apartment-FOR-Rent-Madhurwada-in-Visakhapatnam&id=4d423833373631373239,2026-04-19 13:52:16,17.8224722,83.3522229,,Madhurawada,"Visakhapatnam, Andhra Pradesh",19202|APSWR Centre of Excellence,,,Apartment,Semi-Furnished,1,5,West,1600,Sq-ft,New Construction,"3 BHK, Multistorey Apartment is available for Rent in Madhurwada, Visakhapatnam for 25,000",25000,150000,3150,16,3,,No,No,No,"Laundry Service, Banquet Hall, Jogging and Strolling Track, Outdoor Tennis Courts",False,False,Owner,66,Immediately,2026-03-13T06:51:40.000Z,"Mar 13, '26",True
k+BLZybvngZzpSvf+uAgZw==,Magicbricks,https://www.magicbricks.com/property-details/3-BHK-1672-Sq-ft-Multistorey-Apartment-FOR-Rent-Gajuwaka-in-Visakhapatnam&id=4d423535393433343333,2026-04-19 13:52:16,17.688112,83.213121,,bharat,"flat 409, novas Flourence village , gated community, near jaggu centre",19202|Timpany Steel City School,,,Apartment,Semi-Furnished,4,5,East,1672,Sq-ft,Less than 5 years,"well maintained flat, gated community",16000,,,10,3,,No,No,No,,False,False,Owner,39,Immediately,2026-03-31T04:07:15.000Z,"Mar 31, '26",True
L3r468q8e1tzpSvf+uAgZw==,Magicbricks,https://www.magicbricks.com/property-details/3-BHK-1800-Sq-ft-Multistorey-Apartment-FOR-Rent-Pedda-Waltair-in-Visakhapatnam&id=4d423732353336343339,2026-04-19 13:52:16,17.7267105,83.333402,,Pedda Waltair,"Visakhapatnam, Andhra Pradesh",,,,Apartment,Unfurnished,4,5,East,,,New Construction,Multistory apartment five-storey mixed-use building located on Pedda Waltair main road.,25000,75000,3000,,3,1 Covered,No,No,No,,False,False,Owner,88,Immediately,2026-04-03T21:32:32.000Z,"Apr 04, '26",True
aBzoD/HT/iVzpSvf+uAgZw==,Magicbricks,https://www.magicbricks.com/property-details/3-BHK-1500-Sq-ft-Multistorey-Apartment-FOR-Rent-Gajuwaka-in-Visakhapatnam&id=4d423830373633353033,2026-04-19 13:52:16,17.688112,83.213121,,pooja Upadhyay ,"Visakhapatnam, Andhra Pradesh",19202|Timpany Steel City School,,,Apartment,Semi-Furnished,4,5,East,1500,Sq-ft,,Multistorey apartment is available for rent. It is a good location property. Please contact for more details.,12000,,,8,3,"1 Covered, 1 Open",No,No,No,,False,False,Owner,62,Immediately,2026-03-29T21:30:42.000Z,"Mar 30, '26",True
I5hupTcQrQBzpSvf+uAgZw==,Magicbricks,https://www.magicbricks.com/property-details/3-BHK-1500-Sq-ft-Multistorey-Apartment-FOR-Rent-Dwarakanagar-in-Visakhapatnam&id=4d423833323831353931,2026-04-19 13:52:16,17.7281761,83.3081172,,Dwarakanagar,"Visakhapatnam, Andhra Pradesh","19202|Sri Sarada Vidya Nilayam, 19202|Sri Krishna Vidya Mandir",,,Apartment,Furnished,1,4,,1500,Sq-ft,5 to 10 years,Property DetailsThis ready to move three bedroom furnished apartment is located in Dwarakanagar Visakhapatnam and offers comfortable city living in a well established residential area. The property has a super built up area of fifteen hundred square feet with a spacious carpet area of thirteen hundred fifty square feet. Situated on the first floor of a four floor building named Sri Satya Nivas this home is ideal for families looking for a well maintained residence on the main road with easy access to daily conveniences.Property SpecificationsThe apartment consists of three well sized bedrooms two bathrooms and one balcony that ensures good ventilation and natural light. It features a properly planned living cum dining area suitable for family gatherings. The kitchen is modular and includes an attached utility area for added convenience. Premium marble flooring is used throughout the apartment giving it a refined and elegant look. The property is vastu compliant and south facing which adds to its overall appeal.FacilityThis furnished apartment is equipped with essential furniture and fittings allowing immediate occupancy without additional setup. The building provides parking space along with round the clock water supply and full power backup ensuring uninterrupted daily living. Security features include a security guard and CCTV surveillance which provide a safe and secure residential environment for residents.LocalityDwarakanagar is one of the prominent residential and commercial areas of Visakhapatnam known for excellent connectivity. Being located on the main road the property enjoys easy access to schools hospitals shopping areas and public transport facilities. The neighborhood is well developed and ideal for families and professionals seeking a convenient lifestyle with all essential amenities close by.,25000,84000,,17,2,,No,No,No,,True,True,Owner,38,Immediately,2026-04-04T23:31:14.000Z,"Apr 05, '26",True
UHIIh95mgipzpSvf+uAgZw==,Magicbricks,https://www.magicbricks.com/property-details/3-BHK-2025-Sq-ft-Multistorey-Apartment-FOR-Rent-Chinna-Waltair-in-Visakhapatnam&id=4d423634383931393731,2026-04-19 13:52:16,17.723357,83.333895,,D B Sundara Ramam,"Flat No 202, MVV Esteem, China Waltair",,,,Apartment,Semi-Furnished,2,5,,2025,Sq-ft,10 to 15 years,"Apart from 3 well spaced rooms, separate drawing room and a big dining space is also available.",25000,,,12,3,,No,No,No,,True,False,Owner,64,Immediately,2026-04-08T15:46:13.000Z,"Apr 08, '26",True
U9QYyzQSuI1zpSvf+uAgZw==,Magicbricks,https://www.magicbricks.com/property-details/3-BHK-1272-Sq-ft-Multistorey-Apartment-FOR-Rent-Gajuwaka-in-Visakhapatnam&id=4d423832333532323331,2026-04-19 13:52:16,17.688112,83.213121,,vikram,Akanksha Apartment Near Y Junction Karnavanipalem Gajuwaka,19202|Timpany Steel City School,,,Apartment,Unfurnished,1,5,West,1272,Sq-ft,Less than 5 years,This flat is located in Akanksha Apartment South Block Flat No G11.,13000,,,10,2,,No,No,No,,False,True,Owner,71,Immediately,2026-03-03T09:23:40.000Z,"Mar 03, '26",True
opfjEWTFrPFzpSvf+uAgZw==,Magicbricks,https://www.magicbricks.com/property-details/3-BHK-1540-Sq-ft-Multistorey-Apartment-FOR-Rent-Marripalem-in-Visakhapatnam&id=4d423535333534393939,2026-04-19 13:52:16,17.7438352,83.2492625,,Marripalem,"Visakhapatnam, Andhra Pradesh",,,,Apartment,Semi-Furnished,4,5,South,1540,Sq-ft,15 to 20 years,"Spacious 3 BHK Apartment for Rent in Marripalem, Visakhapatnam::::Enjoy comfortable and convenient living with this well-appointed 3 BHK apartment in Marripalem, Visakhapatnam. Ideal for families and professionals seeking a semi-furnished, ready-to-move residence, this property offers a harmonious blend of space, functionality, and accessibility in one of the city’s well-connected neighbourhoods.::::Property Specifications::Located on the 4th floor of a 5-storey building within the KSR Green Valley project, the apartment covers a super built-up area of 1,540 sq. ft. The home comprises three bedrooms, three bathrooms, and three balconies overlooking the society, ensuring abundant natural light and ventilation throughout. The combined living and dining area provides an open and flexible layout, complemented by a modular kitchen equipped with a chimney for everyday convenience. The interiors are semi-furnished and feature vitrified tile flooring, offering a modern and low-maintenance finish. South-facing, the apartment is part of a well-maintained community with essential amenities, enhancing the overall residential experience.::::Facilities::The property is equipped with one covered parking space, lift access, and reliable security with guards and CCTV surveillance. Residents benefit from a continuous 24-hour water supply, ensuring smooth day-to-day living. While the apartment does not have a 100% power backup, the building’s infrastructure supports essential utilities effectively. Additional facilities within the complex include a temple and a range of modern amenities, providing both convenience and a sense of community.::::Locality::Situated in Marripalem, the apartment enjoys excellent connectivity to key parts of Visakhapatnam. The location is just 7 km from the airport, 3 km from reputable schools, and within 2 km of hospitals, ensuring access to essential services. The property lies near the highway, approximately 200 m away, facilitating seamless travel across the city. Local supermarkets, retail outlets, and banks are easily accessible, while public transport options are available for efficient commuting. The neighbourhood combines residential tranquillity with convenient access to civic amenities, making it a practical choice for families and professionals alike.::::This 3 BHK apartment in KSR Green Valley offers a thoughtful balance of space, amenities, and location, providing an ideal rental opportunity for those seeking comfort and connectivity in Marripalem, Visakhapatnam.",20000,,,13,3,1 Covered,No,No,No,,True,True,Owner,42,Immediately,2026-04-12T23:40:51.000Z,"Apr 13, '26",True
TQXZy7m7JodzpSvf+uAgZw==,Magicbricks,https://www.magicbricks.com/property-details/3-BHK-1500-Sq-ft-Multistorey-Apartment-FOR-Rent-Endada-in-Visakhapatnam&id=4d423535363936353331,2026-04-19 13:52:16,17.7772,83.36436,,Manav Anand,"Visakhapatnam, Andhra Pradesh",,,,Apartment,Semi-Furnished,2,5,,1500,Sq-ft,Less than 5 years,"Multistorey apartment is available for rent. It has covered area 1500 sq-ft, it is 3 BHK apartment. Please contact for more details.",5000,5000,,3,3,,No,No,No,Internet/Wi-Fi Connectivity,False,False,Owner,41,Immediately,2026-04-04T02:23:06.000Z,"Apr 04, '26",True
gm0kHuMEFoVzpSvf+uAgZw==,Magicbricks,https://www.magicbricks.com/property-details/3-BHK-1375-Sq-ft-Multistorey-Apartment-FOR-Rent-Chinnamusidivada-in-Visakhapatnam&id=4d423831393430393835,2026-04-19 13:52:16,17.7802802,83.1708852,,harsh,"Visakhapatnam, Andhra Pradesh",,,,Apartment,Semi-Furnished,3,10,,1375,Sq-ft,5 to 10 years,"3 BHK, Multistorey Apartment is available for Rent in Chinnamusidivada, Visakhapatnam for 17,500",17500,35000,1000,13,2,,No,No,No,,False,False,Owner,40,Immediately,2026-03-28T21:30:36.000Z,"Mar 29, '26",True
2JPOMKBDCDxzpSvf+uAgZw==,Magicbricks,https://www.magicbricks.com/property-details/3-BHK-1200-Sq-ft-Multistorey-Apartment-FOR-Rent-Seethammadara-in-Visakhapatnam&id=4d423833383535323235,2026-04-19 13:52:16,17.74223216,83.30978743,,Dr Girish Periyala,"Visakhapatnam, Andhra Pradesh",,,,Apartment,Unfurnished,2,3,,1200,Sq-ft,10 to 15 years,"3 BHK, Multistorey Apartment is available for Rent in Seethammadara, Visakhapatnam for 20,000",20000,,1500,17,3,,No,No,No,,False,False,Owner,33,Immediately,2026-03-19T08:35:04.000Z,"Mar 19, '26",True
pbxTB/eqZFVzpSvf+uAgZw==,Magicbricks,https://www.magicbricks.com/property-details/3-BHK-1525-Sq-ft-Multistorey-Apartment-FOR-Rent-Kurmannapalem-in-Visakhapatnam&id=4d423833393033343935,2026-04-19 13:52:16,17.698036,83.15954,,Kurmannapalem,"Near duvvada fly over, Mathrusree Nagar, Kurmannapalem",,,,Apartment,Semi-Furnished,4,5,North,1525,Sq-ft,Less than 5 years,prime location in kurmannapalem,15000,30000,1000,10,2,,Yes,No,No,Service/Goods Lift,False,False,Owner,60,Select Date,2026-03-22T16:44:18.000Z,"Mar 22, '26",True
D50H5TE2pbZzpSvf+uAgZw==,Magicbricks,https://www.magicbricks.com/property-details/3-BHK-1300-Sq-ft-Multistorey-Apartment-FOR-Rent-Kommadi-in-Visakhapatnam&id=4d423433323334323135,2026-04-19 13:52:16,17.8148389,83.3323582,,Kommadi,"Visakhapatnam, Andhra Pradesh",,,,Apartment,Semi-Furnished,5,6,,1300,Sq-ft,,It's a 5th floor Multistorey Apartment in a building of total 6 floors.,9000,,,7,2,,No,No,No,,False,False,Owner,0,Immediately,2026-04-09T16:59:19.000Z,"Apr 09, '26",True
x+mx0gXX1a5zpSvf+uAgZw==,Magicbricks,https://www.magicbricks.com/property-details/3-BHK-1520-Sq-ft-Multistorey-Apartment-FOR-Rent-Madhurwada-in-Visakhapatnam&id=4d423833343032313037,2026-04-19 13:52:16,17.8224722,83.3522229,,Madhurawada,"D 511,Vasanth Vihar, Gayatri EC Road, Near Kommadi Bus stop,",19202|APSWR Centre of Excellence,,,Apartment,Semi-Furnished,5,5,,1520,Sq-ft,5 to 10 years,"3 BHK, Multistorey Apartment is available for Rent in Madhurwada, Visakhapatnam for 15,000",15000,30000,1400,10,2,,No,No,No,,False,False,Owner,60,Immediately,2026-02-14T02:30:39.000Z,"Feb 14, '26",True
di0Iw7xMM55zpSvf+uAgZw==,Magicbricks,https://www.magicbricks.com/property-details/3-BHK-1350-Sq-ft-Multistorey-Apartment-FOR-Rent-East-Point-Colony-in-Visakhapatnam&id=4d423639363730333339,2026-04-19 13:52:16,17.7269882,83.3381926,,East Point Colony,"Visakhapatnam, Andhra Pradesh",,,,Apartment,Unfurnished,1,5,North,1350,Sq-ft,10 to 15 years,"3 BHK, Multistorey Apartment is available for Rent in East Point Colony, Visakhapatnam for 20,000",20000,,,15,2,,No,No,No,,False,False,Owner,61,Immediately,2026-02-23T10:06:48.000Z,"Feb 23, '26",True
l9zig3dUmMdzpSvf+uAgZw==,Magicbricks,https://www.magicbricks.com/property-details/3-BHK-1618-Sq-ft-Multistorey-Apartment-FOR-Rent-Madhurwada-in-Visakhapatnam&id=4d423833363839323633,2026-04-19 13:52:16,17.8224722,83.3522229,,Madhurawada, Madhurwada,19202|APSWR Centre of Excellence,,,Apartment,Semi-Furnished,14,15,West,1618,Sq-ft,New Construction,"3 BHK, Multistorey Apartment is available for Rent in Madhurwada, Visakhapatnam for 25,000",25000,,5556,15,3,,Yes,No,No,"Service/Goods Lift, Banquet Hall, Jogging and Strolling Track, Outdoor Tennis Courts",False,False,Owner,62,Immediately,2026-03-08T05:02:05.000Z,"Mar 08, '26",True
jiuEGzHbAi5zpSvf+uAgZw==,Magicbricks,https://www.magicbricks.com/property-details/3-BHK-2000-Sq-ft-Multistorey-Apartment-FOR-Rent-Sujatha-nagar-in-Visakhapatnam&id=4d423831343737363531,2026-04-19 13:52:16,17.7971716,83.2157985,,Sujatha nagar,"Flat no.101, Gowthami Nivasam, Beside C2 Zone park, Sujatha nagar",,,,Apartment,Semi-Furnished,1,4,East,2000,Sq-ft,New Construction,Looking out for a better place to stay which is near to a park with all amenities.,15000,,,8,2,,Yes,No,Yes,Service/Goods Lift,False,False,Owner,78,Immediately,2026-02-22T17:13:38.000Z,"Feb 22, '26",True
kP9EIHpmvWRzpSvf+uAgZw==,Magicbricks,https://www.magicbricks.com/property-details/3-BHK-1500-Sq-ft-Multistorey-Apartment-FOR-Rent-Akkayyapalem-in-Visakhapatnam&id=4d423833373933323233,2026-04-19 13:52:16,17.7367389,83.3000947,,Akkayyapalem,"45-54-27 ff3, near transformer.",,,,Apartment,Unfurnished,2,4,,1500,Sq-ft,10 to 15 years,"3 BHK, Multistorey Apartment is available for Rent in Akkayyapalem, Visakhapatnam for 22,000",22000,75000,1500,15,2,,No,No,No,,False,False,Owner,55,Select Date,2026-03-15T13:18:20.000Z,"Mar 15, '26",True
o68jEDW9+C9zpSvf+uAgZw==,Magicbricks,https://www.magicbricks.com/property-details/3-BHK-1575-Sq-ft-Multistorey-Apartment-FOR-Rent-Vizag-in-Visakhapatnam&id=4d423538333538353039,2026-04-19 13:52:16,17.6868159,83.2184815,,Vizag, Vizag,,,,Apartment,Semi-Furnished,3,8,East,1575,Sq-ft,5 to 10 years,Northeast corner flat with good ambient light and cross ventilation,16000,25000,2250,10,3,,Yes,No,No,"Service/Goods Lift, Laundry Service, Banquet Hall, Jogging and Strolling Track",False,False,Owner,80,Immediately,2026-03-09T07:24:19.000Z,"Mar 09, '26",True
D+RTdjNLD3lzpSvf+uAgZw==,Magicbricks,https://www.magicbricks.com/property-details/3-BHK-1425-Sq-ft-Multistorey-Apartment-FOR-Rent-Lawsons-Bay-Colony-in-Visakhapatnam&id=4d423834303637313133,2026-04-19 13:52:16,17.7329841,83.336327,,Lawsons Bay Colony, Lawsons Bay Colony,,,,Apartment,Semi-Furnished,2,5,North,1425,Sq-ft,Less than 5 years,"3 BHK, Multistorey Apartment is available for Rent in Lawsons Bay Colony, Visakhapatnam for 23,000",23000,48000,2650,16,3,,No,No,No,,False,False,Owner,72,Immediately,2026-04-04T03:50:39.000Z,"Apr 04, '26",True
m4R1daU9qKVzpSvf+uAgZw==,Magicbricks,https://www.magicbricks.com/property-details/3-BHK-1500-Sq-ft-Multistorey-Apartment-FOR-Rent-Kurmannapalem-in-Visakhapatnam&id=4d423833323335353137,2026-04-19 13:52:16,17.698036,83.15954,,Kurmannapalem,matrishreee nagar phase 2 kurmannapalem,,,,Apartment,Semi-Furnished,1,5,,1500,Sq-ft,Less than 5 years,"3 BHK, Multistorey Apartment is available for Rent in Kurmannapalem, Visakhapatnam for 16,000",16000,30000,2000,11,2,,No,No,No,,False,False,Owner,38,Immediately,2026-03-19T10:59:59.000Z,"Mar 19, '26",True
yPzm3Y2kREJzpSvf+uAgZw==,Magicbricks,https://www.magicbricks.com/property-details/3-BHK-1350-Sq-ft-Multistorey-Apartment-FOR-Rent-Seethammadhara-in-Visakhapatnam&id=4d423834313338303931,2026-04-19 13:52:16,17.7429031,83.3081172,,Seethammadhara,"Visakhapatnam, Andhra Pradesh",,,,Apartment,Semi-Furnished,2,5,West,1350,Sq-ft,,Vastu compliant 3bhk with 24x7 water and power back up for the entire apartment,25000,,2000,19,2,,Yes,No,No,Intercom Facility,False,False,Owner,64,Immediately,2026-04-08T07:40:38.000Z,"Apr 08, '26",True
eFuovBN/k5FzpSvf+uAgZw==,Magicbricks,https://www.magicbricks.com/property-details/2-BHK-1230-Sq-ft-Multistorey-Apartment-FOR-Rent-Yendada-in-Visakhapatnam&id=4d423834303732393931,2026-04-19 13:52:16,17.7771215,83.3615748,,Yendada,"Visakhapatnam, Andhra Pradesh",,,,Apartment,Semi-Furnished,1,5,,1230,Sq-ft,,"2 BHK, Multistorey Apartment is available for Rent in Yendada, Visakhapatnam for 21,000",21000,,,17,2,,No,No,No,,False,False,Owner,28,Immediately,2026-04-04T09:42:24.000Z,"Apr 04, '26",True
7Um1lIK9dIlzpSvf+uAgZw==,Magicbricks,https://www.magicbricks.com/property-details/2-BHK-1100-Sq-ft-Multistorey-Apartment-FOR-Rent-Kirlampudi-Layout-in-Visakhapatnam&id=4d423639363530303231,2026-04-19 13:52:16,17.7208709,83.3315104,,Kirlampudi Layout,Ratna Reveira Apartments Kirlampudi Layout,19202|Systems Design,,,Apartment,Furnished,3,5,West,1100,Sq-ft,15 to 20 years,"Ratna Riveira Apartments, Fully Renovated",14000,42000,1200,13,2,1 Covered,No,No,No,,False,False,Owner,90,Immediately,2026-04-04T17:11:56.000Z,"Apr 04, '26",True
9I/VqflbpzhzpSvf+uAgZw==,Magicbricks,https://www.magicbricks.com/property-details/2-BHK-1171-Sq-ft-Multistorey-Apartment-FOR-Rent-Gajwaka-Jn.-in-Visakhapatnam&id=4d423735353832313437,2026-04-19 13:52:16,17.7,83.2167,,Gajwaka Jn.,"Novus Florence Apartment , Gajuwaka",,,,Apartment,Unfurnished,2,5,East,1171,Sq-ft,New Construction,"Experience modern living in this 2 BHK Flat for Rent located in the serene Novus Florence Village at Gajwaka Junction, Visakhapatnam. This attractive home offers a blend of comfort and convenience, making it an ideal choice for families and professionals alike.::::::Property Specifications::::::::::This spacious flat boasts a carpet area of 1000 sqft, situated on the 3rd floor of a well-maintained five-storey building. The property is unfurnished, allowing you the freedom to personalize it according to your taste.::::::The flat includes two inviting bedrooms and two bathrooms, one of which is an attached bathroom for your convenience, while the other serves as a common bath. Both bathrooms are designed in a western style and come equipped with geyser points, facilitating easy installation for hot water access. The flat features a cozy living cum dining area, perfect for entertaining guests or spending quality time with family. ::::::A modular kitchen equipped with a chimney enhances your cooking experience, and a utility area attached to the kitchen adds to the practicality of the space. The flooring is laid with high-quality vitrified tiles, ensuring durability and aesthetic appeal. Being Vaastu compliant and east-facing, the flat invites abundant natural light and positive energy into your home.::::::Facilities:::::::: ::Residents will enjoy a variety of modern facilities in this apartment complex. Both covered and open parking options are available, ensuring the safety of your vehicles. The property guarantees 24-hour water supply sourced from both borewell and corporation. Additionally, there is a 100% power backup facility for uninterrupted electricity supply. Your safety is prioritized with a security guard on duty and the presence of CCTVs throughout the premises. For added convenience, the building is equipped with two lifts, making it easy to access your flat.::::::Locality::::::::::::::Nestled in the vibrant locality of Gajwaka, this property is surrounded by essential amenities. Within a 1 km radius, you will find reputable schools and hospitals, ensuring that educational and healthcare needs are easily met. Shopping is a breeze with malls and supermarkets also located within 1 km, while nearby banks and ATMs provide convenient financial services. ::::::Public transport is readily accessible, with buses and auto-rickshaws frequently available for your commuting needs. Additionally, the Visakhapatnam railway station is just 7 km away, making travel to other cities straightforward and hassle-free.::",10000,20000,2100,9,2,"1 Covered, 1 Open",No,No,No,"Air Conditioned, Bar/Lounge, Private pool , Health club with Steam / Jaccuzi",False,True,Owner,98,Immediately,2026-04-02T22:30:39.000Z,"Apr 03, '26",True
0PLb8vTRvTNzpSvf+uAgZw==,Magicbricks,https://www.magicbricks.com/property-details/2-BHK-1100-Sq-ft-Multistorey-Apartment-FOR-Rent-Seethammadhara-in-Visakhapatnam&id=4d423437373436323439,2026-04-19 13:52:16,17.7429031,83.3081172,,Seethammadhara,"Flat No. C-102, C-Block, VUDA Apartments, Seethammadhara, Near LIC Branch Office",,,,Apartment,Semi-Furnished,1,5,North,1100,Sq-ft,10 to 15 years,Newly Renovated 2BHK Apartment in Seethammadhara,19000,38000,1000,17,2,1 Covered,No,No,No,,False,False,Owner,91,Immediately,2026-04-03T04:49:16.000Z,"Apr 03, '26",True
YmSOe7lyNO1zpSvf+uAgZw==,Magicbricks,https://www.magicbricks.com/property-details/2-BHK-840-Sq-ft-Multistorey-Apartment-FOR-Rent-Akkayyapalem-in-Visakhapatnam&id=4d423738313531333633,2026-04-19 13:52:16,17.7367389,83.3000947,,Akkayyapalem,"Visakhapatnam, Andhra Pradesh",,,,Apartment,Furnished,2,2,,,,,"2 BHK, Multistorey Apartment is available for Rent in Akkayyapalem, Visakhapatnam for 15,000",15000,,,,2,,No,No,No,,False,False,Owner,45,Immediately,2026-04-05T22:30:44.000Z,"Apr 06, '26",True
oNg1HZVwPhZzpSvf+uAgZw==,Magicbricks,https://www.magicbricks.com/property-details/2-BHK-950-Sq-ft-Multistorey-Apartment-FOR-Rent-Maddilapalem-in-Visakhapatnam&id=4d423834303838303337,2026-04-19 13:52:16,17.7374669,83.3214858,,Maddilapalem,"kalabarati road ,",19206|CMR CENTRAL,,,Apartment,Unfurnished,5,5,,,,New Construction,"2 BHK, Multistorey Apartment is available for Rent in Maddilapalem, Visakhapatnam for 16,000",16000,,1000,,2,,No,No,No,,False,False,Owner,33,Immediately,2026-04-05T10:59:40.000Z,"Apr 05, '26",True
I215UM3lXepzpSvf+uAgZw==,Magicbricks,https://www.magicbricks.com/property-details/2-BHK-1171-Sq-ft-Multistorey-Apartment-FOR-Rent-Gajwaka-Jn.-in-Visakhapatnam&id=4d423737303535393833,2026-04-19 13:52:16,17.7,83.2167,,Gajwaka Jn.,"Visakhapatnam, Andhra Pradesh",,,,Apartment,Semi-Furnished,1,5,,1171,Sq-ft,,"2 BHK, Multistorey Apartment is available for Rent in Gajwaka Jn., Visakhapatnam for 14,000",14000,,,12,2,,No,No,No,Internet/Wi-Fi Connectivity,False,False,Owner,48,Immediately,2026-04-07T09:52:06.000Z,"Apr 07, '26",True
BiP4Gw2kL3hzpSvf+uAgZw==,Magicbricks,https://www.magicbricks.com/property-details/2-BHK-1300-Sq-ft-Multistorey-Apartment-FOR-Rent-Gajuwaka-in-Visakhapatnam&id=4d423638363837373431,2026-04-19 13:52:16,17.688112,83.213121,,ramakrishna d.v,D tower 1601,19202|Timpany Steel City School,,,Apartment,Unfurnished,16,16,North,1300,Sq-ft,New Construction,"Step into the epitome of harmonious living with this inviting 2 BHK Flat for rent in the sought-after Celest, located in the vibrant neighborhood of Gajuwaka, Visakhapatnam. Offering vaastu compliance and north-facing orientation, this residence beckons with positive energy and a comfortable lifestyle.Property Specifications Boasting an expansive carpet area of 1300 sqft on the magnificent 16-floor tower, this residence stands as a testament to luxurious living and contemporary design. As you step into this elegantly semi-furnished abode, discover the thoughtfully designed living.",23000,25000,3000,18,2,,No,No,No,"Laundry Service, Banquet Hall, Jogging and Strolling Track, Outdoor Tennis Courts",False,False,Owner,80,Immediately,2026-04-05T22:30:42.000Z,"Apr 06, '26",True
x8xVQt8ZqW9zpSvf+uAgZw==,Magicbricks,https://www.magicbricks.com/property-details/2-BHK-980-Sq-ft-Multistorey-Apartment-FOR-Rent-Yendada-in-Visakhapatnam&id=4d423834303831313835,2026-04-19 13:52:16,17.7771215,83.3615748,,Yendada,siri gudi nagar,,,,Apartment,Semi-Furnished,1,5,East,980,Sq-ft,5 to 10 years,seriously looking for rent only call,11000,21000,1000,11,2,,No,No,No,,False,False,Owner,69,Immediately,2026-04-05T04:44:34.000Z,"Apr 05, '26",True
MmCCKXbJHb5zpSvf+uAgZw==,Magicbricks,https://www.magicbricks.com/property-details/2-BHK-920-Sq-ft-Multistorey-Apartment-FOR-Rent-Sheelanagar-in-Visakhapatnam&id=4d423833353939333033,2026-04-19 13:52:16,17.718522,83.1983904,,Sheelanagar,Thunglam,,,,Apartment,Semi-Furnished,6,10,West,920,Sq-ft,New Construction,"2 BHK, Multistorey Apartment is available for Rent in Sheelanagar, Visakhapatnam for 10,000",10000,20000,2000,11,2,,No,No,No,"Laundry Service, Internet/Wi-Fi Connectivity, Banquet Hall, Jogging and Strolling Track",False,False,Owner,71,Immediately,2026-04-04T22:30:43.000Z,"Apr 05, '26",True
u0c6qfgYV3NzpSvf+uAgZw==,Magicbricks,https://www.magicbricks.com/property-details/2-BHK-1145-Sq-ft-Multistorey-Apartment-FOR-Rent-Gajuwaka-in-Visakhapatnam&id=4d423832343933333337,2026-04-19 13:52:16,17.688112,83.213121,,Charan,"Visakhapatnam, Andhra Pradesh",19202|Timpany Steel City School,,,Apartment,Semi-Furnished,4,5,,1145,Sq-ft,,"2 BHK, Multistorey Apartment is available for Rent in Gajuwaka, Visakhapatnam for 14,500",14500,,,13,2,,No,No,No,,False,False,Owner,0,Immediately,2026-04-13T22:30:40.000Z,"Apr 14, '26",True
vxiTT2w37+RzpSvf+uAgZw==,Magicbricks,https://www.magicbricks.com/property-details/2-BHK-1500-Sq-ft-Builder-Floor-Apartment-FOR-Rent-Akkayyapalem-in-Visakhapatnam&id=4d423831383930323633,2026-04-19 13:52:16,17.7367389,83.3000947,,Akkayyapalem,"Visakhapatnam, Andhra Pradesh",,,,Builder Floor Apartment,Unfurnished,1,2,,1500,Sq-ft,,"2 BHK, Builder Floor Apartment is available for Rent in Akkayyapalem, Visakhapatnam for 20,000",20000,,,13,2,,No,No,No,,False,False,Owner,46,Immediately,2026-04-14T22:30:46.000Z,"Apr 15, '26",True
dnH8i86WSM9zpSvf+uAgZw==,Magicbricks,https://www.magicbricks.com/property-details/2-BHK-1200-Sq-ft-Multistorey-Apartment-FOR-Rent-in-Visakhapatnam&id=4d423533393831383937,2026-04-19 13:52:16,,,,sanjeev,"Visakhapatnam, Andhra Pradesh",,,,Apartment,Semi-Furnished,1,5,,,,Less than 5 years,"2 BHK, Multistorey Apartment is available for Rent in , Visakhapatnam for 8,500",8500,16000,700,,2,,No,No,No,,False,False,Owner,33,Immediately,2026-04-16T21:30:42.000Z,"Apr 17, '26",True
eRISNC36TY1zpSvf+uAgZw==,Magicbricks,https://www.magicbricks.com/property-details/2-BHK-1000-Sq-ft-Builder-Floor-Apartment-FOR-Rent-Kurmannapalem-in-Visakhapatnam&id=4d423336353433343231,2026-04-19 13:52:16,17.698036,83.15954,,Kurmannapalem,"Visakhapatnam, Andhra Pradesh",,,,Builder Floor Apartment,Furnished,5,6,,1000,Sq-ft,5 to 10 years,This Builder Floor Apartment is located at 5th floor in a building of total 6 floors. The age of construction for this apartment Builder Floor Apartment is between 5 to 10 years.,10000,20000,,10,2,1 Covered,No,No,No,,False,False,Owner,35,Immediately,2026-04-08T15:45:58.000Z,"Apr 08, '26",True
bAjd2uVZ0X9zpSvf+uAgZw==,Magicbricks,https://www.magicbricks.com/property-details/2-BHK-1200-Sq-ft-Multistorey-Apartment-FOR-Rent-Pendurthi-in-Visakhapatnam&id=4d423633323134363535,2026-04-19 13:52:16,17.813683,83.205205,,Pendurthi,behind pendurthi police station,,,,Apartment,Furnished,2,5,,1200,Sq-ft,New Construction,"2 BHK, Multistorey Apartment is available for Rent in Pendurthi, Visakhapatnam for 6,500",6500,,1000,5,2,,No,No,No,,False,False,Owner,38,Immediately,2026-03-01T21:30:36.000Z,"Mar 02, '26",True
TJzJ0VGoxT5zpSvf+uAgZw==,Magicbricks,https://www.magicbricks.com/property-details/2-BHK-1500-Sq-ft-Multistorey-Apartment-FOR-Rent-Kurmannapalem-in-Visakhapatnam&id=4d423833373535363231,2026-04-19 13:52:16,17.698036,83.15954,,Kurmannapalem,"Visakhapatnam, Andhra Pradesh",,,,Apartment,Unfurnished,2,3,,,,New Construction,"2 BHK, Multistorey Apartment is available for Rent in Kurmannapalem, Visakhapatnam for 10,000",10000,5000,1000,,2,,No,No,No,,False,False,Owner,36,Immediately,2026-03-12T13:21:10.000Z,"Mar 12, '26",True
escUk94yUVxzpSvf+uAgZw==,Magicbricks,https://www.magicbricks.com/property-details/2-BHK-1040-Sq-ft-Multistorey-Apartment-FOR-Rent-Kirlampudi-Layout-in-Visakhapatnam&id=4d423737333234353631,2026-04-19 13:52:16,17.7208709,83.3315104,,Kirlampudi Layout,"Visakhapatnam, Andhra Pradesh",19202|Systems Design,,,Apartment,Semi-Furnished,2,7,,1040,Sq-ft,,"2 BHK, Multistorey Apartment is available for Rent in Kirlampudi Layout, Visakhapatnam for 18,000",18000,,,17,2,,No,No,No,,False,False,Owner,0,Immediately,2026-04-03T22:30:33.000Z,"Apr 04, '26",True
euyc+lCkWitzpSvf+uAgZw==,Magicbricks,https://www.magicbricks.com/property-details/2-BHK-1000-Sq-ft-Multistorey-Apartment-FOR-Rent-Dwarakanagar-in-Visakhapatnam&id=4d423834303637303531,2026-04-19 13:52:16,17.7281761,83.3081172,,Dwarakanagar,"Visakhapatnam, Andhra Pradesh","19202|Sri Sarada Vidya Nilayam, 19202|Sri Krishna Vidya Mandir",,,Apartment,Furnished,3,5,East,1000,Sq-ft,New Construction,"searching for a female flat mate , lets search a comfy flat and shift in may have all the things Ac,tv,stove etc",7000,,,7,2,,No,No,No,,False,False,Owner,38,Immediately,2026-04-04T03:38:14.000Z,"Apr 04, '26",True
XzwVRsgzVClzpSvf+uAgZw==,Magicbricks,https://www.magicbricks.com/property-details/2-BHK-970-Sq-ft-Multistorey-Apartment-FOR-Rent-Dwarakanagar-in-Visakhapatnam&id=4d423832383937393737,2026-04-19 13:52:16,17.7281761,83.3081172,,Dwarakanagar,Komal arcade appartment,"19202|Sri Krishna Vidya Mandir, 19202|Sri Sarada Vidya Nilayam",,,Apartment,Semi-Furnished,5,5,West,970,Sq-ft,10 to 15 years,"full ventilation,full gvmc water,Bachelors available",14000,40000,1000,14,2,,No,No,No,,False,False,Owner,54,Immediately,2026-03-15T21:30:37.000Z,"Mar 16, '26",True
a+zXxmHymYFzpSvf+uAgZw==,Magicbricks,https://www.magicbricks.com/property-details/2-BHK-1030-Sq-ft-Multistorey-Apartment-FOR-Rent-Yendada-in-Visakhapatnam&id=4d423833393839393939,2026-04-19 13:52:16,17.7771215,83.3615748,,Yendada,"Visakhapatnam, Andhra Pradesh",,,,Apartment,Semi-Furnished,5,5,,1030,Sq-ft,,"2 BHK, Multistorey Apartment is available for Rent in Yendada, Visakhapatnam for 14,000",14000,,,14,2,,No,No,No,,False,False,Owner,28,Immediately,2026-03-30T03:10:03.000Z,"Mar 30, '26",True
J69dAz4s3Z1zpSvf+uAgZw==,Magicbricks,https://www.magicbricks.com/property-details/2-BHK-900-Sq-ft-Multistorey-Apartment-FOR-Rent-Isukathota-in-Visakhapatnam&id=4d423737393331323931,2026-04-19 13:52:16,17.741656,83.325435,,ravi saka ravi saka,"Isukathota, Maddilapalem",,,,Apartment,Unfurnished,1,4,West,900,Sq-ft,Less than 5 years,"Isukathota main road high way, Maddilapalem Visakhapatnam. nearby schools, hospitals, bus depot, Market, temple, shopping malls all facilities nearby. my Phone nine two four seven two zero two nine eight zero",13500,27000,1000,15,2,,No,No,No,,False,False,Owner,69,Immediately,2026-04-05T21:31:55.000Z,"Apr 06, '26",True
8bDa6lw7cHpzpSvf+uAgZw==,Magicbricks,https://www.magicbricks.com/property-details/2-BHK-1000-Sq-ft-Multistorey-Apartment-FOR-Rent-Madhurwada-in-Visakhapatnam&id=4d423639393037313539,2026-04-19 13:52:16,17.8224722,83.3522229,,Madhurawada,"Madhurawada, near d mart.",19202|APSWR Centre of Excellence,,,Apartment,Semi-Furnished,5,5,West,1000,Sq-ft,Less than 5 years,"Good ventilation, Nearer to Schools and Main Road, D Mart etc",9000,18000,1200,9,2,,No,No,No,,False,False,Owner,58,Immediately,2026-04-09T21:32:11.000Z,"Apr 10, '26",True
2TPQM0fgac5zpSvf+uAgZw==,Magicbricks,https://www.magicbricks.com/property-details/2-BHK-1150-Sq-ft-Multistorey-Apartment-FOR-Rent-Boyapalem-in-Visakhapatnam&id=4d423739333734363035,2026-04-19 13:52:16,17.7273555,83.2840468,,Boyapalem,"Visakhapatnam, Andhra Pradesh",,,,Apartment,Semi-Furnished,5,5,,1150,Sq-ft,New Construction,"2 BHK, Multistorey Apartment is available for Rent in Boyapalem, Visakhapatnam for 7,500",7500,,,7,2,,No,No,No,,False,False,Owner,28,Immediately,2026-04-16T21:30:42.000Z,"Apr 17, '26",True
HI7O42KUYhZzpSvf+uAgZw==,Magicbricks,https://www.magicbricks.com/property-details/2-BHK-800-Sq-ft-Multistorey-Apartment-FOR-Rent-Maddilapalem-in-Visakhapatnam&id=4d423539383438353537,2026-04-19 13:52:16,17.7374669,83.3214858,,Maddilapalem,near vishaka rifle academy,19206|CMR CENTRAL,,,Apartment,Unfurnished,1,3,East,800,Sq-ft,New Construction,"2 bhk house near maddilapalem , reserved bike parking walkable distance from main road",14000,20000,700,18,2,,No,No,No,,False,False,Owner,90,Immediately,2026-04-18T16:01:34.000Z,Yesterday,True
rGDzUrT4CBhzpSvf+uAgZw==,Magicbricks,https://www.magicbricks.com/property-details/2-BHK-Multistorey-Apartment-FOR-Rent-in-Visakhapatnam&id=4d423639383033393631,2026-04-19 13:52:16,,,,sm shah,"Visakhapatnam, Andhra Pradesh",,,,Apartment,,,,,,,,"2 BHK, Multistorey Apartment is available for Rent in , Visakhapatnam",,,,,2,,No,No,No,,False,False,Owner,14,Immediately,2026-04-18T21:32:03.000Z,Today,True
2ctZbgWKabRzpSvf+uAgZw==,Magicbricks,https://www.magicbricks.com/property-details/2-BHK-Multistorey-Apartment-FOR-Rent-Visakhapatnam-in-Visakhapatnam&id=4d423833323938313935,2026-04-19 13:52:16,17.7385936,83.2625211,,Visakhapatnam,"Visakhapatnam, Andhra Pradesh",,,,Apartment,,,,,,,,"2 BHK, Multistorey Apartment is available for Rent in Visakhapatnam, Visakhapatnam",,,,,,,No,No,No,,False,False,Owner,12,Immediately,2026-02-06T22:55:16.000Z,"Feb 07, '26",True
fWdtXN/3DSNzpSvf+uAgZw==,Magicbricks,https://www.magicbricks.com/property-details/2-BHK-1280-Sq-ft-Multistorey-Apartment-FOR-Rent-Madhurwada-in-Visakhapatnam&id=4d423833393239333331,2026-04-19 13:52:16,17.8224722,83.3522229,,Madhurawada,midilapure vuda colony,19202|APSWR Centre of Excellence,,,Apartment,Semi-Furnished,8,15,West,1280,Sq-ft,New Construction,mega gated community flat for rent in indiabulls sierra midilapure vuda colony near it park best lotion and,20000,40000,0,16,2,,No,No,No,"Intercom Facility, RO Water System, Jogging and Strolling Track",True,True,Agent,80,Immediately,2026-03-25T04:31:23.000Z,"Mar 25, '26",True
FCVBY2ZNQ3FzpSvf+uAgZw==,Magicbricks,https://www.magicbricks.com/property-details/2-BHK-900-Sq-ft-Multistorey-Apartment-FOR-Rent-Sujatha-nagar-in-Visakhapatnam&id=4d423833383435333739,2026-04-19 13:52:16,17.7971716,83.2157985,,Sujatha nagar,"Sujatha nagar, Visakhapatnam",,,,Apartment,Unfurnished,Ground,5,,,,5 to 10 years,"Multistorey apartment is available for rent. It has a carpet area of 900 sq-ft, it is 2 BHK apartment. Please contact for more details.",7000,15000,1000,,2,1 Covered,Yes,No,Yes,RO Water System,False,False,Owner,80,Immediately,2026-03-19T06:34:58.000Z,"Mar 19, '26",True
cSwS1YgajgFzpSvf+uAgZw==,Magicbricks,https://www.magicbricks.com/property-details/2-BHK-1330-Sq-ft-Multistorey-Apartment-FOR-Rent-Madhurwada-in-Visakhapatnam&id=4d423739373232323933,2026-04-19 13:52:16,17.8224722,83.3522229,,Madhurawada,"Visakhapatnam, Andhra Pradesh",19202|APSWR Centre of Excellence,,,Apartment,Semi-Furnished,10,16,,1330,Sq-ft,,"2 BHK, Multistorey Apartment is available for Rent in Madhurwada, Visakhapatnam for 18,000",18000,,,14,2,,No,No,No,,True,False,Owner,28,Immediately,2026-03-09T21:33:32.000Z,"Mar 10, '26",True
0jOjf8wXzKJzpSvf+uAgZw==,Magicbricks,https://www.magicbricks.com/property-details/2-BHK-975-Sq-ft-Multistorey-Apartment-FOR-Rent-Kurmannapalem-in-Visakhapatnam&id=4d423539383732333533,2026-04-19 13:52:16,17.698036,83.15954,,Kurmannapalem,sathavahana nagar road no 1,,,,Apartment,Unfurnished,3,5,South,,,5 to 10 years,Multistorey apartment is available for rent. It is a good location property. Please contact for more details.,6000,12000,800,,2,,No,No,No,,False,False,Owner,67,Immediately,2026-03-02T21:32:53.000Z,"Mar 03, '26",True
mYo7qS7bAo1zpSvf+uAgZw==,Magicbricks,https://www.magicbricks.com/property-details/3-BHK-1265-Sq-ft-Multistorey-Apartment-FOR-Rent-Madhurwada-in-Visakhapatnam&id=4d423633343837383539,2026-04-19 13:52:16,17.8224722,83.3522229,,Madhurawada,Madhurawada,19202|APSWR Centre of Excellence,,,Apartment,Unfurnished,2,5,South,1265,Sq-ft,New Construction,"Ready to Occupy Flat,Good corridor, nice ventilation,Gated community with club house, swimming pool, Underground parking,pm palem It Sez road Madhurawada",15000,,,12,2,,Yes,No,No,Service/Goods Lift,False,False,Owner,74,Immediately,2026-04-08T21:30:35.000Z,"Apr 09, '26",True
ntmqLoh+q1xzpSvf+uAgZw==,Magicbricks,https://www.magicbricks.com/property-details/3-BHK-1650-Sq-ft-Multistorey-Apartment-FOR-Rent-Maharani-Peta-in-Visakhapatnam&id=4d423833313139343531,2026-04-19 13:52:16,17.711611,83.313483,,Maharani Peta,"Ranganayaki Apartments, Krishna Nagar, Maharani Peta",,,,Apartment,Unfurnished,4,7,East,1650,Sq-ft,,"3 BHK, Multistorey Apartment is available for Rent in Maharani Peta, Visakhapatnam for 20,000",20000,,,12,3,1 Covered,No,No,No,,False,False,Owner,63,Immediately,2026-04-09T21:30:43.000Z,"Apr 10, '26",True
qnVstOqPLR5zpSvf+uAgZw==,Magicbricks,https://www.magicbricks.com/property-details/3-BHK-1200-Sq-ft-Builder-Floor-Apartment-FOR-Rent-Dwarakanagar-in-Visakhapatnam&id=4d423735313031373633,2026-04-19 13:52:16,17.7281761,83.3081172,,Dwarakanagar,"Dno 47-9-40,flate no 505 krishna kunj Dwarakanager opp AYODYA HOTEL","19202|Sri Sarada Vidya Nilayam, 19202|Sri Krishna Vidya Mandir",,,Builder Floor Apartment,Furnished,4,6,,1200,Sq-ft,,"3 BHK, Builder Floor Apartment is available for Rent in Dwarakanagar, Visakhapatnam for 8,000",8000,,,7,2,,Yes,No,No,"Air Conditioned, RO Water System",False,True,Owner,58,Immediately,2026-03-22T22:30:35.000Z,"Mar 23, '26",True
kFE6Rxs2TCVzpSvf+uAgZw==,Magicbricks,https://www.magicbricks.com/property-details/3-BHK-1900-Sq-ft-Multistorey-Apartment-FOR-Rent-Madhurwada-in-Visakhapatnam&id=4d423831303831333635,2026-04-19 13:52:16,17.8224722,83.3522229,,Madhurawada,"Visakhapatnam, Andhra Pradesh",19202|APSWR Centre of Excellence,,,Apartment,Semi-Furnished,2,13,,1900,Sq-ft,,"3 BHK, Multistorey Apartment is available for Rent in Madhurwada, Visakhapatnam for 20,000",20000,,,11,3,,No,No,No,,False,False,Owner,31,Immediately,2026-03-28T22:30:27.000Z,"Mar 29, '26",True
8Rt6CAxPBGdzpSvf+uAgZw==,Magicbricks,https://www.magicbricks.com/property-details/3-BHK-1285-Sq-ft-Builder-Floor-Apartment-FOR-Rent-Vizag-in-Visakhapatnam&id=4d423636303631313537,2026-04-19 13:52:16,17.6868159,83.2184815,,Vizag,"Visakhapatnam, Andhra Pradesh",,,,Builder Floor Apartment,Semi-Furnished,2,5,,1285,Sq-ft,,"3 BHK, Builder Floor Apartment is available for Rent in Vizag, Visakhapatnam for 6,500",6500,,,5,2,,No,No,No,,False,False,Owner,0,Immediately,2026-03-29T21:30:42.000Z,"Mar 30, '26",True
CvkJYWFr8INzpSvf+uAgZw==,Magicbricks,https://www.magicbricks.com/property-details/3-BHK-1300-Sq-ft-Multistorey-Apartment-FOR-Rent-Maharani-Peta-in-Visakhapatnam&id=4d423535333939393937,2026-04-19 13:52:16,17.711611,83.313483,,Maharani Peta,"16-6-10, Sri Baugh Apartments, Official Colony, Maharanipeta, Visakhapatnam",,,,Apartment,Semi-Furnished,3,4,North - East,1300,Sq-ft,5 to 10 years,"Very well ventilated and natural light, good Sea views, Corner property and built as per Vaastu",22000,66000,1400,17,2,1 Covered,No,No,No,,False,False,Owner,100,Immediately,2026-03-14T22:30:37.000Z,"Mar 15, '26",True
aEbi2yrU/2xzpSvf+uAgZw==,Magicbricks,https://www.magicbricks.com/property-details/3-BHK-1471-Sq-ft-Multistorey-Apartment-FOR-Rent-Gajwaka-Jn.-in-Visakhapatnam&id=4d423434393035303637,2026-04-19 13:52:16,17.7,83.2167,,Gajwaka Jn.,"Old Karnivanipalem, Y Junction Left, 135, Vuda 130 Feet Rd, Gajuwaka, Visakhapatnam, Andhra Pradesh 530044",,,,Apartment,Unfurnished,5,5,East,1471,Sq-ft,New Construction,The society has 2 lifts in each tower. The interior of the Unit is furnished with Vitrified flooring.,16000,50000,2000,11,3,,No,No,No,"Intercom Facility, RO Water System, Conference Room, Jogging and Strolling Track",False,False,Owner,82,Immediately,2026-03-13T21:30:47.000Z,"Mar 14, '26",True
hJJ5sq1uhdNzpSvf+uAgZw==,Magicbricks,https://www.magicbricks.com/property-details/3-BHK-2000-Sq-ft-Multistorey-Apartment-FOR-Rent-Yendada-in-Visakhapatnam&id=4d423832333535373739,2026-04-19 13:52:16,17.7771215,83.3615748,,Yendada,"Visakhapatnam, Andhra Pradesh",,,,Apartment,Semi-Furnished,1,5,North - East,2000,Sq-ft,New Construction,3 Bed Room with 3 Bathrooms located in a very goodo area walkable from main road very near Gitam college Hall and Living room available exclusive pooja room.,20000,,,10,3,,No,No,No,,False,False,Owner,57,Immediately,2026-02-03T21:30:48.000Z,"Feb 04, '26",True
DNKzSThkAeFzpSvf+uAgZw==,Magicbricks,https://www.magicbricks.com/property-details/3-BHK-1300-Sq-ft-Multistorey-Apartment-FOR-Rent-Pothinamallayya-Palem-in-Visakhapatnam&id=4d423833373930353439,2026-04-19 13:52:16,17.8028841,83.3345424,,satish,"Visakhapatnam, Andhra Pradesh",,,,Apartment,Semi-Furnished,3,5,West,,,Less than 5 years,"Flat is closer to all Schools,hospitals,bus stand, national highway",13000,26000,1500,,2,,No,No,No,,False,False,Owner,69,Select Date,2026-03-15T08:59:31.000Z,"Mar 15, '26",True
F0JtBHib1DtzpSvf+uAgZw==,Magicbricks,https://www.magicbricks.com/property-details/3-BHK-1450-Sq-ft-Multistorey-Apartment-FOR-Rent-Yendada-in-Visakhapatnam&id=4d423833363830343233,2026-04-19 13:52:16,17.7771215,83.3615748,,Yendada,"Srinivasa Arcade, Vivekananda Nagar, next to zoo",,,,Apartment,Semi-Furnished,1,4,West,1450,Sq-ft,10 to 15 years,"3 BHK, Multistorey Apartment is available for Rent in Yendada, Visakhapatnam for 15,000",15000,,1500,10,2,,No,No,No,,False,False,Owner,71,Immediately,2026-03-07T08:36:56.000Z,"Mar 07, '26",True
o7xjL1KoFnpzpSvf+uAgZw==,Magicbricks,https://www.magicbricks.com/property-details/3-BHK-1680-Sq-ft-Multistorey-Apartment-FOR-Rent-Pothinamallayya-Palem-in-Visakhapatnam&id=4d423734313436333933,2026-04-19 13:52:16,17.8028841,83.3345424,,Sagar,411.,,,,Apartment,Unfurnished,4,5,,1680,Sq-ft,5 to 10 years,"Multistorey apartment is available for rent. It covered area of 1680 sq-ft, it is a good location property. Please contact for more details.",14000,30000,1300,8,3,,No,No,No,,False,False,Owner,63,Immediately,2026-02-24T22:30:41.000Z,"Feb 25, '26",True
85P3bYuXtqtzpSvf+uAgZw==,Magicbricks,https://www.magicbricks.com/property-details/3-BHK-1300-Sq-ft-Multistorey-Apartment-FOR-Rent-Sujatha-nagar-in-Visakhapatnam&id=4d423833373737383639,2026-04-19 13:52:16,17.7971716,83.2157985,,Sujatha nagar,Sujatha nagar,,,,Apartment,Semi-Furnished,1,5,,1300,Sq-ft,New Construction,Mobile Number - Seven Nine Eight One Four Five Zero Eight Four Five,11000,,,8,2,,No,No,No,,False,False,Owner,58,Immediately,2026-03-14T07:38:56.000Z,"Mar 14, '26",True
15Ly4e7PmJVzpSvf+uAgZw==,Magicbricks,https://www.magicbricks.com/property-details/3-BHK-1350-Sq-ft-Multistorey-Apartment-FOR-Rent-Seetamma-Peta-in-Visakhapatnam&id=4d423833363232313333,2026-04-19 13:52:16,17.731926,83.310123,,Anil,402.,,,,Apartment,Unfurnished,4,4,East,1350,Sq-ft,10 to 15 years,"3 BHK Apartment for Rent in Dwarakanagar, VisakhapatnamSpacious 3BHK flat with 1100 sq. ft. carpet area, Vastucompliant, available for rent in the heart of Dwarakanagar, Vizag.Suitable for both families and bachelors.Located in a prime locality with excellent connectivityclose to Vizag Bus Stand, major colleges, hospitals, educational institutions, and National Highway.Ideal for those looking for convenience and easy access to key city amenities.",25000,,,19,2,1 Covered,No,No,No,,False,False,Owner,91,Immediately,2026-03-03T04:25:40.000Z,"Mar 03, '26",True
Za7ZZMWINhFzpSvf+uAgZw==,Magicbricks,https://www.magicbricks.com/property-details/3-BHK-2500-Sq-ft-Multistorey-Apartment-FOR-Rent-Asilmetta-in-Visakhapatnam&id=4d423439383336343434,2026-04-19 13:52:16,17.728389,83.3159536,,Asilmetta,dwarakanagar,,,,Apartment,Furnished,5,5,,2500,Sq-ft,5 to 10 years,"3 BHK, Multistorey Apartment is available for Rent in Asilmetta, Visakhapatnam for 25,000",25000,100000,1500,10,3,,No,No,No,,False,False,Owner,58,Immediately,2026-03-10T16:35:44.000Z,"Mar 10, '26",True
vYw66rnSFR9zpSvf+uAgZw==,Magicbricks,https://www.magicbricks.com/property-details/3-BHK-1325-Sq-ft-Multistorey-Apartment-FOR-Rent-Maddilapalem-in-Visakhapatnam&id=4d423834303231363337,2026-04-19 13:52:16,17.7374669,83.3214858,,Maddilapalem,"101, AR Residency, Maddilapalem, visakhapatnam",19206|CMR CENTRAL,,,Apartment,Furnished,5,5,,,,Less than 5 years,"3 BHK, Multistorey Apartment is available for Rent in Maddilapalem, Visakhapatnam for 21,000",21000,,1500,,2,,No,No,No,,False,False,Owner,51,Immediately,2026-04-01T09:32:49.000Z,"Apr 01, '26",True
GDgdMyivg09zpSvf+uAgZw==,Magicbricks,https://www.magicbricks.com/property-details/3-BHK-1423-Sq-ft-Multistorey-Apartment-FOR-Rent-Yendada-in-Visakhapatnam&id=4d423831333231313137,2026-04-19 13:52:16,17.7771215,83.3615748,,Yendada,Yendada visakhapatnam,,,,Apartment,Semi-Furnished,1,10,,,,New Construction,Multistorey apartment is available for rent. It is a good location property. Please contact for more details.,25000,75000,2000,,2,,No,No,No,,False,False,Owner,40,Immediately,2026-03-17T21:30:34.000Z,"Mar 18, '26",True
mCWdNA3WMhNzpSvf+uAgZw==,Magicbricks,https://www.magicbricks.com/property-details/3-BHK-1365-Sq-ft-Multistorey-Apartment-FOR-Rent-Bakkannapalem-in-Visakhapatnam&id=4d423833383239313939,2026-04-19 13:52:16,17.814788,83.34287,,SATISH GUDA,Opp SBI BAKKANAPALEM,,,,Apartment,Semi-Furnished,5,5,South,1365,Sq-ft,New Construction,"3 BHK, Multistorey Apartment is available for Rent in Bakkannapalem, Visakhapatnam for 15,000",15000,,,11,2,,No,No,No,,False,False,Owner,41,Immediately,2026-03-18T03:31:32.000Z,"Mar 18, '26",True
XNsQUC+FNGxzpSvf+uAgZw==,Magicbricks,https://www.magicbricks.com/property-details/3-BHK-1400-Sq-ft-Multistorey-Apartment-FOR-Rent-Kurmannapalem-in-Visakhapatnam&id=4d423536333637393931,2026-04-19 13:52:16,17.698036,83.15954,,Kurmannapalem,"201, 3BHK, Saikiran bhavan, Road no 9 Bharathnagar, ITI raod",,,,Apartment,Unfurnished,2,6,,1400,Sq-ft,Less than 5 years,"3 BHK, Multistorey Apartment is available for Rent in Kurmannapalem, Visakhapatnam for 9,000",9000,,,6,2,,No,No,No,,False,False,Owner,51,Immediately,2026-03-20T21:30:44.000Z,"Mar 21, '26",True
QYCSYyq/hX1zpSvf+uAgZw==,Magicbricks,https://www.magicbricks.com/property-details/3-BHK-1688-Sq-ft-Multistorey-Apartment-FOR-Rent-Vizag-in-Visakhapatnam&id=4d423733393434323633,2026-04-19 13:52:16,17.6868159,83.2184815,,Vizag,"Visakhapatnam, Andhra Pradesh",,,,Apartment,Unfurnished,1,8,,1688,Sq-ft,5 to 10 years,It is a well maintained gated society in close proximity to Gangavaram Port,20000,45000,2250,12,3,,Yes,No,No,"Service/Goods Lift, Visitor Parking, Jogging and Strolling Track, Island Kitchen Layout",False,False,Owner,74,Immediately,2026-04-01T16:13:07.000Z,"Apr 01, '26",True
MPc01olo7AtzpSvf+uAgZw==,Magicbricks,https://www.magicbricks.com/property-details/3-BHK-1600-Sq-ft-Multistorey-Apartment-FOR-Rent-Madhurwada-in-Visakhapatnam&id=4d423834303638383131,2026-04-19 13:52:16,17.8224722,83.3522229,,Madhurawada, Madhurwada,19202|APSWR Centre of Excellence,,,Apartment,Furnished,1,5,North - East,1600,Sq-ft,Less than 5 years,"3 BHK, Multistorey Apartment is available for Rent in Madhurwada, Visakhapatnam for 22,500",22500,45000,2700,14,3,,No,No,No,"Air Conditioned, Banquet Hall, Jogging and Strolling Track, Outdoor Tennis Courts",False,False,Owner,75,Select Date,2026-04-04T06:24:58.000Z,"Apr 04, '26",True
nceGHkHiKL1zpSvf+uAgZw==,Magicbricks,https://www.magicbricks.com/property-details/3-BHK-1500-Sq-ft-Multistorey-Apartment-FOR-Rent-Paradesipalem-in-Visakhapatnam&id=4d423639303632393639,2026-04-19 13:52:16,17.857523,83.366528,,ESWAR,Block B 110,,,,Apartment,Furnished,1,5,East,1500,Sq-ft,New Construction,"3 BHK, Multistorey Apartment is available for Rent in Paradesipalem, Visakhapatnam for 18,000",18000,100000,1500,12,2,1 Covered,Yes,No,No,Jogging and Strolling Track,False,False,Owner,90,Immediately,2026-03-21T22:30:36.000Z,"Mar 22, '26",True
/CwwQ1Rnb6ZzpSvf+uAgZw==,Magicbricks,https://www.magicbricks.com/property-details/3-BHK-1500-Sq-ft-Multistorey-Apartment-FOR-Rent-Pothinamallayya-Palem-in-Visakhapatnam&id=4d423830313136323131,2026-04-19 13:52:16,17.8028841,83.3345424,,Chandra sekhar,Pothinamallayya Palem,,,,Apartment,Furnished,1,5,North - East,1500,Sq-ft,5 to 10 years,cc camera is also available spacious rooms and seperate puja room and cupboard in all rooms and fans and lights also available through the house,18000,50000,1000,12,2,,No,No,No,,False,False,Owner,80,Immediately,2026-03-15T22:30:40.000Z,"Mar 16, '26",True
vtcURNPWyPlzpSvf+uAgZw==,Magicbricks,https://www.magicbricks.com/property-details/3-BHK-1800-Sq-ft-Multistorey-Apartment-FOR-Rent-Midhilapuri-Vuda-Colony-in-Visakhapatnam&id=4d423634353434383931,2026-04-19 13:52:16,17.8030688,83.3541762,,Gopal Sripada,"Visakhapatnam, Andhra Pradesh",,,,Apartment,Semi-Furnished,Ground,4,North,1800,Sq-ft,Less than 5 years,"3 BHK, Multistorey Apartment is available for Rent in Midhilapuri Vuda Colony, Visakhapatnam for 20,000",20000,,,11,3,"1 Covered, 1 Open",No,No,No,,False,False,Owner,68,Immediately,2026-03-29T06:02:22.000Z,"Mar 29, '26",True
05ZGgTcSoMdzpSvf+uAgZw==,Magicbricks,https://www.magicbricks.com/property-details/3-BHK-1600-Sq-ft-Multistorey-Apartment-FOR-Rent-Yendada-in-Visakhapatnam&id=4d423834313531363439,2026-04-19 13:52:16,17.7771215,83.3615748,,Yendada,"Sri Vigneswara Empire, Near Canara bank, Yendada",,,,Apartment,Semi-Furnished,3,5,West,,,,"3 BHK, Multistorey Apartment is available for Rent in Yendada, Visakhapatnam for 19,000",19000,,2500,,3,,Yes,No,No,Service/Goods Lift,False,False,Owner,66,Immediately,2026-04-08T19:43:56.000Z,"Apr 09, '26",True
CBR6+5G1eehzpSvf+uAgZw==,Magicbricks,https://www.magicbricks.com/property-details/3-BHK-1458-Sq-ft-Multistorey-Apartment-FOR-Rent-Madhurwada-in-Visakhapatnam&id=4d423834313039383635,2026-04-19 13:52:16,17.8224722,83.3522229,,Madhurawada,"100 ft road, yendada, Madhurwada, visakhapatnam, 530045",19202|APSWR Centre of Excellence,,,Apartment,Semi-Furnished,11,16,,1458,Sq-ft,,"3 BHK, Multistorey Apartment is available for Rent in Madhurwada, Visakhapatnam for 18,000",18000,42000,3000,12,2,,No,No,No,,False,False,Owner,38,Select Date,2026-04-06T16:32:51.000Z,"Apr 06, '26",True
hEAoQkvuwXRzpSvf+uAgZw==,Magicbricks,https://www.magicbricks.com/property-details/3-BHK-1350-Sq-ft-Multistorey-Apartment-FOR-Rent-Gajwaka-Jn.-in-Visakhapatnam&id=4d423638303638343539,2026-04-19 13:52:16,17.7,83.2167,,Gajwaka Jn.,Signature block,,,,Apartment,Semi-Furnished,2,5,East,1350,Sq-ft,New Construction,"3 BHK, Multistorey Apartment is available for Rent in Gajwaka Jn., Visakhapatnam for 15,000",15000,30000,1500,11,2,,Yes,No,No,Service/Goods Lift,False,False,Owner,69,Immediately,2026-04-07T22:30:46.000Z,"Apr 08, '26",True
wVvDopvDAN1zpSvf+uAgZw==,Magicbricks,https://www.magicbricks.com/property-details/3-BHK-1360-Sq-ft-Multistorey-Apartment-FOR-Rent-Kurmannapalem-in-Visakhapatnam&id=4d423335323538373539,2026-04-19 13:52:16,17.698036,83.15954,,Kurmannapalem,"302, 2nd Floor (Block D), Green City Towers, Kurmannapalem",,,,Apartment,Semi-Furnished,2,5,East,1360,Sq-ft,5 to 10 years,"302, 2nd Floor (Block D), Green City Towers, Kurmannapalem, Visakhapatnam, Andhra Pradesh. This east facing 1360 sq ft, 3-bedroom + 2 bath room flat is located in a secure gated community with 24hrs security, lift , water and in the midst of all luxurious amenities like Green City International school, Club house, Sri Venkateshwara Temple, vegetable/shopping market, gym & park. This unit comes with a cellar car park. The flat boosts of complete cupboard work and adheres 100% to Vasstu principles with ample natural light & ventilation. Duvvada railway st & Vignan collg is within 3km.",13000,39000,1200,10,2,1 Covered,Yes,Yes,No,Jogging and Strolling Track,False,False,Owner,94,Immediately,2026-04-09T11:07:41.000Z,"Apr 09, '26",True
Bz8YElEyDABzpSvf+uAgZw==,Magicbricks,https://www.magicbricks.com/property-details/3-BHK-1626-Sq-ft-Multistorey-Apartment-FOR-Rent-Gajwaka-Jn.-in-Visakhapatnam&id=4d423734323632333239,2026-04-19 13:52:16,17.7,83.2167,,Gajwaka Jn.,"Flat Number - 211, Krishna Block",,,,Apartment,Furnished,2,5,,1626,Sq-ft,Less than 5 years,"3 BHK, Multistorey Apartment is available for Rent in Gajwaka Jn., Visakhapatnam for 14,500",14500,30000,1500,9,3,,No,No,No,,False,False,Owner,60,Immediately,2026-04-07T22:30:47.000Z,"Apr 08, '26",True
w+y/JLd7Bf5zpSvf+uAgZw==,Magicbricks,https://www.magicbricks.com/property-details/3-BHK-1560-Sq-ft-Multistorey-Apartment-FOR-Rent-Yendada-in-Visakhapatnam&id=4d423834303930383935,2026-04-19 13:52:16,17.7771215,83.3615748,,Yendada,"Visakhapatnam, Andhra Pradesh",,,,Apartment,Furnished,5,5,East,1560,Sq-ft,Less than 5 years,"3 BHK, Multistorey Apartment is available for Rent in Yendada, Visakhapatnam for 23,000",23000,46000,2000,15,2,,Yes,No,No,Intercom Facility,False,False,Owner,61,Immediately,2026-04-05T16:38:52.000Z,"Apr 05, '26",True
N5f9F+ijWEZzpSvf+uAgZw==,Magicbricks,https://www.magicbricks.com/property-details/3-BHK-1800-Sq-ft-Multistorey-Apartment-FOR-Rent-Maharani-Peta-in-Visakhapatnam&id=4d423631303439353835,2026-04-19 13:52:16,17.711611,83.313483,,Maharani Peta,"Garuda Enclave, Anthony Nagar , Visakhapatnam -2",,,,Apartment,Unfurnished,3,5,East,1800,Sq-ft,10 to 15 years,3 bed room flat for rent. Lift not available,20000,,750,11,2,,No,No,No,,False,False,Owner,68,Immediately,2026-04-09T16:59:31.000Z,"Apr 09, '26",True
HTsRYXqzcJZzpSvf+uAgZw==,Magicbricks,https://www.magicbricks.com/property-details/2-BHK-1280-Sq-ft-Multistorey-Apartment-FOR-Rent-Madhurwada-in-Visakhapatnam&id=4d423832393434383937,2026-04-19 13:52:16,17.8224722,83.3522229,,Madhurawada,midilapuri vuda colony,19202|APSWR Centre of Excellence,,,Apartment,Semi-Furnished,9,15,West,1280,Sq-ft,New Construction,indiabulls Sierra midilapuri vuda colony mega gated community best location and best quality of construction,20000,40000,4000,16,2,,No,No,No,"Intercom Facility, RO Water System, Jogging and Strolling Track",True,True,Agent,80,Immediately,2026-02-20T01:30:24.000Z,"Feb 20, '26",True
xM7MCb/Q2mdzpSvf+uAgZw==,Magicbricks,https://www.magicbricks.com/property-details/3-BHK-1600-Sq-ft-Multistorey-Apartment-FOR-Rent-Yendada-in-Visakhapatnam&id=4d423530333036323438,2026-04-19 13:52:16,17.7771215,83.3615748,,Yendada,"Visakhapatnam, Andhra Pradesh",,,,Apartment,Furnished,2,5,North,1600,Sq-ft,Less than 5 years,"3 BHK, Multistorey Apartment is available for Rent in Yendada, Visakhapatnam for 20,000",20000,,,12,3,,No,No,No,,False,False,Owner,64,Immediately,2026-04-05T21:30:35.000Z,"Apr 06, '26",True
1+Rv9KyNmD9zpSvf+uAgZw==,Magicbricks,https://www.magicbricks.com/property-details/3-BHK-1395-Sq-ft-Multistorey-Apartment-FOR-Rent-PM-Palem-in-Visakhapatnam&id=4d423436393836343431,2026-04-19 13:52:16,17.7992275,83.3525473,,PM Palem,"Sai Balaji Paradise, Ashok Nagar Rd no. 2, PM Palem",,,,Apartment,Semi-Furnished,5,5,South,,,5 to 10 years,We have done woodwork inside the flat with ceiling lights as well. There will be an A.C. as well the utility also has a stainless steel grill as well.,10000,20000,1200,,2,,Yes,No,No,Air Conditioned,False,False,Owner,71,Immediately,2026-04-07T22:30:45.000Z,"Apr 08, '26",True
wfbDNWBmosxzpSvf+uAgZw==,Magicbricks,https://www.magicbricks.com/property-details/3-BHK-1315-Sq-ft-Multistorey-Apartment-FOR-Rent-Chandrampalem-in-Visakhapatnam&id=4d423631393131373733,2026-04-19 13:52:16,17.807851,83.356793,,Suresh,"1-49, NH16,Vasundhara Nagar, Pothinamallayya Palem, Visakhapatnam, Andhra Pradesh 530041httpsshare.googlexwg3lLXR5RIoTZDUx",,,,Apartment,Furnished,2,14,East,1315,Sq-ft,Less than 5 years,"Quick overview of MVV CityMVV City is a mega world located in Visakhapatnam, constructed by MVV Builders this project features an outstanding design with the amalgamation of modern amenities. This project area is 10 acres and includes total 1428 3 BHK apartments distributed in its 12 towers. MVV City Madhrawada, in Visakhapatnam, is one of the biggest and wellplanned residential society of this location. The residential apartments at this project come with contemporary design and latest amenities like open space, 2 level parking space, beautiful view of greenery and park, and secure .",25000,44000,2000,19,2,1 Covered,No,No,No,"Laundry Service, Banquet Hall, Jogging and Strolling Track, Outdoor Tennis Courts",False,False,Owner,100,Immediately,2026-04-05T22:30:41.000Z,"Apr 06, '26",True
7jGvlJAXg1FzpSvf+uAgZw==,Magicbricks,https://www.magicbricks.com/property-details/3-BHK-1680-Sq-ft-Multistorey-Apartment-FOR-Rent-Sheelanagar-in-Visakhapatnam&id=4d423136303236393230,2026-04-19 13:52:16,17.718522,83.1983904,,Sheelanagar,"205, c block.",,,,Apartment,Semi-Furnished,2,5,South,1680,Sq-ft,10 to 15 years,"3br flat with car parking space,with all amenities and park.",17000,34000,1500,10,3,1 Open,No,No,No,"Laundry Service, Banquet Hall, Jogging and Strolling Track, Outdoor Tennis Courts",False,False,Owner,92,Immediately,2026-04-10T21:30:42.000Z,"Apr 11, '26",True
GLQ8VKg1dUFzpSvf+uAgZw==,Magicbricks,https://www.magicbricks.com/property-details/3-BHK-1350-Sq-ft-Multistorey-Apartment-FOR-Rent-Madhurwada-in-Visakhapatnam&id=4d423834323038303233,2026-04-19 13:52:16,17.8224722,83.3522229,,Madhurawada,madhurwada vizag,19202|APSWR Centre of Excellence,,,Apartment,Semi-Furnished,3,6,,1350,Sq-ft,New Construction,"3 BHK, Multistorey Apartment is available for Rent in Madhurwada, Visakhapatnam for 18,000",18000,,,13,2,,No,No,No,"Laundry Service, Banquet Hall, Jogging and Strolling Track, Outdoor Tennis Courts",False,False,Owner,67,Immediately,2026-04-12T10:39:12.000Z,"Apr 12, '26",True
Bw+czh9dcZlzpSvf+uAgZw==,Magicbricks,https://www.magicbricks.com/property-details/3-BHK-1500-Sq-ft-Multistorey-Apartment-FOR-Rent-Kurmannapalem-in-Visakhapatnam&id=4d423736323933343531,2026-04-19 13:52:16,17.698036,83.15954,,Kurmannapalem,"Visakhapatnam, Andhra Pradesh",,,,Apartment,Furnished,5,5,,1500,Sq-ft,10 to 15 years,A spacious 3bhk fully furnished apartment with attached bathrooms .. provided with wardrobes with all amenities..,16000,34000,,11,3,,Yes,No,Yes,Service/Goods Lift,False,False,Owner,67,Immediately,2026-04-15T04:55:33.000Z,"Apr 15, '26",True
BQDhg6IDAdhzpSvf+uAgZw==,Magicbricks,https://www.magicbricks.com/property-details/3-BHK-1500-Sq-ft-Multistorey-Apartment-FOR-Rent-Madhurwada-in-Visakhapatnam&id=4d423833373432303031,2026-04-19 13:52:16,17.8224722,83.3522229,,Madhurawada,madhurawada double road,19202|APSWR Centre of Excellence,,,Apartment,Semi-Furnished,7,15,,1500,Sq-ft,New Construction,"close proximity to IT corridor, in the midst of green corridor with fresh Breeze, 2Kms to beach",25000,50000,5000,17,2,,Yes,No,No,"Service/Goods Lift, Intercom Facility, Banquet Hall, Bar/Lounge",False,False,Owner,79,Immediately,2026-04-14T22:30:48.000Z,"Apr 15, '26",True
Eaxpac1n3n5zpSvf+uAgZw==,Magicbricks,https://www.magicbricks.com/property-details/3-BHK-1618-Sq-ft-Multistorey-Apartment-FOR-Rent-Madhurwada-in-Visakhapatnam&id=4d423736373738363537,2026-04-19 13:52:16,17.8224722,83.3522229,,Madhurawada,"Indiabulls Sierra,11 100 FT IT park road indiabulls real estate,120,Midhilapuri Vuda Colony,Madhurawada , Vishakapatnam-530041",19202|APSWR Centre of Excellence,,,Apartment,Semi-Furnished,2,15,East,1618,Sq-ft,New Construction,"Rent negotiable for the right party. Semi furnished flat. Flat ready to occupy from 1st Jan,2025, Proper agreement to be completed,2 months advance to be given",24000,,,15,3,,Yes,No,No,Jogging and Strolling Track,False,False,Owner,70,Immediately,2026-04-14T10:06:43.000Z,"Apr 14, '26",True
LYyux3lTpuxzpSvf+uAgZw==,Magicbricks,https://www.magicbricks.com/property-details/3-BHK-1060-Sq-ft-Multistorey-Apartment-FOR-Rent-Akkayyapalem-in-Visakhapatnam&id=4d423831363330363835,2026-04-19 13:52:16,17.7367389,83.3000947,,Akkayyapalem,"49-36-39, near Chaitnya Unique School, Akkayyapalem, Visakhapatnam, Andhra Pradesh",,,,Apartment,Semi-Furnished,1,4,West,1060,Sq-ft,,Multistorey apartment is available for rent. It is a good location property. Please contact for more details.,21000,,2000,20,2,,No,No,No,,False,False,Owner,78,Immediately,2026-04-13T03:37:27.000Z,"Apr 13, '26",True
Wr+3vWKPDztzpSvf+uAgZw==,Magicbricks,https://www.magicbricks.com/property-details/3-BHK-1300-Sq-ft-Multistorey-Apartment-FOR-Rent-Sujatha-nagar-in-Visakhapatnam&id=4d423833373737373333,2026-04-19 13:52:16,17.7971716,83.2157985,,Sujatha nagar,"Sujatha Nagar, Pendurthi, Visakhapatnam, Andhra Pradesh",,,,Apartment,Semi-Furnished,5,5,East,1300,Sq-ft,5 to 10 years,"This apartment is ideal for families who prefer a peaceful lifestyle away from city noise while still staying well connected. The flat is wellventilated, Vastucompliant, and receives ample natural sunlight throughout the day. The pleasant breeze from the nearby hills makes the evenings especially refreshing.While the location offers a calm and nature friendly environment, it remains convenient for daily living, with most online service providers and essential deliveries easily accessible within the apartment complex.",13000,39000,1000,10,3,1 Covered,No,No,No,,False,False,Owner,98,Immediately,2026-04-17T15:33:22.000Z,"Apr 17, '26",True
S2LqzffmlCVzpSvf+uAgZw==,Magicbricks,https://www.magicbricks.com/property-details/3-BHK-1300-Sq-ft-Multistorey-Apartment-FOR-Rent-Gajuwaka-in-Visakhapatnam&id=4d423530343135343134,2026-04-19 13:52:16,17.688112,83.213121,,bhuvana,Gajuwaka,19202|Timpany Steel City School,,,Apartment,Semi-Furnished,2,3,West,1300,Sq-ft,Less than 5 years,"Hurry up to seal the opportunity of renting this property built as per vaastu norms. Situated in one of the prime locations of K3 Mansion, Gajuwaka, Visakhapatnam, this 3BHK apartment is well-maintained. If you are looking for rental accommodation that is affordable and treats you with all the comforts of life, then you are at the right place.Property specificationCrafted to perfection, this beautiful flat consists of 2 main doors, one facing the east direction and another is facing the west direction. Well-placed on the middle floor of a 3-floor building, this abode is blessed with ample fresh breeze, thereby providing a pleasant home ambiance to its residents. The floor configuration of this abode comprises 3 bedrooms, 3 bathrooms, 2 balconies, a living area, dining area, and a kitchen. Adding to the overall look, the flooring of this abode is flawlessly covered with bright and durable vitrified tiles. To neatly organize all your clothes and other essentials, the bedrooms of this abode are well-furnished with classy and stylish wardrobes. Individually connected to the kitchen and dining area, the charming balconies are the best places to enjoy a beverage. Styled in a western manner, 2 bathrooms are attached while the 3rd one is available for common use. Cooking can be a fun experience in the kitchen that is well-designed with cabinets, granite platform and a sink. FacilitiesNotable facilities like 1 covered car parking space, 2 wheeler parking space, 24 hours borewell and municipal water supply and lift are provided. There will be a watchman available to safeguard the property.LocalityFor swift transport to other locations, public transport like autos, taxis and local buses are easily available. Banking needs will be fulfilled easily as there are banks and ATMs located within the vicinity. Various prominent educational institutions can be found within 500m to 1km, those include Chalapathi School, Ravindra Bharathi Global School, SFS School, Timpany School, Sri Chaitanya Techno School and Sri Chaitanya Junior College. One can also locate Oak Valley International School around 859 mts and CMR Central at 1kmAlso, well-equipped hospitals like RK Hospital, Sujatha hospital and Dr. D Sandhya Sree are located within 500m to 1km. Shopping centers like More Super Market, Vuda Colony Junction and many more are situated within the vicinity.",15500,28000,1000,12,2,,No,No,No,,False,False,Owner,87,Immediately,2026-04-13T22:30:35.000Z,"Apr 14, '26",True
62FHAtZOX3hzpSvf+uAgZw==,Magicbricks,https://www.magicbricks.com/property-details/3-BHK-1300-Sq-ft-Multistorey-Apartment-FOR-Rent-Madhurwada-in-Visakhapatnam&id=4d423832393731333837,2026-04-19 13:52:16,17.8224722,83.3522229,,Madhurawada,"anand sree residency, near rd conventions",19202|APSWR Centre of Excellence,,,Apartment,Semi-Furnished,4,4,East,1300,Sq-ft,5 to 10 years,"3 BHK, Multistorey Apartment is available for Rent in Madhurwada, Visakhapatnam for 12,000",12000,26000,1000,9,2,,No,No,No,,False,False,Owner,64,Immediately,2026-04-15T21:31:55.000Z,"Apr 16, '26",True
/nzteqiOUZxzpSvf+uAgZw==,Magicbricks,https://www.magicbricks.com/property-details/3-BHK-1315-Sq-ft-Multistorey-Apartment-FOR-Rent-Seethammadhara-in-Visakhapatnam&id=4d423833363534303435,2026-04-19 13:52:16,17.7429031,83.3081172,,Seethammadhara,"Visakhapatnam, Andhra Pradesh",,,,Apartment,Semi-Furnished,3,5,,,,10 to 15 years,"Multistory apartment is available for rent. It has a carpet area of 1315 sq-ft, it is a good location. Please contact for more details.",20000,,,,3,,No,No,No,,False,False,Owner,33,Immediately,2026-03-05T16:22:40.000Z,"Mar 05, '26",True
MzF7Hx/wmwlzpSvf+uAgZw==,Magicbricks,https://www.magicbricks.com/property-details/3-BHK-1305-Sq-ft-Multistorey-Apartment-FOR-Rent-Doctor-NTR-Beach-Road-in-Visakhapatnam&id=4d423532303834323237,2026-04-19 13:52:16,17.8128776087318,83.4080136730208,,Doctor NTR Beach Road,"Visakhapatnam, Andhra Pradesh",,,,Apartment,Semi-Furnished,3,5,,1305,Sq-ft,,"3 BHK, Multistorey Apartment is available for Rent in Doctor NTR Beach Road, Visakhapatnam for 12,000",12000,,,9,3,,No,No,No,,False,False,Owner,28,Immediately,2026-03-22T21:30:43.000Z,"Mar 23, '26",True
oIehR+5WRulzpSvf+uAgZw==,Magicbricks,https://www.magicbricks.com/property-details/3-BHK-1520-Sq-ft-Multistorey-Apartment-FOR-Rent-MVP-Colony-in-Visakhapatnam&id=4d423632303035363531,2026-04-19 13:52:16,17.7422936,83.3335151,,MVP Colony,"Visakhapatnam, Andhra Pradesh",,,,Apartment,Semi-Furnished,1,2,,1520,Sq-ft,,"3 BHK, Multistorey Apartment is available for Rent in MVP Colony, Visakhapatnam for 22,917",22917,,,15,2,,No,No,No,,False,False,Owner,26,Immediately,2026-04-10T17:31:25.000Z,"Apr 10, '26",True
q4cQ0TbXAP1zpSvf+uAgZw==,Magicbricks,https://www.magicbricks.com/property-details/3-BHK-1440-Sq-ft-Multistorey-Apartment-FOR-Rent-Maddilapalem-in-Visakhapatnam&id=4d423537353731353033,2026-04-19 13:52:16,17.7374669,83.3214858,,Maddilapalem,"flat 101, opp Saibaba Temple, Pithapuram Colony,  Vizag",19206|CMR CENTRAL,,,Apartment,Semi-Furnished,1,4,,,,5 to 10 years,"well maintained, good ventilation, heart of city",22000,44000,1300,,3,,No,No,No,,False,False,Owner,52,Immediately,2026-03-21T21:30:36.000Z,"Mar 22, '26",True
ftop3sGoqGRzpSvf+uAgZw==,Magicbricks,https://www.magicbricks.com/property-details/3-BHK-1750-Sq-ft-Multistorey-Apartment-FOR-Rent-Paradesipalem-in-Visakhapatnam&id=4d423832343634313635,2026-04-19 13:52:16,17.857523,83.366528,,N N Murty,Paradesipalem,,,,Apartment,Semi-Furnished,2,5,East,1750,Sq-ft,New Construction,"Cupboards under construction with locker fecility. Likely completion in a week by Feb 10, 2026. Semi commercial highway facing balcony",16000,,,9,3,1 Covered,No,No,No,,False,False,Owner,58,Immediately,2026-04-16T21:30:44.000Z,"Apr 17, '26",True
d53GEd9b7t1zpSvf+uAgZw==,Magicbricks,https://www.magicbricks.com/property-details/3-BHK-200-Sq-ft-Multistorey-Apartment-FOR-Rent-Siri-Puram-in-Visakhapatnam&id=4d423639303536353139,2026-04-19 13:52:16,17.720372,83.3168071,,Siri Puram,"Visakhapatnam, Andhra Pradesh",,,,Apartment,Semi-Furnished,,,,200,Sq-ft,,"3 BHK, Multistorey Apartment is available for Rent in Siri Puram, Visakhapatnam",,,,,3,,No,No,No,,False,False,Owner,21,Immediately,2026-03-23T21:33:59.000Z,"Mar 24, '26",True
ZYnYVe3CPW5zpSvf+uAgZw==,Magicbricks,https://www.magicbricks.com/property-details/3-BHK-1350-Sq-ft-Multistorey-Apartment-FOR-Rent-Kurmannapalem-in-Visakhapatnam&id=4d423833333131363237,2026-04-19 13:52:16,17.698036,83.15954,,Kurmannapalem,"Visakhapatnam, Andhra Pradesh",,,,Apartment,Semi-Furnished,3,5,,1350,Sq-ft,5 to 10 years,Right on the main road. Road facing balcony facing Zudio.,13000,25000,1500,10,2,1 Covered,No,No,No,,False,False,Owner,85,Immediately,2026-04-01T21:30:38.000Z,"Apr 02, '26",True
PGSLrxO7wjVzpSvf+uAgZw==,Magicbricks,https://www.magicbricks.com/property-details/3-BHK-1325-Sq-ft-Multistorey-Apartment-FOR-Rent-Car-Shed-Road-in-Visakhapatnam&id=4d423734343035363637,2026-04-19 13:52:16,17.804218,83.346234,,Dynamik Property Management Services,"Flat No.406 ,2nd bus stop, SBI Layout, Pmpalem",,,,Apartment,Semi-Furnished,4,5,East,1325,Sq-ft,New Construction,"his beautifully designed flat is ideally situated just 2 km from the Cricket Stadium and DMart, ensuring youre never far from the action. The property is also within close proximity to schools, engineering colleges, banks, and shopping centers, making it a highly convenient choice for families and professionals alike.Nestled in a pleasant and peaceful area, this flat boasts excellent ventilation, with roads on three sides ensuring ample natural light and fresh air throughout the day. The interiors are tastefully designed, offering a modern and comf",14000,28000,1000,11,2,1 Covered,No,No,No,,True,True,Agent,91,Immediately,2026-03-09T07:24:31.000Z,"Mar 09, '26",True
tA8u2tMFWn1zpSvf+uAgZw==,Magicbricks,https://www.magicbricks.com/property-details/3-BHK-1430-Sq-ft-Multistorey-Apartment-FOR-Rent-Resapuvanipalem-in-Visakhapatnam&id=4d423632323437373835,2026-04-19 13:52:16,17.73364,83.316,,P J G Gupta Gupta,"Flat no 508, Aspen Residency, D No 52-10-3244",19202|Sri Sarada Vidya Nilayam,,,Apartment,Semi-Furnished,5,5,,,,15 to 20 years,"3 BHK, Multistorey Apartment is available for Rent in Resapuvanipalem, Visakhapatnam for 18,000",18000,54000,1200,,3,,No,No,No,,True,True,Owner,36,Immediately,2026-03-28T02:13:29.000Z,"Mar 28, '26",True
TxPnC5+QyQ1zpSvf+uAgZw==,Magicbricks,https://www.magicbricks.com/property-details/3-BHK-1600-Sq-ft-Multistorey-Apartment-FOR-Rent-Sujatha-nagar-in-Visakhapatnam&id=4d423831383933373237,2026-04-19 13:52:16,17.7971716,83.2157985,,Sujatha nagar,"Sujatha Nagar, Pendurthi, Visakhapatnam, Andhra Pradesh",,,,Apartment,Semi-Furnished,5,5,East,1600,Sq-ft,5 to 10 years,We are looking for tenants who can take care of the property and live peacefully in this specious well ventilated flat.,13000,39000,1000,8,3,1 Covered,No,No,No,,True,False,Owner,95,Immediately,2026-03-11T21:33:09.000Z,"Mar 12, '26",True
+TfD9oPPSv1zpSvf+uAgZw==,Magicbricks,https://www.magicbricks.com/property-details/3-BHK-1600-Sq-ft-Multistorey-Apartment-FOR-Rent-in-Visakhapatnam&id=4d423833343935363737,2026-04-19 13:52:16,,,,Sudha Sonti,"Visakhapatnam, Andhra Pradesh",,,,Apartment,Semi-Furnished,2,5,,1600,Sq-ft,,"3 BHK, Multistorey Apartment is available for Rent in , Visakhapatnam for 25,000",25000,,,16,3,,No,No,No,,False,False,Owner,26,Immediately,2026-02-21T01:35:13.000Z,"Feb 21, '26",True
UC2r1PIDPEJzpSvf+uAgZw==,Magicbricks,https://www.magicbricks.com/property-details/3-BHK-1200-Sq-ft-Service-Apartment-FOR-Rent-in-Visakhapatnam&id=4d423832373330323439,2026-04-19 13:52:16,,,,Venakata Naidu,Anand Sree residency Madhurwada Durga nagar near Delhi public school,,,,Service Apartment,Semi-Furnished,4,4,East,1200,Sq-ft,5 to 10 years,Property with good location individual walls and nice proerty back side 2 acres of Garden land avaible you will get natural Air,11000,30000,1500,9,2,4 Covered,Yes,No,Yes,Jogging and Strolling Track,False,True,Owner,83,Immediately,2026-02-24T23:31:55.000Z,"Feb 25, '26",True
G/N3k30crVZzpSvf+uAgZw==,Magicbricks,https://www.magicbricks.com/property-details/3-BHK-1640-Sq-ft-Multistorey-Apartment-FOR-Rent-Madhurwada-in-Visakhapatnam&id=4d423832343531323037,2026-04-19 13:52:16,17.8224722,83.3522229,,Madhurawada,"Revallapalem Street No 90, Gandhi Nagar, Madhurawada, Visakhapatnam, Andhra Pradesh",19202|APSWR Centre of Excellence,,,Apartment,Semi-Furnished,Ground,5,,1640,Sq-ft,5 to 10 years,"This is an excellent property in Revallapalem, very close to the DMart and Gayathri Engineering College.",12000,36000,1500,7,3,1 Covered,No,No,No,,True,True,Agent,76,Immediately,2026-03-09T07:25:18.000Z,"Mar 09, '26",True
cAZMRJPRVrdzpSvf+uAgZw==,Magicbricks,https://www.magicbricks.com/property-details/1-BHK-700-Sq-ft-Residential-House-FOR-Rent-Chinna-Waltair-in-Visakhapatnam&id=4d423834313731363931,2026-04-19 13:52:16,17.723357,83.333895,,Suresh,8-42-42/1.,,,,Residential House,Semi-Furnished,,,,700,Sq-ft,New Construction,"The 1 BHK house is currently available for rent in Chinna Waltair. The monthly rental of the house is ₹8,000. This house is situated at 8-42-42/1., Chinna Waltair, Visakhapatnam, Andhra Pradesh.",8000,,,11,1,,No,No,No,,False,True,Owner,28,Immediately,2026-04-10T04:56:21.000Z,"Apr 10, '26",True
TmXrPDQ40LRzpSvf+uAgZw==,Magicbricks,https://www.magicbricks.com/property-details/1-BHK-750-Sq-ft-Residential-House-FOR-Rent-Akkayyapalem-in-Visakhapatnam&id=4d423834303939333239,2026-04-19 13:52:16,17.7367389,83.3000947,,Akkayyapalem,sai baba temple behind,,,,Residential House,Unfurnished,,,South - East,750,Sq-ft,Less than 5 years,"we have a fitness park You can find this 1 BHK rental house in the main area of Akkayyapalem. The house is available at a monthly rental price of ₹10,000. This house is located at sai baba temple behind, Akkayyapalem, Visakhapatnam, Andhra Pradesh.",10000,30000,10000,13,1,,No,No,No,"Jogging and Strolling Track, Outdoor Tennis Courts",False,False,Owner,58,Immediately,2026-04-06T09:16:35.000Z,"Apr 06, '26",True
tpvWnDoaghVzpSvf+uAgZw==,Magicbricks,https://www.magicbricks.com/property-details/1-BHK-1300-Sq-ft-Residential-House-FOR-Rent-Kasimkota-in-Visakhapatnam&id=4d423833393236373735,2026-04-19 13:52:16,17.66993,82.961742,,chakka Satyavathi,"Near Sai Baba temple, Sai nagar colony",,,,Residential House,Semi-Furnished,,,East,1300,Sq-ft,,"Located in Kasimkota, you can find the 1 BHK house available on rent. The monthly rent of the property is ₹5,000. 1 Open parking facility is also available. In addition, the house includes Puja Room. Near Sai Baba temple, Sai nagar colony, Kasimkota, Visakhapatnam, Andhra Pradesh is the address of the house.",5000,,,4,2,1 Open,No,No,No,,False,False,Owner,56,Immediately,2026-03-24T13:02:07.000Z,"Mar 24, '26",True
+zr2SeL1u9xzpSvf+uAgZw==,Magicbricks,https://www.magicbricks.com/property-details/1-BHK-950-Sq-ft-Residential-House-FOR-Rent-Sriharipuram-in-Visakhapatnam&id=4d423834313734343937,2026-04-19 13:52:16,17.433513,78.434887,,Natraj N,"Visakhapatnam, Andhra Pradesh",,,,Residential House,Unfurnished,,,,950,Sq-ft,5 to 10 years,"The 1 BHK house is currently available for rent in Sriharipuram. The monthly rental of the house is ₹6,000. The address of this house is Sriharipuram, Visakhapatnam, Andhra Pradesh.",6000,,1000,6,1,,No,No,No,,False,False,Owner,50,Immediately,2026-04-10T06:29:58.000Z,"Apr 10, '26",True
S8FjgMUUrgZzpSvf+uAgZw==,Magicbricks,https://www.magicbricks.com/property-details/1-BHK-500-Sq-ft-Residential-House-FOR-Rent-Akkireddipalem-in-Visakhapatnam&id=4d423834313131303439,2026-04-19 13:52:16,17.7100579,83.2091036,,Akkireddipalem,1-4-54.,,,,Residential House,Semi-Furnished,,,North - East,500,Sq-ft,5 to 10 years,"Individual house 1st floor with 1 bhk Situated in Akkireddipalem, this 1 BHK individual house is currently available for rent out. The house is available at a monthly rental price of ₹5,000. 1 Open parking facility is also available. The house is fitted with marble flooring. The house is located at 1-4-54., Akkireddipalem, Visakhapatnam, Andhra Pradesh.",5000,10000,200,10,1,1 Open,No,No,No,,False,False,Owner,67,Immediately,2026-04-07T03:04:55.000Z,"Apr 07, '26",True
Tdq2abJCv25zpSvf+uAgZw==,Magicbricks,https://www.magicbricks.com/property-details/1-BHK-500-Sq-ft-Residential-House-FOR-Rent-Seethammadhara-in-Visakhapatnam&id=4d423539303935303931,2026-04-19 13:52:16,17.7429031,83.3081172,,Seethammadhara,North Extension Layout Seethammadhara,,,,Residential House,Semi-Furnished,,,West,500,Sq-ft,New Construction,"You can find this 1 BHK house on rent in a good area of Seethammadhara. The monthly rent is a ₹12,000. The house flooring is made of ceramic tiles. The house also has None of these. The house is located at North Extension Layout Seethammadhara, Seethammadhara, Visakhapatnam, Andhra Pradesh.",12000,,,24,1,,No,No,No,,True,True,Owner,65,Immediately,2026-04-18T23:43:26.000Z,Today,True
2Bu9uvFKb3tzpSvf+uAgZw==,Magicbricks,https://www.magicbricks.com/property-details/1-BHK-1000-Sq-ft-Residential-House-FOR-Rent-Kurmannapalem-in-Visakhapatnam&id=4d423833373837353537,2026-04-19 13:52:16,17.698036,83.15954,,Kurmannapalem,kurmannapalem,,,,Residential House,Semi-Furnished,,,East,1000,Sq-ft,5 to 10 years,"A residential house is available for rent. It is a good location. Please contact for more details.ground floor house You can find this 1 BHK house on rent in a good area of Kurmannapalem. The house is available at the rent of ₹9,000 per month. You will also find Puja Room in the house. The address of the house is kurmannapalem, Kurmannapalem, Visakhapatnam, Andhra Pradesh.",9000,,,9,2,,No,No,No,,False,False,Owner,60,Immediately,2026-03-15T05:25:15.000Z,"Mar 15, '26",True
EF//Y3Q8tSpzpSvf+uAgZw==,Magicbricks,https://www.magicbricks.com/property-details/1-BHK-Residential-House-FOR-Rent-Anakapalli-in-Visakhapatnam&id=4d423833393236383439,2026-04-19 13:52:16,17.686001,83.008781,,Anakapalli,"Visakhapatnam, Andhra Pradesh",,,,Residential House,Semi-Furnished,,,,,,5 to 10 years,"Located in Anakapalli, you can find the 1 BHK house available on rent. The house is available at the rent of ₹5,000 per month. This house is located at Anakapalli, Visakhapatnam, Andhra Pradesh.",5000,10000,,,2,,No,No,No,,False,False,Owner,41,Immediately,2026-03-24T13:10:11.000Z,"Mar 24, '26",True
fWoP6ArOurVzpSvf+uAgZw==,Magicbricks,https://www.magicbricks.com/property-details/1-BHK-1000-Sq-ft-Residential-House-FOR-Rent-Chinnamusidivada-in-Visakhapatnam&id=4d423833393238353133,2026-04-19 13:52:16,17.7802802,83.1708852,,Ramani ,"Visakhapatnam, Andhra Pradesh",,,,Residential House,Semi-Furnished,,,East,1000,Sq-ft,5 to 10 years,"You can find this 1 BHK house on rent in a good area of Chinnamusidivada. The monthly rent is ₹5,000. The address of the house is Chinnamusidivada, Visakhapatnam, Andhra Pradesh.",5000,,,5,1,,No,No,No,,False,False,Owner,55,Select Date,2026-03-24T18:15:28.000Z,"Mar 24, '26",True
MgY8ud61yQRzpSvf+uAgZw==,Magicbricks,https://www.magicbricks.com/property-details/1-BHK-1000-Sq-ft-Residential-House-FOR-Rent-in-Visakhapatnam&id=4d423430343137313339,2026-04-19 13:52:16,,,,Venkatadri,"Visakhapatnam, Andhra Pradesh",,,,Residential House,Semi-Furnished,1,1,North,1000,Sq-ft,,"House is new and ready to occupy for a decent family. Check out this 1 BHK house for rent in locality. The monthly rent is a ₹6,000. Located on the 1st floor, the house has 2 bathrooms and 2 balcony. 1 Open parking space is also available in the house. You'll find marble flooring in the house. There is also Puja Room in the house.",6000,,,6,2,1 Open,No,No,No,,False,False,Owner,49,Immediately,2026-03-01T16:33:37.000Z,"Mar 01, '26",True
SyL8oXlZ5+VzpSvf+uAgZw==,Magicbricks,https://www.magicbricks.com/property-details/1-BHK-100-Sq-ft-Residential-House-FOR-Rent-Chinna-Waltair-in-Visakhapatnam&id=4d423833333530323039,2026-04-19 13:52:16,17.723357,83.333895,,KATTA TRINADH,"Chinna Waltair, Visakhapatnam",,,,Residential House,Semi-Furnished,,,,100,Sq-ft,,"The 1 BHK house is currently available for rent in Chinna Waltair. The house is avaliable at a monthly rent of ₹7,000. This house is situated at Chinna Waltair, Visakhapatnam, Chinna Waltair, Visakhapatnam, Andhra Pradesh.",7000,,,70,1,,No,No,No,,False,False,Owner,48,Immediately,2026-02-10T15:35:38.000Z,"Feb 10, '26",True
/U0APN6ZplJzpSvf+uAgZw==,Magicbricks,https://www.magicbricks.com/property-details/1-BHK-1000-Sq-ft-Residential-House-FOR-Rent-MVP-Colony-in-Visakhapatnam&id=4d423833373037393733,2026-04-19 13:52:16,17.7422936,83.3335151,,MVP Colony,"Visakhapatnam, Andhra Pradesh",,,,Residential House,Semi-Furnished,,,North,1000,Sq-ft,5 to 10 years,"North facing spacious space front and rear of the plot You can find this 1 BHK rental house in the main area of MVP Colony. The monthly rent is ₹13,500. The flooring in the house is made of ceramic tiles. In addition, the house includes Puja Room and Study. This house is situated at MVP Colony, Visakhapatnam, Andhra Pradesh.",13500,27000,,14,2,,No,No,No,,False,False,Owner,60,Immediately,2026-03-09T12:33:08.000Z,"Mar 09, '26",True
mlaCnb/ZhVVzpSvf+uAgZw==,Magicbricks,https://www.magicbricks.com/property-details/1-BHK-650-Sq-ft-Residential-House-FOR-Rent-Chinnamusidivada-in-Visakhapatnam&id=4d423733343633313735,2026-04-19 13:52:16,17.7802802,83.1708852,,Teja Mayuri,d no 1-114 plot no 64 near Sai Baba temple kranthi nagar,,,,Residential House,Unfurnished,,,,650,Sq-ft,Above 20 years,"Check out this 1 BHK house for rent in locality. The house is available at a monthly rental price of ₹5,050. The address of this house is d no 1-114 plot no 64 near Sai Baba temple kranthi nagar, Chinnamusidivada, Visakhapatnam, Andhra Pradesh.",5050,8000,100,8,1,,No,No,No,,False,False,Owner,34,Immediately,2026-02-06T14:07:24.000Z,"Feb 06, '26",True
Fk+SJCauU6dzpSvf+uAgZw==,Magicbricks,https://www.magicbricks.com/property-details/1-BHK-1548-Sq-ft-Residential-House-FOR-Rent-Tagarapuvalsa-in-Visakhapatnam&id=4d423730353033393433,2026-04-19 13:52:16,17.9280669,83.4243305,,Tagarapuvalsa,"Visakhapatnam, Andhra Pradesh",,,,Residential House,Unfurnished,,,,1548,Sq-ft,New Construction,"A residential house is available for rent. It is a good location. Please contact for more details. This 1 BHK rental house is located in a key location of Tagarapuvalsa area. The monthly rent is ₹6,000. The address of this house is Tagarapuvalsa, Visakhapatnam, Andhra Pradesh.",6000,,300,4,1,,No,No,No,,False,False,Owner,32,Immediately,2026-02-28T17:47:46.000Z,"Feb 28, '26",True
e2oCI3hC2AJzpSvf+uAgZw==,Magicbricks,https://www.magicbricks.com/property-details/1-BHK-850-Sq-ft-Residential-House-FOR-Rent-Seethammadhara-in-Visakhapatnam&id=4d423734303935323331,2026-04-19 13:52:16,17.7429031,83.3081172,,Seethammadhara,"Visakhapatnam, Andhra Pradesh",,,,Residential House,Unfurnished,,,,850,Sq-ft,,"Check out this 1 BHK house available for rent in the popular location of Seethammadhara. The house is available at the rent of ₹6,500 per month. The address of this house is Seethammadhara, Visakhapatnam, Andhra Pradesh.",6500,,,8,1,,No,No,No,,False,False,Owner,25,Immediately,2026-02-13T12:51:07.000Z,"Feb 13, '26",True
A9SXwTd9DPZzpSvf+uAgZw==,Magicbricks,https://www.magicbricks.com/property-details/1-BHK-300-Sq-ft-Residential-House-FOR-Rent-Malkapuram-in-Visakhapatnam&id=4d423832333835353235,2026-04-19 13:52:16,17.6870308,83.2459169,,Malkapuram,"Visakhapatnam, Andhra Pradesh",,,,Residential House,Semi-Furnished,,,,300,Sq-ft,,"You can find this 1 BHK house on rent in a good area of Malkapuram. The monthly rent of the property is ₹6,000. The address of this house is Malkapuram, Visakhapatnam, Andhra Pradesh.",6000,,,20,1,,No,No,No,,False,False,Owner,26,Immediately,2026-02-16T08:13:34.000Z,"Feb 16, '26",True
yTXKB4A8JPBzpSvf+uAgZw==,Magicbricks,https://www.magicbricks.com/property-details/1-BHK-400-Sq-ft-Residential-House-FOR-Rent-Arilova-Colony-in-Visakhapatnam&id=4d423735373232363833,2026-04-19 13:52:16,17.7671689,83.3065434,,BVSN Murthy,"Visakhapatnam, Andhra Pradesh",,,,Residential House,Unfurnished,1,1,,400,Sq-ft,,"The 1 BHK house is currently available for rent in Arilova Colony. The house is available at the rent of ₹10,000 per month. This house is situated at Arilova Colony, Visakhapatnam, Andhra Pradesh.",10000,,,25,1,,No,No,No,,False,False,Owner,0,Immediately,2026-03-11T07:46:56.000Z,"Mar 11, '26",True
pvRf5b00PbxzpSvf+uAgZw==,Magicbricks,https://www.magicbricks.com/property-details/1-BHK-9000-Sq-ft-Residential-House-FOR-Rent-Kapuluppada-in-Visakhapatnam&id=4d423833373934383339,2026-04-19 13:52:16,17.6868159,83.2184815,,Kapuluppada,"Visakhapatnam, Andhra Pradesh",,,,Residential House,Furnished,,,,9000,Sq-ft,Less than 5 years,"Located in Kapuluppada, you can find the 1 BHK house available on rent. You will also have to pay a monthly rent of ₹15,000. Kapuluppada, Visakhapatnam, Andhra Pradesh is the address of the house.",15000,45000,,2,1,,No,No,No,,False,False,Owner,26,Immediately,2026-03-15T18:25:11.000Z,"Mar 15, '26",True
7bqGdbG+FnNzpSvf+uAgZw==,Magicbricks,https://www.magicbricks.com/property-details/1-BHK-500-Sq-ft-Residential-House-FOR-Rent-Anakapalli-in-Visakhapatnam&id=4d423734303532303335,2026-04-19 13:52:16,17.686001,83.008781,,Anakapalli,kasimkota Highway,,,,Residential House,Unfurnished,1,2,North,500,Sq-ft,New Construction,"2nd floor open terrace Pent house. Hall Bedroom attached bathroom , separate kitchen. The beautiful 1 BHK house is now available for rent in the premium location of Anakapalli. The house is available at a monthly rental price of ₹5,000. Located on the 1st floor, the house comprises 1 bathrooms and 1 balcony. The address of the house is kasimkota Highway, Anakapalli, Visakhapatnam, Andhra Pradesh.",5000,8000,0,10,1,,No,No,No,,False,False,Owner,78,Immediately,2026-02-25T05:54:54.000Z,"Feb 25, '26",True
KIVmZdtmcetzpSvf+uAgZw==,Magicbricks,https://www.magicbricks.com/property-details/1-BHK-650-Sq-ft-Residential-House-FOR-Rent-Kasimkota-in-Visakhapatnam&id=4d423632383533373639,2026-04-19 13:52:16,17.66993,82.961742,,nistala suresh kumar,"2-170, Agraharam Street, near SBI, Kasimkota, Anakapalle",,,,Residential House,Unfurnished,,,,650,Sq-ft,Less than 5 years,"Check out this 1 BHK house for rent in locality. The monthly rental of the house is ₹5,000. This house is situated at 2-170, Agraharam Street, near SBI, Kasimkota, Anakapalle, Kasimkota, Visakhapatnam, Andhra Pradesh.",5000,7000,,8,1,,No,No,No,,False,False,Owner,32,Immediately,2026-03-25T08:07:35.000Z,"Mar 25, '26",True
pHXGNQIFawhzpSvf+uAgZw==,Magicbricks,https://www.magicbricks.com/property-details/1-BHK-700-Sq-ft-Residential-House-FOR-Rent-Kancharapalem-in-Visakhapatnam&id=4d423833373835353131,2026-04-19 13:52:16,17.735825,83.273346,,MOHAAN,"Visakhapatnam, Andhra Pradesh",,,,Residential House,Semi-Furnished,,,,700,Sq-ft,10 to 15 years,"Situated in Kancharapalem, this 1 BHK individual house is currently available for rent out. The house is available at a monthly rental price of ₹5,000. This house is located at Kancharapalem, Visakhapatnam, Andhra Pradesh.",5000,10000,200,7,1,,No,No,No,,False,False,Owner,33,Immediately,2026-03-14T15:30:31.000Z,"Mar 14, '26",True
F3fIy19q9sNzpSvf+uAgZw==,Magicbricks,https://www.magicbricks.com/property-details/1-BHK-600-Sq-ft-Residential-House-FOR-Rent-Duvvada-in-Visakhapatnam&id=4d423833363331333637,2026-04-19 13:52:16,17.70006,83.153599,,Vinay,"Visakhapatnam, Andhra Pradesh",,,,Residential House,Unfurnished,,,,600,Sq-ft,Less than 5 years,"This 1 BHK house is up for rent in the well-known Duvvada area. The monthly rent of the property is ₹5,500. Duvvada, Visakhapatnam, Andhra Pradesh is the address of the house.",5500,1000,500,9,1,,No,No,No,,False,False,Owner,36,Immediately,2026-03-04T01:45:40.000Z,"Mar 04, '26",True
8RD4NemDDCpzpSvf+uAgZw==,Magicbricks,https://www.magicbricks.com/property-details/1-BHK-1500-Sq-ft-Residential-House-FOR-Rent-Nad-Junction-in-Visakhapatnam&id=4d423832333333383837,2026-04-19 13:52:16,17.745866,83.231557,,Nad Junction,58-16-482.,,,,Residential House,Semi-Furnished,,,North,1500,Sq-ft,5 to 10 years,"This 1 BHK independent house for rent is located in Nad Junction. The house is avaliable at a monthly rent of ₹9,000. There is also Puja Room and Study in the house. The address of this house is 58-16-482., Nad Junction, Visakhapatnam, Andhra Pradesh.",9000,,,6,1,,No,No,No,,False,False,Owner,38,Immediately,2026-03-22T17:06:57.000Z,"Mar 22, '26",True
bmLDZXWvyHBzpSvf+uAgZw==,Magicbricks,https://www.magicbricks.com/property-details/2-BHK-1000-Sq-ft-Residential-House-FOR-Rent-in-Visakhapatnam&id=4d423832303233343931,2026-04-19 13:52:16,17.74779922,83.21999403,,Gopalapatnam,"Opp Gopalapatnam RTC bus depot,",,,,Residential House,Semi-Furnished,,,East,1000,Sq-ft,10 to 15 years,"Godrej modular kitchen, glass bricks and glass sheet for extra light, extra ventilator, inter connecting or separation of municipal and bore water tanks. School, rytu bazar, D Mart nearby. Greenery. Henna tree. Cell 93468 70550.",10000,,150,10,2,,No,No,No,,False,True,Owner,80,Immediately,2026-04-18T05:17:32.000Z,Yesterday,True
LErsAPlV635zpSvf+uAgZw==,Magicbricks,https://www.magicbricks.com/property-details/2-BHK-1890-Sq-ft-Residential-House-FOR-Rent-Gajuwaka-in-Visakhapatnam&id=4d423834333033383633,2026-04-19 13:52:16,17.688112,83.213121,,Giridhar,Visakhapatnam,19202|Timpany Steel City School,,,Residential House,Furnished,,,North - East,1890,Sq-ft,5 to 10 years,"North east facing east side complete view of Rajiv indoor stadium cum swimming pool and hills and dead end house peaceful atmosphere This 2 BHK house is up for rent in the well-known Gajuwaka area. The monthly rent is ₹15,000. You will also find Puja Room, Study and Store in the house. The address of this house is Visakhapatnam, Gajuwaka, Visakhapatnam, Andhra Pradesh.",15000,,,8,3,,No,No,No,,False,False,Owner,70,Immediately,2026-04-18T13:27:15.000Z,Yesterday,True
djWkarVZ3YdzpSvf+uAgZw==,Magicbricks,https://www.magicbricks.com/property-details/2-BHK-1000-Sq-ft-Residential-House-FOR-Rent-Chandrampalem-in-Visakhapatnam&id=4d423834313533363639,2026-04-19 13:52:16,17.807851,83.356793,,Prasad,6-84.,,,,Residential House,Unfurnished,,,,1000,Sq-ft,15 to 20 years,"Check out this 2 BHK house available for rent in the popular location of Chandrampalem. The monthly rental of the house is ₹7,500. The address of this house is 6-84., Chandrampalem, Visakhapatnam, Andhra Pradesh.",7500,15000,,8,1,,No,No,No,,False,True,Owner,36,Immediately,2026-04-19T05:54:05.000Z,Today,True
qH1cpmq3vphzpSvf+uAgZw==,Magicbricks,https://www.magicbricks.com/property-details/2-BHK-1000-Sq-ft-Residential-House-FOR-Rent-Gajuwaka-in-Visakhapatnam&id=4d423833323733393835,2026-04-19 13:52:16,17.688112,83.213121,,Jaya Prakash,"Visakhapatnam, Andhra Pradesh",19202|Timpany Steel City School,,,Residential House,Unfurnished,,,,1000,Sq-ft,,"This 2 BHK house is up for rent in the well-known Gajuwaka area. You can find this house at rent of ₹10,000 per month. Gajuwaka, Visakhapatnam, Andhra Pradesh is the address of the house.",10000,,,10,2,,No,No,No,,False,True,Owner,39,Immediately,2026-04-07T23:33:59.000Z,"Apr 08, '26",True
lD6mpNW/Eh5zpSvf+uAgZw==,Magicbricks,https://www.magicbricks.com/property-details/2-BHK-965-Sq-ft-Residential-House-FOR-Rent-Gajuwaka-in-Visakhapatnam&id=4d423834313034313837,2026-04-19 13:52:16,17.688112,83.213121,,Ravi,"Srinagar, Gajuwaka",19202|Timpany Steel City School,,,Residential House,Semi-Furnished,,,East,965,Sq-ft,Less than 5 years,"Great for families who have relocated for working in MNC The beautiful 2 BHK house is now available for rent in the premium location of Gajuwaka. The monthly rent is a ₹8,500. This house is located at Srinagar, Gajuwaka, Gajuwaka, Visakhapatnam, Andhra Pradesh.",8500,17000,,9,2,,No,No,No,,False,False,Owner,73,Immediately,2026-04-06T11:36:56.000Z,"Apr 06, '26",True
YifkOIg/gW9zpSvf+uAgZw==,Magicbricks,https://www.magicbricks.com/property-details/2-BHK-1100-Sq-ft-Residential-House-FOR-Rent-Kurmannapalem-in-Visakhapatnam&id=4d423834303235373733,2026-04-19 13:52:16,17.698036,83.15954,,Kurmannapalem,"DNo 31-27-222, Near to Sri Ram Krishna English Medium School, Opposite to Dominos",,,,Residential House,Unfurnished,,,East,1100,Sq-ft,Less than 5 years,"Situated in Kurmannapalem, this 2 BHK individual house is currently available for rent out. The house is avaliable at a monthly rent of ₹9,000. The address of this house is DNo 31-27-222, Near to Sri Ram Krishna English Medium School, Opposite to Dominos, Kurmannapalem, Visakhapatnam, Andhra Pradesh.",9000,,,8,2,,No,No,No,,False,False,Owner,60,Immediately,2026-04-01T12:03:23.000Z,"Apr 01, '26",True
+wHLrNl1yUhzpSvf+uAgZw==,Magicbricks,https://www.magicbricks.com/property-details/2-BHK-1200-Sq-ft-Residential-House-FOR-Rent-Auto-Nagar-in-Visakhapatnam&id=4d423736363431333433,2026-04-19 13:52:16,17.6904098,83.1943724,,Auto Nagar,"chattivanipalem, near damro furniture",19206|Walmart,,,Residential House,Semi-Furnished,,,,1200,Sq-ft,5 to 10 years,"The beautiful 2 BHK house is now available for rent in the premium location of Auto Nagar. The monthly rent of the property is ₹9,500. This house is situated at chattivanipalem, near damro furniture, Auto Nagar, Visakhapatnam, Andhra Pradesh.",9500,20000,0,8,2,,No,No,No,,False,False,Owner,58,Immediately,2026-03-05T22:30:41.000Z,"Mar 06, '26",True
zHYxylLRKZxzpSvf+uAgZw==,Magicbricks,https://www.magicbricks.com/property-details/2-BHK-1100-Sq-ft-Residential-House-FOR-Rent-Seetamma-Peta-in-Visakhapatnam&id=4d423833313437313033,2026-04-19 13:52:16,17.731926,83.310123,,Vinay,"Visakhapatnam, Andhra Pradesh",,,,Residential House,Semi-Furnished,,,East,1100,Sq-ft,,"A residential house is available for rent. It is a good location. Please message on WhatsApp for more details. The 2 BHK house is currently available for rent in Seetamma Peta. The house is available at the rent of ₹28,000 per month. 1 Covered, 1 Open parking space is also available in the house. This house is equipped with ceramic tiles, marble, wooden flooring. This house is located at Seetamma Peta, Visakhapatnam, Andhra Pradesh.",28000,,,25,4,"1 Covered, 1 Open",No,No,No,,False,True,Owner,61,Immediately,2026-04-18T23:33:03.000Z,Today,True
OvEjNtwaI01zpSvf+uAgZw==,Magicbricks,https://www.magicbricks.com/property-details/3-BHK-2200-Sq-ft-Residential-House-FOR-Rent-MVP-Colony-in-Visakhapatnam&id=4d423730353034393833,2026-04-19 13:52:16,17.7422936,83.3335151,,MVP Colony,"Visakhapatnam, Andhra Pradesh",,,,Residential House,Semi-Furnished,,,North - East,2200,Sq-ft,5 to 10 years,"Situated in MVP Colony, this 3 BHK individual house is currently available for rent out. The monthly rent of the independent house is ₹25,500. The house also provides Puja Room. The address of this house is MVP Colony, Visakhapatnam, Andhra Pradesh.",25500,,,12,2,,No,No,No,,False,True,Owner,65,Immediately,2026-04-02T23:43:56.000Z,"Apr 03, '26",True
jc/047EweIdzpSvf+uAgZw==,Magicbricks,https://www.magicbricks.com/property-details/3-BHK-2000-Sq-ft-Residential-House-FOR-Rent-Gajuwaka-in-Visakhapatnam&id=4d423831393834363739,2026-04-19 13:52:16,17.688112,83.213121,,Ramadevi,"8-3-6, NTR Nagar",19202|Timpany Steel City School,,,Residential House,Unfurnished,,,,2000,Sq-ft,,"Ground Floor for Rent. Road access in 3 directions. Less than 5 mns, walking distance from Gajuwaka main road and NH5.. Situated in Gajuwaka, this 3 BHK individual house is currently available for rent out. The house is available at a monthly rental price of ₹30,000. The house comes with ceramic tiles, marble flooring. There is also Puja Room in the house. The address of the house is 8-3-6, NTR Nagar, Gajuwaka, Visakhapatnam, Andhra Pradesh.",30000,90000,,15,3,,No,No,No,,False,True,Owner,63,Immediately,2026-04-10T23:33:35.000Z,"Apr 11, '26",True
jhASo3S87L9zpSvf+uAgZw==,Magicbricks,https://www.magicbricks.com/property-details/3-BHK-173-Sq-yrd-Villa-FOR-Rent-Rushikonda-in-Visakhapatnam&id=4d423833353534363135,2026-04-19 13:52:16,17.7971295,83.3869516,,Rushikonda,B16.,,,,Villa,Furnished,,,West,173,Sq-yrd,5 to 10 years,"located in between a valley of lush green hills , Solar setup established - minimum electricity bill - Fully Furnished including Hp Gas, Wi-Fi",35000,,,22,3,,No,No,No,,False,False,Owner,63,Immediately,2026-04-02T10:47:14.000Z,"Apr 02, '26",True
5dy1hiR7XnNzpSvf+uAgZw==,Magicbricks,https://www.magicbricks.com/property-details/3-BHK-1800-Sq-ft-Residential-House-FOR-Rent-Kapuluppada-in-Visakhapatnam&id=4d423733393232323533,2026-04-19 13:52:16,17.6868159,83.2184815,,Kapuluppada,"Visakhapatnam, Andhra Pradesh",,,,Residential House,Semi-Furnished,,,,1800,Sq-ft,,"You can find this 3 BHK rental house in the main area of Kapuluppada. You can find this house at rent of ₹30,000 per month. Kapuluppada, Visakhapatnam. is the address of the house.",30000,,,17,3,,No,No,No,,False,False,Owner,23,Immediately,2026-03-04T16:37:13.000Z,"Mar 04, '26",True
PmykVYcQHqJzpSvf+uAgZw==,Magicbricks,https://www.magicbricks.com/property-details/3-BHK-1800-Sq-ft-Residential-House-FOR-Rent-in-Visakhapatnam&id=4d423735323231333633,2026-04-19 13:52:16,,,,Ravi Chandra,"Visakhapatnam, Andhra Pradesh",,,,Residential House,Semi-Furnished,1,2,,1800,Sq-ft,,"The beautiful 3 BHK house is now available for rent in the premium location of MKR Residency. The rent is ₹32,000 per month.",32000,,,18,3,,No,No,No,,False,False,Owner,45,Immediately,2026-04-16T09:22:03.000Z,"Apr 16, '26",True
wcqOKHG0BwpzpSvf+uAgZw==,Magicbricks,https://www.magicbricks.com/property-details/3-BHK-1052-Sq-ft-Residential-House-FOR-Rent-Pedaganayada-in-Visakhapatnam&id=4d423830353631333235,2026-04-19 13:52:16,17.667225,83.2050863,,Pedaganayada,"Visakhapatnam, Andhra Pradesh",,,,Residential House,Unfurnished,1,1,,1052,Sq-ft,Above 20 years,"Situated in Pedaganayada, this 3 BHK individual house is currently available for rent out. The monthly rent of the independent house is ₹6,000. This house is located at Pedaganayada, Visakhapatnam, Andhra Pradesh.",6000,12000,0,6,1,,No,No,No,,False,True,Owner,54,Immediately,2026-04-08T08:13:15.000Z,"Apr 08, '26",True
hZgNBoOnIZ9zpSvf+uAgZw==,Magicbricks,https://www.magicbricks.com/property-details/3-BHK-900-Sq-ft-Residential-House-FOR-Rent-PM-Palem-in-Visakhapatnam&id=4d423832393932373633,2026-04-19 13:52:16,17.7992275,83.3525473,,PM Palem,"Visakhapatnam, Andhra Pradesh",,,,Residential House,Unfurnished,1,1,,900,Sq-ft,,"A residential house is available for rent. It is a good location. Please contact for more details. Check out this 3 BHK house for rent in locality. The house is avaliable at a monthly rent of ₹20,000. The address of this house is PM Palem, Visakhapatnam, Andhra Pradesh.",20000,,,22,3,,No,No,No,,False,True,Owner,31,Immediately,2026-04-12T23:42:49.000Z,"Apr 13, '26",True
erAGctkd3ptzpSvf+uAgZw==,Magicbricks,https://www.magicbricks.com/property-details/3-BHK-240-Sq-yrd-Residential-House-FOR-Rent-Sheelanagar-in-Visakhapatnam&id=4d423638343731343231,2026-04-19 13:52:16,17.718522,83.1983904,,Sheelanagar,"Plot No 66, Phase 1",,,,Residential House,Furnished,Ground,1,,240,Sq-yrd,Less than 5 years,"This 3 BHK independent house for rent is located in Sheelanagar. The house is avaliable at a monthly rent of ₹25,000. The house includes 1 Covered parking. Here you can enjoy like 4 Wardrobe, 3 Bed, 1 TV, Fridge, Microwave, 2 AC and Sofa. The house is located at Sheela Nagar, Visakhapatnam..",25000,66000,1000,12,3,1 Covered,No,No,No,"Internet/Wi-Fi Connectivity, Jogging and Strolling Track, Skyline View",False,True,Owner,71,Immediately,2026-04-14T23:47:48.000Z,"Apr 15, '26",True
jO7+566H4hJzpSvf+uAgZw==,Magicbricks,https://www.magicbricks.com/property-details/3-BHK-1730-Sq-ft-Residential-House-FOR-Rent-Kurmannapalem-in-Visakhapatnam&id=4d423833343730303433,2026-04-19 13:52:16,17.698036,83.15954,,Kurmannapalem,"Visakhapatnam, Andhra Pradesh",,,,Residential House,Unfurnished,,,West,1730,Sq-ft,New Construction,"3 BHK Residential House for Rent You can find this 3 BHK rental house in the main area of Kurmannapalem. The monthly rent of the independent house is ₹14,500. The house also provides Puja Room. The house is located at Kurmannapalem, Visakhapatnam, Andhra Pradesh.",14500,,0,8,3,,No,No,No,,False,True,Owner,53,Immediately,2026-02-19T07:27:48.000Z,"Feb 19, '26",True
D4KQwbU9Mf1zpSvf+uAgZw==,Magicbricks,https://www.magicbricks.com/property-details/3-BHK-5000-Sq-ft-Villa-FOR-Rent-Rushikonda-in-Visakhapatnam&id=4d423833363139373131,2026-04-19 13:52:16,17.7971295,83.3869516,,Rushikonda,Rushikonda,,,,Villa,Unfurnished,,,East,5000,Sq-ft,5 to 10 years,sea facing,75000,,120000,15,4,,No,No,No,"Internet/Wi-Fi Connectivity, Jogging and Strolling Track, Outdoor Tennis Courts",False,False,Owner,58,Immediately,2026-04-02T22:30:43.000Z,"Apr 03, '26",True
Puv8KJdh1HpzpSvf+uAgZw==,Magicbricks,https://www.magicbricks.com/property-details/4-BHK-330-Sq-yrd-Villa-FOR-Rent-Vadlapudi-in-Visakhapatnam&id=4d423833393832333635,2026-04-19 13:52:16,17.6892113,83.1756042,,Sastry,Green City Villas near Apparel Export Park,,,,Villa,Semi-Furnished,,,South,330,Sq-yrd,,Lavish Villa in a Luxurious Gated Community.Pleasant and peaceful ambience for residential purpose,40000,,,13,4,1 Covered,No,No,No,,False,False,Owner,73,Immediately,2026-03-29T05:04:40.000Z,"Mar 29, '26",True
2y8CnxiILBxzpSvf+uAgZw==,Magicbricks,https://www.magicbricks.com/property-details/4-BHK-2400-Sq-ft-Residential-House-FOR-Rent-MVP-Colony-in-Visakhapatnam&id=4d423536323830373635,2026-04-19 13:52:16,17.7422936,83.3335151,,MVP Colony,"Visakhapatnam, Andhra Pradesh",,,,Residential House,Unfurnished,1,2,,2400,Sq-ft,,"Situated in MVP Colony, this 4 BHK individual house is currently available for rent out. You will also have to pay a monthly rent of ₹30,000. This house is situated at MVP Colony, Visakhapatnam, Andhra Pradesh.",30000,,,12,2,,No,No,No,,True,True,Owner,0,Immediately,2026-03-24T23:45:59.000Z,"Mar 25, '26",True
YXrvOUYNDeRzpSvf+uAgZw==,Magicbricks,https://www.magicbricks.com/property-details/1-BHK-960-Sq-ft-Residential-House-FOR-Rent-Vadlapudi-in-Visakhapatnam&id=4d423833363236383139,2026-04-19 13:52:16,14.310888,79.795174,,Satish ragini,28-59-44 kanithi rh colony vafdlapudi visakhapatnam,,,,Residential House,Unfurnished,,,North - East,960,Sq-ft,New Construction,"The beautiful 1 BHK house is now available for rent in the premium location of Vadlapudi. You will also have to pay a monthly rent of ₹6,000. The house flooring is made of normal tiles/kotah stone. This house is located at 28-59-44 kanithi rh colony vafdlapudi visakhapatnam, Vadlapudi, Visakhapatnam, Andhra Pradesh.",6000,10000,,6,1,,No,No,No,,False,False,Owner,73,Immediately,2026-03-03T10:35:14.000Z,"Mar 03, '26",True
RzWTllm64NdzpSvf+uAgZw==,Magicbricks,https://www.magicbricks.com/property-details/1-BHK-630-Sq-ft-Residential-House-FOR-Rent-Sagar-Nagar-in-Visakhapatnam&id=4d423831373834353033,2026-04-19 13:52:16,17.7651566,83.356231,,Sagar Nagar,"Visakhapatnam, Andhra Pradesh",,,,Residential House,Semi-Furnished,,,,630,Sq-ft,Less than 5 years,"The 1 BHK house is currently available for rent in Sagar Nagar. The monthly rent of the independent house is ₹15,000. The address of the house is Sagar Nagar, Visakhapatnam, Andhra Pradesh.",15000,30000,,24,1,,No,No,No,,False,False,Owner,51,Immediately,2026-03-15T17:48:47.000Z,"Mar 15, '26",True
26krbuD3M7lzpSvf+uAgZw==,Magicbricks,https://www.magicbricks.com/property-details/1-BHK-300-Sq-ft-Villa-FOR-Rent-Maharani-Peta-in-Visakhapatnam&id=4d423530313939313634,2026-04-19 13:52:16,17.711611,83.313483,,Maharani Peta,15-15-5/1 krishna nagar maharanipte,,,,Villa,Unfurnished,,,East,300,Sq-ft,Less than 5 years,room for rent near to hospital and individual meter continues water facitliy available,5000,10000,100,17,1,,No,No,No,,False,False,Owner,66,Immediately,2026-02-27T22:30:36.000Z,"Feb 28, '26",True
6LMWy+vbALNzpSvf+uAgZw==,Magicbricks,https://www.magicbricks.com/property-details/1-BHK-120-Sq-ft-Residential-House-FOR-Rent-Malkapuram-in-Visakhapatnam&id=4d423833303032323433,2026-04-19 13:52:16,17.6870308,83.2459169,,Malkapuram,"Visakhapatnam, Andhra Pradesh",,,,Residential House,Unfurnished,,,,120,Sq-ft,,"Located in Malkapuram, you can find the 1 BHK house available on rent. The monthly rent of the property is ₹5,200. This house is located at Malkapuram, Visakhapatnam, Andhra Pradesh.",5200,,,43,2,,No,No,No,,False,False,Owner,0,Immediately,2026-03-31T21:30:45.000Z,"Apr 01, '26",True
61hg78zHQlFzpSvf+uAgZw==,Magicbricks,https://www.magicbricks.com/property-details/1-BHK-500-Sq-ft-Residential-House-FOR-Rent-Kurmannapalem-in-Visakhapatnam&id=4d423832383131383639,2026-04-19 13:52:16,17.698036,83.15954,,Kurmannapalem,"Visakhapatnam, Andhra Pradesh",,,,Residential House,Semi-Furnished,,,,500,Sq-ft,,"You can find this 1 BHK rental house in the main area of Kurmannapalem. The rent is ₹5,250 per month. The address of the house is Kurmannapalem, Visakhapatnam, Andhra Pradesh.",5250,,,10,1,,No,No,No,,False,False,Owner,39,Immediately,2026-03-23T22:30:32.000Z,"Mar 24, '26",True
izlp2SLFW2RzpSvf+uAgZw==,Magicbricks,https://www.magicbricks.com/property-details/1-BHK-500-Sq-ft-Residential-House-FOR-Rent-Dondaparti-in-Visakhapatnam&id=4d423833393330363239,2026-04-19 13:52:16,17.7251845,83.2985047,,Dondaparti,43-20-6.,,,,Residential House,Semi-Furnished,,,South,500,Sq-ft,,"You can find this 1 BHK house on rent in a good area of Dondaparti. The monthly rent of the independent house is ₹7,000. In addition, the house includes Puja Room. 43-20-6., Dondaparti, Visakhapatnam, Andhra Pradesh is the address of the house.",7000,14000,0,14,1,,No,No,No,,False,False,Owner,43,Immediately,2026-03-25T06:10:23.000Z,"Mar 25, '26",True
xvLS0VZxsE1zpSvf+uAgZw==,Magicbricks,https://www.magicbricks.com/property-details/1-BHK-300-Sq-ft-Residential-House-FOR-Rent-Suryabagh-in-Visakhapatnam&id=4d423533343735303335,2026-04-19 13:52:16,17.711546,83.300209,,Nageswarao ,near Raghavendra lodge,"19202|Seventh Day, 19206|South India Shopping Mall",,,Residential House,Semi-Furnished,2,2,North - East,300,Sq-ft,New Construction,"This 1 BHK rental house is located in a key location of Suryabagh area. You will also have to pay a monthly rent of ₹6,500. The house is on the 2nd floor, includes 1 bathrooms and 1 balcony. The house is located at near Raghavendra lodge, Suryabagh, Visakhapatnam, Andhra Pradesh.",6500,,,22,1,,No,No,No,,False,False,Owner,56,Immediately,2026-04-02T22:30:37.000Z,"Apr 03, '26",True
5XGR3E0HC6pzpSvf+uAgZw==,Magicbricks,https://www.magicbricks.com/property-details/1-BHK-33-Sq-ft-Residential-House-FOR-Rent-MVP-Colony-in-Visakhapatnam&id=4d423738303830323139,2026-04-19 13:52:16,17.7422936,83.3335151,,MVP Colony,"Visakhapatnam, Andhra Pradesh",,,,Residential House,Unfurnished,,,,33,Sq-ft,,"Check out this 1 BHK house available for rent in the popular location of MVP Colony. The monthly rent is ₹5,000. MVP Colony, Visakhapatnam, Andhra Pradesh is the address of the house.",5000,,,152,1,,No,No,No,,False,False,Owner,0,Immediately,2026-04-08T21:31:58.000Z,"Apr 09, '26",True
iGU5ilTMVD5zpSvf+uAgZw==,Magicbricks,https://www.magicbricks.com/property-details/1-BHK-900-Sq-ft-Residential-House-FOR-Rent-Seethammadara-in-Visakhapatnam&id=4d423834313539353633,2026-04-19 13:52:16,17.74223216,83.30978743,,shiva kumar reddy atchi,nakkavanipalam back of siva temple,,,,Residential House,Unfurnished,,,South,,,15 to 20 years,"Situated in Seethammadara, this 1 BHK individual house is currently available for rent out. The house is avaliable at a monthly rent of ₹6,000. The house is located at nakkavanipalam back of siva temple, Seethammadara, Visakhapatnam, Andhra Pradesh.",6000,12000,,,1,,No,No,No,,False,False,Owner,63,Immediately,2026-04-09T08:24:03.000Z,"Apr 09, '26",True
88SrjF8u+B5zpSvf+uAgZw==,Magicbricks,https://www.magicbricks.com/property-details/1-BHK-60-Sq-yrd-Residential-House-FOR-Rent-Mudasarlova-in-Visakhapatnam&id=4d423833373633393933,2026-04-19 13:52:16,17.7640535,83.3021004,,Mudasarlova,"Visakhapatnam, Andhra Pradesh",,,,Residential House,Semi-Furnished,,,,60,Sq-yrd,,"You can find this 1 BHK house on rent in a good area of Mudasarlova. The house is avaliable at a monthly rent of ₹5,000. Mudasarlova, Visakhapatnam, Andhra Pradesh is the address of the house.",5000,,,9,1,,No,No,No,,False,False,Owner,39,Immediately,2026-04-16T22:30:35.000Z,"Apr 17, '26",True
pUQ4CNGFH/BzpSvf+uAgZw==,Magicbricks,https://www.magicbricks.com/property-details/1-BHK-250-Sq-ft-Residential-House-FOR-Rent-Lawsons-Bay-Colony-in-Visakhapatnam&id=4d423834323133303331,2026-04-19 13:52:16,17.7329841,83.336327,,Lawsons Bay Colony,Near KKR Gowtham School,,,,Residential House,Unfurnished,,,North,250,Sq-ft,Less than 5 years,"Single room non attached bathroom The beautiful 1 BHK house is now available for rent in the premium location of Lawsons Bay Colony. The monthly rent is ₹8,000. The house is fitted with ceramic tiles flooring. The house also has None of these. This house is situated at Near KKR Gowtham School, Lawsons Bay Colony, Visakhapatnam, Andhra Pradesh.",8000,24000,300,32,1,,No,No,No,,False,False,Owner,80,Select Date,2026-04-13T05:35:13.000Z,"Apr 13, '26",True
f7rbAB0930RzpSvf+uAgZw==,Magicbricks,https://www.magicbricks.com/property-details/1-BHK-653-Sq-ft-Residential-House-FOR-Rent-Maddilapalem-in-Visakhapatnam&id=4d423733383736343537,2026-04-19 13:52:16,17.7374669,83.3214858,,Maddilapalem,"Visakhapatnam, Andhra Pradesh",19206|CMR CENTRAL,,,Residential House,Unfurnished,1,1,,653,Sq-ft,,"The beautiful 1 BHK house is now available for rent in the premium location of Maddilapalem. The monthly rental of the house is ₹7,000. The address of this house is Maddilapalem, Visakhapatnam, Andhra Pradesh.",7000,,,11,2,,No,No,No,,False,False,Owner,0,Immediately,2026-03-22T22:30:35.000Z,"Mar 23, '26",True
pzIQDXpSNU9zpSvf+uAgZw==,Magicbricks,https://www.magicbricks.com/property-details/1-BHK-2000-Sq-ft-Villa-FOR-Rent-in-Visakhapatnam&id=4d423832373133363333,2026-04-19 13:52:16,,,,Triveni,"Visakhapatnam, Andhra Pradesh",,,,Villa,Unfurnished,,,,2000,Sq-ft,,"1 BHK, Villa is available for Rent in , Visakhapatnam for 3,500",3500,,,2,2,,No,No,No,,False,False,Owner,21,Immediately,2026-03-12T04:10:03.000Z,"Mar 12, '26",True
LJjKfZk48lJzpSvf+uAgZw==,Magicbricks,https://www.magicbricks.com/property-details/1-BHK-1000-Sq-ft-Residential-House-FOR-Rent-MVP-Colony-in-Visakhapatnam&id=4d423638363032333339,2026-04-19 13:52:16,17.7422936,83.3335151,,MVP Colony,sector -12,,,,Residential House,Semi-Furnished,Ground,1,,1000,Sq-ft,5 to 10 years,"Big hall, big bedroom and kicthen. One bathroom. Municipal water, Helpful owners. contact at nine nine four nine eight four six four five six Situated in MVP Colony, this 1 BHK individual house is currently available for rent out. The monthly rental of the house is ₹12,000. This house is located at sector -12, MVP Colony, Visakhapatnam, Andhra Pradesh.",12000,24000,,12,1,,No,No,No,,False,False,Owner,43,Immediately,2026-03-27T04:03:52.000Z,"Mar 27, '26",True
0WkYsak3L7JzpSvf+uAgZw==,Magicbricks,https://www.magicbricks.com/property-details/1-BHK-600-Sq-ft-Residential-House-FOR-Rent-Seethammadhara-in-Visakhapatnam&id=4d423834303839303739,2026-04-19 13:52:16,17.7429031,83.3081172,,Seethammadhara,50-2-85 gandhinagar PandT colony seethamadhara vsp,,,,Residential House,Unfurnished,,,North,600,Sq-ft,10 to 15 years,"bachelor single member only employeefamily 4 members2 children father motheronly employess Check out this 1 BHK house available for rent in the popular location of Seethammadhara. The monthly rent of the property is ₹7,000. 50-2-85 gandhinagar PandT colony seethamadhara vsp, Seethammadhara, Visakhapatnam, Andhra Pradesh is the address of the house.",7000,14000,0,12,1,,No,No,No,,False,False,Owner,61,Immediately,2026-04-05T12:19:14.000Z,"Apr 05, '26",True
pkc1/1LZ2NhzpSvf+uAgZw==,Magicbricks,https://www.magicbricks.com/property-details/1-BHK-Residential-House-FOR-Rent-Gajuwaka-in-Visakhapatnam&id=4d423833333538373631,2026-04-19 13:52:16,17.688112,83.213121,,Ram online passport,"Visakhapatnam, Andhra Pradesh",19202|Timpany Steel City School,,,Residential House,,,,,,,,"Check out this 1 BHK house available for rent in the popular location of Gajuwaka. The address of this house is Gajuwaka, Visakhapatnam, Andhra Pradesh.",,,,,,,No,No,No,,False,False,Owner,9,Immediately,2026-02-11T09:50:17.000Z,"Feb 11, '26",True
UHW/zzP42qRzpSvf+uAgZw==,Magicbricks,https://www.magicbricks.com/property-details/1-BHK-500-Sq-ft-Residential-House-FOR-Rent-in-Visakhapatnam&id=4d423736343339393837,2026-04-19 13:52:16,17.74779922,83.21999403,,Gopalapatnam,"Visakhapatnam, Andhra Pradesh",,,,Residential House,Unfurnished,1,2,,500,Sq-ft,,"You can find this 1 BHK house on rent in a good area of Gopalapatnam. The house is available at the rent of ₹4,500 per month. This house is located at Gopalapatnam, Visakhapatnam, Andhra Pradesh.",4500,,,9,1,,No,No,No,,False,False,Owner,40,Immediately,2026-03-22T17:06:58.000Z,"Mar 22, '26",True
6Kuvpril0m5zpSvf+uAgZw==,Magicbricks,https://www.magicbricks.com/property-details/4-BHK-2002-Sq-ft-Villa-FOR-Rent-Sheelanagar-in-Visakhapatnam&id=4d423833383330343231,2026-04-19 13:52:16,17.718522,83.1983904,,Sheelanagar,E87.,,,,Villa,Semi-Furnished,,,,2002,Sq-ft,10 to 15 years,"4 BHK, Villa is available for Rent in Sheelanagar, Visakhapatnam for 22,000",22000,60000,2525,11,4,,No,No,No,,False,False,Owner,40,Immediately,2026-03-18T05:28:51.000Z,"Mar 18, '26",True
5hgCyrCAXkZzpSvf+uAgZw==,Magicbricks,https://www.magicbricks.com/property-details/4-BHK-1800-Sq-ft-Residential-House-FOR-Rent-Malkapuram-in-Visakhapatnam&id=4d423636343232313837,2026-04-19 13:52:16,17.6870308,83.2459169,,Malkapuram,"61-1-295, 2nd floor, ramakrishnapuram, malkapuram-530011",,530011,,Residential House,Semi-Furnished,2,2,,1800,Sq-ft,Above 20 years,"You can find this 4 BHK rental house in the main area of Malkapuram. The monthly rent of the independent house is ₹20,000. The house is on the 2nd floor, includes 2 bathrooms and 1 balcony. Some add-on facilities bundled with this independent house are 2 AC and 4 Wardrobe. 61-1-295, 2nd floor, ramakrishnapuram, malkapuram-530011, Malkapuram, Visakhapatnam, Andhra Pradesh is the address of the house.",20000,40000,0,11,2,,No,No,No,,False,False,Owner,58,Immediately,2026-04-14T21:32:06.000Z,"Apr 15, '26",True
yuJmReM5dxNzpSvf+uAgZw==,Magicbricks,https://www.magicbricks.com/property-details/4-BHK-300-Sq-yrd-Residential-House-FOR-Rent-in-Visakhapatnam&id=4d423831383138373933,2026-04-19 13:52:16,,,,Rajesh,"Visakhapatnam, Andhra Pradesh",,,,Residential House,Semi-Furnished,,,,300,Sq-yrd,,"This 4 BHK independent house for rent is located in Purushottapuram. You will also have to pay a monthly rent of ₹18,000.",18000,,,7,2,,No,No,No,,False,False,Owner,24,Immediately,2026-04-08T15:45:55.000Z,"Apr 08, '26",True
O8BJURKEZ1dzpSvf+uAgZw==,Magicbricks,https://www.magicbricks.com/property-details/4-BHK-2000-Sq-ft-Residential-House-FOR-Rent-Vikas-Nagar-in-Visakhapatnam&id=4d423833343030333535,2026-04-19 13:52:16,17.67253557,83.21315082,,Soumitro das,"Hig 42, Opp to vikasnagar water tank",,,,Residential House,Semi-Furnished,,,,2000,Sq-ft,Above 20 years,"this is a 4 bhk house with an ample amount of space where children can play, reserved Parking, garden around the house as well. Mainly every major things are nearby like medical shop, grocery shops, children park, Rajiv Gandhi indoor stadium as well.",20000,40000,,10,3,,No,No,No,,False,False,Owner,73,Immediately,2026-02-13T14:52:33.000Z,"Feb 13, '26",True
ZS4xlGsZj+pzpSvf+uAgZw==,Magicbricks,https://www.magicbricks.com/property-details/4-BHK-2050-Sq-ft-Villa-FOR-Rent-Kurmannapalem-in-Visakhapatnam&id=4d423635323136323135,2026-04-19 13:52:16,17.698036,83.15954,,Kurmannapalem,"villa-08,sivaji nagar",,,,Villa,Semi-Furnished,,,,,,5 to 10 years,"4 BHK, Villa is available for Rent in Kurmannapalem, Visakhapatnam for 2,000",2000,120000,1500,,4,,No,No,No,"Intercom Facility, RO Water System, Jogging and Strolling Track",False,False,Owner,58,Immediately,2026-03-13T11:07:31.000Z,"Mar 13, '26",True
cJzUtGPmNklzpSvf+uAgZw==,Magicbricks,https://www.magicbricks.com/property-details/4-BHK-1200-Sq-ft-Residential-House-FOR-Rent-Pendurthi-in-Visakhapatnam&id=4d423538393737343431,2026-04-19 13:52:16,17.813683,83.205205,,Pendurthi,juttada road,,,,Residential House,Semi-Furnished,Ground,1,East,1200,Sq-ft,New Construction,"4bhk independent house east facing near pendurti 100 vastu for family Located in Pendurthi, you can find the 4 BHK house available on rent. The monthly rent is ₹9,000. The house is on the ground floor, has 3 bathrooms and 3 balcony. The house flooring is made of ceramic tiles. The house also has Puja Room and Store. The address of the house is juttada road, Pendurthi, Visakhapatnam, Andhra Pradesh.",9000,,,8,3,,No,No,No,,False,False,Owner,76,Immediately,2026-02-08T21:33:04.000Z,"Feb 09, '26",True
qQ5YEwOEbcBzpSvf+uAgZw==,Magicbricks,https://www.magicbricks.com/property-details/4-BHK-3369-Sq-ft-Villa-FOR-Rent-Madhurwada-in-Visakhapatnam&id=4d423832363038353635,2026-04-19 13:52:16,17.8224722,83.3522229,,Madhurawada,"Madhurwada,Visakhapatnam",19202|APSWR Centre of Excellence,,,Villa,Semi-Furnished,,,North - East,3369,Sq-ft,,"4 BHK, Villa is available for Rent in Madhurwada, Visakhapatnam for 55,000",55000,135000,6500,16,5,,No,No,No,"Air Conditioned, Visitor Parking, Jogging and Strolling Track",True,False,Owner,73,Immediately,2026-04-09T16:59:49.000Z,"Apr 09, '26",True
S2KOpFVSbOhzpSvf+uAgZw==,Magicbricks,https://www.magicbricks.com/property-details/4-BHK-4350-Sq-ft-Villa-FOR-Rent-in-Visakhapatnam&id=4d423834313236393337,2026-04-19 13:52:16,,,,kiran,"Visakhapatnam, Andhra Pradesh",,,,Villa,Furnished,,,,4350,Sq-ft,,Villa is available for rent. It is a good location property. Please contact for more details.,50000,,,11,4,,No,No,No,,False,False,Owner,29,Immediately,2026-04-07T13:50:12.000Z,"Apr 07, '26",True
nPjp41VhnrtzpSvf+uAgZw==,Magicbricks,https://www.magicbricks.com/property-details/4-BHK-4350-Sq-ft-Villa-FOR-Rent-Midhilapur-Layout-in-Visakhapatnam&id=4d423834313530373137,2026-04-19 13:52:16,17.6868159,83.2184815,,Midhilapur Layout,alita villa villa no 26,,,,Villa,Furnished,,,South - East,4350,Sq-ft,New Construction,"4 BHK, Villa is available for Rent in Midhilapur Layout, Visakhapatnam for 50,000",50000,,,11,4,,No,No,No,,False,False,Owner,41,Immediately,2026-04-08T15:58:21.000Z,"Apr 08, '26",True
xS+KwEYDAfpzpSvf+uAgZw==,Magicbricks,https://www.magicbricks.com/property-details/4-BHK-320-Sq-yrd-Residential-House-FOR-Rent-in-Visakhapatnam&id=4d423633303133393439,2026-04-19 13:52:16,,,,Kiran,"Visakhapatnam, Andhra Pradesh",,,,Residential House,Unfurnished,Ground,2,,320,Sq-yrd,,"The 4 BHK house is currently available for rent in Kurapamarket. The monthly rent is ₹50,000.",50000,,,17,3,,No,No,No,,False,False,Owner,44,Immediately,2026-02-03T21:33:07.000Z,"Feb 04, '26",True
heI9gU6dvzBzpSvf+uAgZw==,Magicbricks,https://www.magicbricks.com/property-details/4-BHK-5500-Sq-ft-Villa-FOR-Rent-Rushikonda-in-Visakhapatnam&id=4d423833393832323031,2026-04-19 13:52:16,17.7971295,83.3869516,,Rushikonda,rushikonda,,,,Villa,Semi-Furnished,,,East,5500,Sq-ft,5 to 10 years,Very peaceful living gated community with broad sea view with fully security interested clients can contact me for personal visit.,70000,210000,10000,13,4,,Yes,No,No,"Service/Goods Lift, RO Water System",True,True,Agent,83,Immediately,2026-03-29T04:31:30.000Z,"Mar 29, '26",True
lu1wY1qOzspzpSvf+uAgZw==,Magicbricks,https://www.magicbricks.com/property-details/4-BHK-4600-Sq-ft-Villa-FOR-Rent-Rushikonda-in-Visakhapatnam&id=4d423833373935353437,2026-04-19 13:52:16,17.7971295,83.3869516,,Rushikonda,Sunny isles,,,,Villa,Semi-Furnished,,,East,4600,Sq-ft,5 to 10 years,good location,60000,200000,5000,13,4,,Yes,No,No,"Air Conditioned, Intercom Facility",True,True,Agent,75,Immediately,2026-03-16T03:31:25.000Z,"Mar 16, '26",True
M3tDuZHUMYdzpSvf+uAgZw==,Magicbricks,https://www.magicbricks.com/property-details/4-BHK-2800-Sq-ft-Villa-FOR-Rent-Madhurwada-in-Visakhapatnam&id=4d423637353036313435,2026-04-19 13:52:16,17.8224722,83.3522229,,Madhurawada,Deffodil,19202|APSWR Centre of Excellence,,,Villa,Unfurnished,,,East,2800,Sq-ft,5 to 10 years,we have lift inside the House and we have North entrance and East entrance also.,65000,,6000,23,4,,No,No,No,"Air Conditioned, Banquet Hall, Jogging and Strolling Track, Outdoor Tennis Courts",False,False,Owner,73,Immediately,2026-02-06T14:09:02.000Z,"Feb 06, '26",True
2bgGLWjjmT1zpSvf+uAgZw==,Magicbricks,https://www.magicbricks.com/property-details/4-BHK-4998-Sq-ft-Villa-FOR-Rent-Midhilapuri-Vuda-Colony-in-Visakhapatnam&id=4d423832393133363133,2026-04-19 13:52:16,17.8030688,83.3541762,,Kranthi,"Visakhapatnam, Andhra Pradesh",,,,Villa,Furnished,,,East,4998,Sq-ft,New Construction,Corporate Guest House for RentLease AND 4BHK with theater room and lift available,150000,,,30,5,2 Covered,No,No,No,,False,False,Owner,83,Immediately,2026-02-24T22:30:44.000Z,"Feb 25, '26",True
apxTwykUlCRzpSvf+uAgZw==,Magicbricks,https://www.magicbricks.com/property-details/3-BHK-1800-Sq-ft-Residential-House-FOR-Rent-Kapuluppada-in-Visakhapatnam&id=4d423631353438393335,2026-04-19 13:52:16,17.6868159,83.2184815,,Kapuluppada,kapuluppada,,,,Residential House,Semi-Furnished,1,1,East,1800,Sq-ft,5 to 10 years,"Blue Marino by Navaratna Estates Visakhapatnam, is strategically located in Kapuluppada, Visakhapatnam providing easy access to New Gajuwaka Bus Stop, City Orthopaedic Hospitals, Apollo Pharmacy 24 Hours, Mega Mart etc. Some other social infrastructures such as schools, colleges, banks, ATMs are located in close proximity to the address of this project",16000,30000,3000,9,3,1 Covered,No,Yes,No,Jogging and Strolling Track,False,False,Owner,95,Immediately,2026-04-16T17:12:36.000Z,"Apr 16, '26",True
4zjggf0peDxzpSvf+uAgZw==,Magicbricks,https://www.magicbricks.com/property-details/3-BHK-2000-Sq-ft-Residential-House-FOR-Rent-Vadlapudi-in-Visakhapatnam&id=4d423833393039363733,2026-04-19 13:52:16,14.310888,79.795174,,Aishwarya,"31-17-78, Sri Lakshmi Gayathri Nilayam Road No 1, sathavahana nagar, kurmanapalem Visakhapatnam",,,,Residential House,Unfurnished,,,West,2000,Sq-ft,Less than 5 years,"This 3 BHK rental house is located in a key location of Vadlapudi area. The monthly rent is a ₹25,000. The house includes 1 Covered parking. You'll find marble flooring in the house. In addition, the house includes Puja Room. This house is situated at 31-17-78, Sri Lakshmi Gayathri Nilayam Road No 1, sathavahana nagar, kurmanapalem Visakhapatnam, Vadlapudi, Visakhapatnam, Andhra Pradesh.",25000,60000,1000,12,3,1 Covered,No,No,No,,False,False,Owner,98,Immediately,2026-03-23T09:13:05.000Z,"Mar 23, '26",True
uTW7RLAmBixzpSvf+uAgZw==,Magicbricks,https://www.magicbricks.com/property-details/3-BHK-3000-Sq-ft-Residential-House-FOR-Rent-Pendurthi-in-Visakhapatnam&id=4d423639363131383833,2026-04-19 13:52:16,17.813683,83.205205,,Pendurthi,"Visakhapatnam, Andhra Pradesh",,,,Residential House,Unfurnished,,,,3000,Sq-ft,,"This 3 BHK house is up for rent in the well-known Pendurthi area. You will also have to pay a monthly rent of ₹12,000. The address of this house is Pendurthi, Visakhapatnam, Andhra Pradesh.",12000,48000,,4,3,,No,No,No,,False,False,Owner,27,Immediately,2026-04-16T21:32:02.000Z,"Apr 17, '26",True
PxftrSHNtLNzpSvf+uAgZw==,Magicbricks,https://www.magicbricks.com/property-details/3-BHK-1700-Sq-ft-Residential-House-FOR-Rent-Gajuwaka-in-Visakhapatnam&id=4d423639373335333739,2026-04-19 13:52:16,17.688112,83.213121,,KIRAN,near timpany steel city school and oak valley school walkable,19202|Timpany Steel City School,,,Residential House,Unfurnished,1,3,West,1700,Sq-ft,New Construction,"brand new 3bhk nearly 1700 sft. first floor also available. 3 bedrooms, 3 bathrooms, separate dining. Spacious hall n spacious kitchen. Very comfortable utility n separate sit out. Cupboards. Lift n car parking. Municipal water. Rent 22,000. greenary.",19500,60000,0,11,3,,No,No,No,,False,False,Owner,83,Immediately,2026-03-18T09:58:43.000Z,"Mar 18, '26",True
99NCVCyLJ3lzpSvf+uAgZw==,Magicbricks,https://www.magicbricks.com/property-details/3-BHK-1600-Sq-ft-Residential-House-FOR-Rent-Chinna-Waltair-in-Visakhapatnam&id=4d423730353133353133,2026-04-19 13:52:16,17.723357,83.333895,,Amruth Raj,"Visakhapatnam, Andhra Pradesh",,,,Residential House,Unfurnished,,,East,1600,Sq-ft,,"Spacious house in a peaceful locality, close to all daily amenities, well within the city. You can find this 3 BHK rental house in the main area of Chinna Waltair. You will also have to pay a monthly rent of ₹25,000. 1 Open parking facility is also available. The house is fitted with marble flooring. You will also find Puja Room in the house. The house is located at Chinna Waltair, Visakhapatnam, Andhra Pradesh.",25000,75000,500,16,3,1 Open,No,No,No,,True,True,Owner,83,Immediately,2026-04-13T23:45:07.000Z,"Apr 14, '26",True
/37KaJobYuZzpSvf+uAgZw==,Magicbricks,https://www.magicbricks.com/property-details/3-BHK-1800-Sq-ft-Residential-House-FOR-Rent-Narasimha-Nagar-in-Visakhapatnam&id=4d423739373934333033,2026-04-19 13:52:16,17.737695,83.295749,,Ramalingeswararao,near swagruha rose apartments,,,,Residential House,Semi-Furnished,,,,,,5 to 10 years,"Situated in Narasimha Nagar, this 3 BHK individual house is currently available for rent out. The monthly rent is a ₹30,000. This house is situated at near swagruha rose apartments, Narasimha Nagar, Visakhapatnam, Andhra Pradesh.",30000,90000,,,3,,No,No,No,,False,False,Owner,54,Immediately,2026-04-11T07:07:28.000Z,"Apr 11, '26",True
CXCMYouTNg9zpSvf+uAgZw==,Magicbricks,https://www.magicbricks.com/property-details/3-BHK-1500-Sq-ft-Residential-House-FOR-Rent-Akkayyapalem-in-Visakhapatnam&id=4d423833383738363035,2026-04-19 13:52:16,17.7367389,83.3000947,,Akkayyapalem,"Visakhapatnam, Andhra Pradesh",,,,Residential House,Semi-Furnished,,,,,,15 to 20 years,"You can find this 3 BHK house on rent in a good area of Akkayyapalem. The rent is ₹27,000 per month. Akkayyapalem, Visakhapatnam, Andhra Pradesh is the address of the house.",27000,,,,3,,No,No,No,,False,True,Owner,46,Immediately,2026-04-05T10:56:29.000Z,"Apr 05, '26",True
v/DBnhQQB8NzpSvf+uAgZw==,Magicbricks,https://www.magicbricks.com/property-details/3-BHK-2000-Sq-ft-Residential-House-FOR-Rent-Madhurwada-in-Visakhapatnam&id=4d423833393831343137,2026-04-19 13:52:16,17.8224722,83.3522229,,Madhurawada,"Visakhapatnam, Andhra Pradesh",19202|APSWR Centre of Excellence,,,Residential House,Furnished,,,,2000,Sq-ft,5 to 10 years,"This 3 BHK rental house is located in a key location of Madhurwada area. The house is available at a monthly rental price of ₹32,000. Some add-on facilities bundled with this independent house are 4 Wardrobe, 3 Bed, 2 TV, Fridge, Microwave, 4 AC, Sofa, Dining Table and Gas Connection. The address of the house is Madhurwada, Visakhapatnam, Andhra Pradesh.",32000,70000,,16,4,,No,No,No,,False,False,Owner,31,Immediately,2026-03-28T17:15:11.000Z,"Mar 28, '26",True
X7E5Dw+gg4pzpSvf+uAgZw==,Magicbricks,https://www.magicbricks.com/property-details/3-BHK-2500-Sq-ft-Villa-FOR-Rent-Aganampudi-in-Visakhapatnam&id=4d423834303437393433,2026-04-19 13:52:16,17.6882133,83.1262703,,Ram,"Visakhapatnam, Andhra Pradesh",,,,Villa,Semi-Furnished,,,North - East,2500,Sq-ft,New Construction,"3 BHK, Villa is available for Rent in Aganampudi, Visakhapatnam for 30,000",30000,,,12,3,,No,No,No,,False,False,Owner,61,Immediately,2026-04-03T03:31:17.000Z,"Apr 03, '26",True
XXtrZLJq/MNzpSvf+uAgZw==,Magicbricks,https://www.magicbricks.com/property-details/4-BHK-5000-Sq-ft-Residential-House-FOR-Rent-Madavadhara-in-Visakhapatnam&id=4d423830383630353837,2026-04-19 13:52:16,17.7458131,83.2639812,,Madhavadhara,"MIG 36, Marripalem VUDA Layout",,,,Residential House,Semi-Furnished,1,2,North,5000,Sq-ft,5 to 10 years,"You can find this 4 BHK house on rent in a good area of Madavadhara. The monthly rental of the house is ₹75,000. Located on the 1st floor, the house has 4 bathrooms and 3 balcony. Live in the house and get access to various useful facilities such as 4 AC, Sofa and Gas Connection. The house flooring is made of marble. In addition, the house includes Puja Room, Study, Store and Servant Room. The address of the house is MIG 36, Marripalem VUDA Layout, Madavadhara, Visakhapatnam, Andhra Pradesh.",75000,,,15,4,,No,No,No,Air Conditioned,False,True,Owner,88,Immediately,2026-04-04T22:30:41.000Z,"Apr 05, '26",True
hdg8f0NKquhzpSvf+uAgZw==,Magicbricks,https://www.magicbricks.com/property-details/10-BHK-580-Sq-yrd-Residential-House-FOR-Rent-Gajuwaka-in-Visakhapatnam&id=4d423535383331383037,2026-04-19 13:52:16,17.688112,83.213121,,shabnam,"Visakhapatnam, Andhra Pradesh",19202|Timpany Steel City School,,,Residential House,Unfurnished,Ground,1,,580,Sq-yrd,,"This 10 BHK rental house is located in a key location of Gajuwaka area. The monthly rent of the property is ₹30,000. This house is located at Gajuwaka, Visakhapatnam, Andhra Pradesh.",30000,,,6,4,,No,No,No,,False,False,Owner,0,Immediately,2026-03-01T21:33:08.000Z,"Mar 02, '26",True
DUDam4ejjt9zpSvf+uAgZw==,Magicbricks,https://www.magicbricks.com/property-details/2-BHK-1296-Sq-ft-Residential-House-FOR-Rent-in-Visakhapatnam&id=4d423537343531333439,2026-04-19 13:52:16,,,,Sreenivasulu Renati,Visakhapatnam,,,,Residential House,Furnished,,,East,1296,Sq-ft,Above 20 years,"West facing.Small back yard and Little garden space The 2 BHK house is currently available for rent in Old Karnavanipalem. The monthly rent is a ₹15,000. 1 Open parking space is also available in the house. This house is equipped with normal tiles/kotah stone flooring. In addition, the house includes Puja Room and Study.",15000,24000,0,12,2,1 Open,No,No,No,,False,False,Owner,80,Immediately,2026-04-18T07:39:53.000Z,Yesterday,True
sk/iakZXQ81zpSvf+uAgZw==,Magicbricks,https://www.magicbricks.com/property-details/2-BHK-1050-Sq-ft-Residential-House-FOR-Rent-Gajuwaka-in-Visakhapatnam&id=4d423834323337383831,2026-04-19 13:52:16,17.688112,83.213121,,chbharathnag,4th lane official colony Srinagar Gajuwaka,19202|Timpany Steel City School,,,Residential House,Semi-Furnished,,,,1050,Sq-ft,,"This 2 BHK rental house is located in a key location of Gajuwaka area. The monthly rent is a ₹13,000. There is also Puja Room and Study in the house. The address of the house is 4th lane official colony Srinagar Gajuwaka, Gajuwaka, Visakhapatnam, Andhra Pradesh.",13000,,,12,2,,No,No,No,,False,False,Owner,58,Immediately,2026-04-14T17:01:34.000Z,"Apr 14, '26",True
0WSXq/MJfUBzpSvf+uAgZw==,Magicbricks,https://www.magicbricks.com/property-details/2-BHK-1500-Sq-ft-Residential-House-FOR-Rent-Lankalapalem-in-Visakhapatnam&id=4d423830373332333537,2026-04-19 13:52:16,17.6846424,83.0973649,,Lankalapalem,"Visakhapatnam, Andhra Pradesh",,,,Residential House,Semi-Furnished,1,2,,1500,Sq-ft,5 to 10 years,"A residential house is available for rent. It is a good location. Please contact for more details. Check out this 2 BHK house available for rent in the popular location of Lankalapalem. The monthly rental of the house is ₹9,000. The house is located at Lankalapalem, Visakhapatnam, Andhra Pradesh.",9000,,,6,2,,No,No,No,,False,False,Owner,54,Immediately,2026-03-15T21:33:02.000Z,"Mar 16, '26",True
zAn1MQx7hfNzpSvf+uAgZw==,Magicbricks,https://www.magicbricks.com/property-details/2-BHK-10-Sq-ft-Residential-House-FOR-Rent-Kancharapalem-in-Visakhapatnam&id=4d423734303430373139,2026-04-19 13:52:16,17.735825,83.273346,,Krishna Rao,Thummada palem street end of the road,,,,Residential House,Unfurnished,1,3,,10,Sq-ft,5 to 10 years,"This 2 BHK house is up for rent in the well-known Kancharapalem area. The rent is ₹6,500 per month. The independent house is located on the 1st floor which includes 2 bathrooms and 1 balcony. This house is situated at Thummada palem street end of the road, Kancharapalem, Visakhapatnam, Andhra Pradesh.",6500,,,650,2,,No,No,No,,False,False,Owner,52,Immediately,2026-04-12T17:45:05.000Z,"Apr 12, '26",True
zUskTZXUgkhzpSvf+uAgZw==,Magicbricks,https://www.magicbricks.com/property-details/5-BHK-5500-Sq-ft-Residential-House-FOR-Rent-Seethammadhara-in-Visakhapatnam&id=4d423830363833343231,2026-04-19 13:52:16,17.7429031,83.3081172,,Seethammadhara,Alluri sitarama raju statue,,,,Residential House,Semi-Furnished,,,,5500,Sq-ft,5 to 10 years,"Located in Seethammadhara, you can find the 5 BHK house available on rent. The monthly rent is ₹90,000. This house is located at Alluri sitarama raju statue, Seethammadhara, Visakhapatnam, Andhra Pradesh.",90000,300000,1000,16,6,,No,No,No,,True,True,Agent,38,Immediately,2026-03-21T15:22:14.000Z,"Mar 21, '26",True
l43nme1pjp5zpSvf+uAgZw==,Magicbricks,https://www.magicbricks.com/property-details/5-BHK-5500-Sq-ft-Residential-House-FOR-Rent-Seethammadhara-in-Visakhapatnam&id=4d423830303730363735,2026-04-19 13:52:16,17.7429031,83.3081172,,Seethammadhara,doctors colony,,,,Residential House,Semi-Furnished,,,South,5500,Sq-ft,Above 20 years,"5000 sft duplex house at seethammadhara, servent room with attached toilet, South facing entrance Located in Seethammadhara, you can find the 5 BHK house available on rent. The house is available at the rent of ₹90,000 per month. In addition, the house includes Puja Room and Servant Room. This house is situated at doctors colony, Seethammadhara, Visakhapatnam, Andhra Pradesh.",90000,270000,,16,6,,No,No,No,,True,True,Agent,58,Immediately,2026-03-27T15:01:16.000Z,"Mar 27, '26",True
bCW7/FY/AmJzpSvf+uAgZw==,Magicbricks,https://www.magicbricks.com/property-details/5-BHK-5500-Sq-ft-Residential-House-FOR-Rent-Seethammadhara-in-Visakhapatnam&id=4d423830363833363335,2026-04-19 13:52:16,17.7429031,83.3081172,,Seethammadhara,Allurisitaramaraju statue,,,,Residential House,Semi-Furnished,,,South,5500,Sq-ft,5 to 10 years,"5000 sft Independent house at Seethammadhara,3 car parking, servent room, close to schools and super market Situated in Seethammadhara, this 5 BHK individual house is currently available for rent out. The monthly rent of the independent house is ₹90,000. In addition, the house includes Puja Room, Store and Servant Room. The address of the house is Allurisitaramaraju statue, Seethammadhara, Visakhapatnam, Andhra Pradesh.",90000,270000,100,16,6,,No,No,No,Bar/Lounge,True,True,Agent,50,Immediately,2026-02-28T13:50:44.000Z,"Feb 28, '26",True
eG5uVusJED1zpSvf+uAgZw==,Magicbricks,https://www.magicbricks.com/property-details/5-BHK-5500-Sq-ft-Residential-House-FOR-Rent-Seethammadhara-in-Visakhapatnam&id=4d423831373237393035,2026-04-19 13:52:16,17.7429031,83.3081172,,Seethammadhara,near Rama raju statue,,,,Residential House,Semi-Furnished,,,West,5500,Sq-ft,15 to 20 years,"Seethammadara individual house 5500 sft, 2 car parking ,west facing 2 floors available one is residing one is commercial this is ground and 1st floor. 4 bathrooms .three attach one common.no power back up.",100000,300000,2000,18,5,,No,No,No,,True,True,Agent,50,Immediately,2026-02-28T13:51:03.000Z,"Feb 28, '26",True
ECEjzZaXjGlzpSvf+uAgZw==,Magicbricks,https://www.magicbricks.com/property-details/9-BHK-6500-Sq-ft-Residential-House-FOR-Rent-Atchutapuram-in-Visakhapatnam&id=4d423531323232333830,2026-04-19 13:52:16,17.564011,82.979093,,K Venkat,"Visakhapatnam, Andhra Pradesh",,,,Residential House,Unfurnished,3,3,,6500,Sq-ft,Less than 5 years,"This 9 BHK house is up for rent in the well-known Atchutapuram area. You will also have to pay a monthly rent of ₹1.2 Lac. The independent house is located on the 3rd floor which includes 9 bathrooms and 3 balcony. The house is located at Atchutapuram, Visakhapatnam, Andhra Pradesh.",120000,1500000,5000,18,9,,No,No,No,,False,False,Owner,49,Immediately,2026-02-14T18:08:21.000Z,"Feb 14, '26",True
f9EvFU/iUX9zpSvf+uAgZw==,Magicbricks,https://www.magicbricks.com/property-details/7-BHK-1000-Sq-ft-Villa-FOR-Rent-Muralinagar-in-Visakhapatnam&id=4d423832333234303233,2026-04-19 13:52:16,17.7471481,83.2599674,,Muralinagar,"Skating Hill park Road, Muralinagar, Madhavadhara",,,,Villa,Semi-Furnished,,,North,,,Less than 5 years,"Property DetailsThis spacious 7 BHK house is available for rent in Muralinagar, Visakhapatnam, offering a luxurious and comfortable living environment. The property has a carpet area of 1000 square feet and is semi-furnished, providing essential fittings while allowing tenants to customize their interiors. It features seven bedrooms, seven bathrooms, three balconies, and an additional store room, making it ideal for large families or shared accommodations. The rental value is one lakh ten thousand rupees per month, with a security deposit of two lakh twenty thousand rupees.Property SpecificationsConstructed less than five years ago, the house is designed to offer modern living with ample space and convenience. It is north-facing, ensuring optimal sunlight throughout the day. The flooring is done with marble, enhancing the aesthetic appeal and durability. The three balconies overlook a garden, pool, and main road, providing pleasant views and ventilation. The property includes two covered parking spaces along with two open parking spots, ensuring convenience for residents and visitors.FacilitiesThis semi-furnished property offers a secure and comfortable lifestyle. The additional store room provides extra storage space, while the spacious layout maximizes usability and privacy for all residents. The property is part of a well-maintained neighborhood with easy access to parks and recreational areas. Its strategic location and high-quality construction ensure a comfortable living experience for families or groups looking for a premium rental home.LocalityMuralinagar is a sought-after residential area in Visakhapatnam, offering excellent connectivity and access to daily amenities. The property is situated near landmarks such as Walkers Park, Hill Park, Skating Park, and Haritha Park, providing recreational options within walking distance. The location also offers convenient access to public transport, including the nearby 48A bus stop, schools, hospitals, and shopping areas. This makes the property an ideal choice for tenants seeking a well-connected, peaceful, and vibrant neighborhood.",110000,220000,,430,7,"2 Covered, 2 Open",No,No,No,,False,True,Owner,88,Immediately,2026-04-03T22:30:34.000Z,"Apr 04, '26",True
pWYxQVr8AChzpSvf+uAgZw==,Magicbricks,https://www.magicbricks.com/property-details/3-BHK-1850-Sq-ft-Villa-FOR-Rent-Uppada-in-Visakhapatnam&id=4d423639333634373735,2026-04-19 13:52:16,17.856245,83.392293,,Kishore,"Visakhapatnam, Andhra Pradesh",,,,Villa,Furnished,,,East,1850,Sq-ft,Less than 5 years,"3 BHK Villa for Rent in Uppada, VisakhapatnamA well-maintained, fully furnished villa is available for rent in Uppada, Visakhapatnam, offering a premium living experience with modern amenities and a prime location near Rushikonda. This property is ideal for families seeking comfort, convenience, and a serene environment.Property SpecificationsThis east-facing villa features a carpet area of 200?sq.ft with 3 bedrooms, 3 bathrooms, and 1 balcony. The villa is fully furnished and includes contemporary fixtures, offering a move-in-ready experience. The property overlooks a garden and swimming pool, providing a refreshing and scenic view.FacilitiesThe villa is designed for comfortable family living, with attention to privacy and functional layout. It has ample natural light, well-planned interiors, and modern flooring. The property is less than 5 years old, ensuring a fresh and well-maintained environment.LocalityLocated close to Rushikonda, the villa enjoys excellent connectivity to key areas in Visakhapatnam, with nearby schools, hospitals, shopping centres, and recreational areas. The east-facing orientation ensures morning sunlight and pleasant ventilation, enhancing the overall living experience.This ready-to-move furnished villa combines prime location, modern design, and scenic views, making it an ideal choice for families seeking a premium rental home in Uppada, Visakhapatnam.",20000,,,11,3,,Yes,No,No,"Service/Goods Lift, Visitor Parking, Outdoor Tennis Courts",True,True,Owner,68,Immediately,2026-04-05T23:32:59.000Z,"Apr 06, '26",True
eTFjIfubs1tzpSvf+uAgZw==,Magicbricks,https://www.magicbricks.com/property-details/3-BHK-2000-Sq-ft-Residential-House-FOR-Rent-Kurmannapalem-in-Visakhapatnam&id=4d423831343334323833,2026-04-19 13:52:16,17.698036,83.15954,,Kurmannapalem,kurmannapalem,,,,Residential House,Semi-Furnished,,,South - East,2000,Sq-ft,5 to 10 years,"we have 1BHK house also .we want to tenant. This 3 BHK house is up for rent in the well-known Kurmannapalem area. The house is avaliable at a monthly rent of ₹17,500. You will also find Puja Room in the house. kurmannapalem, Kurmannapalem, Visakhapatnam, Andhra Pradesh is the address of the house.",17500,40000,,9,3,,No,No,No,,False,True,Owner,73,Immediately,2026-04-05T23:43:41.000Z,"Apr 06, '26",True
FsOvH3axGZxzpSvf+uAgZw==,Magicbricks,https://www.magicbricks.com/property-details/3-BHK-1300-Sq-ft-Residential-House-FOR-Rent-Dwarakanagar-in-Visakhapatnam&id=4d423537313231303833,2026-04-19 13:52:16,17.7281761,83.3081172,,Dwarakanagar,"Visakhapatnam, Andhra Pradesh","19202|Sri Krishna Vidya Mandir, 19202|Sri Sarada Vidya Nilayam",,,Residential House,Furnished,,,,,,,"Residential house is available for rent. It carpet area of 1300 sq-ft, it is a good location property. Please contact for more details. This 3 BHK house is up for rent in the well-known Dwarakanagar area. The monthly rent is a ₹25,000. Some attractive additional facilities available with the house are 3 Wardrobe, 2 Bed, Fridge, 1 AC, Sofa, Dining Table and Gas Connection. The house flooring is made of vitrified. This house is situated at Dwarakanagar, Visakhapatnam, Andhra Pradesh.",25000,57000,,,2,,No,No,No,,True,False,Owner,56,Immediately,2026-03-12T16:46:23.000Z,"Mar 12, '26",True
MBVXHayrLzRzpSvf+uAgZw==,Magicbricks,https://www.magicbricks.com/property-details/3-BHK-1300-Sq-ft-Residential-House-FOR-Rent-PM-Palem-in-Visakhapatnam&id=4d423833393232343035,2026-04-19 13:52:16,17.7992275,83.3525473,,PM Palem,"Visakhapatnam, Andhra Pradesh",,,,Residential House,Semi-Furnished,,,,1300,Sq-ft,,"This 3 BHK independent house for rent is located in PM Palem. The monthly rent of the independent house is ₹15,000. PM Palem, Visakhapatnam, Andhra Pradesh is the address of the house.",15000,,,12,2,,No,No,No,,False,False,Owner,0,Immediately,2026-03-24T09:36:59.000Z,"Mar 24, '26",True
k6hScu8qglhzpSvf+uAgZw==,Magicbricks,https://www.magicbricks.com/property-details/3-BHK-2000-Sq-ft-Villa-FOR-Rent-in-Visakhapatnam&id=4d423734373533303233,2026-04-19 13:52:16,,,,Viswanath,"Visakhapatnam, Andhra Pradesh",,,,Villa,Unfurnished,,,,,,Less than 5 years,Villa is available for rent. It is a good location property. Please contact for more details.,11000,,,,3,,No,No,No,,False,False,Owner,31,Immediately,2026-04-05T10:23:48.000Z,"Apr 05, '26",True
C304BRETKGhzpSvf+uAgZw==,Magicbricks,https://www.magicbricks.com/property-details/3-BHK-200-Sq-yrd-Residential-House-FOR-Rent-in-Visakhapatnam&id=4d423730303139383331,2026-04-19 13:52:16,,,,vasu voolla,"priyadarshini colony, vikas nagar",,,,Residential House,Unfurnished,,,,200,Sq-yrd,15 to 20 years,"The beautiful 3 BHK house is now available for rent in the premium location of Gajuwaka Bc Road. The house is available at the rent of ₹8,500 per month.",8500,25000,,5,2,,No,No,No,,False,False,Owner,47,Immediately,2026-02-17T21:33:10.000Z,"Feb 18, '26",True
G6IZ/VsChmFzpSvf+uAgZw==,Magicbricks,https://www.magicbricks.com/property-details/3-BHK-1600-Sq-ft-Villa-FOR-Rent-Simhapuri-Colony-in-Visakhapatnam&id=4d423833363937343839,2026-04-19 13:52:16,17.778661,83.22544,,JEEVAN MALLAMPALLI,"Visakhapatnam, Andhra Pradesh",,,,Villa,Semi-Furnished,,,,1600,Sq-ft,,Villa is available for rent. It is a good location property. Please contact for more details.,17000,,,11,3,,No,No,No,,False,False,Owner,44,Immediately,2026-03-08T17:23:36.000Z,"Mar 08, '26",True
+7aoWbB4MUBzpSvf+uAgZw==,Magicbricks,https://www.magicbricks.com/property-details/3-BHK-2400-Sq-ft-Villa-FOR-Rent-in-Visakhapatnam&id=4d423632383238363335,2026-04-19 13:52:16,,,,Venu,"Visakhapatnam, Andhra Pradesh",,,,Villa,Semi-Furnished,,,,2400,Sq-ft,,"3 BHK, Villa is available for Rent in , Visakhapatnam for 27,000",27000,,,11,3,,No,No,No,,False,False,Owner,24,Immediately,2026-03-01T21:33:06.000Z,"Mar 02, '26",True
6K/C3JYODDNzpSvf+uAgZw==,Magicbricks,https://www.magicbricks.com/property-details/3-BHK-1500-Sq-ft-Residential-House-FOR-Rent-in-Visakhapatnam&id=4d423334373634383339,2026-04-19 13:52:16,,,,SWARUP,"Visakhapatnam, Andhra Pradesh",,,,Residential House,Furnished,Lower Basement,1,,1500,Sq-ft,15 to 20 years,"This Residential House is built over 1 floors. The construction has been done keeping in view family needs for space & utility. Great deal, please contact immediately. The age of construction for this apartment Residential House is between 15 to 20 years.",30000,30000,500,20,3,,No,No,No,,False,False,Owner,29,Immediately,2026-02-17T10:51:49.000Z,"Feb 17, '26",True
P/ERhRCgbrVzpSvf+uAgZw==,Magicbricks,https://www.magicbricks.com/property-details/2-BHK-1200-Sq-ft-Residential-House-FOR-Rent-in-Visakhapatnam&id=4d423738353633373839,2026-04-19 13:52:16,17.730666415257435,83.1857504350904,,Satya ,"Visakhapatnam, Andhra Pradesh",,,,Residential House,Unfurnished,Ground,1,,1200,Sq-ft,,"Check out this 2 BHK house for rent in locality. The monthly rent of the property is ₹15,000. Sathivani Palam, Visakhapatnam, Andhra Pradesh is the address of the house.",15000,,,12,2,,No,No,No,,False,False,Owner,40,Immediately,2026-04-05T21:31:45.000Z,"Apr 06, '26",True
W3Lj3oidmnNzpSvf+uAgZw==,Magicbricks,https://www.magicbricks.com/property-details/2-BHK-1500-Sq-ft-Residential-House-FOR-Rent-Lalitanagar-in-Visakhapatnam&id=4d423633393438373333,2026-04-19 13:52:16,17.7316529,83.3021004,,Lalitanagar,"Visakhapatnam, Andhra Pradesh",,,,Residential House,Semi-Furnished,2,4,,1500,Sq-ft,,"You can find this 2 BHK house on rent in a good area of Lalitanagar. You can find this house at rent of ₹15,000 per month. The address of the house is Lalitanagar, Visakhapatnam, Andhra Pradesh.",15000,,,10,2,,No,No,No,,False,False,Owner,25,Immediately,2026-04-14T15:40:57.000Z,"Apr 14, '26",True
F4qOVWO7iQhzpSvf+uAgZw==,Magicbricks,https://www.magicbricks.com/property-details/2-BHK-200-Sq-ft-Residential-House-FOR-Rent-Railway-New-Colony-in-Visakhapatnam&id=4d423834323932383237,2026-04-19 13:52:16,17.724325,83.296102,,Railway New Colony,44-22-561 railway newcolony ramalayam street Visakhapatnam,19206|Big Bazaar,,,Residential House,Unfurnished,,,,200,Sq-ft,5 to 10 years,"Located in Railway New Colony, you can find the 2 BHK house available on rent. The monthly rent is ₹17,000. The address of this house is 44-22-561 railway newcolony ramalayam street Visakhapatnam, Railway New Colony, Visakhapatnam, Andhra Pradesh.",17000,34000,500,85,2,,No,No,No,,False,False,Owner,35,Immediately,2026-04-18T05:28:00.000Z,Yesterday,True
KiuYiPNJQLNzpSvf+uAgZw==,Magicbricks,https://www.magicbricks.com/property-details/2-BHK-1200-Sq-ft-Residential-House-FOR-Rent-Car-Shed-Road-in-Visakhapatnam&id=4d423735373330363435,2026-04-19 13:52:16,17.804218,83.346234,,Manohar Behara,"Behind More Super Market, Besides Ganesh Vihar, Pilakavani Palem",,530041,,Residential House,Semi-Furnished,,,North,1200,Sq-ft,5 to 10 years,"Group house of 4 nos 2 BHK flats located walkable distance from Carshed signal, behind More Supermarket.Google Map address, R933GWW, Pothinamallayya Palem, Visakhapatnam, Andhra Pradesh 530041, India The beautiful 2 BHK house is now available for rent in the premium location of Car Shed Road. The rent is ₹10,000 per month. 1 Open parking space is also available in the house. 2 Bed and 3 Wardrobe are some of the additional amenities available with the house. The house is equipped with granite flooring. The house also has Store. This house is located at Behind More Super Market, Besides Ganesh Vihar, Pilakavani Palem, Car Shed Road, Visakhapatnam, Andhra Pradesh.",10000,20000,1000,8,2,1 Open,No,No,No,,False,False,Owner,73,Immediately,2026-04-17T21:33:03.000Z,Yesterday,True
FJgq/xhvfRNzpSvf+uAgZw==,Magicbricks,https://www.magicbricks.com/property-details/2-BHK-900-Sq-ft-Residential-House-FOR-Rent-Sujatha-nagar-in-Visakhapatnam&id=4d423834313930313133,2026-04-19 13:52:16,17.7971716,83.2157985,,Sujatha nagar,"Visakhapatnam, Andhra Pradesh",,,,Residential House,Furnished,,,,900,Sq-ft,New Construction,"This 2 BHK independent house for rent is located in Sujatha nagar. You can find this house at rent of ₹7,500 per month. The house is located at Sujatha nagar, Visakhapatnam, Andhra Pradesh.",7500,,,8,2,,No,No,No,,False,False,Owner,28,Immediately,2026-04-11T03:55:11.000Z,"Apr 11, '26",True
ePiu4Wh9GltzpSvf+uAgZw==,Magicbricks,https://www.magicbricks.com/property-details/2-BHK-750-Sq-ft-Residential-House-FOR-Rent-in-Visakhapatnam&id=4d423439303634353735,2026-04-19 13:52:16,,,,Sankara Rao Pathath,"2nd Floor, Sector-3, MVP Colony, Visakhapatnam-530017, Andhra Pradesh",,,,Residential House,Unfurnished,,,,,,Less than 5 years,"You can find this 2 BHK house on rent in a good area of House No.1-78-11. The monthly rent of the property is ₹12,000.",12000,36000,200,,2,,No,No,No,,False,False,Owner,32,Immediately,2026-04-10T17:31:13.000Z,"Apr 10, '26",True
11puWgJc58ZzpSvf+uAgZw==,Magicbricks,https://www.magicbricks.com/property-details/3-BHK-3300-Sq-ft-Residential-House-FOR-Rent-Kurmannapalem-in-Visakhapatnam&id=4d423337353139363733,2026-04-19 13:52:16,17.698036,83.15954,,Kurmannapalem,"Visakhapatnam, Andhra Pradesh",,,,Residential House,Semi-Furnished,,,,3300,Sq-ft,5 to 10 years,"This Residential House is built over 2 floors. The construction has been done keeping in view family needs for space & utility. Great deal, please contact immediately. The Residential House construction is more than 5 to 10 years old.",25000,50000,,8,3,"1 Covered, 1 Open",No,No,No,,False,False,Owner,32,Immediately,2026-03-18T21:30:35.000Z,"Mar 19, '26",True
AeOJh/171jNzpSvf+uAgZw==,Magicbricks,https://www.magicbricks.com/property-details/3-BHK-250-Sq-yrd-Residential-House-FOR-Rent-Sheelanagar-in-Visakhapatnam&id=4d423833353236393037,2026-04-19 13:52:16,17.718522,83.1983904,,Sheelanagar,"Visakhapatnam, Andhra Pradesh",,,,Residential House,Furnished,1,1,,250,Sq-yrd,,"This 3 BHK house is up for rent in the well-known Sheelanagar area. The monthly rent is a ₹23,000. The address of the house is Sheela Nagar, Visakhapatnam..",23000,,,10,3,,No,No,No,,False,False,Owner,48,Immediately,2026-02-23T13:47:07.000Z,"Feb 23, '26",True
LMnEmx55p5BzpSvf+uAgZw==,Magicbricks,https://www.magicbricks.com/property-details/3-BHK-2000-Sq-ft-Villa-FOR-Rent-Chepalappada-in-Visakhapatnam&id=4d423430353633333133,2026-04-19 13:52:16,17.6868159,83.2184815,,Chepalappada,villa no. 46,,,,Villa,Semi-Furnished,,,North,2000,Sq-ft,New Construction,"An outstanding semi-furnished villa is available for rent in the Chepalappada neighbourhood of Visakhapatnam. This newly constructed villa, with its spacious and well-maintained interiors, offers a superb living experience and is a fantastic deal for those looking for a comfortable and modern home.Property SpecificationsThe villa features three bedrooms and three bathrooms, with a carpet area of 1,700 sq. ft. This property is a new construction, built up to two floors, and includes one balcony. The villa has a North-facing orientation, and the flooring is finished with Vitrified tiles. The property is offered in a semi-furnished state and is available for immediate occupancy.FacilitiesThe property benefits from 24-hour water availability and no/rare power cuts. It includes one covered and one open car parking space.LocalityThe villa is located in Chepalappada, Visakhapatnam. A key landmark nearby is INS Kalinga. The provided information does not include additional details about the surrounding neighbourhood.",15000,30000,3000,8,3,"1 Covered, 1 Open",No,Yes,No,Jogging and Strolling Track,False,True,Owner,81,Immediately,2026-03-01T23:41:08.000Z,"Mar 02, '26",True
5zqbsle1/EZzpSvf+uAgZw==,Magicbricks,https://www.magicbricks.com/property-details/3-BHK-1000-Sq-ft-Residential-House-FOR-Rent-Jagadamba-Junction-in-Visakhapatnam&id=4d423735393430343631,2026-04-19 13:52:16,17.707287,83.300095,,S,"Visakhapatnam, Andhra Pradesh",,,,Residential House,Furnished,Ground,3,East,,,,"Residential house is available for rent. It is 3 BHK house, has total 3 floor facing East direction. You can find this 3 BHK rental house in the main area of Jagadamba Junction. The monthly rent of the independent house is ₹15,000. The house is on the ground floor, includes 2 bathrooms and 1 balcony. This house is situated at Jagadamba Junction, Visakhapatnam, Andhra Pradesh.",15000,,,,2,,No,No,No,,False,False,Owner,52,Immediately,2026-03-21T16:41:43.000Z,"Mar 21, '26",True
mP6uwaXmXE1zpSvf+uAgZw==,Magicbricks,https://www.magicbricks.com/property-details/3-BHK-1300-Sq-ft-Residential-House-FOR-Rent-Pendurthi-in-Visakhapatnam&id=4d423634383338313931,2026-04-19 13:52:16,17.813683,83.205205,,Pendurthi,"Visakhapatnam, Andhra Pradesh",,,,Residential House,Semi-Furnished,,,,,,New Construction,"You can find this 3 BHK house on rent in a good area of Pendurthi. The rent is ₹7,000 per month. This house is situated at Pendurthi, Visakhapatnam, Andhra Pradesh.",7000,,,,3,,No,No,No,,False,False,Owner,25,Immediately,2026-03-17T10:02:11.000Z,"Mar 17, '26",True
rEuz7Tvv5nhzpSvf+uAgZw==,Magicbricks,https://www.magicbricks.com/property-details/3-BHK-1800-Sq-ft-Villa-FOR-Rent-Desapatrunipalem-in-Visakhapatnam&id=4d423536363839323337,2026-04-19 13:52:16,17.8668684,83.195539,,Desapatrunipalem,Bonangi Village,,,,Villa,Unfurnished,,,West,,,New Construction,"Villa is available for rent. It carpt area of 1800 sq-ft, it is a good location property. Please contact for more details.",15000,45000,,,3,,No,No,Yes,Jogging and Strolling Track,False,False,Owner,73,Immediately,2026-02-09T14:04:20.000Z,"Feb 09, '26",True
RMFJmhtd1NZzpSvf+uAgZw==,Magicbricks,https://www.magicbricks.com/property-details/3-BHK-1750-Sq-ft-Residential-House-FOR-Rent-in-Visakhapatnam&id=4d423635323136373239,2026-04-19 13:52:16,,,,Tsrao,"Visakhapatnam, Andhra Pradesh",,,,Residential House,Unfurnished,Ground,2,,1750,Sq-ft,,"This 3 BHK house is up for rent in the well-known Kalinganagar east park area. The monthly rent is a ₹17,000.",17000,,,10,3,,No,No,No,,False,False,Owner,25,Immediately,2026-03-23T16:56:45.000Z,"Mar 23, '26",True
pFTTEuLfE+lzpSvf+uAgZw==,Magicbricks,https://www.magicbricks.com/property-details/3-BHK-2500-Sq-ft-Villa-FOR-Rent-Rushikonda-in-Visakhapatnam&id=4d423537363330383439,2026-04-19 13:52:16,17.7971295,83.3869516,,Rushikonda,"B-38, Vuda row houses, Rushikonda",,,,Villa,Semi-Furnished,,,West,2500,Sq-ft,5 to 10 years,"3 BHK, Villa is available for Rent in Rushikonda, Visakhapatnam for 27,000",27000,75000,1500,11,3,,No,No,No,,False,False,Owner,71,Immediately,2026-04-16T21:30:40.000Z,"Apr 17, '26",True
4kM89rXTI1NzpSvf+uAgZw==,Magicbricks,https://www.magicbricks.com/property-details/2-BHK-1200-Sq-ft-Residential-House-FOR-Rent-Balaji-Nagar-in-Visakhapatnam&id=4d423635363035313839,2026-04-19 13:52:16,17.823476,83.212026,,raju,6-1481.,,,,Residential House,Semi-Furnished,2,3,East,1200,Sq-ft,Less than 5 years,"Check out this 2 BHK house for rent in locality. The monthly rent is a ₹5,500. Located on the 2nd floor, the house comprises 1 bathrooms and 4 balcony. There is also a facility of 1 Covered, 1 Open parking. Additional amenities are available with the house like 2 Wardrobe. The house comes with vitrified flooring. This house is situated at 6-1481., Balaji Nagar, Visakhapatnam, Andhra Pradesh.",5500,11000,0,5,1,"1 Covered, 1 Open",No,No,No,,False,False,Owner,73,Immediately,2026-04-05T21:32:57.000Z,"Apr 06, '26",True
M/VaiBNzmrRzpSvf+uAgZw==,Magicbricks,https://www.magicbricks.com/property-details/2-BHK-1350-Sq-ft-Residential-House-FOR-Rent-in-Visakhapatnam&id=4d423336393334313035,2026-04-19 13:52:16,,,,A.Nagendra Rao/Padma,"Visakhapatnam, Andhra Pradesh",,,,Residential House,Semi-Furnished,,,,1350,Sq-ft,10 to 15 years,"This spacious Residential House has total 2 floors. Spacious space makes it very suitable for a family with variety of living needs in mind. The space is airy, is well located and can be easily customized as per the needs. The age of construction for this apartment Residential House is between 10 to 15 years.",7500,15000,,6,2,1 Covered,No,No,No,,False,False,Owner,32,Immediately,2026-04-08T15:46:14.000Z,"Apr 08, '26",True
shPdjwm5KQJzpSvf+uAgZw==,Magicbricks,https://www.magicbricks.com/property-details/2-BHK-1296-Sq-ft-Residential-House-FOR-Rent-in-Visakhapatnam&id=4d423634373034333733,2026-04-19 13:52:16,,,,Deepika,"Visakhapatnam, Andhra Pradesh",,,,Residential House,Furnished,Ground,2,North,1296,Sq-ft,,"Check out this 2 BHK house for rent in locality. The house is available at the rent of ₹7,000 per month. The house is fitted with ceramic tiles flooring.",7000,,,5,1,,No,No,No,,False,False,Owner,35,Immediately,2026-03-19T16:28:07.000Z,"Mar 19, '26",True
tAERchWHeQlzpSvf+uAgZw==,Magicbricks,https://www.magicbricks.com/property-details/2-BHK-1250-Sq-ft-Residential-House-FOR-Rent-Pendurthi-in-Visakhapatnam&id=4d423833323739383139,2026-04-19 13:52:16,17.813683,83.205205,,Pendurthi,"Jana Chaitanya Archi,Sriram nagar Railway station road Police station Down",,,,Residential House,Unfurnished,,,East,1250,Sq-ft,New Construction,"corner East and South corner near by temples raithu bazar railway station This 2 BHK independent house for rent is located in Pendurthi. The monthly rent of the property is ₹15,000. There is also Puja Room in the house. Jana Chaitanya Archi,Sriram nagar Railway station road Police station Down, Pendurthi, Visakhapatnam, Andhra Pradesh is the address of the house.",15000,45000,0,12,2,,No,No,No,,False,False,Owner,68,Immediately,2026-02-05T18:11:09.000Z,"Feb 05, '26",True
5rpSXuoU0C9zpSvf+uAgZw==,Magicbricks,https://www.magicbricks.com/property-details/2-BHK-1750-Sq-ft-Residential-House-FOR-Rent-Chodavaram-in-Visakhapatnam&id=4d423539393532383237,2026-04-19 13:52:16,17.831381,82.934022,,Sirisha,"Visakhapatnam, Andhra Pradesh",,,,Residential House,Unfurnished,Ground,1,North,1750,Sq-ft,,"You can find this 2 BHK house on rent in a good area of Chodavaram. The monthly rent is a ₹7,500. The house is on the ground floor, includes 3 bathrooms and 1 balcony. The house also provides Puja Room. This house is located at Chodavaram, Visakhapatnam, Andhra Pradesh.",7500,,,4,3,,No,No,No,,False,False,Owner,55,Immediately,2026-03-29T12:43:25.000Z,"Mar 29, '26",True
9B+jXX38zcBzpSvf+uAgZw==,Magicbricks,https://www.magicbricks.com/property-details/2-BHK-1700-Sq-ft-Villa-FOR-Rent-in-Visakhapatnam&id=4d423732363633313737,2026-04-19 13:52:16,,,,Anuradha,"Visakhapatnam, Andhra Pradesh",,,,Villa,Semi-Furnished,,,,,,,"2 BHK, Villa is available for Rent in , Visakhapatnam for 9,000",9000,,,,3,,No,No,No,,False,False,Owner,19,Immediately,2026-04-02T17:32:44.000Z,"Apr 02, '26",True
QNnkp5sO8oRzpSvf+uAgZw==,Magicbricks,https://www.magicbricks.com/property-details/2-BHK-11000-Sq-ft-Residential-House-FOR-Rent-in-Visakhapatnam&id=4d423735353635393439,2026-04-19 13:52:16,,,,Murali,"Visakhapatnam, Andhra Pradesh",,,,Residential House,Unfurnished,1,3,North,"11,000",Sq-ft,Less than 5 years,"This 2 BHK rental house is located in a key location of area. You can find this house at rent of ₹12,500 per month. Located on the 1st floor, the house has 1 bathrooms and 1 balcony. In addition, the house includes Puja Room, Study and Store.",12500,,500,1,1,,No,No,No,"Air Conditioned, Conference Room",False,False,Owner,47,Immediately,2026-04-03T03:44:53.000Z,"Apr 03, '26",True
BZ+qhvK5KqxzpSvf+uAgZw==,Magicbricks,https://www.magicbricks.com/property-details/2-BHK-1500-Sq-ft-Residential-House-FOR-Rent-Vepagunta-in-Visakhapatnam&id=4d423833383230363539,2026-04-19 13:52:16,17.7794983,83.2157985,,Vepagunta,7-48 varalakshmi nagar vepagunta opp vepagunta post office,,,,Residential House,Semi-Furnished,,,,1500,Sq-ft,New Construction,"This 2 BHK rental house is located in a key location of Vepagunta area. You can find this house at rent of ₹21,000 per month. The address of the house is 7-48 varalakshmi nagar vepagunta opp vepagunta post office, Vepagunta, Visakhapatnam, Andhra Pradesh.",21000,,,14,3,,No,No,No,,False,False,Owner,35,Immediately,2026-03-17T09:04:44.000Z,"Mar 17, '26",True
R6WKByeZpORzpSvf+uAgZw==,Magicbricks,https://www.magicbricks.com/property-details/3-BHK-1800-Sq-ft-Residential-House-FOR-Rent-Pendurthi-in-Visakhapatnam&id=4d423831373033313731,2026-04-19 13:52:16,17.813683,83.205205,,Pendurthi,"Saipuram layout, behind varun motos, near bhashyam school",,,,Residential House,Unfurnished,,,North,1800,Sq-ft,Less than 5 years,"A Residential house is available for rent. It is located In a very good area. Please contact for more details. This 3 BHK house is up for rent in the well-known Pendurthi area. The house is available at a monthly rental price of ₹8,000.",8000,16000,,4,3,,No,No,No,,False,False,Owner,59,Immediately,2026-03-02T22:30:41.000Z,"Mar 03, '26",True
veM8PdKDHslzpSvf+uAgZw==,Magicbricks,https://www.magicbricks.com/property-details/3-BHK-289-Sq-yrd-Residential-House-FOR-Rent-Madavadhara-in-Visakhapatnam&id=4d423530303839373136,2026-04-19 13:52:16,17.7458131,83.2639812,,Madhavadhara,Vuda Colony,,,,Residential House,Unfurnished,1,2,North,289,Sq-yrd,10 to 15 years,"We have a proper ventilation. Vasthu Compliant. 24X7 water. Nearby Market Area. Public transport facility. Wide roads. Situated in Madavadhara, this 3 BHK individual house is currently available for rent out. You will also have to pay a monthly rent of ₹20,000. Located on the 1st floor, the house has 2 bathrooms and 2 balcony. In addition, the house includes Puja Room and Study. The address of the house is Vuda Colony, Madavadhara, Visakhapatnam, Andhra Pradesh.",20000,51000,,8,2,,No,No,No,,False,False,Owner,56,Immediately,2026-02-12T13:17:26.000Z,"Feb 12, '26",True
ZGsJVrefx2lzpSvf+uAgZw==,Magicbricks,https://www.magicbricks.com/property-details/3-BHK-1900-Sq-ft-Villa-FOR-Rent-Chinnamusidivada-in-Visakhapatnam&id=4d423833373236333037,2026-04-19 13:52:16,17.7802802,83.1708852,,Mohan,"kranthi nagar, jogulamma bus stand vuda layout",,,,Villa,Semi-Furnished,,,,1900,Sq-ft,New Construction,"3 BHK, Villa is available for Rent in Chinnamusidivada, Visakhapatnam for 13,000",13000,30000,1000,7,2,,No,No,No,,False,False,Owner,56,Immediately,2026-03-11T04:05:16.000Z,"Mar 11, '26",True
7sCjlolMA2lzpSvf+uAgZw==,Magicbricks,https://www.magicbricks.com/property-details/3-BHK-1310-Sq-ft-Residential-House-FOR-Rent-Yendada-in-Visakhapatnam&id=4d423435373737353235,2026-04-19 13:52:16,17.7771215,83.3615748,,Yendada,near Vysakhi skyline,,,,Residential House,Unfurnished,Ground,2,,1310,Sq-ft,Less than 5 years,"The 3 BHK house is currently available for rent in Yendada. The monthly rent is a ₹13,000. The independent house is located on the ground floor which includes 2 bathrooms and 1 balcony. You'll find marble flooring in the house. This house is situated at near Vysakhi skyline, Yendada, Visakhapatnam, Andhra Pradesh.",13000,30000,0,10,2,,No,No,No,,False,False,Owner,46,Immediately,2026-03-18T21:32:27.000Z,"Mar 19, '26",True
8b09wWnnGZJzpSvf+uAgZw==,Magicbricks,https://www.magicbricks.com/property-details/3-BHK-1900-Sq-ft-Residential-House-FOR-Rent-Rushikonda-in-Visakhapatnam&id=4d423830383132343931,2026-04-19 13:52:16,17.7971295,83.3869516,,Rushikonda,Sri Venkateswara heights opp Street of silver oaks last gate near geetham hospital,,,,Residential House,Semi-Furnished,4,5,North,1900,Sq-ft,Less than 5 years,"Check out this 3 BHK house for rent in locality. You can find this house at rent of ₹20,000 per month. Located on the 4th floor, the house has 3 bathrooms and 3 balcony. In addition, the house includes Puja Room. Sri Venkateswara heights opp Street of silver oaks last gate near geetham hospital, Rushikonda, Visakhapatnam, Andhra Pradesh is the address of the house.",20000,50000,2000,11,3,,No,No,No,,False,True,Owner,73,Immediately,2026-03-08T23:46:53.000Z,"Mar 09, '26",True
idO5sp2iyotzpSvf+uAgZw==,Magicbricks,https://www.magicbricks.com/property-details/3-BHK-1400-Sq-ft-Residential-House-FOR-Rent-MVP-Colony-in-Visakhapatnam&id=4d423833343134373335,2026-04-19 13:52:16,17.7422936,83.3335151,,MVP Colony,"Visakhapatnam, Andhra Pradesh",,,,Residential House,Unfurnished,,,,1400,Sq-ft,10 to 15 years,"A residential house is available for rent. It has a covered area of 1400 sq-ft, it is a good location. Please contact for more details. Located in MVP Colony, you can find the 3 BHK house available on rent. The house is available at a monthly rental price of ₹25,000. This house is situated at MVP Colony, Visakhapatnam, Andhra Pradesh.",25000,,,18,3,,No,No,No,,False,False,Owner,33,Immediately,2026-02-14T17:35:11.000Z,"Feb 14, '26",True
//Zbmbi/F8JzpSvf+uAgZw==,Magicbricks,https://www.magicbricks.com/property-details/2-BHK-1500-Sq-ft-Residential-House-FOR-Rent-Midhilapur-Layout-in-Visakhapatnam&id=4d423735393033373037,2026-04-19 13:52:16,17.6868159,83.2184815,,Midhilapur Layout,"Visakhapatnam, Andhra Pradesh",,,,Residential House,Unfurnished,Ground,1,,1500,Sq-ft,New Construction,"This 2 BHK rental house is located in a key location of Midhilapur Layout area. The monthly rent of the property is ₹12,000. Midhilapur Layout, Visakhapatnam, Andhra Pradesh is the address of the house.",12000,,,8,1,,No,No,No,,False,False,Owner,42,Immediately,2026-03-23T16:57:16.000Z,"Mar 23, '26",True
HenHJCqKr29zpSvf+uAgZw==,Magicbricks,https://www.magicbricks.com/property-details/2-BHK-2-Cent-Residential-House-FOR-Rent-Kapparada-in-Visakhapatnam&id=4d423735383239353535,2026-04-19 13:52:16,17.6868159,83.2184815,,Kapparada,"Visakhapatnam, Andhra Pradesh",,,,Residential House,Unfurnished,,,South,2,Cent,5 to 10 years,"This 2 BHK house is up for rent in the well-known Kapparada area. The monthly rent of the independent house is ₹5,800. The address of this house is Kapparada, Visakhapatnam, Andhra Pradesh.",5800,12000,,7,1,,No,No,No,,False,False,Owner,37,Immediately,2026-02-26T21:33:19.000Z,"Feb 27, '26",True
7TiwkO5FEZdzpSvf+uAgZw==,Magicbricks,https://www.magicbricks.com/property-details/2-BHK-1200-Sq-ft-Residential-House-FOR-Rent-Madhuranagar-in-Visakhapatnam&id=4d423535313436393731,2026-04-19 13:52:16,17.732679,83.305361,,Srivenkatewar,"Visakhapatnam, Andhra Pradesh",,,,Residential House,Unfurnished,1,2,,1200,Sq-ft,,"Situated in Madhuranagar, this 2 BHK individual house is currently available for rent out. The monthly rent of the property is ₹13,000. The house is located at Madhuranagar, Visakhapatnam, Andhra Pradesh.",13000,,,11,2,,No,No,No,,False,False,Owner,0,Immediately,2026-02-03T14:47:13.000Z,"Feb 03, '26",True
62mRXi6cleJzpSvf+uAgZw==,Magicbricks,https://www.magicbricks.com/property-details/2-BHK-183-Sq-yrd-Residential-House-FOR-Rent-Atchutapuram-in-Visakhapatnam&id=4d423833333936343835,2026-04-19 13:52:16,17.564011,82.979093,,ajay,"Opp BARC, Nagavaram",,,,Residential House,Unfurnished,,,East,183,Sq-yrd,Less than 5 years,"You can find this 2 BHK house on rent in a good area of Atchutapuram. The monthly rent of the independent house is ₹8,000. You will also find Store in the house. Opp BARC, Nagavaram, Atchutapuram, Visakhapatnam, Andhra Pradesh is the address of the house.",8000,24000,0,5,2,,No,No,No,,False,False,Owner,77,Immediately,2026-02-13T11:43:46.000Z,"Feb 13, '26",True
eKAjzJhiaO1zpSvf+uAgZw==,Magicbricks,https://www.magicbricks.com/property-details/2-BHK-1341-Sq-ft-Residential-House-FOR-Rent-Arilova-Colony-in-Visakhapatnam&id=4d423635313436353139,2026-04-19 13:52:16,17.7671689,83.3065434,,sindhuja,"arilova colony,pragathi nagar",,,,Residential House,Unfurnished,,,East,1341,Sq-ft,Less than 5 years,"You can find this 2 BHK rental house in the main area of Arilova Colony. You can find this house at rent of ₹9,000 per month. The house also provides Puja Room. This house is situated at arilova colony,pragathi nagar, Arilova Colony, Visakhapatnam, Andhra Pradesh.",9000,27000,0,7,2,,No,No,No,,False,False,Owner,66,Immediately,2026-03-05T21:33:37.000Z,"Mar 06, '26",True
LIO5Eyi6hBpzpSvf+uAgZw==,Magicbricks,https://www.magicbricks.com/property-details/2-BHK-900-Sq-ft-Residential-House-FOR-Rent-in-Visakhapatnam&id=4d423833333831353639,2026-04-19 13:52:16,,,,Sagar,"Visakhapatnam, Andhra Pradesh",,,,Residential House,Unfurnished,1,2,,900,Sq-ft,,"A residential house is available for rent. It is a good location. Please contact for more details. This 2 BHK independent house for rent is located in Near kanakadurga temple,china waltair.. The house is available at the rent of ₹8,500 per month.",8500,,,9,1,,No,No,No,,False,False,Owner,51,Immediately,2026-02-12T15:53:35.000Z,"Feb 12, '26",True
eOJzb1vLf5ZzpSvf+uAgZw==,Magicbricks,https://www.magicbricks.com/property-details/2-BHK-120-Sq-yrd-Residential-House-FOR-Rent-Desapatrunipalem-in-Visakhapatnam&id=4d423833363936343131,2026-04-19 13:52:16,17.8668684,83.195539,,Desapatrunipalem,"Visakhapatnam, Andhra Pradesh",,,,Residential House,Semi-Furnished,,,,120,Sq-yrd,Less than 5 years,"Situated in Desapatrunipalem, this 2 BHK individual house is currently available for rent out. The rent is ₹8,000 per month. This house is situated at Desapatrunipalem, Visakhapatnam, Andhra Pradesh.",8000,,,7,2,,No,No,No,,False,False,Owner,24,Immediately,2026-03-08T13:35:14.000Z,"Mar 08, '26",True
KliA2Tf4USNzpSvf+uAgZw==,Magicbricks,https://www.magicbricks.com/property-details/2-BHK-1300-Sq-ft-Residential-House-FOR-Rent-Old-Gajuwaka-in-Visakhapatnam&id=4d423833393437353531,2026-04-19 13:52:16,17.68694636973829,83.20336575937029,,santosh,"Visakhapatnam, Andhra Pradesh",,,,Residential House,Semi-Furnished,,,,1300,Sq-ft,,"The 2 BHK house is currently available for rent in Old Gajuwaka. The house is available at a monthly rental price of ₹10,500. The address of the house is Old Gajuwaka, Visakhapatnam, Andhra Pradesh.",10500,21000,0,8,2,,No,No,No,,False,False,Owner,28,Immediately,2026-03-26T07:25:10.000Z,"Mar 26, '26",True
r+Mc7dVzNE9zpSvf+uAgZw==,Magicbricks,https://www.magicbricks.com/property-details/2-BHK-1600-Sq-ft-Residential-House-FOR-Rent-Aganampudi-in-Visakhapatnam&id=4d423536323133333631,2026-04-19 13:52:16,17.6882133,83.1262703,,sadasivarao,"Visakhapatnam, Andhra Pradesh",,,,Residential House,Unfurnished,Ground,2,,1600,Sq-ft,,"Check out this 2 BHK house for rent in locality. The rent is ₹11,500 per month. The address of this house is Aganampudi, Visakhapatnam, Andhra Pradesh.",11500,,,7,2,,No,No,No,,False,False,Owner,40,Immediately,2026-02-21T07:36:25.000Z,"Feb 21, '26",True
fP/xdoZGSWhzpSvf+uAgZw==,Magicbricks,https://www.magicbricks.com/property-details/2-BHK-1000-Sq-ft-Residential-House-FOR-Rent-Lankalapalem-in-Visakhapatnam&id=4d423732363433313439,2026-04-19 13:52:16,17.6846424,83.0973649,,Lankalapalem,"Visakhapatnam, Andhra Pradesh",,,,Residential House,Unfurnished,,,East,1000,Sq-ft,New Construction,"This 2 BHK house is up for rent in the well-known Lankalapalem area. The monthly rental of the house is ₹8,500. The house also has Puja Room. Lankalapalem, Visakhapatnam, Andhra Pradesh is the address of the house.",8500,17000,0,8,2,,No,No,No,,False,False,Owner,64,Immediately,2026-03-11T21:33:43.000Z,"Mar 12, '26",True
6hpIXlTkZmNzpSvf+uAgZw==,Magicbricks,https://www.magicbricks.com/property-details/2-BHK-1300-Sq-ft-Residential-House-FOR-Rent-Old-Gajuwaka-in-Visakhapatnam&id=4d423833393431343139,2026-04-19 13:52:16,17.68694636973829,83.20336575937029,,Santosh Krishna,"Visakhapatnam, Andhra Pradesh",,,,Residential House,Semi-Furnished,,,,1300,Sq-ft,,"This 2 BHK rental house is located in a key location of Old Gajuwaka area. The house is available at the rent of ₹10,500 per month. This house is situated at Old Gajuwaka, Visakhapatnam, Andhra Pradesh.",10500,21000,0,8,2,,No,No,No,,False,False,Owner,53,Immediately,2026-03-25T14:16:46.000Z,"Mar 25, '26",True
81c/o1pk91xzpSvf+uAgZw==,Magicbricks,https://www.magicbricks.com/property-details/2-BHK-1400-Sq-ft-Residential-House-FOR-Rent-Adarsh-Nagar-in-Visakhapatnam&id=4d423833343739353737,2026-04-19 13:52:16,17.762751,83.332359,,irsrinivas irsrinivas,"Visakhapatnam, Andhra Pradesh",,,,Residential House,Semi-Furnished,,,,1400,Sq-ft,,"2 BHK, Residential House is available for Rent in Adarsh Nagar, Visakhapatnam for 14,000",14000,,,10,2,,No,No,No,,False,False,Owner,39,Immediately,2026-02-19T17:19:12.000Z,"Feb 19, '26",True
cq3znX6fySVzpSvf+uAgZw==,Magicbricks,https://www.magicbricks.com/property-details/2-BHK-1500-Sq-ft-Residential-House-FOR-Rent-Pithapuram-Colony-in-Visakhapatnam&id=4d423635393734313137,2026-04-19 13:52:16,17.735882,83.3241,,Chaitanya,"Visakhapatnam, Andhra Pradesh",,,,Residential House,Unfurnished,1,1,South,,,10 to 15 years,"Residential house is available for rent. It has carpet area 1500 sq-ft, it is 2 BHK house, has total 1 floor facing South direction.",20000,40000,0,,3,,No,No,No,,False,False,Owner,44,Immediately,2026-02-07T16:53:27.000Z,"Feb 07, '26",True
nH09SZKSdKRzpSvf+uAgZw==,Magicbricks,https://www.magicbricks.com/property-details/2-BHK-900-Sq-ft-Residential-House-FOR-Rent-Yendada-in-Visakhapatnam&id=4d423833353838343631,2026-04-19 13:52:16,17.7771215,83.3615748,,Yendada,"Visakhapatnam, Andhra Pradesh",,,,Residential House,Unfurnished,,,,900,Sq-ft,,"2 BHK, Residential House is available for Rent in Yendada, Visakhapatnam for 9,000",9000,,,10,1,,No,No,No,,False,False,Owner,0,Immediately,2026-02-28T04:30:56.000Z,"Feb 28, '26",True
rjDgcgMhjOlzpSvf+uAgZw==,Magicbricks,https://www.magicbricks.com/property-details/2-BHK-1100-Sq-ft-Residential-House-FOR-Rent-Vadlapudi-in-Visakhapatnam&id=4d423539353738373735,2026-04-19 13:52:16,17.6892113,83.1756042,,B Priya ,"Visakhapatnam, Andhra Pradesh",,,,Residential House,Unfurnished,1,2,East,,,New Construction,"The property is one year old. East facing, fully furnished spacious 2bhk house in ground floor.",9000,,1000,,2,,No,No,No,,False,False,Owner,62,Immediately,2026-02-14T21:30:41.000Z,"Feb 15, '26",True
MuX9/cAmIL5zpSvf+uAgZw==,Magicbricks,https://www.magicbricks.com/property-details/2-BHK-880-Sq-ft-Residential-House-FOR-Rent-in-Visakhapatnam&id=4d423833393738383835,2026-04-19 13:52:16,17.62581843,83.20079157,,Visakhapatnam Steel Plant,"27-8-300,Sriramnagar,Srinagar",,,,Residential House,Semi-Furnished,,,East,880,Sq-ft,Less than 5 years,"2 BHK, Residential House is available for Rent in Visakhapatnam Steel Plant, Visakhapatnam for 8,700",8700,19400,0,10,2,2 Covered,No,No,No,,False,False,Owner,72,Immediately,2026-03-28T12:11:30.000Z,"Mar 28, '26",True
LkZWxCjMRcxzpSvf+uAgZw==,Magicbricks,https://www.magicbricks.com/property-details/2-BHK-180-Sq-yrd-Residential-House-FOR-Rent-Kothavalasa-in-Visakhapatnam&id=4d423437393034353937,2026-04-19 13:52:16,17.89539,83.198013,,Kothavalasa, Door No: 6-188,,,,Residential House,Unfurnished,Ground,1,,180,Sq-yrd,,"2 BHK, Residential House is available for Rent in Kothavalasa, Visakhapatnam for 3,500",3500,,,2,2,1 Open,No,No,No,,False,False,Owner,42,Immediately,2026-02-09T21:33:03.000Z,"Feb 10, '26",True
zWGnP/9AyNtzpSvf+uAgZw==,Magicbricks,https://www.magicbricks.com/property-details/2-BHK-1100-Sq-ft-Residential-House-FOR-Rent-Maddilapalem-in-Visakhapatnam&id=4d423735363234303435,2026-04-19 13:52:16,17.7374669,83.3214858,,Maddilapalem,Near krishna college,19206|CMR CENTRAL,,,Residential House,Unfurnished,2,3,West,1100,Sq-ft,5 to 10 years,"2 BHK, Residential House is available for Rent in Maddilapalem, Visakhapatnam for 20,000",20000,,,18,2,,No,No,No,,False,False,Owner,54,Immediately,2026-02-22T21:32:09.000Z,"Feb 23, '26",True
l99Oz2olqY9zpSvf+uAgZw==,Magicbricks,https://www.magicbricks.com/property-details/2-BHK-950-Sq-ft-Residential-House-FOR-Rent-Seethammadhara-in-Visakhapatnam&id=4d423833343631323737,2026-04-19 13:52:16,17.7429031,83.3081172,,Seethammadhara,Door number 50-105-2,,,,Residential House,Unfurnished,,,West,950,Sq-ft,Above 20 years,"pollution free, no traffic, near by schools, colleges, park. railway station 2.5 km , airport 11 km.",11000,22000,500,12,1,,No,No,No,,False,False,Owner,75,Immediately,2026-02-18T11:37:19.000Z,"Feb 18, '26",True
UvbdaaSgR1RzpSvf+uAgZw==,Magicbricks,https://www.magicbricks.com/property-details/2-BHK-800-Sq-ft-Residential-House-FOR-Rent-in-Visakhapatnam&id=4d423832353739323735,2026-04-19 13:52:16,,,,B S S Sandilya,"Visakhapatnam, Andhra Pradesh",,,,Residential House,Unfurnished,,,,800,Sq-ft,,"2 BHK, Residential House is available for Rent in , Visakhapatnam for 14,000",14000,,,18,2,,No,No,No,,False,False,Owner,21,Immediately,2026-03-02T03:25:50.000Z,"Mar 02, '26",True
C7N1fTz3MnpzpSvf+uAgZw==,Magicbricks,https://www.magicbricks.com/property-details/2-BHK-1200-Sq-ft-Residential-House-FOR-Rent-Duvvada-in-Visakhapatnam&id=4d423730343433353937,2026-04-19 13:52:16,17.70006,83.153599,,laxmi raja,"Duvvada, Visakhapatnam",,,,Residential House,Unfurnished,1,2,North - East,1200,Sq-ft,New Construction,"2 BHK, Residential House is available for Rent in Duvvada, Visakhapatnam for 9,000",9000,20000,9291605302,8,2,,No,No,No,,False,False,Owner,44,Immediately,2026-02-04T13:45:21.000Z,"Feb 04, '26",True
A/ggWgbaEwBzpSvf+uAgZw==,Magicbricks,https://www.magicbricks.com/property-details/2-BHK-1200-Sq-ft-Residential-House-FOR-Rent-Kasimkota-in-Visakhapatnam&id=4d423830383537323231,2026-04-19 13:52:16,17.66993,82.961742,,Hema sankar,"Visakhapatnam, Andhra Pradesh",,,,Residential House,Semi-Furnished,,,North - East,1200,Sq-ft,New Construction,"Independent 2BHK house available for rent in Kasimkota. 247 water, electricity, and spacious parking.Ideal for small families or working professionals",4000,,0,3,1,1 Open,No,No,No,,False,False,Owner,82,Immediately,2026-03-23T21:30:39.000Z,"Mar 24, '26",True
fOFpfbr6RQ5zpSvf+uAgZw==,Magicbricks,https://www.magicbricks.com/property-details/2-BHK-950-Sq-ft-Residential-House-FOR-Rent-Sanghivalasa-in-Visakhapatnam&id=4d423833343137343239,2026-04-19 13:52:16,17.9218033,83.4138519,,Narsing Rao Vanka,near paitalli ammvaru temple,,,,Residential House,Unfurnished,,,,950,Sq-ft,Above 20 years,"2 BHK, Residential House is available for Rent in Sanghivalasa, Visakhapatnam for 5,000",5000,10000,0,5,1,,No,No,No,,False,False,Owner,38,Immediately,2026-02-15T06:34:11.000Z,"Feb 15, '26",True
M/6x9sPHrfJzpSvf+uAgZw==,Magicbricks,https://www.magicbricks.com/property-details/2-BHK-800-Sq-ft-Residential-House-FOR-Rent-Madhuranagar-in-Visakhapatnam&id=4d423833373136303035,2026-04-19 13:52:16,17.732679,83.305361,,Bheemasena Rao,"Visakhapatnam, Andhra Pradesh",,,,Residential House,Semi-Furnished,,,,800,Sq-ft,,"2 BHK, Residential House is available for Rent in Madhuranagar, Visakhapatnam for 16,000",16000,,,20,1,,No,No,No,,False,False,Owner,44,Immediately,2026-03-10T08:01:01.000Z,"Mar 10, '26",True
XMF0rcJYVbpzpSvf+uAgZw==,Magicbricks,https://www.magicbricks.com/property-details/3-BHK-1600-Sq-ft-Residential-House-FOR-Rent-NH-5-in-Visakhapatnam&id=4d423435343039353731,2026-04-19 13:52:16,17.685264,83.2036552,,NH -5,7-11-46.,,530026,,Residential House,Unfurnished,Ground,3,South - East,1600,Sq-ft,Above 20 years,"Exact Location::Panthulu Gari Meda, Old Gajuwaka, Visakhapatnam-530026::::1. Rent Will be Increased for every 11months::2. If the Tenant wants to vacate his/her should inform before 60days::3. Water Charges Extra::4. Bachelor's/office allowed (Rent Will Change according)",12000,25000,1000,8,2,,No,No,No,,False,False,Owner,71,Immediately,2026-02-03T21:33:17.000Z,"Feb 04, '26",True
Ds70g2tirsJzpSvf+uAgZw==,Magicbricks,https://www.magicbricks.com/property-details/3-BHK-1300-Sq-ft-Villa-FOR-Rent-Duvvada-in-Visakhapatnam&id=4d423533343239323233,2026-04-19 13:52:16,17.70006,83.153599,,Sudha ,plot no 7778,,,,Villa,Furnished,,,East,1300,Sq-ft,New Construction,fully furnished villa in a pleasant environment,18000,,,14,2,,No,No,Yes,Jogging and Strolling Track,False,False,Owner,81,Immediately,2026-03-18T16:20:16.000Z,"Mar 18, '26",True
oYWIF00eedNzpSvf+uAgZw==,Magicbricks,https://www.magicbricks.com/property-details/3-BHK-2500-Sq-ft-Residential-House-FOR-Rent-Kurmannapalem-in-Visakhapatnam&id=4d423637363333343133,2026-04-19 13:52:16,17.698036,83.15954,,Kurmannapalem,Phase 7,,,,Residential House,Unfurnished,Ground,1,,2500,Sq-ft,10 to 15 years,"3 BHK, Residential House is available for Rent in Kurmannapalem, Visakhapatnam for 24,000",24000,48000,0,10,3,,No,No,No,,False,False,Owner,38,Immediately,2026-03-24T13:51:46.000Z,"Mar 24, '26",True
/IUsD4TVy0NzpSvf+uAgZw==,Magicbricks,https://www.magicbricks.com/property-details/3-BHK-1860-Sq-ft-Residential-House-FOR-Rent-Sheelanagar-in-Visakhapatnam&id=4d423831383531363639,2026-04-19 13:52:16,17.718522,83.1983904,,Sheelanagar,Plot No 55 Phase 2 Near water tank Sita Rama Gardens STBL Sheelanagar,,,,Residential House,Semi-Furnished,1,1,East,1860,Sq-ft,,3BHK with 3 bathrooms the following are included,15000,30000,1000,8,3,,No,No,No,,False,True,Owner,73,Immediately,2026-03-01T23:35:34.000Z,"Mar 02, '26",True
1rYlRV0YdbdzpSvf+uAgZw==,Magicbricks,https://www.magicbricks.com/property-details/3-BHK-2000-Sq-ft-Residential-House-FOR-Rent-Bheemili-in-Visakhapatnam&id=4d423630383931313735,2026-04-19 13:52:16,17.88656,83.447162,,Bheemili,"Visakhapatnam, Andhra Pradesh",,,,Residential House,Unfurnished,1,3,,2000,Sq-ft,,"3 BHK, Residential House is available for Rent in Bheemili, Visakhapatnam for 10,000",10000,,,5,2,,No,No,No,,False,False,Owner,25,Immediately,2026-02-22T05:34:50.000Z,"Feb 22, '26",True
knaaa8M7IhVzpSvf+uAgZw==,Magicbricks,https://www.magicbricks.com/property-details/3-BHK-2000-Sq-ft-Residential-House-FOR-Rent-in-Visakhapatnam&id=4d423833393031373033,2026-04-19 13:52:16,17.74779922,83.21999403,,Gopalapatnam,"9-1582, Narasimha Nagar, Near Petrol Bunk, Gopalapatnam 530027",,,,Residential House,Furnished,,,West,,,10 to 15 years,A residential house is available for rent. It is a good location. Please contact for more details.And note that there is no car parking.,13000,26000,0,,2,,No,No,No,,True,False,Owner,63,Immediately,2026-03-22T12:05:29.000Z,"Mar 22, '26",True
P3CHruWa8R1zpSvf+uAgZw==,Magicbricks,https://www.magicbricks.com/property-details/3-BHK-1500-Sq-ft-Residential-House-FOR-Rent-Aganampudi-in-Visakhapatnam&id=4d423832363732353431,2026-04-19 13:52:16,17.6882133,83.1262703,,Siva,"Visakhapatnam, Andhra Pradesh",,,,Residential House,Furnished,,,,1500,Sq-ft,,"3 BHK, Residential House is available for Rent in Aganampudi, Visakhapatnam for 17,000",17000,,,11,3,,No,No,No,,False,False,Owner,44,Immediately,2026-03-09T21:33:14.000Z,"Mar 10, '26",True
mXq781bDFk9zpSvf+uAgZw==,Magicbricks,https://www.magicbricks.com/property-details/3-BHK-2000-Sq-ft-Villa-FOR-Rent-Paravada-in-Visakhapatnam&id=4d423731333939333637,2026-04-19 13:52:16,17.62433496,83.08019861,,Rekha,"SVR Infra, besides sanskruti global school, PS Bonangi , Paravada .",,,,Villa,Semi-Furnished,,,East,2000,Sq-ft,,spacious house available for office use and family also.,24400,50000,,12,3,,No,No,No,,False,False,Owner,63,Immediately,2026-03-08T05:27:01.000Z,"Mar 08, '26",True
saLJgewDq/FzpSvf+uAgZw==,Magicbricks,https://www.magicbricks.com/property-details/3-BHK-1850-Sq-ft-Villa-FOR-Rent-Kapuluppada-in-Visakhapatnam&id=4d423833343637303537,2026-04-19 13:52:16,17.6868159,83.2184815,,Kapuluppada,"Visakhapatnam, Andhra Pradesh",,,,Villa,Unfurnished,,,,1850,Sq-ft,,"3 BHK, Villa is available for Rent in Kapuluppada, Visakhapatnam for 18,000",18000,36000,3000,10,3,,No,No,No,,False,False,Owner,33,Immediately,2026-04-03T22:30:35.000Z,"Apr 04, '26",True
qAIqX2o+ggVzpSvf+uAgZw==,Magicbricks,https://www.magicbricks.com/property-details/2-BHK-1000-Sq-ft-Residential-House-FOR-Rent-Anandapuram-in-Visakhapatnam&id=4d423832353635363837,2026-04-19 13:52:16,17.8939759,83.377701,,Anandapuram,"Visakhapatnam, Andhra Pradesh",,,,Residential House,Unfurnished,,,,1000,Sq-ft,,"2 BHK, Residential House is available for Rent in Anandapuram, Visakhapatnam for 6,500",6500,,,6,2,,No,No,No,,False,False,Owner,21,Immediately,2026-02-24T17:21:15.000Z,"Feb 24, '26",True
lUlUUXaLeYlzpSvf+uAgZw==,Magicbricks,https://www.magicbricks.com/property-details/2-BHK-900-Sq-ft-Residential-House-FOR-Rent-Duvvada-in-Visakhapatnam&id=4d423833353036353037,2026-04-19 13:52:16,17.70006,83.153599,,Tarun Kumar,"Visakhapatnam, Andhra Pradesh",,,,Residential House,Semi-Furnished,,,East,,,5 to 10 years,"2 BHK, Residential House is available for Rent in Duvvada, Visakhapatnam for 8,000",8000,16000,1200,,2,,No,No,No,,False,False,Owner,55,Immediately,2026-02-21T15:58:00.000Z,"Feb 21, '26",True
pRHsyL9LENNzpSvf+uAgZw==,Magicbricks,https://www.magicbricks.com/property-details/2-BHK-1600-Sq-ft-Residential-House-FOR-Rent-Madhurwada-in-Visakhapatnam&id=4d423731383137383435,2026-04-19 13:52:16,17.8224722,83.3522229,,Madhurawada,"Visakhapatnam, Andhra Pradesh",19202|APSWR Centre of Excellence,,,Residential House,Semi-Furnished,,,East,1600,Sq-ft,New Construction,"2 BHK, Residential House is available for Rent in Madhurwada, Visakhapatnam for 16,000",16000,,,10,3,,No,No,No,,False,False,Owner,57,Immediately,2026-02-22T21:31:58.000Z,"Feb 23, '26",True
IDwxr412n+tzpSvf+uAgZw==,Magicbricks,https://www.magicbricks.com/property-details/2-BHK-1100-Sq-ft-Residential-House-FOR-Rent-Narsipatnam-in-Visakhapatnam&id=4d423833353036313333,2026-04-19 13:52:16,17.664511,82.615517,,Narsipatnam,"Visakhapatnam, Andhra Pradesh",,,,Residential House,Unfurnished,,,,1100,Sq-ft,,"2 BHK, Residential House is available for Rent in Narsipatnam, Visakhapatnam for 12,000",12000,,,11,3,,No,No,No,,False,False,Owner,39,Immediately,2026-02-21T14:43:42.000Z,"Feb 21, '26",True
LW/vo824bplzpSvf+uAgZw==,Magicbricks,https://www.magicbricks.com/property-details/2-BHK-2000-Sq-ft-Residential-House-FOR-Rent-Kakani-Nagar-in-Visakhapatnam&id=4d423639313039373937,2026-04-19 13:52:16,17.7371879,83.215345,,Padma Sree,"Visakhapatnam, Andhra Pradesh",,,,Residential House,Unfurnished,Ground,2,,2000,Sq-ft,Above 20 years,"2 BHK, Residential House is available for Rent in Kakani Nagar, Visakhapatnam for 25,000",25000,,,12,2,,No,No,No,,False,False,Owner,34,Immediately,2026-03-26T22:30:41.000Z,"Mar 27, '26",True
OCCq46FfHgtzpSvf+uAgZw==,Magicbricks,https://www.magicbricks.com/property-details/2-BHK-1000-Sq-ft-Residential-House-FOR-Rent-Anakapalli-in-Visakhapatnam&id=4d423833333139393939,2026-04-19 13:52:16,17.686001,83.008781,,Anakapalli,"Visakhapatnam, Andhra Pradesh",,,,Residential House,Unfurnished,,,,1000,Sq-ft,Less than 5 years,"2 BHK, Residential House is available for Rent in Anakapalli, Visakhapatnam for 6,000",6000,6000,100,6,2,,No,No,No,,False,False,Owner,36,Immediately,2026-02-08T18:50:14.000Z,"Feb 06, '26",True
k2SaZe61/CpzpSvf+uAgZw==,Magicbricks,https://www.magicbricks.com/property-details/2-BHK-1800-Sq-ft-Residential-House-FOR-Rent-Duvvada-in-Visakhapatnam&id=4d423833363433373035,2026-04-19 13:52:16,17.70006,83.153599,,Prasad,"Visakhapatnam, Andhra Pradesh",,,,Residential House,Unfurnished,,,,1800,Sq-ft,,"2 BHK, Residential House is available for Rent in Duvvada, Visakhapatnam for 10,000",10000,,,6,2,,No,No,No,,False,False,Owner,0,Immediately,2026-03-05T06:31:19.000Z,"Mar 05, '26",True
REYz4Nf8tLlzpSvf+uAgZw==,Magicbricks,https://www.magicbricks.com/property-details/2-BHK-800-Sq-ft-Residential-House-FOR-Rent-N.A.D-in-Visakhapatnam&id=4d423636393733303935,2026-04-19 13:52:16,17.7463201,83.235879,,N.A.D,"Visakhapatnam, Andhra Pradesh",19202|Saraswathi Vidya Vihar,,,Residential House,Semi-Furnished,,,,800,Sq-ft,Less than 5 years,near NH and all other facilities,11000,25000,500,14,2,,No,No,No,,False,False,Owner,57,Immediately,2026-02-08T21:33:24.000Z,"Feb 09, '26",True
ZjtE1aycpKtzpSvf+uAgZw==,Magicbricks,https://www.magicbricks.com/property-details/2-BHK-800-Sq-ft-Residential-House-FOR-Rent-Sri-Nagar-in-Visakhapatnam&id=4d423638393338383835,2026-04-19 13:52:16,17.6783409,83.1788902,,hari,"Visakhapatnam, Andhra Pradesh",,,,Residential House,Unfurnished,,,,,,Less than 5 years,"2 BHK, Residential House is available for Rent in Sri Nagar, Visakhapatnam for 7,500",7500,16000,0,,1,,No,No,No,,False,False,Owner,29,Immediately,2026-02-26T04:00:40.000Z,"Feb 26, '26",True
h0Dt/Yvwa2JzpSvf+uAgZw==,Magicbricks,https://www.magicbricks.com/property-details/3-BHK-1650-Sq-ft-Residential-House-FOR-Rent-Muralinagar-in-Visakhapatnam&id=4d423739313636353935,2026-04-19 13:52:16,17.7471481,83.2599674,,Muralinagar,"Visakhapatnam, Andhra Pradesh",,,,Residential House,Semi-Furnished,1,1,South,1650,Sq-ft,Less than 5 years,A residential house is available for rent. It is a good location property. Please contact for more details.,20000,60000,,12,3,,No,No,No,,False,False,Owner,66,Immediately,2026-03-11T22:30:40.000Z,"Mar 12, '26",True
WcBT6Wr6DIlzpSvf+uAgZw==,Magicbricks,https://www.magicbricks.com/property-details/3-BHK-1350-Sq-ft-Residential-House-FOR-Rent-Akkayyapalem-in-Visakhapatnam&id=4d423332333138363137,2026-04-19 13:52:16,17.7367389,83.3000947,,Akkayyapalem,"3rd street, abid nagar,",,,,Residential House,Semi-Furnished,2,5,West,1350,Sq-ft,5 to 10 years,"ALL PUBLIC TRANSPORT NEARBY,very close to BUS STAND and RAILWAY STATION and also markets and malls",22000,150000,1500,16,2,,No,No,No,,False,False,Owner,78,Immediately,2026-03-06T07:59:34.000Z,"Mar 06, '26",True
wcOxfAUA1kpzpSvf+uAgZw==,Magicbricks,https://www.magicbricks.com/property-details/2-BHK-1080-Sq-ft-Residential-House-FOR-Rent-Kakani-Nagar-in-Visakhapatnam&id=4d423832373431303135,2026-04-19 13:52:16,17.7371879,83.215345,,A Sharma,Mahandatha towers kakaninagar near viman nagar community hall.,,,,Residential House,Semi-Furnished,,,North,1080,Sq-ft,5 to 10 years,"24 hours water, generater facility also.",11000,25000,0,10,2,,Yes,No,No,Service/Goods Lift,False,False,Owner,80,Immediately,2026-02-05T12:37:18.000Z,"Feb 05, '26",True
ps3ha/VRPKFzpSvf+uAgZw==,Magicbricks,https://www.magicbricks.com/property-details/2-BHK-1800-Sq-ft-Residential-House-FOR-Rent-Buchhiraju-Palem-in-Visakhapatnam&id=4d423833373838393931,2026-04-19 13:52:16,17.7453107,83.2292778,,Narayan Rao,Door no 58-23-294 Opposite to VISHNUPRIYA FUNCTION HALL Gandhi nagar  China Bucchirajupalem Near Baji junction,,,,Residential House,Furnished,,,West,1800,Sq-ft,5 to 10 years,"Independent Furnished 2BHK in main location. In 100 meters all shops, schools, bus stop available. Airport is 10 mins away. Simhachalam railway station is 5 mins away. 2 Mins walk from NAD junction. Restaurants and shopping malls in 5 mins walk.",19000,40000,0,11,2,1 Covered,No,No,No,,False,False,Owner,68,Immediately,2026-03-15T07:12:07.000Z,"Mar 15, '26",True
ZZOp2q6qVP1zpSvf+uAgZw==,Magicbricks,https://www.magicbricks.com/property-details/2-BHK-2000-Sq-ft-Villa-FOR-Rent-Sheelanagar-in-Visakhapatnam&id=4d423637333231343639,2026-04-19 13:52:16,17.718522,83.1983904,,Sheelanagar,Sheelanagar,,,,Villa,Unfurnished,,,East,2000,Sq-ft,,very good peaceful colony with gated community,11000,20000,1000,6,2,,No,No,No,"Jogging and Strolling Track, Outdoor Tennis Courts",False,False,Owner,78,Immediately,2026-02-15T16:37:58.000Z,"Feb 15, '26",True
Jf04IVaLXndzpSvf+uAgZw==,Magicbricks,https://www.magicbricks.com/property-details/2-BHK-1000-Sq-ft-Residential-House-FOR-Rent-Seethammadhara-in-Visakhapatnam&id=4d423739313238363537,2026-04-19 13:52:16,17.7429031,83.3081172,,Seethammadhara,"Tara Villa, doctors colony",,,,Residential House,Furnished,Ground,3,,1000,Sq-ft,New Construction,"2BHK fully furnished, 2 beds with mattress, fridge, 4 chairs dinning table, 3 2 sofa set, centre table, curtains, lights, fans",25000,,,25,2,,No,No,No,,False,False,Owner,59,Immediately,2026-03-11T21:33:17.000Z,"Mar 12, '26",True
0XnYdUt2XzJzpSvf+uAgZw==,Magicbricks,https://www.magicbricks.com/property-details/2-BHK-1300-Sq-ft-Residential-House-FOR-Rent-Kakani-Nagar-in-Visakhapatnam&id=4d423833323732363737,2026-04-19 13:52:16,17.7371879,83.215345,,Phani,"Visakhapatnam, Andhra Pradesh",,,,Residential House,Unfurnished,,,West,1300,Sq-ft,Above 20 years,"2 BHK, Residential House is available for Rent in Kakani Nagar, Visakhapatnam for 25,000",25000,,,19,2,,No,No,No,,False,False,Owner,45,Immediately,2026-02-05T10:23:20.000Z,"Feb 05, '26",True
cDnrUkS6j1pzpSvf+uAgZw==,Magicbricks,https://www.magicbricks.com/property-details/2-BHK-1600-Sq-ft-Residential-House-FOR-Rent-PM-Palem-in-Visakhapatnam&id=4d423531313530323336,2026-04-19 13:52:16,17.7992275,83.3525473,,PM Palem,"Visakhapatnam, Andhra Pradesh",,,,Residential House,Semi-Furnished,,,,1600,Sq-ft,,"2 BHK, Residential House is available for Rent in PM Palem, Visakhapatnam for 9,000",9000,,,6,1,,No,No,No,,False,False,Owner,25,Immediately,2026-03-12T16:45:57.000Z,"Mar 12, '26",True
iLzXyRGPCB5zpSvf+uAgZw==,Magicbricks,https://www.magicbricks.com/property-details/2-BHK-1525-Sq-ft-Residential-House-FOR-Rent-Prahaladapuram-in-Visakhapatnam&id=4d423833323435353131,2026-04-19 13:52:16,17.763592,83.222007,,KVS prasad,"20-9, Bharat Nagar, Prahaladhapuram",,,,Residential House,Semi-Furnished,,,North,1525,Sq-ft,Above 20 years,"2 BHK, Residential House is available for Rent in Prahaladapuram, Visakhapatnam for 15,000",15000,,,10,2,,No,No,No,,False,False,Owner,43,Immediately,2026-02-04T04:32:33.000Z,"Feb 04, '26",True
RQBOatNofN9zpSvf+uAgZw==,Magicbricks,https://www.magicbricks.com/property-details/2-BHK-1087-Sq-ft-Residential-House-FOR-Rent-Atchutapuram-in-Visakhapatnam&id=4d423731333637323337,2026-04-19 13:52:16,17.564011,82.979093,,Naresh Chitrapu,"Visakhapatnam, Andhra Pradesh",,,,Residential House,Semi-Furnished,,,East,1087,Sq-ft,Less than 5 years,"2 BHK, Residential House is available for Rent in Atchutapuram, Visakhapatnam for 10,000",10000,,,9,2,,No,No,No,,False,False,Owner,55,Immediately,2026-02-19T09:20:03.000Z,"Feb 19, '26",True
ex3GGyMj3/xzpSvf+uAgZw==,Magicbricks,https://www.magicbricks.com/property-details/2-BHK-800-Sq-ft-Residential-House-FOR-Rent-Sheelanagar-in-Visakhapatnam&id=4d423534353839313737,2026-04-19 13:52:16,17.718522,83.1983904,,Sheelanagar,2nd track sheela nagar,,,,Residential House,Unfurnished,1,1,,800,Sq-ft,Less than 5 years,"2 BHK, Residential House is available for Rent in Sheelanagar, Visakhapatnam for 6,000",6000,12000,0,8,2,,No,No,No,,False,False,Owner,51,Immediately,2026-03-27T10:43:10.000Z,"Mar 27, '26",True
iDViVOE2/5NzpSvf+uAgZw==,Magicbricks,https://www.magicbricks.com/property-details/3-BHK-1600-Sq-ft-Residential-House-FOR-Rent-in-Visakhapatnam&id=4d423832343432333433,2026-04-19 13:52:16,,,,A Prabha,"Visakhapatnam, Andhra Pradesh",,,,Residential House,Unfurnished,,,,1600,Sq-ft,,A residential house is available for rent. It is a good location. Please contact for more details.,19000,,,12,2,,No,No,No,,False,False,Owner,29,Immediately,2026-04-11T22:30:42.000Z,"Apr 12, '26",True
wGegtDqP9FZzpSvf+uAgZw==,Magicbricks,https://www.magicbricks.com/property-details/3-BHK-1800-Sq-ft-Residential-House-FOR-Rent-MVP-Colony-in-Visakhapatnam&id=4d423831373032303531,2026-04-19 13:52:16,17.7422936,83.3335151,,MVP Colony,"Visakhapatnam, Andhra Pradesh",,,,Residential House,Semi-Furnished,1,2,,1800,Sq-ft,,"3 BHK, Residential House is available for Rent in MVP Colony, Visakhapatnam for 18,000",18000,,,10,3,,No,No,No,,False,False,Owner,25,Immediately,2026-04-12T17:45:25.000Z,"Apr 12, '26",True
vwzDUiC4RwNzpSvf+uAgZw==,Magicbricks,https://www.magicbricks.com/property-details/3-BHK-1500-Sq-ft-Residential-House-FOR-Rent-Sagar-Nagar-in-Visakhapatnam&id=4d423535353833323235,2026-04-19 13:52:16,17.7651566,83.356231,,Sagar Nagar,"Visakhapatnam, Andhra Pradesh",,,,Residential House,Unfurnished,Ground,2,,1500,Sq-ft,,"3 BHK, Residential House is available for Rent in Sagar Nagar, Visakhapatnam for 11,000",11000,,,7,3,,No,No,No,,False,False,Owner,23,Immediately,2026-02-23T13:41:18.000Z,"Feb 23, '26",True
lO45EQ69hORzpSvf+uAgZw==,Magicbricks,https://www.magicbricks.com/property-details/3-BHK-1510-Sq-ft-Residential-House-FOR-Rent-Kommadi-in-Visakhapatnam&id=4d423730343432353039,2026-04-19 13:52:16,17.8148389,83.3323582,,Kommadi,"Visakhapatnam, Andhra Pradesh",,,,Residential House,Semi-Furnished,,,,1510,Sq-ft,,"3 BHK, Residential House is available for Rent in Kommadi, Visakhapatnam for 10,500",10500,,,7,3,,No,No,No,,False,False,Owner,27,Immediately,2026-02-17T13:57:29.000Z,"Feb 17, '26",True
0+xRnxJZx9hzpSvf+uAgZw==,Magicbricks,https://www.magicbricks.com/property-details/3-BHK-2116-Sq-ft-Villa-FOR-Rent-Rushikonda-in-Visakhapatnam&id=4d423739393538373633,2026-04-19 13:52:16,17.7971295,83.3869516,,Rushikonda,"Visakhapatnam, Andhra Pradesh",,,,Villa,Semi-Furnished,,,,,,5 to 10 years,"3 BHK, Villa is available for Rent in Rushikonda, Visakhapatnam for 23,000",23000,,,,3,,No,No,No,,False,False,Owner,26,Immediately,2026-03-20T07:28:03.000Z,"Mar 20, '26",True
pZKR3pG1FWlzpSvf+uAgZw==,Magicbricks,https://www.magicbricks.com/property-details/2-BHK-900-Sq-ft-Residential-House-FOR-Rent-Kancharapalem-in-Visakhapatnam&id=4d423833323032373033,2026-04-19 13:52:16,17.735825,83.273346,,Somasekhar,"urvasi junction,near to bus stop",,,,Residential House,Semi-Furnished,,,North - East,900,Sq-ft,New Construction,Brand new construction Contact nine four nine zero nine two nine eight one four for more details.north east facing with near to market and near to bus stop b.,14000,,,16,2,1 Covered,No,No,No,,False,False,Owner,61,Immediately,2026-03-21T22:30:40.000Z,"Mar 22, '26",True
+xj9OXqJW5JzpSvf+uAgZw==,Magicbricks,https://www.magicbricks.com/property-details/2-BHK-1100-Sq-ft-Residential-House-FOR-Rent-Midhilapuri-Vuda-Colony-in-Visakhapatnam&id=4d423538383637323339,2026-04-19 13:52:16,17.8030688,83.3541762,,Ram Mohan,"Plot no. LIG-A 1054,D. No. 2-1444,Near IT Sez, Madhuravada",,,,Residential House,Semi-Furnished,,,North - East,1100,Sq-ft,Less than 5 years,"Property is near to IT SEZ in a good locality and is very near to many high rises apartments and multiplex. Property is just 3 kms away from beach and 1.5 km away from national highway. Each floor has 4 fans, 1 geyser, 10 lights. Property has park and main road overlooking with picturesque greenery surrounding.",10000,,,9,2,,No,No,No,,False,False,Owner,78,Immediately,2026-04-02T21:32:08.000Z,"Apr 03, '26",True
6DjEJS6IlMRzpSvf+uAgZw==,Magicbricks,https://www.magicbricks.com/property-details/2-BHK-800-Sq-ft-Residential-House-FOR-Rent-Gajwaka-Jn.-in-Visakhapatnam&id=4d423331323530303339,2026-04-19 13:52:16,17.7,83.2167,,Gajwaka Jn.,"Visakhapatnam, Andhra Pradesh",,,,Residential House,Unfurnished,1,1,North,800,Sq-ft,,"This spacious Residential House has total 1 floors. Spacious space makes it very suitable for a family with variety of living needs in mind. The space is airy, is well located and can be easily customized as per the needs. The age of construction for this apartment Residential House is between 15 to 20 years.",10000,,,12,2,,No,No,No,,False,False,Owner,59,Immediately,2026-03-26T21:30:44.000Z,"Mar 27, '26",True
Top0SUg0BzlzpSvf+uAgZw==,Magicbricks,https://www.magicbricks.com/property-details/2-BHK-2200-Sq-ft-Residential-House-FOR-Rent-Visalakshi-Nagar-in-Visakhapatnam&id=4d423833383730393231,2026-04-19 13:52:16,17.7531017,83.3482146,,Visalakshi Nagar,"Visakhapatnam, Andhra Pradesh",,,,Residential House,Furnished,1,1,,2200,Sq-ft,,"2 BHK, Residential House is available for Rent in Visalakshi Nagar, Visakhapatnam for 18,000",18000,,,8,2,,No,No,No,,False,False,Owner,39,Immediately,2026-03-20T05:55:22.000Z,"Mar 20, '26",True
JeHiiRAgZbFzpSvf+uAgZw==,Magicbricks,https://www.magicbricks.com/property-details/2-BHK-1500-Sq-ft-Residential-House-FOR-Rent-Seethammadhara-in-Visakhapatnam&id=4d423537353631353835,2026-04-19 13:52:16,17.7429031,83.3081172,,Seethammadhara,"Visakhapatnam, Andhra Pradesh",,,,Residential House,Furnished,Ground,2,,1500,Sq-ft,,"2 BHK, Residential House is available for Rent in Seethammadhara, Visakhapatnam for 25,000",25000,,,17,2,,No,No,No,,False,False,Owner,39,Immediately,2026-03-26T22:30:40.000Z,"Mar 27, '26",True
bsJ9lKM7Pt1zpSvf+uAgZw==,Magicbricks,https://www.magicbricks.com/property-details/3-BHK-400-Sq-yrd-Residential-House-FOR-Rent-Kurmannapalem-in-Visakhapatnam&id=4d423831323934363737,2026-04-19 13:52:16,17.698036,83.15954,,Kurmannapalem,Door No 3158171 HIG 41VUDA Phase-2 Kurmannapalem Visakhapatnam-530049,,,,Residential House,Semi-Furnished,3,4,East,400,Sq-yrd,New Construction,"Modular Kitchen, Builtin Cupboards, Spacious HallLift, Car Parking, 24x7 Water, CCTVCorner Building 60ft Roads North WestIdeal for Family, Guest House, or Banks, Washrooms fitted with latest western commode, wall mixtures, geyser provosion, Health Faucet, Wash basin, Mirrors, Soap Tray. Fans and lights.Provision for washing machine , utility area. all windows are fitted with sliding doors and mosquito nets.",23000,46000,1000,6,3,1 Covered,No,No,Yes,Jogging and Strolling Track,False,True,Owner,100,Immediately,2026-04-07T22:30:48.000Z,"Apr 08, '26",True
EklTg3IzXURzpSvf+uAgZw==,Magicbricks,https://www.magicbricks.com/property-details/3-BHK-1730-Sq-ft-Residential-House-FOR-Rent-Kurmannapalem-in-Visakhapatnam&id=4d423833343730303335,2026-04-19 13:52:16,17.698036,83.15954,,Kurmannapalem,"Visakhapatnam, Andhra Pradesh",,,,Residential House,Unfurnished,,,West,1730,Sq-ft,New Construction,3BHK Residential House for rent,14500,,0,8,3,1 Covered,No,No,No,,False,True,Owner,53,Immediately,2026-03-13T04:13:56.000Z,"Mar 13, '26",True
bL4wopE7WytzpSvf+uAgZw==,Magicbricks,https://www.magicbricks.com/property-details/3-BHK-1825-Sq-ft-Villa-FOR-Rent-Uppada-in-Visakhapatnam&id=4d423636373537333333,2026-04-19 13:52:16,17.856245,83.392293,,Kishore,"Villa -50, phase -2, Chepalauppada,near INS KALINGA, Visakhapatnam, Andhra Pradesh , 531163",,,,Villa,Furnished,,,South - East,1825,Sq-ft,New Construction,"fully furnished , and modern kitchen",20000,,,11,3,,Yes,No,No,"Service/Goods Lift, Visitor Parking, Laundry Service, Banquet Hall",True,False,Owner,81,Immediately,2026-04-02T21:33:21.000Z,"Apr 03, '26",True
1jozd2tXydBzpSvf+uAgZw==,Magicbricks,https://www.magicbricks.com/property-details/3-BHK-2400-Sq-ft-Residential-House-FOR-Rent-Gopalpatnam-in-Visakhapatnam&id=4d423334313839363537,2026-04-19 13:52:16,17.7487115,83.2198151,,Gopalpatnam,"door no:9-158/2,narsimhanagar,petrol bunk,gopalapatnam,visakapatnam",,,,Residential House,Semi-Furnished,1,3,West,2400,Sq-ft,5 to 10 years,parking only for 1 two wheeler vehicles,13000,30000,0,5,2,,No,No,No,,True,False,Owner,49,Immediately,2026-04-07T16:57:23.000Z,"Apr 07, '26",True
ylxpF4/CFRJzpSvf+uAgZw==,Magicbricks,https://www.magicbricks.com/property-details/3-BHK-1500-Sq-ft-Residential-House-FOR-Rent-Seethammadara-in-Visakhapatnam&id=4d423833323832333237,2026-04-19 13:52:16,17.74223216,83.30978743,,M RAO,"Visakhapatnam, Andhra Pradesh",,,,Residential House,Furnished,,,,1500,Sq-ft,5 to 10 years,"3 BHK, Residential House is available for Rent in Seethammadara, Visakhapatnam for 25,000",25000,84000,1200,17,3,,No,No,No,,True,True,Owner,38,Immediately,2026-04-04T23:31:10.000Z,"Apr 05, '26",True
T+IZQtNvsGhzpSvf+uAgZw==,Magicbricks,https://www.magicbricks.com/property-details/2-BHK-1200-Sq-ft-Residential-House-FOR-Rent-Duvvada-in-Visakhapatnam&id=4d423739383136343139,2026-04-19 13:52:16,17.70006,83.153599,,Ravi Raj,"Duvvada, Visakhapatnam",,,,Residential House,Unfurnished,,,South -West,1200,Sq-ft,Less than 5 years,"2 BHK, Residential House is available for Rent in Duvvada, Visakhapatnam for 9,000",9000,18000,1000,8,3,,No,No,No,,False,False,Owner,66,Immediately,2026-03-06T22:30:39.000Z,"Mar 07, '26",True
IraLUer5WRVzpSvf+uAgZw==,Magicbricks,https://www.magicbricks.com/property-details/2-BHK-1700-Sq-ft-Residential-House-FOR-Rent-Seethammadhara-in-Visakhapatnam&id=4d423733343439313239,2026-04-19 13:52:16,17.7429031,83.3081172,,Seethammadhara,"Plot-175, 50-1-522, ASR Nagar, Seethammadara, Near Kshatriya Kalyana mandapam, VSKP-530013 AP",,,,Residential House,Unfurnished,1,2,East,1700,Sq-ft,5 to 10 years,"East facing, Fully renovated with new Bath rooms of flooring, fittings etc, all new.",17000,35000,0,10,3,,No,No,No,,False,False,Owner,93,Immediately,2026-04-06T21:31:57.000Z,"Apr 07, '26",True
YKCFMMb8CKdzpSvf+uAgZw==,Magicbricks,https://www.magicbricks.com/property-details/2-BHK-1000-Sq-ft-Residential-House-FOR-Rent-Pendurthi-in-Visakhapatnam&id=4d423636393430353039,2026-04-19 13:52:16,17.813683,83.205205,,Pendurthi,"Visakhapatnam, Andhra Pradesh",,,,Residential House,Unfurnished,,,West,,,New Construction,"Open Air Gym, Children Play area, Pollution free atmosphere",6000,72000,,,2,,No,No,No,"RO Water System, Conference Room, Jogging and Strolling Track",False,False,Owner,67,Immediately,2026-02-26T21:33:13.000Z,"Feb 27, '26",True
BzLTDC/H6m9zpSvf+uAgZw==,Magicbricks,https://www.magicbricks.com/property-details/2-BHK-1250-Sq-ft-Residential-House-FOR-Rent-Tagarapuvalsa-in-Visakhapatnam&id=4d423633303335393035,2026-04-19 13:52:16,17.9280669,83.4243305,,Tagarapuvalsa,Plot No 41 Rear side of Avanthi Engineering College,,,,Residential House,Unfurnished,1,2,East,1250,Sq-ft,Less than 5 years,It is east facing residential house. It also has a security guard.,7000,14000,0,6,2,,No,No,Yes,Concierge Services,False,True,Owner,88,Immediately,2026-03-26T22:30:41.000Z,"Mar 27, '26",True
nXkBS9UIEP9zpSvf+uAgZw==,Magicbricks,https://www.magicbricks.com/property-details/2-BHK-1000-Sq-ft-Residential-House-FOR-Rent-Chinnamusidivada-in-Visakhapatnam&id=4d423739303736313839,2026-04-19 13:52:16,17.7802802,83.1708852,,Chandra Sekhar K,Near Paradesamma temple,,,,Residential House,Unfurnished,,,East,1000,Sq-ft,New Construction,Spacious Independent house in decent locality near to all amenities and shops well connected to all transports nearby temples and market,7500,16000,0,8,2,1 Covered,No,No,No,,False,False,Owner,93,Immediately,2026-04-11T21:30:40.000Z,"Apr 12, '26",True
RkyCT3jWpyxzpSvf+uAgZw==,Magicbricks,https://www.magicbricks.com/property-details/2-BHK-110-Sq-yrd-Residential-House-FOR-Rent-Pithapuram-Colony-in-Visakhapatnam&id=4d423832373534383835,2026-04-19 13:52:16,17.735882,83.3241,,Shaik Rabbani,"Visakhapatnam, Andhra Pradesh",,,,Residential House,Semi-Furnished,,,,110,Sq-yrd,5 to 10 years,"2 BHK, Residential House is available for Rent in Pithapuram Colony, Visakhapatnam for 17,000",17000,,0,17,2,,No,No,No,,False,False,Owner,56,Immediately,2026-04-10T22:30:41.000Z,"Apr 11, '26",True
Xqweso/TFn5zpSvf+uAgZw==,Magicbricks,https://www.magicbricks.com/property-details/2-BHK-1100-Sq-ft-Residential-House-FOR-Rent-Gajuwaka-in-Visakhapatnam&id=4d423737353033343631,2026-04-19 13:52:16,17.688112,83.213121,,radhika,"Visakhapatnam, Andhra Pradesh",19202|Timpany Steel City School,,,Residential House,Semi-Furnished,1,3,,1100,Sq-ft,,"2 BHK, Residential House is available for Rent in Gajuwaka, Visakhapatnam for 10,000",10000,,,9,2,,No,No,No,,False,False,Owner,40,Immediately,2026-04-14T22:30:45.000Z,"Apr 15, '26",True
GGPS0d1BXtZzpSvf+uAgZw==,Magicbricks,https://www.magicbricks.com/property-details/2-BHK-1300-Sq-ft-Residential-House-FOR-Rent-Kommadi-in-Visakhapatnam&id=4d423537303439393039,2026-04-19 13:52:16,17.8148389,83.3323582,,Kommadi,"chaitanya, d.no 10-1-28/2, teachers layout, kommadi,madhurawada",,,,Residential House,Semi-Furnished,,,North - East,1300,Sq-ft,New Construction,"it is north east facing with semi furnished with beautiful view and near to cinema hall, dmart, metro store.",8000,16000,500,6,2,,No,No,No,,False,False,Owner,95,Immediately,2026-04-12T22:30:25.000Z,"Apr 13, '26",True
8Qtc0790d7hzpSvf+uAgZw==,Magicbricks,https://www.magicbricks.com/property-details/2-BHK-9-Sq-ft-Residential-House-FOR-Rent-Narsipatnam-in-Visakhapatnam&id=4d423831363235313837,2026-04-19 13:52:16,17.664511,82.615517,,Narsipatnam,star homes Dharma sagaram,,,,Residential House,Semi-Furnished,,,East,,,Less than 5 years,very peaceful and polution free area,5000,10000,500,,3,,No,No,No,,False,False,Owner,42,Immediately,2026-03-09T21:33:13.000Z,"Mar 10, '26",True
/5dvBYYeSAdzpSvf+uAgZw==,Magicbricks,https://www.magicbricks.com/property-details/2-BHK-1000-Sq-ft-Residential-House-FOR-Rent-Gajwaka-Jn.-in-Visakhapatnam&id=4d423236393933353833,2026-04-19 13:52:16,17.7,83.2167,,Gajwaka Jn.,"Opposite Kona Plaza Apartments,  Himachal nagar,  gajuwaka,  visakhapatnam",,,,Residential House,Semi-Furnished,1,1,East,1000,Sq-ft,Above 20 years,Independent House with ground and first floor.. first floor available for rent with free access to the terrace..,8500,,,8,2,,No,No,No,,False,False,Owner,49,Immediately,2026-03-09T15:39:43.000Z,"Mar 09, '26",True
/pvp0mupUwVzpSvf+uAgZw==,Magicbricks,https://www.magicbricks.com/property-details/2-BHK-1150-Sq-ft-Residential-House-FOR-Rent-Pendurthi-in-Visakhapatnam&id=4d423734313831373939,2026-04-19 13:52:16,17.813683,83.205205,,Pendurthi,6-1522 Balaji Nagar,,,,Residential House,Semi-Furnished,,,,,,,"2 BHK, Residential House is available for Rent in Pendurthi, Visakhapatnam for 6,000",6000,12000,,,2,,No,No,No,,False,False,Owner,27,Immediately,2026-04-06T04:49:12.000Z,"Apr 06, '26",True
JbhovGXWmIZzpSvf+uAgZw==,Magicbricks,https://www.magicbricks.com/property-details/2-BHK-1300-Sq-yrd-Residential-House-FOR-Rent-Sagar-Nagar-in-Visakhapatnam&id=4d423834303830363031,2026-04-19 13:52:16,17.7651566,83.356231,,Sagar Nagar,"Saraswathi nilayam ,gidlavanipalem",,,,Residential House,Semi-Furnished,,,,,,,"2 BHK, Residential House is available for Rent in Sagar Nagar, Visakhapatnam for 12,000",12000,,,,3,,No,No,No,,False,False,Owner,26,Immediately,2026-04-05T02:27:04.000Z,"Apr 05, '26",True
I/HvCq0GMSxzpSvf+uAgZw==,Magicbricks,https://www.magicbricks.com/property-details/2-BHK-1500-Sq-ft-Residential-House-FOR-Rent-Sriharipuram-in-Visakhapatnam&id=4d423732353734363633,2026-04-19 13:52:16,17.433513,78.434887,,Arun,Mig 2 a - 85.,,,,Residential House,Unfurnished,Ground,1,,1500,Sq-ft,5 to 10 years,"2 BHK, Residential House is available for Rent in Sriharipuram, Visakhapatnam for 12,000",12000,24000,0,8,2,,No,No,No,,False,False,Owner,36,Immediately,2026-04-11T21:30:42.000Z,"Apr 12, '26",True
P3Q+rnL6Jy9zpSvf+uAgZw==,Magicbricks,https://www.magicbricks.com/property-details/2-BHK-167-Sq-yrd-Residential-House-FOR-Rent-Pendurthi-in-Visakhapatnam&id=4d423832343232383431,2026-04-19 13:52:16,17.813683,83.205205,,Pendurthi,"10-13822, Sujatha Nagar, Pendurthi, Visakhapatanam, Visakhapatnam, Andhra Pradesh 530051",,530051,,Residential House,Furnished,,,South,167,Sq-yrd,5 to 10 years,"2 BHK, Residential House is available for Rent in Pendurthi, Visakhapatnam for 10,000",10000,40000,,7,2,,No,No,No,,False,False,Owner,43,Immediately,2026-04-10T21:30:41.000Z,"Apr 11, '26",True
Wv53Egf1V09zpSvf+uAgZw==,Magicbricks,https://www.magicbricks.com/property-details/2-BHK-1000-Sq-ft-Residential-House-FOR-Rent-PM-Palem-in-Visakhapatnam&id=4d423430373235313037,2026-04-19 13:52:16,17.7992275,83.3525473,,PM Palem,Mig 387.,,,,Residential House,Unfurnished,1,2,,1000,Sq-ft,Less than 5 years,"This is a 2 bedroom flat unfurnished, PM palem first bus stop, close to market & hospitals & bus stop ,schools , banks and colleges",8500,16000,700,8,2,,No,No,No,,False,False,Owner,66,Immediately,2026-02-26T21:30:39.000Z,"Feb 27, '26",True
E9eqYPbpGldzpSvf+uAgZw==,Magicbricks,https://www.magicbricks.com/property-details/2-BHK-1100-Sq-ft-Residential-House-FOR-Rent-MVP-Colony-in-Visakhapatnam&id=4d423738323738303637,2026-04-19 13:52:16,17.7422936,83.3335151,,MVP Colony,"Visakhapatnam, Andhra Pradesh",,,,Residential House,Semi-Furnished,,,,1100,Sq-ft,5 to 10 years,"2 BHK, Residential House is available for Rent in MVP Colony, Visakhapatnam for 17,000",17000,34000,0,15,2,,No,No,No,,False,False,Owner,29,Immediately,2026-04-08T21:30:36.000Z,"Apr 09, '26",True
JYUHp/jaILNzpSvf+uAgZw==,Magicbricks,https://www.magicbricks.com/property-details/2-BHK-850-Sq-ft-Residential-House-FOR-Rent-Visalakshi-Nagar-in-Visakhapatnam&id=4d423534393439313333,2026-04-19 13:52:16,17.7531017,83.3482146,,Visalakshi Nagar,"Visakhapatnam, Andhra Pradesh",,,,Residential House,Semi-Furnished,,,East,850,Sq-ft,New Construction,"2 BHK, Residential House is available for Rent in Visalakshi Nagar, Visakhapatnam for 12,000",12000,,,14,2,1 Covered,No,No,No,,False,False,Owner,43,Select Date,2026-04-11T21:33:21.000Z,"Apr 12, '26",True
JZmd8werMpVzpSvf+uAgZw==,Magicbricks,https://www.magicbricks.com/property-details/2-BHK-1000-Sq-ft-Residential-House-FOR-Rent-in-Visakhapatnam&id=4d423831383331303735,2026-04-19 13:52:16,,,,Renuka,"LIG 53, Sector 8, Near Ushodaya junction, MVP Colony, Visakhapatnam",,,,Residential House,Semi-Furnished,,,,1000,Sq-ft,Above 20 years,"2 BHK, Residential House is available for Rent in , Visakhapatnam for 20,000",20000,80000,,20,1,,No,No,No,,False,True,Owner,47,Immediately,2026-04-14T23:31:38.000Z,"Apr 15, '26",True
xF8k+6TTWz9zpSvf+uAgZw==,Magicbricks,https://www.magicbricks.com/property-details/2-BHK-100-Sq-ft-Residential-House-FOR-Rent-Gnanapuram-in-Visakhapatnam&id=4d423631383130383037,2026-04-19 13:52:16,17.718041,83.286314,,Pratyusha,"Visakhapatnam, Andhra Pradesh",,,,Residential House,Unfurnished,1,2,,100,Sq-ft,,"2 BHK, Residential House is available for Rent in Gnanapuram, Visakhapatnam",9000,,,90,2,,No,No,No,,False,False,Owner,25,Immediately,2026-03-09T04:07:35.000Z,"Mar 09, '26",True
FXaXJTmXS0BzpSvf+uAgZw==,Magicbricks,https://www.magicbricks.com/property-details/2-BHK-1000-Sq-ft-Residential-House-FOR-Rent-Sujatha-nagar-in-Visakhapatnam&id=4d423834323031353339,2026-04-19 13:52:16,17.7971716,83.2157985,,Sujatha nagar,"Visakhapatnam, Andhra Pradesh",,,,Residential House,Semi-Furnished,,,,1000,Sq-ft,,"2 BHK, Residential House is available for Rent in Sujatha nagar, Visakhapatnam",,,,,2,,No,No,No,,False,False,Owner,21,Immediately,2026-04-11T14:35:11.000Z,"Apr 11, '26",True
seGpDNAQJWNzpSvf+uAgZw==,Magicbricks,https://www.magicbricks.com/property-details/2-BHK-1200-Sq-ft-Residential-House-FOR-Rent-Pedaganayada-in-Visakhapatnam&id=4d423737373835373735,2026-04-19 13:52:16,17.667225,83.2050863,,Pedaganayada,"Mig-36,Samatha Nagar",,,,Residential House,Unfurnished,,,North,1200,Sq-ft,5 to 10 years,"This property near Pooja school, INVas function hall backside very pleasant location",14000,50000,1000,12,2,,No,No,No,,True,True,Agent,83,Immediately,2026-04-08T03:20:33.000Z,"Apr 08, '26",True
RsU6ECZDc+JzpSvf+uAgZw==,Magicbricks,https://www.magicbricks.com/property-details/2-BHK-1600-Sq-ft-Residential-House-FOR-Rent-Kurmannapalem-in-Visakhapatnam&id=4d423737303537333435,2026-04-19 13:52:16,17.698036,83.15954,,Kurmannapalem,"Visakhapatnam, Andhra Pradesh",,,,Residential House,Unfurnished,,,East,1600,Sq-ft,Less than 5 years,"Spacious 2bedroom, ground floor house 1600 sq ft available for rent to families. This east facing home boasts ample space and a huge cellar, perfect for storage, or even setting up tuition classes. Enjoy the convenience of dedicated car parking and the proximity to the main road. Located just a 5 minute walk from the shopping area and market, everything you need is within easy reach.",10000,30000,500,6,2,1 Covered,No,No,No,,False,False,Owner,82,Immediately,2026-03-15T07:46:19.000Z,"Mar 15, '26",True
